cell_line,method,seed,nsc1,nsc2,conc1_M,conc2_M,percent_growth,final_regret
DU-145,act_hamming+zero,0,3053.0,754143.0,9.99999993922529e-09,9.99999993922529e-09,-56.58000183105469,36.75999450683594
DU-145,act_hamming+zero,1,740.0,9706.0,9.99999993922529e-09,4.999999873689376e-06,-42.18000030517578,51.15999603271485
DU-145,act_hamming+zero,2,3053.0,9706.0,9.99999993922529e-09,4.999999873689376e-06,-42.7400016784668,50.59999465942383
DU-145,act_hamming+zero,3,9706.0,754230.0,4.999999873689376e-06,5.999999941330714e-10,-29.780000686645508,63.55999565124512
DU-145,act_hamming+zero,4,698037.0,761432.0,9.99999993922529e-09,5.000000058430487e-08,-50.59199905395508,42.74799728393555
DU-145,act_hamming+zero,5,755.0,719344.0,1.9999999949504854e-06,1.0000000116860974e-07,1.5199999809265137,94.85999631881714
DU-145,act_hamming+zero,6,26980.0,719627.0,4.999999987376214e-07,4.999999987376214e-07,0.1700000017881393,93.50999633967876
DU-145,act_hamming+zero,7,740.0,9706.0,9.99999993922529e-09,4.999999873689376e-06,-42.18000030517578,51.15999603271485
DU-145,act_hamming+zero,8,9706.0,49842.0,4.999999873689376e-06,2.999999970665357e-10,-2.7200000286102295,90.6199963092804
DU-145,act_hamming+zero,9,740.0,9706.0,9.99999993922529e-09,4.999999873689376e-06,-42.18000030517578,51.15999603271485
DU-145,hamming+zero,0,3053.0,754143.0,9.99999993922529e-09,9.99999993922529e-09,-56.58000183105469,36.75999450683594
DU-145,hamming+zero,1,740.0,9706.0,9.99999993922529e-09,4.999999873689376e-06,-42.18000030517578,51.15999603271485
DU-145,hamming+zero,2,3053.0,9706.0,9.99999993922529e-09,4.999999873689376e-06,-42.7400016784668,50.59999465942383
DU-145,hamming+zero,3,9706.0,754230.0,4.999999873689376e-06,5.999999941330714e-10,-29.780000686645508,63.55999565124512
DU-145,hamming+zero,4,698037.0,761432.0,9.99999993922529e-09,5.000000058430487e-08,-50.59199905395508,42.74799728393555
DU-145,hamming+zero,5,755.0,719344.0,1.9999999949504854e-06,1.0000000116860974e-07,1.5199999809265137,94.85999631881714
DU-145,hamming+zero,6,26980.0,719627.0,4.999999987376214e-07,4.999999987376214e-07,0.1700000017881393,93.50999633967876
DU-145,hamming+zero,7,740.0,9706.0,9.99999993922529e-09,4.999999873689376e-06,-42.18000030517578,51.15999603271485
DU-145,hamming+zero,8,9706.0,49842.0,4.999999873689376e-06,2.999999970665357e-10,-2.7200000286102295,90.6199963092804
DU-145,hamming+zero,9,740.0,9706.0,9.99999993922529e-09,4.999999873689376e-06,-42.18000030517578,51.15999603271485
DU-145,linear_curve,0,246131.0,754143.0,1.9999999494757503e-05,9.99999993922529e-09,-60.17500305175781,33.16499328613281
DU-145,linear_curve,1,719345.0,761432.0,2.999999892949745e-08,5.000000058430487e-08,-62.00299835205078,31.336997985839844
DU-145,linear_curve,2,719345.0,761432.0,2.999999892949745e-08,5.000000058430487e-08,-62.00299835205078,31.336997985839844
DU-145,linear_curve,3,246131.0,754143.0,1.9999999494757503e-05,9.99999993922529e-09,-60.17500305175781,33.16499328613281
DU-145,linear_curve,4,719345.0,761432.0,2.999999892949745e-08,5.000000058430487e-08,-62.00299835205078,31.336997985839844
DU-145,linear_curve,5,246131.0,754143.0,1.9999999494757503e-05,9.99999993922529e-09,-60.17500305175781,33.16499328613281
DU-145,linear_curve,6,9706.0,719627.0,4.999999873689376e-06,4.999999987376214e-07,-50.400001525878906,42.93999481201172
DU-145,linear_curve,7,701852.0,713563.0,9.999999974752427e-07,9.999999747378752e-05,-65.50499725341797,27.834999084472656
DU-145,linear_curve,8,246131.0,754143.0,1.9999999494757503e-05,9.99999993922529e-09,-60.17500305175781,33.16499328613281
DU-145,linear_curve,9,719345.0,761432.0,2.999999892949745e-08,5.000000058430487e-08,-62.00299835205078,31.336997985839844
DU-145,ours+zero,0,3053.0,754143.0,9.99999993922529e-09,9.99999993922529e-09,-56.58000183105469,36.75999450683594
DU-145,ours+zero,1,740.0,9706.0,9.99999993922529e-09,4.999999873689376e-06,-42.18000030517578,51.15999603271485
DU-145,ours+zero,2,3053.0,608210.0,9.999999717180683e-10,9.999999974752427e-07,-52.237998962402344,41.10199737548828
DU-145,ours+zero,3,9706.0,79037.0,4.999999873689376e-06,3.000000106112566e-06,-58.16999816894531,35.16999816894531
DU-145,ours+zero,4,698037.0,761432.0,9.99999993922529e-09,5.000000058430487e-08,-50.59199905395508,42.74799728393555
DU-145,ours+zero,5,3088.0,761432.0,9.999999747378752e-05,5.000000058430487e-08,-48.224998474121094,45.11499786376953
DU-145,ours+zero,6,13875.0,754143.0,7.499999810534064e-06,9.99999993922529e-09,-52.01900100708008,41.32099533081055
DU-145,ours+zero,7,67574.0,754143.0,1.0000000116860974e-07,9.99999993922529e-09,-66.76000213623047,26.579994201660156
DU-145,ours+zero,8,279836.0,673596.0,4.999999987376214e-07,2.999999892949745e-08,-56.48400115966797,36.855995178222656
DU-145,ours+zero,9,9706.0,733504.0,4.999999873689376e-06,1.0000000116860974e-07,-58.25,35.089996337890625
DU-145,random,0,3053.0,754143.0,9.99999993922529e-09,9.99999993922529e-09,-56.58000183105469,36.75999450683594
DU-145,random,1,92859.0,719276.0,6.000000212225132e-06,4.0000000467443897e-07,-43.84000015258789,49.499996185302734
DU-145,random,2,3053.0,9706.0,9.99999993922529e-09,4.999999873689376e-06,-42.7400016784668,50.59999465942383
DU-145,random,3,9706.0,754230.0,4.999999873689376e-06,5.999999941330714e-10,-29.780000686645508,63.55999755859375
DU-145,random,4,698037.0,761432.0,9.99999993922529e-09,5.000000058430487e-08,-50.59199905395508,42.74799728393555
DU-145,random,5,180973.0,673596.0,7.000000096013537e-06,9.99999993922529e-09,-59.95000076293945,33.38999557495117
DU-145,random,6,732517.0,761432.0,9.99999993922529e-09,5.000000058430487e-08,-50.16999816894531,43.16999816894531
DU-145,random,7,66847.0,754143.0,9.999999974752427e-07,9.99999993922529e-09,-38.16999816894531,55.16999816894531
DU-145,random,8,26980.0,754143.0,4.999999987376214e-07,9.999999717180683e-10,-49.060001373291016,44.27999496459961
DU-145,random,9,279836.0,673596.0,4.999999987376214e-07,2.999999892949745e-08,-56.48400115966797,36.855995178222656
DU-145,tanimoto+zero,0,3053.0,754143.0,9.99999993922529e-09,9.99999993922529e-09,-56.58000183105469,36.75999450683594
DU-145,tanimoto+zero,1,6396.0,122819.0,9.999999747378752e-06,9.999999974752427e-07,-50.06700134277344,43.27299499511719
DU-145,tanimoto+zero,2,3053.0,9706.0,9.99999993922529e-09,4.999999873689376e-06,-42.7400016784668,50.59999465942383
DU-145,tanimoto+zero,3,740.0,9706.0,9.99999993922529e-09,4.999999873689376e-06,-42.18000030517578,51.15999603271485
DU-145,tanimoto+zero,4,698037.0,761432.0,9.99999993922529e-09,5.000000058430487e-08,-50.59199905395508,42.74799728393555
DU-145,tanimoto+zero,5,119875.0,296961.0,1.9999999494757503e-05,9.999999747378752e-05,-49.29999923706055,44.03999710083008
DU-145,tanimoto+zero,6,119875.0,296961.0,1.9999999494757503e-05,9.999999747378752e-05,-49.29999923706055,44.03999710083008
DU-145,tanimoto+zero,7,740.0,9706.0,9.99999993922529e-09,4.999999873689376e-06,-42.18000030517578,51.15999603271485
DU-145,tanimoto+zero,8,119875.0,296961.0,1.9999999494757503e-05,9.999999747378752e-05,-49.29999923706055,44.03999710083008
DU-145,tanimoto+zero,9,740.0,9706.0,9.99999993922529e-09,4.999999873689376e-06,-42.18000030517578,51.15999603271485
HT29,act_hamming+zero,0,24559.0,713563.0,2.999999892949745e-08,9.999999747378752e-05,5.896999835968018,101.45699739456175
HT29,act_hamming+zero,1,740.0,762.0,1.0000000116860974e-07,4.999999987376214e-07,8.289999961853027,103.84999752044678
HT29,act_hamming+zero,2,752.0,49842.0,9.999999747378752e-06,5.000000058430487e-08,1.809999942779541,97.36999750137328
HT29,act_hamming+zero,3,92859.0,673596.0,6.000000212225132e-06,9.999999717180683e-10,1.919999957084656,97.4799975156784
HT29,act_hamming+zero,4,740.0,762.0,1.0000000116860974e-07,4.999999987376214e-07,8.289999961853027,103.84999752044678
HT29,act_hamming+zero,5,226080.0,713563.0,4.999999858590343e-10,9.999999747378752e-05,8.251999855041504,103.81199741363524
HT29,act_hamming+zero,6,740.0,762.0,1.0000000116860974e-07,4.999999987376214e-07,8.289999961853027,103.84999752044678
HT29,act_hamming+zero,7,740.0,762.0,1.0000000116860974e-07,4.999999987376214e-07,8.289999961853027,103.84999752044678
HT29,act_hamming+zero,8,92859.0,747599.0,6.000000212225132e-06,9.99999993922529e-09,0.0599999986588954,95.61999755725265
HT29,act_hamming+zero,9,740.0,762.0,1.0000000116860974e-07,4.999999987376214e-07,8.289999961853027,103.84999752044678
HT29,hamming+zero,0,24559.0,713563.0,2.999999892949745e-08,9.999999747378752e-05,5.896999835968018,101.45699739456175
HT29,hamming+zero,1,740.0,762.0,1.0000000116860974e-07,4.999999987376214e-07,8.289999961853027,103.84999752044678
HT29,hamming+zero,2,752.0,49842.0,9.999999747378752e-06,5.000000058430487e-08,1.809999942779541,97.36999750137328
HT29,hamming+zero,3,92859.0,673596.0,6.000000212225132e-06,9.999999717180683e-10,1.919999957084656,97.4799975156784
HT29,hamming+zero,4,740.0,762.0,1.0000000116860974e-07,4.999999987376214e-07,8.289999961853027,103.84999752044678
HT29,hamming+zero,5,226080.0,713563.0,4.999999858590343e-10,9.999999747378752e-05,8.251999855041504,103.81199741363524
HT29,hamming+zero,6,740.0,762.0,1.0000000116860974e-07,4.999999987376214e-07,8.289999961853027,103.84999752044678
HT29,hamming+zero,7,740.0,762.0,1.0000000116860974e-07,4.999999987376214e-07,8.289999961853027,103.84999752044678
HT29,hamming+zero,8,92859.0,747599.0,6.000000212225132e-06,9.99999993922529e-09,0.0599999986588954,95.61999755725265
HT29,hamming+zero,9,740.0,762.0,1.0000000116860974e-07,4.999999987376214e-07,8.289999961853027,103.84999752044678
HT29,linear_curve,0,701852.0,754143.0,9.99999993922529e-09,9.99999993922529e-09,-95.55999755859376,0.0
HT29,linear_curve,1,701852.0,754143.0,9.99999993922529e-09,9.99999993922529e-09,-95.55999755859376,0.0
HT29,linear_curve,2,681239.0,701852.0,3.000000106112566e-07,9.999999974752427e-07,-74.38999938964844,21.169998168945312
HT29,linear_curve,3,681239.0,686673.0,3.000000106112566e-07,2.0000000233721948e-07,-61.86000061035156,33.69999694824219
HT29,linear_curve,4,681239.0,701852.0,3.000000106112566e-07,9.999999974752427e-07,-74.38999938964844,21.169998168945312
HT29,linear_curve,5,24559.0,681239.0,9.999999974752427e-07,3.000000106112566e-07,-53.650001525878906,41.90999603271485
HT29,linear_curve,6,701852.0,754143.0,9.99999993922529e-09,9.99999993922529e-09,-95.55999755859376,0.0
HT29,linear_curve,7,681239.0,701852.0,3.000000106112566e-07,9.999999974752427e-07,-74.38999938964844,21.169998168945312
HT29,linear_curve,8,712807.0,754143.0,2.0000000233721948e-07,9.99999993922529e-09,-80.87999725341797,14.68000030517578
HT29,linear_curve,9,24559.0,681239.0,9.999999974752427e-07,3.000000106112566e-07,-53.650001525878906,41.90999603271485
HT29,ours+zero,0,681239.0,712807.0,3.000000106112566e-07,2.0000000233721948e-07,-42.380001068115234,53.17999649047851
HT29,ours+zero,1,701852.0,754143.0,9.99999993922529e-09,9.99999993922529e-09,-95.55999755859376,0.0
HT29,ours+zero,2,701852.0,754143.0,9.99999993922529e-09,9.99999993922529e-09,-95.55999755859376,0.0
HT29,ours+zero,3,409962.0,754143.0,1.9999999949504854e-06,9.99999993922529e-09,-72.94999694824219,22.61000061035156
HT29,ours+zero,4,701852.0,754143.0,9.99999993922529e-09,9.99999993922529e-09,-95.55999755859376,0.0
HT29,ours+zero,5,681239.0,712807.0,3.000000106112566e-07,2.0000000233721948e-07,-42.380001068115234,53.17999649047851
HT29,ours+zero,6,701852.0,754143.0,9.99999993922529e-09,9.99999993922529e-09,-95.55999755859376,0.0
HT29,ours+zero,7,125973.0,681239.0,2.999999892949745e-08,3.000000106112566e-07,-35.20000076293945,60.3599967956543
HT29,ours+zero,8,6396.0,754143.0,9.999999974752427e-07,9.99999993922529e-09,-82.29000091552734,13.269996643066406
HT29,ours+zero,9,105014.0,754143.0,9.999999974752427e-07,9.99999993922529e-09,-84.44000244140625,11.1199951171875
HT29,random,0,180973.0,754143.0,6.999999868639861e-08,9.99999993922529e-09,-88.91999816894531,6.6399993896484375
HT29,random,1,218321.0,747973.0,1.0000000116860974e-07,2.999999892949745e-08,7.650000095367432,103.20999908447266
HT29,random,2,409962.0,754143.0,1.9999999949504854e-06,9.99999993922529e-09,-72.94999694824219,22.61000061035156
HT29,random,3,409962.0,754143.0,1.9999999949504854e-06,9.99999993922529e-09,-72.94999694824219,22.61000061035156
HT29,random,4,125973.0,256439.0,1.0000000116860974e-07,9.999999717180683e-10,-2.4660000801086426,93.093994140625
HT29,random,5,715055.0,761432.0,9.999999747378752e-06,4.999999858590343e-10,4.206999778747559,99.76699829101562
HT29,random,6,701852.0,713563.0,1.0000000116860974e-07,9.999999747378752e-05,9.45699977874756,105.01699829101562
HT29,random,7,732517.0,761432.0,9.999999717180683e-10,5.000000058430487e-08,3.888000011444092,99.447998046875
HT29,random,8,733504.0,754143.0,9.99999993922529e-09,9.99999993922529e-09,-91.72000122070312,3.839996337890625
HT29,random,9,681239.0,743414.0,3.000000106112566e-07,4.999999987376214e-07,-49.31999969482422,46.23999786376953
HT29,tanimoto+zero,0,24559.0,713563.0,2.999999892949745e-08,9.999999747378752e-05,5.896999835968018,101.45699739456175
HT29,tanimoto+zero,1,119875.0,713563.0,4.999999873689376e-06,9.999999747378752e-05,5.015999794006348,100.5759973526001
HT29,tanimoto+zero,2,752.0,49842.0,9.999999747378752e-06,5.000000058430487e-08,1.809999942779541,97.36999750137328
HT29,tanimoto+zero,3,92859.0,673596.0,6.000000212225132e-06,9.999999717180683e-10,1.919999957084656,97.4799975156784
HT29,tanimoto+zero,4,141540.0,713563.0,4.999999873689376e-06,9.999999747378752e-05,6.254000186920166,101.81399774551392
HT29,tanimoto+zero,5,673596.0,713563.0,2.999999892949745e-08,9.999999747378752e-05,4.552999973297119,100.11299753189088
HT29,tanimoto+zero,6,82151.0,713563.0,1.999999943436137e-09,9.999999747378752e-05,2.315000057220459,97.8749976158142
HT29,tanimoto+zero,7,67574.0,713563.0,2.999999970665357e-10,9.999999747378752e-05,7.782000064849853,103.3419976234436
HT29,tanimoto+zero,8,92859.0,747599.0,6.000000212225132e-06,9.99999993922529e-09,0.0599999986588954,95.61999755725265
HT29,tanimoto+zero,9,82151.0,713563.0,1.999999943436137e-09,9.999999747378752e-05,2.315000057220459,97.8749976158142
MDA-MB-231/ATCC,act_hamming+zero,0,740.0,24559.0,9.999999717180683e-10,9.999999974752427e-07,-47.369998931884766,46.60000228881836
MDA-MB-231/ATCC,act_hamming+zero,1,740.0,24559.0,9.999999717180683e-10,9.999999974752427e-07,-47.369998931884766,46.60000228881836
MDA-MB-231/ATCC,act_hamming+zero,2,740.0,24559.0,9.999999717180683e-10,9.999999974752427e-07,-47.369998931884766,46.60000228881836
MDA-MB-231/ATCC,act_hamming+zero,3,740.0,24559.0,9.999999717180683e-10,9.999999974752427e-07,-47.369998931884766,46.60000228881836
MDA-MB-231/ATCC,act_hamming+zero,4,27640.0,754143.0,7.000000135093387e-09,9.99999993922529e-09,-80.41999816894531,13.550003051757812
MDA-MB-231/ATCC,act_hamming+zero,5,740.0,24559.0,9.999999717180683e-10,9.999999974752427e-07,-47.369998931884766,46.60000228881836
MDA-MB-231/ATCC,act_hamming+zero,6,740.0,24559.0,9.999999717180683e-10,9.999999974752427e-07,-47.369998931884766,46.60000228881836
MDA-MB-231/ATCC,act_hamming+zero,7,82151.0,713563.0,1.999999987845058e-08,9.999999747378752e-05,-54.54100036621094,39.42900085449219
MDA-MB-231/ATCC,act_hamming+zero,8,740.0,24559.0,9.999999717180683e-10,9.999999974752427e-07,-47.369998931884766,46.60000228881836
MDA-MB-231/ATCC,act_hamming+zero,9,740.0,24559.0,9.999999717180683e-10,9.999999974752427e-07,-47.369998931884766,46.60000228881836
MDA-MB-231/ATCC,hamming+zero,0,740.0,24559.0,9.999999717180683e-10,9.999999974752427e-07,-47.369998931884766,46.60000228881836
MDA-MB-231/ATCC,hamming+zero,1,740.0,24559.0,9.999999717180683e-10,9.999999974752427e-07,-47.369998931884766,46.60000228881836
MDA-MB-231/ATCC,hamming+zero,2,740.0,24559.0,9.999999717180683e-10,9.999999974752427e-07,-47.369998931884766,46.60000228881836
MDA-MB-231/ATCC,hamming+zero,3,740.0,24559.0,9.999999717180683e-10,9.999999974752427e-07,-47.369998931884766,46.60000228881836
MDA-MB-231/ATCC,hamming+zero,4,27640.0,754143.0,7.000000135093387e-09,9.99999993922529e-09,-80.41999816894531,13.550003051757812
MDA-MB-231/ATCC,hamming+zero,5,740.0,24559.0,9.999999717180683e-10,9.999999974752427e-07,-47.369998931884766,46.60000228881836
MDA-MB-231/ATCC,hamming+zero,6,740.0,24559.0,9.999999717180683e-10,9.999999974752427e-07,-47.369998931884766,46.60000228881836
MDA-MB-231/ATCC,hamming+zero,7,82151.0,713563.0,1.999999987845058e-08,9.999999747378752e-05,-54.54100036621094,39.42900085449219
MDA-MB-231/ATCC,hamming+zero,8,740.0,24559.0,9.999999717180683e-10,9.999999974752427e-07,-47.369998931884766,46.60000228881836
MDA-MB-231/ATCC,hamming+zero,9,740.0,24559.0,9.999999717180683e-10,9.999999974752427e-07,-47.369998931884766,46.60000228881836
MDA-MB-231/ATCC,linear_curve,0,681239.0,754143.0,3.000000106112566e-07,9.99999993922529e-09,-93.95999908447266,0.0100021362304687
MDA-MB-231/ATCC,linear_curve,1,26271.0,681239.0,9.999999747378752e-06,3.000000106112566e-07,-87.94999694824219,6.0200042724609375
MDA-MB-231/ATCC,linear_curve,2,102816.0,754143.0,3.000000106112566e-06,9.99999993922529e-09,-93.97000122070312,0.0
MDA-MB-231/ATCC,linear_curve,3,102816.0,754143.0,3.000000106112566e-06,9.99999993922529e-09,-93.97000122070312,0.0
MDA-MB-231/ATCC,linear_curve,4,102816.0,754143.0,3.000000106112566e-06,9.99999993922529e-09,-93.97000122070312,0.0
MDA-MB-231/ATCC,linear_curve,5,102816.0,754143.0,3.000000106112566e-06,9.99999993922529e-09,-93.97000122070312,0.0
MDA-MB-231/ATCC,linear_curve,6,681239.0,754143.0,3.000000106112566e-07,9.99999993922529e-09,-93.95999908447266,0.0100021362304687
MDA-MB-231/ATCC,linear_curve,7,102816.0,754143.0,3.000000106112566e-06,9.99999993922529e-09,-93.97000122070312,0.0
MDA-MB-231/ATCC,linear_curve,8,102816.0,754143.0,3.000000106112566e-06,9.99999993922529e-09,-93.97000122070312,0.0
MDA-MB-231/ATCC,linear_curve,9,102816.0,754143.0,3.000000106112566e-06,9.99999993922529e-09,-93.97000122070312,0.0
MDA-MB-231/ATCC,ours+zero,0,681239.0,754143.0,3.000000106112566e-07,9.99999993922529e-09,-93.95999908447266,0.0100021362304687
MDA-MB-231/ATCC,ours+zero,1,681239.0,754143.0,3.000000106112566e-07,9.99999993922529e-09,-93.95999908447266,0.0100021362304687
MDA-MB-231/ATCC,ours+zero,2,681239.0,754143.0,3.000000106112566e-07,9.99999993922529e-09,-93.95999908447266,0.0100021362304687
MDA-MB-231/ATCC,ours+zero,3,733504.0,754143.0,1.0000000116860974e-07,9.99999993922529e-09,-79.94999694824219,14.020004272460938
MDA-MB-231/ATCC,ours+zero,4,27640.0,754143.0,7.000000135093387e-09,9.99999993922529e-09,-80.41999816894531,13.550003051757812
MDA-MB-231/ATCC,ours+zero,5,681239.0,754143.0,3.000000106112566e-07,9.99999993922529e-09,-93.95999908447266,0.0100021362304687
MDA-MB-231/ATCC,ours+zero,6,613327.0,754143.0,9.99999993922529e-09,9.99999993922529e-09,-90.0999984741211,3.8700027465820312
MDA-MB-231/ATCC,ours+zero,7,82151.0,713563.0,1.999999987845058e-08,9.999999747378752e-05,-54.54100036621094,39.42900085449219
MDA-MB-231/ATCC,ours+zero,8,119875.0,713563.0,4.999999873689376e-06,9.999999747378752e-05,-42.95500183105469,51.01499938964844
MDA-MB-231/ATCC,ours+zero,9,409962.0,681239.0,1.9999999949504854e-06,3.000000106112566e-07,-82.02999877929688,11.94000244140625
MDA-MB-231/ATCC,random,0,14229.0,125066.0,3.000000106112566e-06,1.0000000116860974e-07,52.4900016784668,146.4600067138672
MDA-MB-231/ATCC,random,1,750.0,92859.0,4.999999987376214e-07,6.000000212225132e-06,10.649999618530272,104.62000274658205
MDA-MB-231/ATCC,random,2,246131.0,686673.0,1.9999999494757503e-05,2.0000000233721948e-07,-27.8799991607666,66.09000396728516
MDA-MB-231/ATCC,random,3,701852.0,712807.0,9.999999974752427e-07,2.0000000233721948e-07,39.880001068115234,133.85000610351562
MDA-MB-231/ATCC,random,4,27640.0,754143.0,7.000000135093387e-09,9.99999993922529e-09,-80.41999816894531,13.550003051757812
MDA-MB-231/ATCC,random,5,755.0,762.0,1.9999999949504854e-06,4.999999873689376e-06,-7.139999866485596,86.83000183105469
MDA-MB-231/ATCC,random,6,125973.0,737754.0,5.99999978589949e-08,9.999999747378752e-06,25.70599937438965,119.6760025024414
MDA-MB-231/ATCC,random,7,82151.0,713563.0,1.999999987845058e-08,9.999999747378752e-05,-54.54100036621094,39.42900085449219
MDA-MB-231/ATCC,random,8,24559.0,409962.0,9.999999974752427e-07,2.0000000233721948e-07,-40.54999923706055,53.42000198364258
MDA-MB-231/ATCC,random,9,3053.0,755986.0,9.99999993922529e-09,2.499999936844688e-05,9.197999954223633,103.16799926757812
MDA-MB-231/ATCC,tanimoto+zero,0,105014.0,713563.0,2.0000000233721948e-07,9.999999747378752e-05,-43.54999923706055,50.42000198364258
MDA-MB-231/ATCC,tanimoto+zero,1,38721.0,713563.0,1.9999999494757503e-05,9.999999747378752e-05,-10.20400047302246,83.76600074768066
MDA-MB-231/ATCC,tanimoto+zero,2,49842.0,713563.0,4.999999858590343e-10,9.999999747378752e-05,-22.812000274658203,71.15800094604492
MDA-MB-231/ATCC,tanimoto+zero,3,49842.0,713563.0,4.999999858590343e-10,9.999999747378752e-05,-22.812000274658203,71.15800094604492
MDA-MB-231/ATCC,tanimoto+zero,4,27640.0,754143.0,7.000000135093387e-09,9.99999993922529e-09,-80.41999816894531,13.550003051757812
MDA-MB-231/ATCC,tanimoto+zero,5,49842.0,713563.0,4.999999858590343e-10,9.999999747378752e-05,-22.812000274658203,71.15800094604492
MDA-MB-231/ATCC,tanimoto+zero,6,38721.0,713563.0,1.9999999494757503e-05,9.999999747378752e-05,-10.20400047302246,83.76600074768066
MDA-MB-231/ATCC,tanimoto+zero,7,82151.0,713563.0,1.999999987845058e-08,9.999999747378752e-05,-54.54100036621094,39.42900085449219
MDA-MB-231/ATCC,tanimoto+zero,8,49842.0,713563.0,4.999999858590343e-10,9.999999747378752e-05,-22.812000274658203,71.15800094604492
MDA-MB-231/ATCC,tanimoto+zero,9,119875.0,713563.0,4.999999873689376e-06,9.999999747378752e-05,-42.95500183105469,51.01499938964844
MDA-MB-435,act_hamming+zero,0,740.0,24559.0,1.0000000116860974e-07,9.999999974752427e-07,-92.08999633789062,1.3600006103515625
MDA-MB-435,act_hamming+zero,1,740.0,24559.0,1.0000000116860974e-07,9.999999974752427e-07,-92.08999633789062,1.3600006103515625
MDA-MB-435,act_hamming+zero,2,740.0,24559.0,1.0000000116860974e-07,9.999999974752427e-07,-92.08999633789062,1.3600006103515625
MDA-MB-435,act_hamming+zero,3,740.0,24559.0,1.0000000116860974e-07,9.999999974752427e-07,-92.08999633789062,1.3600006103515625
MDA-MB-435,act_hamming+zero,4,740.0,24559.0,1.0000000116860974e-07,9.999999974752427e-07,-92.08999633789062,1.3600006103515625
MDA-MB-435,act_hamming+zero,5,740.0,24559.0,1.0000000116860974e-07,9.999999974752427e-07,-92.08999633789062,1.3600006103515625
MDA-MB-435,act_hamming+zero,6,740.0,24559.0,1.0000000116860974e-07,9.999999974752427e-07,-92.08999633789062,1.3600006103515625
MDA-MB-435,act_hamming+zero,7,740.0,24559.0,1.0000000116860974e-07,9.999999974752427e-07,-92.08999633789062,1.3600006103515625
MDA-MB-435,act_hamming+zero,8,740.0,24559.0,1.0000000116860974e-07,9.999999974752427e-07,-92.08999633789062,1.3600006103515625
MDA-MB-435,act_hamming+zero,9,740.0,24559.0,1.0000000116860974e-07,9.999999974752427e-07,-92.08999633789062,1.3600006103515625
MDA-MB-435,hamming+zero,0,740.0,24559.0,1.0000000116860974e-07,9.999999974752427e-07,-92.08999633789062,1.3600006103515625
MDA-MB-435,hamming+zero,1,740.0,24559.0,1.0000000116860974e-07,9.999999974752427e-07,-92.08999633789062,1.3600006103515625
MDA-MB-435,hamming+zero,2,740.0,24559.0,1.0000000116860974e-07,9.999999974752427e-07,-92.08999633789062,1.3600006103515625
MDA-MB-435,hamming+zero,3,740.0,24559.0,1.0000000116860974e-07,9.999999974752427e-07,-92.08999633789062,1.3600006103515625
MDA-MB-435,hamming+zero,4,740.0,24559.0,1.0000000116860974e-07,9.999999974752427e-07,-92.08999633789062,1.3600006103515625
MDA-MB-435,hamming+zero,5,740.0,24559.0,1.0000000116860974e-07,9.999999974752427e-07,-92.08999633789062,1.3600006103515625
MDA-MB-435,hamming+zero,6,740.0,24559.0,1.0000000116860974e-07,9.999999974752427e-07,-92.08999633789062,1.3600006103515625
MDA-MB-435,hamming+zero,7,740.0,24559.0,1.0000000116860974e-07,9.999999974752427e-07,-92.08999633789062,1.3600006103515625
MDA-MB-435,hamming+zero,8,740.0,24559.0,1.0000000116860974e-07,9.999999974752427e-07,-92.08999633789062,1.3600006103515625
MDA-MB-435,hamming+zero,9,740.0,24559.0,1.0000000116860974e-07,9.999999974752427e-07,-92.08999633789062,1.3600006103515625
MDA-MB-435,linear_curve,0,24559.0,712807.0,9.999999974752427e-07,2.0000000233721948e-07,-89.3499984741211,4.099998474121094
MDA-MB-435,linear_curve,1,122758.0,681239.0,3.999999989900971e-06,3.000000106112566e-07,-92.12999725341795,1.3199996948242188
MDA-MB-435,linear_curve,2,24559.0,719276.0,9.999999974752427e-07,4.0000000467443897e-07,-86.4000015258789,7.049995422363281
MDA-MB-435,linear_curve,3,125973.0,681239.0,2.999999892949745e-08,3.000000106112566e-07,-91.73999786376952,1.7099990844726562
MDA-MB-435,linear_curve,4,740.0,24559.0,1.0000000116860974e-07,9.999999974752427e-07,-92.08999633789062,1.3600006103515625
MDA-MB-435,linear_curve,5,125973.0,681239.0,2.999999892949745e-08,3.000000106112566e-07,-91.73999786376952,1.7099990844726562
MDA-MB-435,linear_curve,6,122758.0,681239.0,3.999999989900971e-06,3.000000106112566e-07,-92.12999725341795,1.3199996948242188
MDA-MB-435,linear_curve,7,122758.0,681239.0,3.999999989900971e-06,3.000000106112566e-07,-92.12999725341795,1.3199996948242188
MDA-MB-435,linear_curve,8,122758.0,681239.0,3.999999989900971e-06,3.000000106112566e-07,-92.12999725341795,1.3199996948242188
MDA-MB-435,linear_curve,9,745750.0,747973.0,2.999999892949745e-08,3.000000106112566e-07,-89.86000061035156,3.589996337890625
MDA-MB-435,ours+zero,0,740.0,24559.0,1.0000000116860974e-07,9.999999974752427e-07,-92.08999633789062,1.3600006103515625
MDA-MB-435,ours+zero,1,279836.0,754143.0,4.999999987376214e-07,9.99999993922529e-09,-79.33200073242188,14.117996215820312
MDA-MB-435,ours+zero,2,740.0,24559.0,1.0000000116860974e-07,9.999999974752427e-07,-92.08999633789062,1.3600006103515625
MDA-MB-435,ours+zero,3,740.0,24559.0,1.0000000116860974e-07,9.999999974752427e-07,-92.08999633789062,1.3600006103515625
MDA-MB-435,ours+zero,4,740.0,24559.0,1.0000000116860974e-07,9.999999974752427e-07,-92.08999633789062,1.3600006103515625
MDA-MB-435,ours+zero,5,740.0,24559.0,1.0000000116860974e-07,9.999999974752427e-07,-92.08999633789062,1.3600006103515625
MDA-MB-435,ours+zero,6,125973.0,681239.0,2.999999892949745e-08,3.000000106112566e-07,-91.73999786376952,1.7099990844726562
MDA-MB-435,ours+zero,7,740.0,24559.0,1.0000000116860974e-07,9.999999974752427e-07,-92.08999633789062,1.3600006103515625
MDA-MB-435,ours+zero,8,740.0,24559.0,1.0000000116860974e-07,9.999999974752427e-07,-92.08999633789062,1.3600006103515625
MDA-MB-435,ours+zero,9,740.0,24559.0,1.0000000116860974e-07,9.999999974752427e-07,-92.08999633789062,1.3600006103515625
MDA-MB-435,random,0,24559.0,712807.0,9.999999974752427e-07,2.0000000233721948e-07,-89.3499984741211,4.099998474121094
MDA-MB-435,random,1,743414.0,761432.0,4.999999873689376e-06,4.999999969612645e-09,-52.07500076293945,41.374996185302734
MDA-MB-435,random,2,8806.0,754143.0,9.999999974752427e-07,9.99999993922529e-09,-61.45100021362305,31.99899673461914
MDA-MB-435,random,3,38721.0,761432.0,2.0000000233721948e-07,5.000000058430487e-08,-39.5890007019043,53.86099624633789
MDA-MB-435,random,4,27640.0,754143.0,7.000000135093387e-09,9.99999993922529e-09,-62.209999084472656,31.23999786376953
MDA-MB-435,random,5,740.0,49842.0,1.0000000116860974e-07,2.999999892949745e-08,-20.739999771118164,72.70999908447266
MDA-MB-435,random,6,13875.0,761432.0,7.499999810534064e-06,4.999999969612645e-09,-48.78200149536133,44.66799545288086
MDA-MB-435,random,7,747971.0,754143.0,2.0000000233721948e-07,9.99999993922529e-09,-61.970001220703125,31.479995727539062
MDA-MB-435,random,8,49842.0,608210.0,4.999999858590343e-10,9.999999974752427e-07,-64.16600036621094,29.28399658203125
MDA-MB-435,random,9,24559.0,105014.0,9.999999974752427e-07,9.99999993922529e-09,-86.18000030517578,7.269996643066406
MDA-MB-435,tanimoto+zero,0,740.0,24559.0,1.0000000116860974e-07,9.999999974752427e-07,-92.08999633789062,1.3600006103515625
MDA-MB-435,tanimoto+zero,1,713563.0,753082.0,9.999999747378752e-05,4.999999987376214e-07,2.67549991607666,96.12549686431883
MDA-MB-435,tanimoto+zero,2,19893.0,713563.0,9.999999747378752e-05,9.999999747378752e-05,8.550000190734863,101.99999713897704
MDA-MB-435,tanimoto+zero,3,713563.0,747973.0,9.999999747378752e-05,2.999999901276418e-11,9.119000434875488,102.56899738311768
MDA-MB-435,tanimoto+zero,4,740.0,24559.0,1.0000000116860974e-07,9.999999974752427e-07,-92.08999633789062,1.3600006103515625
MDA-MB-435,tanimoto+zero,5,713563.0,754230.0,9.999999747378752e-05,5.999999976025183e-12,9.029999732971191,102.47999668121338
MDA-MB-435,tanimoto+zero,6,241240.0,713563.0,4.999999873689376e-06,9.999999747378752e-05,6.627999782562256,100.07799673080444
MDA-MB-435,tanimoto+zero,7,740.0,24559.0,1.0000000116860974e-07,9.999999974752427e-07,-92.08999633789062,1.3600006103515625
MDA-MB-435,tanimoto+zero,8,19893.0,713563.0,9.999999747378752e-05,9.999999747378752e-05,8.550000190734863,101.99999713897704
MDA-MB-435,tanimoto+zero,9,713563.0,747973.0,9.999999747378752e-05,3.000000026176508e-09,8.026000022888184,101.47599697113036
MOLT-4,act_hamming+zero,0,27640.0,673596.0,6.999999868639861e-08,9.99999993922529e-09,-99.33000183105467,0.5800018310546875
MOLT-4,act_hamming+zero,1,740.0,6396.0,1.0000000116860974e-07,1.0000000116860974e-07,-99.08999633789062,0.82000732421875
MOLT-4,act_hamming+zero,2,740.0,6396.0,1.0000000116860974e-07,1.0000000116860974e-07,-99.08999633789062,0.82000732421875
MOLT-4,act_hamming+zero,3,63878.0,105014.0,9.99999993922529e-09,1.0000000116860974e-07,-99.70999908447266,0.2000045776367187
MOLT-4,act_hamming+zero,4,740.0,6396.0,1.0000000116860974e-07,1.0000000116860974e-07,-99.08999633789062,0.82000732421875
MOLT-4,act_hamming+zero,5,740.0,6396.0,1.0000000116860974e-07,1.0000000116860974e-07,-99.08999633789062,0.82000732421875
MOLT-4,act_hamming+zero,6,740.0,6396.0,1.0000000116860974e-07,1.0000000116860974e-07,-99.08999633789062,0.82000732421875
MOLT-4,act_hamming+zero,7,740.0,6396.0,1.0000000116860974e-07,1.0000000116860974e-07,-99.08999633789062,0.82000732421875
MOLT-4,act_hamming+zero,8,740.0,6396.0,1.0000000116860974e-07,1.0000000116860974e-07,-99.08999633789062,0.82000732421875
MOLT-4,act_hamming+zero,9,740.0,6396.0,1.0000000116860974e-07,1.0000000116860974e-07,-99.08999633789062,0.82000732421875
MOLT-4,hamming+zero,0,27640.0,673596.0,6.999999868639861e-08,9.99999993922529e-09,-99.33000183105467,0.5800018310546875
MOLT-4,hamming+zero,1,740.0,6396.0,1.0000000116860974e-07,1.0000000116860974e-07,-99.08999633789062,0.82000732421875
MOLT-4,hamming+zero,2,740.0,6396.0,1.0000000116860974e-07,1.0000000116860974e-07,-99.08999633789062,0.82000732421875
MOLT-4,hamming+zero,3,63878.0,105014.0,9.99999993922529e-09,1.0000000116860974e-07,-99.70999908447266,0.2000045776367187
MOLT-4,hamming+zero,4,740.0,6396.0,1.0000000116860974e-07,1.0000000116860974e-07,-99.08999633789062,0.82000732421875
MOLT-4,hamming+zero,5,740.0,6396.0,1.0000000116860974e-07,1.0000000116860974e-07,-99.08999633789062,0.82000732421875
MOLT-4,hamming+zero,6,740.0,6396.0,1.0000000116860974e-07,1.0000000116860974e-07,-99.08999633789062,0.82000732421875
MOLT-4,hamming+zero,7,740.0,6396.0,1.0000000116860974e-07,1.0000000116860974e-07,-99.08999633789062,0.82000732421875
MOLT-4,hamming+zero,8,740.0,6396.0,1.0000000116860974e-07,1.0000000116860974e-07,-99.08999633789062,0.82000732421875
MOLT-4,hamming+zero,9,740.0,6396.0,1.0000000116860974e-07,1.0000000116860974e-07,-99.08999633789062,0.82000732421875
MOLT-4,linear_curve,0,27640.0,673596.0,6.999999868639861e-08,9.99999993922529e-09,-99.33000183105467,0.5800018310546875
MOLT-4,linear_curve,1,6396.0,63878.0,9.999999747378752e-06,9.999999974752427e-07,-99.9000015258789,0.0100021362304687
MOLT-4,linear_curve,2,105014.0,118218.0,9.999999974752427e-07,6.000000212225132e-06,-99.51000213623048,0.4000015258789062
MOLT-4,linear_curve,3,6396.0,63878.0,9.999999974752427e-07,1.0000000116860974e-07,-99.87999725341795,0.0300064086914062
MOLT-4,linear_curve,4,14229.0,686673.0,3.000000106112566e-06,1.9999999494757503e-05,-98.38999938964844,1.5200042724609375
MOLT-4,linear_curve,5,3053.0,6396.0,1.0000000116860974e-07,9.999999974752427e-07,-99.0,0.910003662109375
MOLT-4,linear_curve,6,6396.0,63878.0,9.999999747378752e-06,9.999999974752427e-07,-99.9000015258789,0.0100021362304687
MOLT-4,linear_curve,7,6396.0,63878.0,9.999999747378752e-06,9.999999974752427e-07,-99.9000015258789,0.0100021362304687
MOLT-4,linear_curve,8,6396.0,63878.0,9.999999747378752e-06,9.999999974752427e-07,-99.9000015258789,0.0100021362304687
MOLT-4,linear_curve,9,63878.0,719345.0,9.999999974752427e-07,3.999999975690116e-08,-99.4800033569336,0.4300003051757812
MOLT-4,ours+zero,0,27640.0,673596.0,6.999999868639861e-08,9.99999993922529e-09,-99.33000183105467,0.5800018310546875
MOLT-4,ours+zero,1,740.0,762.0,1.0000000116860974e-07,5.000000058430487e-08,-98.19000244140624,1.720001220703125
MOLT-4,ours+zero,2,740.0,6396.0,1.0000000116860974e-07,1.0000000116860974e-07,-99.08999633789062,0.82000732421875
MOLT-4,ours+zero,3,63878.0,105014.0,9.99999993922529e-09,1.0000000116860974e-07,-99.70999908447266,0.2000045776367187
MOLT-4,ours+zero,4,740.0,6396.0,1.0000000116860974e-07,1.0000000116860974e-07,-99.08999633789062,0.82000732421875
MOLT-4,ours+zero,5,740.0,6396.0,1.0000000116860974e-07,1.0000000116860974e-07,-99.08999633789062,0.82000732421875
MOLT-4,ours+zero,6,63878.0,102816.0,9.999999974752427e-07,3.000000106112566e-06,-98.20999908447266,1.7000045776367188
MOLT-4,ours+zero,7,740.0,762.0,1.0000000116860974e-07,5.000000058430487e-08,-98.19000244140624,1.720001220703125
MOLT-4,ours+zero,8,740.0,762.0,1.0000000116860974e-07,5.000000058430487e-08,-98.19000244140624,1.720001220703125
MOLT-4,ours+zero,9,740.0,6396.0,1.0000000116860974e-07,1.0000000116860974e-07,-99.08999633789062,0.82000732421875
MOLT-4,random,0,63878.0,719627.0,9.999999974752427e-07,4.999999987376214e-07,-99.58000183105467,0.3300018310546875
MOLT-4,random,1,102816.0,609699.0,3.000000106112566e-06,1.0000000116860974e-07,-98.33000183105467,1.5800018310546875
MOLT-4,random,2,241240.0,747973.0,1.9999999494757503e-05,3.000000106112566e-07,-91.01000213623048,8.900001525878906
MOLT-4,random,3,63878.0,105014.0,9.99999993922529e-09,1.0000000116860974e-07,-99.70999908447266,0.2000045776367187
MOLT-4,random,4,613327.0,719627.0,9.99999993922529e-09,4.999999987376214e-07,-97.11000061035156,2.8000030517578125
MOLT-4,random,5,9706.0,712807.0,4.999999987376214e-07,2.0000000233721948e-07,-94.7300033569336,5.180000305175781
MOLT-4,random,6,63878.0,102816.0,9.999999974752427e-07,3.000000106112566e-06,-98.20999908447266,1.7000045776367188
MOLT-4,random,7,266046.0,606869.0,4.999999873689376e-06,9.99999993922529e-09,-96.16999816894533,3.7400054931640625
MOLT-4,random,8,740.0,25154.0,9.99999993922529e-09,2.9999999242136255e-05,-97.4499969482422,2.4600067138671875
MOLT-4,random,9,102816.0,266046.0,3.000000106112566e-07,4.999999873689376e-06,-94.61000061035156,5.3000030517578125
MOLT-4,tanimoto+zero,0,27640.0,673596.0,6.999999868639861e-08,9.99999993922529e-09,-99.33000183105467,0.5800018310546875
MOLT-4,tanimoto+zero,1,740.0,6396.0,1.0000000116860974e-07,1.0000000116860974e-07,-99.08999633789062,0.82000732421875
MOLT-4,tanimoto+zero,2,740.0,6396.0,1.0000000116860974e-07,1.0000000116860974e-07,-99.08999633789062,0.82000732421875
MOLT-4,tanimoto+zero,3,63878.0,105014.0,9.99999993922529e-09,1.0000000116860974e-07,-99.70999908447266,0.2000045776367187
MOLT-4,tanimoto+zero,4,740.0,6396.0,1.0000000116860974e-07,1.0000000116860974e-07,-99.08999633789062,0.82000732421875
MOLT-4,tanimoto+zero,5,740.0,6396.0,1.0000000116860974e-07,1.0000000116860974e-07,-99.08999633789062,0.82000732421875
MOLT-4,tanimoto+zero,6,740.0,6396.0,1.0000000116860974e-07,1.0000000116860974e-07,-99.08999633789062,0.82000732421875
MOLT-4,tanimoto+zero,7,740.0,6396.0,1.0000000116860974e-07,1.0000000116860974e-07,-99.08999633789062,0.82000732421875
MOLT-4,tanimoto+zero,8,740.0,6396.0,1.0000000116860974e-07,1.0000000116860974e-07,-99.08999633789062,0.82000732421875
MOLT-4,tanimoto+zero,9,740.0,6396.0,1.0000000116860974e-07,1.0000000116860974e-07,-99.08999633789062,0.82000732421875
OVCAR-8,act_hamming+zero,0,740.0,3053.0,1.0000000116860974e-07,9.99999993922529e-09,-26.979999542236328,66.25000381469727
OVCAR-8,act_hamming+zero,1,740.0,3053.0,1.0000000116860974e-07,9.99999993922529e-09,-26.979999542236328,66.25000381469727
OVCAR-8,act_hamming+zero,2,740.0,3053.0,1.0000000116860974e-07,9.99999993922529e-09,-26.979999542236328,66.25000381469727
OVCAR-8,act_hamming+zero,3,740.0,3053.0,1.0000000116860974e-07,9.99999993922529e-09,-26.979999542236328,66.25000381469727
OVCAR-8,act_hamming+zero,4,740.0,3053.0,1.0000000116860974e-07,9.99999993922529e-09,-26.979999542236328,66.25000381469727
OVCAR-8,act_hamming+zero,5,740.0,3053.0,1.0000000116860974e-07,9.99999993922529e-09,-26.979999542236328,66.25000381469727
OVCAR-8,act_hamming+zero,6,740.0,3053.0,1.0000000116860974e-07,9.99999993922529e-09,-26.979999542236328,66.25000381469727
OVCAR-8,act_hamming+zero,7,740.0,3053.0,1.0000000116860974e-07,9.99999993922529e-09,-26.979999542236328,66.25000381469727
OVCAR-8,act_hamming+zero,8,740.0,3053.0,1.0000000116860974e-07,9.99999993922529e-09,-26.979999542236328,66.25000381469727
OVCAR-8,act_hamming+zero,9,740.0,3053.0,1.0000000116860974e-07,9.99999993922529e-09,-26.979999542236328,66.25000381469727
OVCAR-8,hamming+zero,0,740.0,3053.0,1.0000000116860974e-07,9.99999993922529e-09,-26.979999542236328,66.25000381469727
OVCAR-8,hamming+zero,1,740.0,3053.0,1.0000000116860974e-07,9.99999993922529e-09,-26.979999542236328,66.25000381469727
OVCAR-8,hamming+zero,2,740.0,3053.0,1.0000000116860974e-07,9.99999993922529e-09,-26.979999542236328,66.25000381469727
OVCAR-8,hamming+zero,3,740.0,3053.0,1.0000000116860974e-07,9.99999993922529e-09,-26.979999542236328,66.25000381469727
OVCAR-8,hamming+zero,4,740.0,3053.0,1.0000000116860974e-07,9.99999993922529e-09,-26.979999542236328,66.25000381469727
OVCAR-8,hamming+zero,5,740.0,3053.0,1.0000000116860974e-07,9.99999993922529e-09,-26.979999542236328,66.25000381469727
OVCAR-8,hamming+zero,6,740.0,3053.0,1.0000000116860974e-07,9.99999993922529e-09,-26.979999542236328,66.25000381469727
OVCAR-8,hamming+zero,7,740.0,3053.0,1.0000000116860974e-07,9.99999993922529e-09,-26.979999542236328,66.25000381469727
OVCAR-8,hamming+zero,8,740.0,3053.0,1.0000000116860974e-07,9.99999993922529e-09,-26.979999542236328,66.25000381469727
OVCAR-8,hamming+zero,9,740.0,3053.0,1.0000000116860974e-07,9.99999993922529e-09,-26.979999542236328,66.25000381469727
OVCAR-8,linear_curve,0,125066.0,681239.0,9.999999974752427e-07,3.000000106112566e-07,-93.2300033569336,0.0
OVCAR-8,linear_curve,1,125066.0,681239.0,9.999999974752427e-07,3.000000106112566e-07,-93.2300033569336,0.0
OVCAR-8,linear_curve,2,681239.0,747973.0,3.000000106112566e-07,3.000000026176508e-09,-92.73999786376952,0.4900054931640625
OVCAR-8,linear_curve,3,125066.0,681239.0,9.999999974752427e-07,3.000000106112566e-07,-93.2300033569336,0.0
OVCAR-8,linear_curve,4,125066.0,681239.0,9.999999974752427e-07,3.000000106112566e-07,-93.2300033569336,0.0
OVCAR-8,linear_curve,5,681239.0,745750.0,3.000000106112566e-07,3.000000106112566e-06,-86.1500015258789,7.0800018310546875
OVCAR-8,linear_curve,6,606869.0,713563.0,9.999999974752427e-07,9.999999747378752e-05,-65.0770034790039,28.152999877929688
OVCAR-8,linear_curve,7,125066.0,681239.0,9.999999974752427e-07,3.000000106112566e-07,-93.2300033569336,0.0
OVCAR-8,linear_curve,8,606869.0,713563.0,9.999999974752427e-07,9.999999747378752e-05,-65.0770034790039,28.152999877929688
OVCAR-8,linear_curve,9,102816.0,246131.0,3.000000106112566e-06,1.9999999494757503e-05,-67.0999984741211,26.1300048828125
OVCAR-8,ours+zero,0,125066.0,681239.0,9.999999974752427e-07,3.000000106112566e-07,-93.2300033569336,0.0
OVCAR-8,ours+zero,1,27640.0,681239.0,6.999999868639861e-08,3.000000106112566e-07,-82.62999725341797,10.600006103515623
OVCAR-8,ours+zero,2,125066.0,681239.0,9.999999974752427e-07,3.000000106112566e-07,-93.2300033569336,0.0
OVCAR-8,ours+zero,3,49842.0,681239.0,2.999999970665357e-10,3.000000106112566e-07,-88.36000061035156,4.870002746582031
OVCAR-8,ours+zero,4,747973.0,754143.0,3.000000106112566e-07,9.99999993922529e-09,-63.0,30.230003356933594
OVCAR-8,ours+zero,5,125066.0,681239.0,9.999999974752427e-07,3.000000106112566e-07,-93.2300033569336,0.0
OVCAR-8,ours+zero,6,733504.0,747973.0,1.0000000116860974e-07,3.000000106112566e-07,-83.73999786376953,9.490005493164062
OVCAR-8,ours+zero,7,125066.0,681239.0,9.999999974752427e-07,3.000000106112566e-07,-93.2300033569336,0.0
OVCAR-8,ours+zero,8,125066.0,681239.0,9.999999974752427e-07,3.000000106112566e-07,-93.2300033569336,0.0
OVCAR-8,ours+zero,9,125066.0,681239.0,9.999999974752427e-07,3.000000106112566e-07,-93.2300033569336,0.0
OVCAR-8,random,0,63878.0,719345.0,9.999999974752427e-07,3.999999975690116e-08,17.010000228881836,110.24000549316406
OVCAR-8,random,1,67574.0,122758.0,1.0000000116860974e-07,4.0000000467443897e-07,-6.849999904632568,86.3800048828125
OVCAR-8,random,2,8806.0,754143.0,1.0000000116860974e-07,9.99999993922529e-09,12.972000122070312,106.2020034790039
OVCAR-8,random,3,752.0,673596.0,9.999999747378752e-06,2.999999892949745e-08,14.072999954223633,107.3030014038086
OVCAR-8,random,4,180973.0,713563.0,3.000000106112566e-07,9.999999747378752e-05,-18.326000213623047,74.90400695800781
OVCAR-8,random,5,125973.0,760766.0,5.99999978589949e-08,1.9999999949504854e-06,-10.64900016784668,82.58100128173828
OVCAR-8,random,6,125973.0,749226.0,5.99999978589949e-08,4.999999873689376e-06,-16.78499984741211,76.44500732421875
OVCAR-8,random,7,606869.0,757441.0,9.999999974752427e-07,9.999999974752427e-07,12.82800006866455,106.0580062866211
OVCAR-8,random,8,85998.0,713563.0,9.999999747378752e-05,9.999999747378752e-05,-19.92300033569336,73.3070068359375
OVCAR-8,random,9,681239.0,747973.0,3.000000106112566e-07,3.000000026176508e-09,-92.73999786376952,0.4900054931640625
OVCAR-8,tanimoto+zero,0,713563.0,761432.0,9.999999747378752e-05,4.999999858590343e-10,-62.40599822998047,30.824005126953125
OVCAR-8,tanimoto+zero,1,1390.0,713563.0,0.0001999999949475,9.999999747378752e-05,-43.05500030517578,50.17500305175781
OVCAR-8,tanimoto+zero,2,1390.0,713563.0,0.0001999999949475,9.999999747378752e-05,-43.05500030517578,50.17500305175781
OVCAR-8,tanimoto+zero,3,1390.0,713563.0,0.0001999999949475,9.999999747378752e-05,-43.05500030517578,50.17500305175781
OVCAR-8,tanimoto+zero,4,613327.0,713563.0,2.999999970665357e-10,9.999999747378752e-05,-35.17900085449219,58.051002502441406
OVCAR-8,tanimoto+zero,5,1390.0,713563.0,0.0001999999949475,9.999999747378752e-05,-43.05500030517578,50.17500305175781
OVCAR-8,tanimoto+zero,6,1390.0,713563.0,0.0001999999949475,9.999999747378752e-05,-43.05500030517578,50.17500305175781
OVCAR-8,tanimoto+zero,7,1390.0,713563.0,0.0001999999949475,9.999999747378752e-05,-43.05500030517578,50.17500305175781
OVCAR-8,tanimoto+zero,8,1390.0,713563.0,0.0001999999949475,9.999999747378752e-05,-43.05500030517578,50.17500305175781
OVCAR-8,tanimoto+zero,9,613327.0,713563.0,2.999999970665357e-10,9.999999747378752e-05,-35.17900085449219,58.051002502441406
PC-3,act_hamming+zero,0,740.0,6396.0,9.99999993922529e-09,1.0000000116860974e-07,-31.86000061035156,60.040000915527344
PC-3,act_hamming+zero,1,740.0,6396.0,9.99999993922529e-09,1.0000000116860974e-07,-31.86000061035156,60.040000915527344
PC-3,act_hamming+zero,2,740.0,6396.0,9.99999993922529e-09,1.0000000116860974e-07,-31.86000061035156,60.040000915527344
PC-3,act_hamming+zero,3,740.0,6396.0,9.99999993922529e-09,1.0000000116860974e-07,-31.86000061035156,60.040000915527344
PC-3,act_hamming+zero,4,740.0,6396.0,9.99999993922529e-09,1.0000000116860974e-07,-31.86000061035156,60.040000915527344
PC-3,act_hamming+zero,5,740.0,6396.0,9.99999993922529e-09,1.0000000116860974e-07,-31.86000061035156,60.040000915527344
PC-3,act_hamming+zero,6,740.0,6396.0,9.99999993922529e-09,1.0000000116860974e-07,-31.86000061035156,60.040000915527344
PC-3,act_hamming+zero,7,740.0,6396.0,9.99999993922529e-09,1.0000000116860974e-07,-31.86000061035156,60.040000915527344
PC-3,act_hamming+zero,8,740.0,6396.0,9.99999993922529e-09,1.0000000116860974e-07,-31.86000061035156,60.040000915527344
PC-3,act_hamming+zero,9,681239.0,750690.0,3.000000106112566e-07,1.0000000116860974e-07,-37.0,54.900001525878906
PC-3,hamming+zero,0,740.0,6396.0,9.99999993922529e-09,1.0000000116860974e-07,-31.86000061035156,60.040000915527344
PC-3,hamming+zero,1,740.0,6396.0,9.99999993922529e-09,1.0000000116860974e-07,-31.86000061035156,60.040000915527344
PC-3,hamming+zero,2,740.0,6396.0,9.99999993922529e-09,1.0000000116860974e-07,-31.86000061035156,60.040000915527344
PC-3,hamming+zero,3,740.0,6396.0,9.99999993922529e-09,1.0000000116860974e-07,-31.86000061035156,60.040000915527344
PC-3,hamming+zero,4,740.0,6396.0,9.99999993922529e-09,1.0000000116860974e-07,-31.86000061035156,60.040000915527344
PC-3,hamming+zero,5,740.0,6396.0,9.99999993922529e-09,1.0000000116860974e-07,-31.86000061035156,60.040000915527344
PC-3,hamming+zero,6,740.0,6396.0,9.99999993922529e-09,1.0000000116860974e-07,-31.86000061035156,60.040000915527344
PC-3,hamming+zero,7,740.0,6396.0,9.99999993922529e-09,1.0000000116860974e-07,-31.86000061035156,60.040000915527344
PC-3,hamming+zero,8,740.0,6396.0,9.99999993922529e-09,1.0000000116860974e-07,-31.86000061035156,60.040000915527344
PC-3,hamming+zero,9,681239.0,750690.0,3.000000106112566e-07,1.0000000116860974e-07,-37.0,54.900001525878906
PC-3,linear_curve,0,681239.0,750690.0,3.000000106112566e-07,1.0000000116860974e-07,-37.0,54.900001525878906
PC-3,linear_curve,1,125973.0,681239.0,3.000000106112566e-07,3.000000106112566e-07,-91.4499969482422,0.4500045776367187
PC-3,linear_curve,2,24559.0,681239.0,9.999999974752427e-07,3.000000106112566e-07,-82.56999969482422,9.330001831054688
PC-3,linear_curve,3,125973.0,681239.0,3.000000106112566e-07,3.000000106112566e-07,-91.4499969482422,0.4500045776367187
PC-3,linear_curve,4,24559.0,681239.0,9.999999974752427e-07,3.000000106112566e-07,-82.56999969482422,9.330001831054688
PC-3,linear_curve,5,681239.0,747599.0,3.000000106112566e-07,9.99999993922529e-09,-51.59000015258789,40.310001373291016
PC-3,linear_curve,6,369100.0,681239.0,7.000000024071085e-10,3.000000106112566e-07,-91.9000015258789,0.0
PC-3,linear_curve,7,369100.0,681239.0,7.000000024071085e-10,3.000000106112566e-07,-91.9000015258789,0.0
PC-3,linear_curve,8,369100.0,681239.0,7.000000024071085e-10,3.000000106112566e-07,-91.9000015258789,0.0
PC-3,linear_curve,9,125973.0,681239.0,3.000000106112566e-07,3.000000106112566e-07,-91.4499969482422,0.4500045776367187
PC-3,ours+zero,0,123127.0,681239.0,4.999999987376214e-07,3.000000106112566e-07,-91.41999816894533,0.4800033569335937
PC-3,ours+zero,1,673596.0,754143.0,9.99999993922529e-09,9.99999993922529e-09,-76.30000305175781,15.599998474121094
PC-3,ours+zero,2,673596.0,754143.0,9.99999993922529e-09,9.99999993922529e-09,-76.30000305175781,15.599998474121094
PC-3,ours+zero,3,673596.0,754143.0,9.99999993922529e-09,9.99999993922529e-09,-76.30000305175781,15.599998474121094
PC-3,ours+zero,4,673596.0,754143.0,9.99999993922529e-09,9.99999993922529e-09,-76.30000305175781,15.599998474121094
PC-3,ours+zero,5,24559.0,681239.0,9.999999974752427e-07,3.000000106112566e-07,-82.56999969482422,9.330001831054688
PC-3,ours+zero,6,24559.0,681239.0,9.999999974752427e-07,3.000000106112566e-07,-82.56999969482422,9.330001831054688
PC-3,ours+zero,7,750.0,92859.0,4.999999873689376e-05,6.000000212225132e-06,-39.7599983215332,52.1400032043457
PC-3,ours+zero,8,24559.0,681239.0,9.999999974752427e-07,3.000000106112566e-07,-82.56999969482422,9.330001831054688
PC-3,ours+zero,9,123127.0,681239.0,4.999999987376214e-07,3.000000106112566e-07,-91.41999816894533,0.4800033569335937
PC-3,random,0,24559.0,606869.0,9.999999974752427e-07,9.999999717180683e-10,-7.480000019073486,84.41999816894531
PC-3,random,1,279836.0,761432.0,4.999999987376214e-07,4.999999858590343e-10,28.219999313354492,120.12000274658205
PC-3,random,2,713563.0,719344.0,9.999999747378752e-05,2.999999892949745e-08,21.38999938964844,113.29000091552734
PC-3,random,3,38721.0,754143.0,2.0000000233721948e-07,9.99999993922529e-09,-19.3700008392334,72.52999877929688
PC-3,random,4,125066.0,608210.0,9.99999993922529e-09,9.999999974752427e-07,7.859000205993652,99.75900268554688
PC-3,random,5,740.0,32065.0,1.0000000116860974e-07,2.0000000233721948e-07,-8.640000343322754,83.26000213623047
PC-3,random,6,279836.0,737754.0,4.999999987376214e-07,1.0000000116860974e-07,27.4950008392334,119.39500427246094
PC-3,random,7,745750.0,754230.0,2.999999892949745e-08,5.999999802552836e-11,-6.289999961853027,85.61000061035156
PC-3,random,8,141540.0,754143.0,5.000000058430487e-08,9.99999993922529e-09,-4.796000003814697,87.10400390625
PC-3,random,9,681239.0,750690.0,3.000000106112566e-07,1.0000000116860974e-07,-37.0,54.900001525878906
PC-3,tanimoto+zero,0,24559.0,606869.0,9.999999974752427e-07,9.999999717180683e-10,-7.480000019073486,84.42000150680542
PC-3,tanimoto+zero,1,750.0,92859.0,4.999999873689376e-05,6.000000212225132e-06,-39.7599983215332,52.1400032043457
PC-3,tanimoto+zero,2,754143.0,754230.0,1.000000013351432e-10,5.999999976025183e-12,-0.9200000166893004,90.9800015091896
PC-3,tanimoto+zero,3,754143.0,754230.0,1.000000013351432e-10,5.999999976025183e-12,-0.9200000166893004,90.9800015091896
PC-3,tanimoto+zero,4,745750.0,754230.0,3.000000106112566e-06,5.999999976025183e-12,-5.880000114440918,86.02000141143799
PC-3,tanimoto+zero,5,750.0,92859.0,4.999999873689376e-05,6.000000212225132e-06,-39.7599983215332,52.1400032043457
PC-3,tanimoto+zero,6,750.0,92859.0,4.999999873689376e-05,6.000000212225132e-06,-39.7599983215332,52.1400032043457
PC-3,tanimoto+zero,7,745750.0,754230.0,2.999999892949745e-08,5.999999802552836e-11,-6.289999961853027,85.61000156402588
PC-3,tanimoto+zero,8,750.0,92859.0,4.999999873689376e-05,6.000000212225132e-06,-39.7599983215332,52.1400032043457
PC-3,tanimoto+zero,9,681239.0,750690.0,3.000000106112566e-07,1.0000000116860974e-07,-37.0,54.900001525878906
T-47D,act_hamming+zero,0,3053.0,713563.0,9.999999717180683e-10,9.999999747378752e-05,23.85300064086914,118.7930030822754
T-47D,act_hamming+zero,1,77213.0,673596.0,1.0000000116860974e-07,9.99999993922529e-09,20.469999313354492,115.41000175476074
T-47D,act_hamming+zero,2,14229.0,279836.0,3.000000106112566e-07,4.999999987376214e-07,21.253000259399418,116.19300270080566
T-47D,act_hamming+zero,3,740.0,9706.0,9.999999717180683e-10,4.999999873689376e-06,40.959999084472656,135.9000015258789
T-47D,act_hamming+zero,4,740.0,9706.0,9.999999717180683e-10,4.999999873689376e-06,40.959999084472656,135.9000015258789
T-47D,act_hamming+zero,5,740.0,9706.0,9.999999717180683e-10,4.999999873689376e-06,40.959999084472656,135.9000015258789
T-47D,act_hamming+zero,6,34462.0,256439.0,9.999999747378752e-05,9.99999993922529e-09,16.08799934387207,111.02800178527832
T-47D,act_hamming+zero,7,606869.0,747973.0,1.0000000116860974e-07,3.000000106112566e-07,15.039999961853027,109.98000240325928
T-47D,act_hamming+zero,8,628503.0,763371.0,2.999999892949745e-08,9.999999747378752e-06,28.135000228881836,123.07500267028809
T-47D,act_hamming+zero,9,79037.0,279836.0,4.999999873689376e-05,4.999999987376214e-07,38.91999816894531,133.86000061035156
T-47D,hamming+zero,0,3053.0,713563.0,9.999999717180683e-10,9.999999747378752e-05,23.85300064086914,118.7930030822754
T-47D,hamming+zero,1,77213.0,673596.0,1.0000000116860974e-07,9.99999993922529e-09,20.469999313354492,115.41000175476074
T-47D,hamming+zero,2,14229.0,279836.0,3.000000106112566e-07,4.999999987376214e-07,21.253000259399418,116.19300270080566
T-47D,hamming+zero,3,740.0,9706.0,9.999999717180683e-10,4.999999873689376e-06,40.959999084472656,135.9000015258789
T-47D,hamming+zero,4,740.0,9706.0,9.999999717180683e-10,4.999999873689376e-06,40.959999084472656,135.9000015258789
T-47D,hamming+zero,5,740.0,9706.0,9.999999717180683e-10,4.999999873689376e-06,40.959999084472656,135.9000015258789
T-47D,hamming+zero,6,34462.0,256439.0,9.999999747378752e-05,9.99999993922529e-09,16.08799934387207,111.02800178527832
T-47D,hamming+zero,7,606869.0,747973.0,1.0000000116860974e-07,3.000000106112566e-07,15.039999961853027,109.98000240325928
T-47D,hamming+zero,8,628503.0,763371.0,2.999999892949745e-08,9.999999747378752e-06,28.135000228881836,123.07500267028809
T-47D,hamming+zero,9,79037.0,279836.0,4.999999873689376e-05,4.999999987376214e-07,38.91999816894531,133.86000061035156
T-47D,linear_curve,0,718781.0,754143.0,2.0000000233721948e-07,9.99999993922529e-09,-74.9000015258789,20.040000915527344
T-47D,linear_curve,1,24559.0,606869.0,9.999999974752427e-07,1.0000000116860974e-07,-76.72000122070312,18.220001220703125
T-47D,linear_curve,2,681239.0,719276.0,3.000000106112566e-07,3.999999975690116e-08,-92.1999969482422,2.7400054931640625
T-47D,linear_curve,3,673596.0,681239.0,9.99999993922529e-09,2.999999892949745e-08,-88.95999908447266,5.980003356933594
T-47D,linear_curve,4,681239.0,719276.0,3.000000106112566e-07,3.999999975690116e-08,-92.1999969482422,2.7400054931640625
T-47D,linear_curve,5,125973.0,681239.0,3.000000026176508e-09,3.000000106112566e-07,-94.94000244140624,0.0
T-47D,linear_curve,6,180973.0,754143.0,7.000000096013537e-06,9.99999993922529e-09,-90.9800033569336,3.959999084472656
T-47D,linear_curve,7,246131.0,701852.0,1.9999999494757503e-05,9.999999974752427e-07,-80.47000122070312,14.470001220703123
T-47D,linear_curve,8,681239.0,750690.0,3.000000106112566e-07,1.0000000116860974e-07,-92.1999969482422,2.7400054931640625
T-47D,linear_curve,9,246131.0,701852.0,1.9999999494757503e-05,9.999999974752427e-07,-80.47000122070312,14.470001220703123
T-47D,ours+zero,0,673596.0,681239.0,9.99999993922529e-09,2.999999892949745e-08,-88.95999908447266,5.980003356933594
T-47D,ours+zero,1,673596.0,681239.0,9.99999993922529e-09,2.999999892949745e-08,-88.95999908447266,5.980003356933594
T-47D,ours+zero,2,673596.0,681239.0,9.99999993922529e-09,2.999999892949745e-08,-88.95999908447266,5.980003356933594
T-47D,ours+zero,3,673596.0,681239.0,9.99999993922529e-09,2.999999892949745e-08,-88.95999908447266,5.980003356933594
T-47D,ours+zero,4,673596.0,681239.0,9.99999993922529e-09,2.999999892949745e-08,-88.95999908447266,5.980003356933594
T-47D,ours+zero,5,673596.0,681239.0,9.99999993922529e-09,2.999999892949745e-08,-88.95999908447266,5.980003356933594
T-47D,ours+zero,6,673596.0,681239.0,9.99999993922529e-09,2.999999892949745e-08,-88.95999908447266,5.980003356933594
T-47D,ours+zero,7,180973.0,754143.0,7.000000096013537e-06,9.99999993922529e-09,-90.9800033569336,3.959999084472656
T-47D,ours+zero,8,180973.0,754143.0,7.000000096013537e-06,9.99999993922529e-09,-90.9800033569336,3.959999084472656
T-47D,ours+zero,9,673596.0,681239.0,9.99999993922529e-09,2.999999892949745e-08,-88.95999908447266,5.980003356933594
T-47D,random,0,66847.0,747973.0,9.999999747378752e-06,3.000000106112566e-07,-31.18000030517578,63.76000213623047
T-47D,random,1,750.0,681239.0,4.999999987376214e-07,3.000000106112566e-07,-89.12999725341797,5.810005187988281
T-47D,random,2,26980.0,246131.0,4.999999969612645e-09,1.9999999494757503e-05,-32.7599983215332,62.18000411987305
T-47D,random,3,755.0,747973.0,1.999999987845058e-08,3.000000106112566e-07,8.890000343322754,103.83000183105467
T-47D,random,4,256942.0,673596.0,1.0000000116860974e-07,9.99999993922529e-09,18.933000564575195,113.8730010986328
T-47D,random,5,719344.0,761432.0,3.000000026176508e-09,5.000000058430487e-08,13.937000274658203,108.8769989013672
T-47D,random,6,681239.0,761432.0,4.999999858590343e-10,5.000000058430487e-08,11.574000358581545,106.51399993896484
T-47D,random,7,606869.0,747973.0,1.0000000116860974e-07,3.000000106112566e-07,15.039999961853027,109.9800033569336
T-47D,random,8,218321.0,246131.0,9.999999974752427e-07,1.9999999949504854e-06,15.40999984741211,110.35000610351562
T-47D,random,9,45388.0,125973.0,4.999999987376214e-07,5.99999978589949e-08,29.951000213623047,124.89100646972656
T-47D,tanimoto+zero,0,3053.0,713563.0,9.999999717180683e-10,9.999999747378752e-05,23.85300064086914,118.7930030822754
T-47D,tanimoto+zero,1,67574.0,713563.0,3.000000026176508e-09,9.999999747378752e-05,12.609999656677246,107.5500020980835
T-47D,tanimoto+zero,2,14229.0,279836.0,3.000000106112566e-07,4.999999987376214e-07,21.253000259399418,116.19300270080566
T-47D,tanimoto+zero,3,67574.0,713563.0,3.000000026176508e-09,9.999999747378752e-05,12.609999656677246,107.5500020980835
T-47D,tanimoto+zero,4,125066.0,673596.0,9.99999993922529e-09,9.99999993922529e-09,42.40999984741211,137.35000228881836
T-47D,tanimoto+zero,5,67574.0,713563.0,3.000000026176508e-09,9.999999747378752e-05,12.609999656677246,107.5500020980835
T-47D,tanimoto+zero,6,34462.0,256439.0,9.999999747378752e-05,9.99999993922529e-09,16.08799934387207,111.02800178527832
T-47D,tanimoto+zero,7,105014.0,713563.0,1.999999943436137e-09,9.999999747378752e-05,15.027999877929688,109.96800231933594
T-47D,tanimoto+zero,8,628503.0,763371.0,2.999999892949745e-08,9.999999747378752e-06,28.135000228881836,123.07500267028809
T-47D,tanimoto+zero,9,713563.0,747972.0,9.999999747378752e-05,2.9999999242136255e-05,24.45599937438965,119.3960018157959
DU-145,sphere_linear_curve,0,67574.0,754143.0,1.0000000116860974e-07,9.99999993922529e-09,-66.76000213623047,26.579994201660156
DU-145,deep_ensemble_curve,0,241240.0,754143.0,1.9999999494757503e-05,9.99999993922529e-09,-93.33999633789062,0.0
DU-145,deepsets_curve,0,3053.0,754143.0,9.99999993922529e-09,9.99999993922529e-09,-56.58000183105469,36.75999450683594
DU-145,flat_matern_identity,0,3053.0,754143.0,9.99999993922529e-09,9.99999993922529e-09,-56.58000183105469,36.75999450683594
DU-145,flat_matern_curve,0,67574.0,754143.0,1.0000000116860974e-07,9.99999993922529e-09,-66.76000213623047,26.579994201660156
DU-145,ours_no_m+zero,0,3053.0,754143.0,9.99999993922529e-09,9.99999993922529e-09,-56.58000183105469,36.75999450683594
DU-145,ours_no_gate+zero,0,3053.0,754143.0,9.99999993922529e-09,9.99999993922529e-09,-56.58000183105469,36.75999450683594
DU-145,sphere_linear_curve,1,719345.0,761432.0,2.999999892949745e-08,5.000000058430487e-08,-62.00299835205078,31.336997985839844
DU-145,deep_ensemble_curve,1,719345.0,761432.0,2.999999892949745e-08,5.000000058430487e-08,-62.00299835205078,31.336997985839844
DU-145,deepsets_curve,1,34462.0,606869.0,4.999999873689376e-05,9.999999974752427e-07,-41.44499969482422,51.894996643066406
DU-145,flat_matern_identity,1,79037.0,141540.0,4.999999873689376e-05,4.999999873689376e-06,-33.89899826049805,59.44099807739258
DU-145,flat_matern_curve,1,138783.0,681239.0,1.9999999949504854e-06,3.000000106112566e-07,-39.70000076293945,53.63999557495117
DU-145,ours_no_m+zero,1,740.0,9706.0,9.99999993922529e-09,4.999999873689376e-06,-42.18000030517578,51.15999603271485
DU-145,ours_no_gate+zero,1,740.0,9706.0,9.99999993922529e-09,4.999999873689376e-06,-42.18000030517578,51.15999603271485
DU-145,sphere_linear_curve,2,701852.0,713563.0,9.999999974752427e-07,9.999999747378752e-05,-65.50499725341797,27.834999084472656
DU-145,deep_ensemble_curve,2,241240.0,713563.0,4.999999873689376e-05,9.999999747378752e-05,-57.9379997253418,35.40199661254883
DU-145,deepsets_curve,2,241240.0,713563.0,4.999999873689376e-05,9.999999747378752e-05,-57.9379997253418,35.40199661254883
DU-145,flat_matern_identity,2,9706.0,92859.0,4.999999873689376e-06,6.000000212225132e-06,-55.849998474121094,37.48999786376953
DU-145,flat_matern_curve,2,3053.0,608210.0,9.999999717180683e-10,9.999999974752427e-07,-52.237998962402344,41.10199737548828
DU-145,ours_no_m+zero,2,3053.0,9706.0,9.99999993922529e-09,4.999999873689376e-06,-42.7400016784668,50.59999465942383
DU-145,ours_no_gate+zero,2,3053.0,9706.0,9.99999993922529e-09,4.999999873689376e-06,-42.7400016784668,50.59999465942383
DU-145,sphere_linear_curve,3,246131.0,754143.0,1.9999999494757503e-05,9.99999993922529e-09,-60.17500305175781,33.16499328613281
DU-145,deep_ensemble_curve,3,246131.0,754143.0,1.9999999494757503e-05,9.99999993922529e-09,-60.17500305175781,33.16499328613281
DU-145,deepsets_curve,3,686673.0,754143.0,1.9999999949504854e-06,9.99999993922529e-09,-59.09000015258789,34.249996185302734
DU-145,flat_matern_identity,3,26980.0,681239.0,4.999999987376214e-07,3.000000106112566e-07,-77.25,16.089996337890625
DU-145,flat_matern_curve,3,9706.0,754143.0,4.999999873689376e-06,9.999999717180683e-10,-52.45000076293945,40.88999557495117
DU-145,ours_no_m+zero,3,750.0,279836.0,9.999999747378752e-05,4.999999987376214e-07,-57.25400161743164,36.085994720458984
DU-145,ours_no_gate+zero,3,740.0,9706.0,9.99999993922529e-09,4.999999873689376e-06,-42.18000030517578,51.15999603271485
DU-145,sphere_linear_curve,5,241240.0,754143.0,1.9999999494757503e-05,9.99999993922529e-09,-93.33999633789062,0.0
DU-145,deep_ensemble_curve,5,26980.0,754143.0,5.000000058430487e-08,9.99999993922529e-09,-86.95999908447266,6.379997253417969
DU-145,deepsets_curve,5,241240.0,713563.0,4.999999873689376e-05,9.999999747378752e-05,-57.9379997253418,35.40199661254883
DU-145,flat_matern_identity,5,755.0,745750.0,1.9999999949504854e-06,3.000000106112566e-06,-1.6200000047683716,91.71999633312224
DU-145,flat_matern_curve,5,9706.0,733504.0,4.999999873689376e-06,1.0000000116860974e-07,-58.25,35.089996337890625
DU-145,ours_no_m+zero,5,740.0,9706.0,9.99999993922529e-09,4.999999873689376e-06,-42.18000030517578,51.15999603271485
DU-145,ours_no_gate+zero,5,740.0,9706.0,9.99999993922529e-09,4.999999873689376e-06,-42.18000030517578,51.15999603271485
DU-145,sphere_linear_curve,4,719345.0,761432.0,2.999999892949745e-08,5.000000058430487e-08,-62.00299835205078,31.336997985839844
DU-145,deep_ensemble_curve,4,719345.0,761432.0,2.999999892949745e-08,5.000000058430487e-08,-62.00299835205078,31.336997985839844
DU-145,deepsets_curve,4,279836.0,673596.0,4.999999987376214e-07,2.999999892949745e-08,-56.48400115966797,36.855995178222656
DU-145,flat_matern_identity,4,719345.0,761432.0,2.999999892949745e-08,5.000000058430487e-08,-62.00299835205078,31.336997985839844
DU-145,flat_matern_curve,4,25154.0,246131.0,3.000000106112566e-07,1.9999999494757503e-05,-62.779998779296875,30.55999755859375
DU-145,ours_no_m+zero,4,698037.0,761432.0,9.99999993922529e-09,5.000000058430487e-08,-50.59199905395508,42.74799728393555
DU-145,ours_no_gate+zero,4,698037.0,761432.0,9.99999993922529e-09,5.000000058430487e-08,-50.59199905395508,42.74799728393555
DU-145,sphere_linear_curve,6,92859.0,701852.0,6.000000212225132e-06,1.0000000116860974e-07,-42.95000076293945,50.38999557495117
DU-145,deep_ensemble_curve,6,26980.0,754143.0,5.000000058430487e-08,9.99999993922529e-09,-86.95999908447266,6.379997253417969
DU-145,deepsets_curve,6,241240.0,713563.0,4.999999873689376e-05,9.999999747378752e-05,-57.9379997253418,35.40199661254883
DU-145,flat_matern_identity,6,3088.0,761432.0,9.999999747378752e-05,5.000000058430487e-08,-48.224998474121094,45.11499786376953
DU-145,flat_matern_curve,6,26980.0,119875.0,4.999999987376214e-07,1.9999999949504854e-06,-59.630001068115234,33.70999526977539
DU-145,ours_no_m+zero,6,740.0,9706.0,9.99999993922529e-09,4.999999873689376e-06,-42.18000030517578,51.15999603271485
DU-145,ours_no_gate+zero,6,26980.0,761432.0,4.999999987376214e-07,4.999999858590343e-10,-12.31999969482422,81.0199966430664
DU-145,sphere_linear_curve,7,127716.0,246131.0,3.000000106112566e-07,1.9999999494757503e-05,-72.27999877929688,21.05999755859375
DU-145,deep_ensemble_curve,7,6396.0,754143.0,1.0000000116860974e-07,9.99999993922529e-09,-73.33000183105469,20.009994506835938
DU-145,deepsets_curve,7,701852.0,713563.0,9.999999974752427e-07,9.999999747378752e-05,-65.50499725341797,27.834999084472656
DU-145,flat_matern_identity,7,6396.0,754143.0,1.0000000116860974e-07,9.99999993922529e-09,-73.33000183105469,20.009994506835938
DU-145,flat_matern_curve,7,67574.0,754143.0,1.0000000116860974e-07,9.99999993922529e-09,-66.76000213623047,26.579994201660156
DU-145,ours_no_m+zero,7,740.0,9706.0,9.99999993922529e-09,4.999999873689376e-06,-42.18000030517578,51.15999603271485
DU-145,ours_no_gate+zero,7,740.0,9706.0,9.99999993922529e-09,4.999999873689376e-06,-42.18000030517578,51.15999603271485
DU-145,sphere_linear_curve,8,125973.0,745750.0,3.000000106112566e-07,3.000000106112566e-06,-54.439998626708984,38.89999771118164
DU-145,deep_ensemble_curve,8,241240.0,754143.0,1.9999999494757503e-05,9.99999993922529e-09,-93.33999633789062,0.0
DU-145,deepsets_curve,8,279836.0,673596.0,4.999999987376214e-07,2.999999892949745e-08,-56.48400115966797,36.855995178222656
DU-145,flat_matern_identity,8,9706.0,733504.0,4.999999873689376e-06,1.0000000116860974e-07,-58.25,35.089996337890625
DU-145,flat_matern_curve,8,9706.0,733504.0,4.999999873689376e-06,1.0000000116860974e-07,-58.25,35.089996337890625
DU-145,ours_no_m+zero,8,740.0,9706.0,9.99999993922529e-09,4.999999873689376e-06,-42.18000030517578,51.15999603271485
DU-145,ours_no_gate+zero,8,9706.0,49842.0,4.999999873689376e-06,2.999999970665357e-10,-2.7200000286102295,90.6199963092804
DU-145,sphere_linear_curve,9,25154.0,246131.0,3.000000106112566e-07,1.9999999494757503e-05,-62.779998779296875,30.55999755859375
DU-145,deep_ensemble_curve,9,19893.0,754143.0,9.999999747378752e-05,9.99999993922529e-09,-64.75199890136719,28.58799743652344
DU-145,deepsets_curve,9,241240.0,713563.0,4.999999873689376e-05,9.999999747378752e-05,-57.9379997253418,35.40199661254883
DU-145,flat_matern_identity,9,241240.0,754143.0,1.9999999494757503e-05,9.99999993922529e-09,-93.33999633789062,0.0
DU-145,flat_matern_curve,9,25154.0,246131.0,3.000000106112566e-07,1.9999999494757503e-05,-62.779998779296875,30.55999755859375
DU-145,ours_no_m+zero,9,9706.0,733504.0,4.999999873689376e-06,1.0000000116860974e-07,-58.25,35.089996337890625
DU-145,ours_no_gate+zero,9,740.0,9706.0,9.99999993922529e-09,4.999999873689376e-06,-42.18000030517578,51.15999603271485
HT29,sphere_linear_curve,1,608210.0,761432.0,1.0000000116860974e-07,4.999999858590343e-10,8.930000305175781,104.48999786376952
HT29,deep_ensemble_curve,1,752.0,71423.0,9.999999747378752e-06,2.9999999242136255e-05,10.434000015258787,105.99399757385254
HT29,deepsets_curve,1,125973.0,681239.0,2.999999892949745e-08,3.000000106112566e-07,-35.20000076293945,60.3599967956543
HT29,flat_matern_identity,1,24559.0,66847.0,9.999999974752427e-07,1.0000000116860974e-07,2.1700000762939453,97.7299976348877
HT29,flat_matern_curve,1,118218.0,754230.0,6.000000212225132e-07,5.999999802552836e-11,11.199999809265137,106.75999736785889
HT29,ours_no_m+zero,1,25154.0,754143.0,2.9999999242136255e-05,9.99999993922529e-09,-80.0199966430664,15.540000915527344
HT29,ours_no_gate+zero,1,71423.0,754143.0,3.000000106112566e-07,9.99999993922529e-09,0.5839999914169312,96.14399755001068
HT29,sphere_linear_curve,0,6396.0,754143.0,9.999999974752427e-07,9.99999993922529e-09,-82.29000091552734,13.269996643066406
HT29,deep_ensemble_curve,0,82151.0,713563.0,1.999999943436137e-09,9.999999747378752e-05,2.315000057220459,97.8749976158142
HT29,deepsets_curve,0,701852.0,754143.0,9.99999993922529e-09,9.99999993922529e-09,-95.55999755859376,0.0
HT29,flat_matern_identity,0,740.0,747973.0,9.99999993922529e-09,3.000000106112566e-07,1.950000047683716,97.50999760627748
HT29,flat_matern_curve,0,102816.0,246131.0,3.000000106112566e-07,1.9999999494757503e-05,-0.5150001049041748,95.04499745368958
HT29,ours_no_m+zero,0,71423.0,754143.0,3.000000106112566e-07,9.99999993922529e-09,0.5839999914169312,96.14399755001068
HT29,ours_no_gate+zero,0,757441.0,761432.0,1.0000000116860974e-07,5.000000058430487e-08,4.63100004196167,100.19099760055542
HT29,sphere_linear_curve,2,24559.0,681239.0,9.999999974752427e-07,3.000000106112566e-07,-53.650001525878906,41.90999603271485
HT29,deep_ensemble_curve,2,609699.0,681239.0,9.999999717180683e-10,3.000000106112566e-07,-59.150001525878906,36.40999603271485
HT29,deepsets_curve,2,752.0,49842.0,9.999999747378752e-06,5.000000058430487e-08,1.809999942779541,97.36999750137328
HT29,flat_matern_identity,2,752.0,49842.0,9.999999747378752e-06,5.000000058430487e-08,1.809999942779541,97.36999750137328
HT29,flat_matern_curve,2,752.0,698037.0,9.999999747378752e-06,9.999999974752427e-07,-21.14800071716309,74.41199684143066
HT29,ours_no_m+zero,2,71423.0,754143.0,3.000000106112566e-07,9.99999993922529e-09,0.5839999914169312,96.14399755001068
HT29,ours_no_gate+zero,2,27640.0,754143.0,7.000000024071085e-10,9.99999993922529e-09,-79.58000183105469,15.979995727539062
HT29,sphere_linear_curve,4,681239.0,719345.0,3.000000106112566e-07,3.999999975690116e-08,-51.54999923706055,44.0099983215332
HT29,deep_ensemble_curve,4,681239.0,701852.0,3.000000106112566e-07,9.999999974752427e-07,-74.38999938964844,21.169998168945312
HT29,deepsets_curve,4,24559.0,681239.0,9.999999974752427e-07,3.000000106112566e-07,-53.650001525878906,41.90999603271485
HT29,flat_matern_identity,4,85998.0,608210.0,9.999999747378752e-05,9.999999974752427e-07,5.629000186920166,101.18899774551392
HT29,flat_matern_curve,4,740.0,719627.0,1.0000000116860974e-07,4.999999987376214e-07,5.519999980926514,101.07999753952026
HT29,ours_no_m+zero,4,25154.0,754143.0,2.9999999242136255e-05,9.99999993922529e-09,-80.0199966430664,15.540000915527344
HT29,ours_no_gate+zero,4,740.0,762.0,1.0000000116860974e-07,4.999999987376214e-07,8.289999961853027,103.84999752044678
HT29,sphere_linear_curve,3,92859.0,732517.0,6.000000212225132e-06,9.999999717180683e-10,0.3799999952316284,95.93999755382538
HT29,deep_ensemble_curve,3,92859.0,747599.0,6.000000212225132e-06,9.99999993922529e-09,0.0599999986588954,95.61999755725265
HT29,deepsets_curve,3,755.0,681239.0,1.9999999949504854e-06,3.000000106112566e-07,-53.15999984741211,42.39999771118164
HT29,flat_matern_identity,3,92859.0,673596.0,6.000000212225132e-06,9.99999993922529e-09,1.7899999618530271,97.34999752044678
HT29,flat_matern_curve,3,92859.0,747599.0,6.000000212225132e-06,9.99999993922529e-09,0.0599999986588954,95.61999755725265
HT29,ours_no_m+zero,3,256942.0,754143.0,1.0000000116860974e-07,1.0000000116860974e-07,-7.257999897003174,88.30199766159058
HT29,ours_no_gate+zero,3,92859.0,673596.0,6.000000212225132e-06,9.999999717180683e-10,1.919999957084656,97.4799975156784
HT29,sphere_linear_curve,5,246131.0,754143.0,2.0000000233721948e-07,9.99999993922529e-09,-11.700000762939451,83.8599967956543
HT29,deep_ensemble_curve,5,609699.0,681239.0,9.999999717180683e-10,3.000000106112566e-07,-59.150001525878906,36.40999603271485
HT29,deepsets_curve,5,701852.0,754143.0,9.99999993922529e-09,9.99999993922529e-09,-95.55999755859376,0.0
HT29,flat_matern_identity,5,82151.0,713563.0,1.999999943436137e-09,9.999999747378752e-05,2.315000057220459,97.8749976158142
HT29,flat_matern_curve,5,82151.0,713563.0,1.999999943436137e-09,9.999999747378752e-05,2.315000057220459,97.8749976158142
HT29,ours_no_m+zero,5,608210.0,761432.0,1.0000000116860974e-07,5.000000058430487e-08,2.2739999294281006,97.83399748802184
HT29,ours_no_gate+zero,5,226080.0,713563.0,4.999999858590343e-10,9.999999747378752e-05,8.251999855041504,103.81199741363524
HT29,sphere_linear_curve,6,67574.0,743414.0,1.0000000116860974e-07,4.999999873689376e-06,-47.27000045776367,48.28999710083008
HT29,deep_ensemble_curve,6,755.0,681239.0,1.9999999949504854e-06,3.000000106112566e-07,-53.15999984741211,42.39999771118164
HT29,deepsets_curve,6,733504.0,754143.0,9.99999993922529e-09,9.99999993922529e-09,-91.72000122070312,3.839996337890625
HT29,flat_matern_identity,6,3088.0,747972.0,9.999999747378752e-06,2.9999999242136255e-05,6.500999927520752,102.0609974861145
HT29,flat_matern_curve,6,681239.0,712807.0,3.000000106112566e-07,2.0000000233721948e-07,-42.380001068115234,53.17999649047851
HT29,ours_no_m+zero,6,122758.0,761432.0,2.0000000233721948e-07,5.000000058430487e-08,2.0889999866485596,97.64899754524232
HT29,ours_no_gate+zero,6,740.0,762.0,1.0000000116860974e-07,4.999999987376214e-07,8.289999961853027,103.84999752044678
HT29,sphere_linear_curve,7,92859.0,362856.0,6.000000212225132e-06,1.9999999494757503e-05,2.7100000381469727,98.26999759674072
HT29,deep_ensemble_curve,7,681239.0,701852.0,3.000000106112566e-07,9.999999974752427e-07,-74.38999938964844,21.169998168945312
HT29,deepsets_curve,7,701852.0,754143.0,9.99999993922529e-09,9.99999993922529e-09,-95.55999755859376,0.0
HT29,flat_matern_identity,7,82151.0,743414.0,2.0000000233721948e-07,4.999999873689376e-06,24.81800079345703,120.37799835205078
HT29,flat_matern_curve,7,608210.0,747974.0,9.999999974752427e-07,1.0000000116860974e-07,5.442999839782715,101.00299739837646
HT29,ours_no_m+zero,7,608210.0,761432.0,1.0000000116860974e-07,5.000000058430487e-08,2.2739999294281006,97.83399748802184
HT29,ours_no_gate+zero,7,740.0,762.0,1.0000000116860974e-07,4.999999987376214e-07,8.289999961853027,103.84999752044678
HT29,sphere_linear_curve,8,681239.0,701852.0,3.000000106112566e-07,9.999999974752427e-07,-74.38999938964844,21.169998168945312
HT29,deep_ensemble_curve,8,701852.0,754143.0,9.99999993922529e-09,9.99999993922529e-09,-95.55999755859376,0.0
HT29,deepsets_curve,8,24559.0,681239.0,9.999999974752427e-07,3.000000106112566e-07,-53.650001525878906,41.90999603271485
HT29,flat_matern_identity,8,122819.0,754143.0,9.999999974752427e-07,9.99999993922529e-09,-17.138999938964844,78.4209976196289
HT29,flat_matern_curve,8,92859.0,747599.0,6.000000212225132e-06,9.99999993922529e-09,0.0599999986588954,95.61999755725265
HT29,ours_no_m+zero,8,755.0,681239.0,1.9999999949504854e-06,3.000000106112566e-07,-53.15999984741211,42.39999771118164
HT29,ours_no_gate+zero,8,92859.0,747599.0,6.000000212225132e-06,9.99999993922529e-09,0.0599999986588954,95.61999755725265
HT29,sphere_linear_curve,9,681239.0,745750.0,3.000000106112566e-07,3.000000106112566e-06,-57.099998474121094,38.459999084472656
HT29,deep_ensemble_curve,9,701852.0,754143.0,9.99999993922529e-09,9.99999993922529e-09,-95.55999755859376,0.0
HT29,deepsets_curve,9,757441.0,761432.0,1.0000000116860974e-07,5.000000058430487e-08,4.63100004196167,100.19099760055542
HT29,flat_matern_identity,9,752.0,698037.0,9.999999747378752e-06,9.999999974752427e-07,-21.14800071716309,74.41199684143066
HT29,flat_matern_curve,9,24559.0,681239.0,9.999999974752427e-07,3.000000106112566e-07,-53.650001525878906,41.90999603271485
HT29,ours_no_m+zero,9,71423.0,754143.0,3.000000106112566e-07,9.99999993922529e-09,0.5839999914169312,96.14399755001068
HT29,ours_no_gate+zero,9,752.0,19893.0,9.999999747378752e-06,9.999999747378752e-06,13.154000282287598,108.71399784088136
OVCAR-8,sphere_linear_curve,0,740.0,719345.0,1.0000000116860974e-07,4.0000000467443897e-07,-35.7400016784668,57.4900016784668
OVCAR-8,deep_ensemble_curve,0,125066.0,681239.0,9.999999974752427e-07,3.000000106112566e-07,-93.2300033569336,0.0
OVCAR-8,deepsets_curve,0,125066.0,681239.0,9.999999974752427e-07,3.000000106112566e-07,-93.2300033569336,0.0
OVCAR-8,flat_matern_identity,0,608210.0,719276.0,9.999999974752427e-07,1.0000000116860974e-07,7.27400016784668,100.50400352478027
OVCAR-8,flat_matern_curve,0,740.0,719345.0,1.0000000116860974e-07,4.0000000467443897e-07,-35.7400016784668,57.4900016784668
OVCAR-8,ours_no_m+zero,0,125066.0,681239.0,9.999999974752427e-07,3.000000106112566e-07,-93.2300033569336,0.0
OVCAR-8,ours_no_gate+zero,0,740.0,755.0,9.99999993922529e-09,1.999999987845058e-08,8.600000381469727,101.83000373840332
OVCAR-8,sphere_linear_curve,1,681239.0,747973.0,3.000000106112566e-07,3.000000026176508e-09,-92.73999786376952,0.4900054931640625
OVCAR-8,deep_ensemble_curve,1,606869.0,713563.0,9.999999974752427e-07,9.999999747378752e-05,-65.0770034790039,28.152999877929688
OVCAR-8,deepsets_curve,1,733504.0,747973.0,1.0000000116860974e-07,3.000000106112566e-07,-83.73999786376953,9.490005493164062
OVCAR-8,flat_matern_identity,1,38721.0,105014.0,2.0000000233721948e-07,1.0000000116860974e-07,9.010000228881836,102.24000358581544
OVCAR-8,flat_matern_curve,1,24559.0,369100.0,9.999999974752427e-07,7.000000135093387e-09,-21.829999923706055,71.40000343322754
OVCAR-8,ours_no_m+zero,1,125066.0,681239.0,9.999999974752427e-07,3.000000106112566e-07,-93.2300033569336,0.0
OVCAR-8,ours_no_gate+zero,1,740.0,3053.0,1.0000000116860974e-07,9.99999993922529e-09,-26.979999542236328,66.25000381469727
OVCAR-8,sphere_linear_curve,2,127716.0,745750.0,3.000000106112566e-07,3.000000106112566e-06,58.08000183105469,151.31000518798828
OVCAR-8,deep_ensemble_curve,2,125066.0,681239.0,9.999999974752427e-07,3.000000106112566e-07,-93.2300033569336,0.0
OVCAR-8,deepsets_curve,2,606869.0,713563.0,9.999999974752427e-07,9.999999747378752e-05,-65.0770034790039,28.152999877929688
OVCAR-8,flat_matern_identity,2,127716.0,747973.0,3.000000106112566e-07,3.000000106112566e-07,-45.7599983215332,47.47000503540039
OVCAR-8,flat_matern_curve,2,673596.0,757441.0,2.999999892949745e-08,9.99999993922529e-09,26.57900047302246,119.80900382995604
OVCAR-8,ours_no_m+zero,2,125066.0,681239.0,9.999999974752427e-07,3.000000106112566e-07,-93.2300033569336,0.0
OVCAR-8,ours_no_gate+zero,2,740.0,3053.0,1.0000000116860974e-07,9.99999993922529e-09,-26.979999542236328,66.25000381469727
OVCAR-8,sphere_linear_curve,3,24559.0,718781.0,9.999999974752427e-07,1.999999987845058e-08,-76.66000366210938,16.56999969482422
OVCAR-8,deep_ensemble_curve,3,125066.0,681239.0,9.999999974752427e-07,3.000000106112566e-07,-93.2300033569336,0.0
OVCAR-8,deepsets_curve,3,38721.0,713563.0,1.9999999494757503e-05,9.999999747378752e-05,-14.590999603271484,78.63900375366211
OVCAR-8,flat_matern_identity,3,752.0,49842.0,9.999999747378752e-06,5.000000058430487e-08,6.0320000648498535,99.26200342178343
OVCAR-8,flat_matern_curve,3,752.0,761432.0,9.999999747378752e-06,4.999999969612645e-09,10.175000190734863,103.40500354766846
OVCAR-8,ours_no_m+zero,3,125066.0,681239.0,9.999999974752427e-07,3.000000106112566e-07,-93.2300033569336,0.0
OVCAR-8,ours_no_gate+zero,3,740.0,92859.0,1.0000000116860974e-07,6.000000212225132e-07,-24.3700008392334,68.8600025177002
OVCAR-8,sphere_linear_curve,4,125066.0,681239.0,9.999999974752427e-07,3.000000106112566e-07,-93.2300033569336,0.0
OVCAR-8,deep_ensemble_curve,4,125066.0,681239.0,9.999999974752427e-07,3.000000106112566e-07,-93.2300033569336,0.0
OVCAR-8,deepsets_curve,4,125066.0,681239.0,9.999999974752427e-07,3.000000106112566e-07,-93.2300033569336,0.0
OVCAR-8,flat_matern_identity,4,246131.0,673596.0,1.9999999494757503e-05,9.99999993922529e-09,1.1699999570846558,94.40000331401824
OVCAR-8,flat_matern_curve,4,6396.0,24559.0,9.999999747378752e-06,9.999999974752427e-07,-42.439998626708984,50.79000473022461
OVCAR-8,ours_no_m+zero,4,125066.0,681239.0,9.999999974752427e-07,3.000000106112566e-07,-93.2300033569336,0.0
OVCAR-8,ours_no_gate+zero,4,125066.0,681239.0,9.999999974752427e-07,3.000000106112566e-07,-93.2300033569336,0.0
OVCAR-8,sphere_linear_curve,5,24559.0,719276.0,9.999999974752427e-07,3.999999989900971e-06,-35.439998626708984,57.79000473022461
OVCAR-8,deep_ensemble_curve,5,713563.0,747972.0,9.999999747378752e-05,3.000000106112566e-07,-60.43199920654297,32.798004150390625
OVCAR-8,deepsets_curve,5,125066.0,681239.0,9.999999974752427e-07,3.000000106112566e-07,-93.2300033569336,0.0
OVCAR-8,flat_matern_identity,5,77213.0,92859.0,9.999999747378752e-06,6.000000212225132e-06,22.43000030517578,115.66000366210938
OVCAR-8,flat_matern_curve,5,82151.0,123127.0,9.999999974752427e-07,4.999999969612645e-09,10.039999961853027,103.27000331878662
OVCAR-8,ours_no_m+zero,5,125066.0,681239.0,9.999999974752427e-07,3.000000106112566e-07,-93.2300033569336,0.0
OVCAR-8,ours_no_gate+zero,5,27640.0,754230.0,7.000000135093387e-09,5.999999802552836e-11,-27.399999618530273,65.83000373840332
OVCAR-8,sphere_linear_curve,6,681239.0,743414.0,3.000000106112566e-07,5.000000058430487e-08,-88.88999938964844,4.340003967285156
OVCAR-8,deep_ensemble_curve,6,681239.0,747973.0,3.000000106112566e-07,3.000000026176508e-09,-92.73999786376952,0.4900054931640625
OVCAR-8,deepsets_curve,6,27640.0,681239.0,6.999999868639861e-08,3.000000106112566e-07,-82.62999725341797,10.600006103515623
OVCAR-8,flat_matern_identity,6,125973.0,180973.0,3.000000106112566e-07,7.000000096013537e-06,-52.02000045776367,41.21000289916992
OVCAR-8,flat_matern_curve,6,125973.0,749226.0,5.99999978589949e-08,4.999999873689376e-06,-16.78499984741211,76.44500350952148
OVCAR-8,ours_no_m+zero,6,125066.0,681239.0,9.999999974752427e-07,3.000000106112566e-07,-93.2300033569336,0.0
OVCAR-8,ours_no_gate+zero,6,740.0,3053.0,1.0000000116860974e-07,9.99999993922529e-09,-26.979999542236328,66.25000381469727
OVCAR-8,sphere_linear_curve,7,681239.0,747973.0,3.000000106112566e-07,3.000000026176508e-09,-92.73999786376952,0.4900054931640625
OVCAR-8,deep_ensemble_curve,7,125066.0,681239.0,9.999999974752427e-07,3.000000106112566e-07,-93.2300033569336,0.0
OVCAR-8,deepsets_curve,7,733504.0,747973.0,1.0000000116860974e-07,3.000000106112566e-07,-83.73999786376953,9.490005493164062
OVCAR-8,flat_matern_identity,7,49842.0,755986.0,5.000000058430487e-08,2.499999936844688e-05,-5.698999881744385,87.53100347518921
OVCAR-8,flat_matern_curve,7,24559.0,745750.0,9.999999974752427e-07,3.000000106112566e-07,-68.36000061035156,24.87000274658203
OVCAR-8,ours_no_m+zero,7,125066.0,681239.0,9.999999974752427e-07,3.000000106112566e-07,-93.2300033569336,0.0
OVCAR-8,ours_no_gate+zero,7,740.0,3053.0,1.0000000116860974e-07,9.99999993922529e-09,-26.979999542236328,66.25000381469727
OVCAR-8,sphere_linear_curve,9,79037.0,763371.0,4.999999873689376e-05,9.999999747378752e-06,10.147000312805176,103.37700366973876
OVCAR-8,deep_ensemble_curve,9,125066.0,681239.0,9.999999974752427e-07,3.000000106112566e-07,-93.2300033569336,0.0
OVCAR-8,deepsets_curve,9,681239.0,743414.0,3.000000106112566e-07,5.000000058430487e-08,-88.88999938964844,4.340003967285156
OVCAR-8,flat_matern_identity,9,79037.0,763371.0,4.999999873689376e-05,9.999999747378752e-06,10.147000312805176,103.37700366973876
OVCAR-8,flat_matern_curve,9,740.0,180973.0,1.0000000116860974e-07,7.000000096013537e-06,4.579999923706055,97.81000328063963
OVCAR-8,ours_no_m+zero,9,27640.0,681239.0,6.999999868639861e-08,3.000000106112566e-07,-82.62999725341797,10.600006103515623
OVCAR-8,ours_no_gate+zero,9,740.0,3053.0,1.0000000116860974e-07,9.99999993922529e-09,-26.979999542236328,66.25000381469727
OVCAR-8,sphere_linear_curve,8,102816.0,246131.0,3.000000106112566e-06,1.9999999494757503e-05,-67.0999984741211,26.1300048828125
OVCAR-8,deep_ensemble_curve,8,606869.0,713563.0,9.999999974752427e-07,9.999999747378752e-05,-65.0770034790039,28.152999877929688
OVCAR-8,deepsets_curve,8,67574.0,747973.0,9.99999993922529e-09,3.000000106112566e-07,-25.68000030517578,67.55000305175781
OVCAR-8,flat_matern_identity,8,606869.0,713563.0,9.999999974752427e-07,9.999999747378752e-05,-65.0770034790039,28.152999877929688
OVCAR-8,flat_matern_curve,8,102816.0,246131.0,3.000000106112566e-06,1.9999999494757503e-05,-67.0999984741211,26.1300048828125
OVCAR-8,ours_no_m+zero,8,125066.0,681239.0,9.999999974752427e-07,3.000000106112566e-07,-93.2300033569336,0.0
OVCAR-8,ours_no_gate+zero,8,740.0,3053.0,1.0000000116860974e-07,9.99999993922529e-09,-26.979999542236328,66.25000381469727
MDA-MB-231/ATCC,sphere_linear_curve,0,24559.0,721517.0,9.999999974752427e-07,1.0000000116860974e-07,-44.040000915527344,49.93000030517578
MDA-MB-231/ATCC,deep_ensemble_curve,0,681239.0,754143.0,3.000000106112566e-07,9.99999993922529e-09,-93.95999908447266,0.0100021362304687
MDA-MB-231/ATCC,deepsets_curve,0,681239.0,754143.0,3.000000106112566e-07,9.99999993922529e-09,-93.95999908447266,0.0100021362304687
MDA-MB-231/ATCC,flat_matern_identity,0,14229.0,279836.0,3.000000106112566e-06,5.000000058430487e-08,37.13899993896485,131.10900115966797
MDA-MB-231/ATCC,flat_matern_curve,0,125973.0,369100.0,3.000000106112566e-07,6.999999868639861e-08,22.93000030517578,116.9000015258789
MDA-MB-231/ATCC,ours_no_m+zero,0,681239.0,754143.0,3.000000106112566e-07,9.99999993922529e-09,-93.95999908447266,0.0100021362304687
MDA-MB-231/ATCC,ours_no_gate+zero,0,71423.0,761432.0,3.000000106112566e-07,5.000000058430487e-08,18.52400016784668,112.4940013885498
MDA-MB-231/ATCC,sphere_linear_curve,1,673596.0,754143.0,9.999999717180683e-10,9.99999993922529e-09,-91.68000030517578,2.290000915527344
MDA-MB-231/ATCC,deep_ensemble_curve,1,102816.0,754143.0,3.000000106112566e-06,9.99999993922529e-09,-93.97000122070312,0.0
MDA-MB-231/ATCC,deepsets_curve,1,681239.0,754143.0,3.000000106112566e-07,9.99999993922529e-09,-93.95999908447266,0.0100021362304687
MDA-MB-231/ATCC,flat_matern_identity,1,608210.0,761432.0,9.99999993922529e-09,5.000000058430487e-08,10.961999893188477,104.9320011138916
MDA-MB-231/ATCC,flat_matern_curve,1,226080.0,761432.0,4.999999969612645e-09,4.999999969612645e-09,25.874000549316406,119.84400177001952
MDA-MB-231/ATCC,ours_no_m+zero,1,141540.0,754143.0,4.999999873689376e-06,9.99999993922529e-09,-74.94300079345703,19.027000427246097
MDA-MB-231/ATCC,ours_no_gate+zero,1,606869.0,761432.0,1.0000000116860974e-07,5.000000058430487e-08,16.195999145507812,110.16600036621094
MDA-MB-231/ATCC,sphere_linear_curve,2,681239.0,754143.0,3.000000106112566e-07,9.99999993922529e-09,-93.95999908447266,0.0100021362304687
MDA-MB-231/ATCC,deep_ensemble_curve,2,681239.0,754143.0,3.000000106112566e-07,9.99999993922529e-09,-93.95999908447266,0.0100021362304687
MDA-MB-231/ATCC,deepsets_curve,2,718781.0,754143.0,1.999999987845058e-08,9.99999993922529e-09,-59.130001068115234,34.84000015258789
MDA-MB-231/ATCC,flat_matern_identity,2,752.0,141540.0,9.999999747378752e-06,4.999999873689376e-06,26.26499938964844,120.23500061035156
MDA-MB-231/ATCC,flat_matern_curve,2,226080.0,761432.0,4.999999969612645e-09,4.999999969612645e-09,25.874000549316406,119.84400177001952
MDA-MB-231/ATCC,ours_no_m+zero,2,681239.0,754143.0,3.000000106112566e-07,9.99999993922529e-09,-93.95999908447266,0.0100021362304687
MDA-MB-231/ATCC,ours_no_gate+zero,2,719345.0,761432.0,3.000000106112566e-07,5.000000058430487e-08,15.802000045776367,109.77200126647948
MDA-MB-231/ATCC,sphere_linear_curve,3,102816.0,754143.0,3.000000106112566e-06,9.99999993922529e-09,-93.97000122070312,0.0
MDA-MB-231/ATCC,deep_ensemble_curve,3,681239.0,754143.0,3.000000106112566e-07,9.99999993922529e-09,-93.95999908447266,0.0100021362304687
MDA-MB-231/ATCC,deepsets_curve,3,681239.0,754143.0,3.000000106112566e-07,9.99999993922529e-09,-93.95999908447266,0.0100021362304687
MDA-MB-231/ATCC,flat_matern_identity,3,226080.0,246131.0,1.0000000116860974e-07,1.9999999494757503e-05,-29.010000228881836,64.96000099182129
MDA-MB-231/ATCC,flat_matern_curve,3,752.0,123127.0,3.000000106112566e-06,5.000000058430487e-08,-4.269999980926514,89.70000123977661
MDA-MB-231/ATCC,ours_no_m+zero,3,606869.0,713563.0,1.0000000116860974e-07,9.999999747378752e-05,-10.93299961090088,83.03700160980225
MDA-MB-231/ATCC,ours_no_gate+zero,3,752.0,226080.0,9.999999747378752e-06,5.000000058430487e-08,40.737998962402344,134.70800018310547
MDA-MB-231/ATCC,sphere_linear_curve,4,102816.0,754143.0,3.000000106112566e-06,9.99999993922529e-09,-93.97000122070312,0.0
MDA-MB-231/ATCC,deep_ensemble_curve,4,681239.0,754143.0,3.000000106112566e-07,9.99999993922529e-09,-93.95999908447266,0.0100021362304687
MDA-MB-231/ATCC,deepsets_curve,4,681239.0,754143.0,3.000000106112566e-07,9.99999993922529e-09,-93.95999908447266,0.0100021362304687
MDA-MB-231/ATCC,flat_matern_identity,4,102816.0,754143.0,3.000000106112566e-06,9.99999993922529e-09,-93.97000122070312,0.0
MDA-MB-231/ATCC,flat_matern_curve,4,102816.0,754143.0,2.999999892949745e-08,9.99999993922529e-09,-92.27999877929688,1.69000244140625
MDA-MB-231/ATCC,ours_no_m+zero,4,27640.0,754143.0,7.000000135093387e-09,9.99999993922529e-09,-80.41999816894531,13.550003051757812
MDA-MB-231/ATCC,ours_no_gate+zero,4,27640.0,754143.0,7.000000135093387e-09,9.99999993922529e-09,-80.41999816894531,13.550003051757812
MDA-MB-231/ATCC,sphere_linear_curve,5,24559.0,226080.0,9.999999974752427e-07,1.0000000116860974e-07,-77.33000183105469,16.639999389648438
MDA-MB-231/ATCC,deep_ensemble_curve,5,102816.0,754143.0,3.000000106112566e-06,9.99999993922529e-09,-93.97000122070312,0.0
MDA-MB-231/ATCC,deepsets_curve,5,681239.0,754143.0,3.000000106112566e-07,9.99999993922529e-09,-93.95999908447266,0.0100021362304687
MDA-MB-231/ATCC,flat_matern_identity,5,409962.0,681239.0,1.9999999949504854e-06,3.000000106112566e-07,-82.02999877929688,11.94000244140625
MDA-MB-231/ATCC,flat_matern_curve,5,24559.0,226080.0,9.999999974752427e-07,1.0000000116860974e-07,-77.33000183105469,16.639999389648438
MDA-MB-231/ATCC,ours_no_m+zero,5,119875.0,681239.0,1.9999999494757503e-05,3.000000106112566e-07,-87.20999908447266,6.760002136230469
MDA-MB-231/ATCC,ours_no_gate+zero,5,755.0,681239.0,1.9999999949504854e-06,3.000000026176508e-09,8.260000228881836,102.23000144958496
MDA-MB-231/ATCC,sphere_linear_curve,6,681239.0,754143.0,3.000000106112566e-07,9.99999993922529e-09,-93.95999908447266,0.0100021362304687
MDA-MB-231/ATCC,deep_ensemble_curve,6,102816.0,754143.0,3.000000106112566e-06,9.99999993922529e-09,-93.97000122070312,0.0
MDA-MB-231/ATCC,deepsets_curve,6,681239.0,754143.0,3.000000106112566e-07,9.99999993922529e-09,-93.95999908447266,0.0100021362304687
MDA-MB-231/ATCC,flat_matern_identity,6,14229.0,24559.0,3.000000106112566e-06,9.999999974752427e-07,-53.7599983215332,40.21000289916992
MDA-MB-231/ATCC,flat_matern_curve,6,125973.0,737754.0,5.99999978589949e-08,9.999999747378752e-06,25.70599937438965,119.67600059509276
MDA-MB-231/ATCC,ours_no_m+zero,6,681239.0,754143.0,3.000000106112566e-07,9.99999993922529e-09,-93.95999908447266,0.0100021362304687
MDA-MB-231/ATCC,ours_no_gate+zero,6,125973.0,737754.0,5.99999978589949e-08,9.999999747378752e-06,25.70599937438965,119.67600059509276
MDA-MB-231/ATCC,sphere_linear_curve,7,82151.0,713563.0,1.999999987845058e-08,9.999999747378752e-05,-54.54100036621094,39.42900085449219
MDA-MB-231/ATCC,deep_ensemble_curve,7,102816.0,754143.0,3.000000106112566e-06,9.99999993922529e-09,-93.97000122070312,0.0
MDA-MB-231/ATCC,deepsets_curve,7,681239.0,754143.0,3.000000106112566e-07,9.99999993922529e-09,-93.95999908447266,0.0100021362304687
MDA-MB-231/ATCC,flat_matern_identity,7,82151.0,713563.0,1.999999987845058e-08,9.999999747378752e-05,-54.54100036621094,39.42900085449219
MDA-MB-231/ATCC,flat_matern_curve,7,82151.0,713563.0,1.999999987845058e-08,9.999999747378752e-05,-54.54100036621094,39.42900085449219
MDA-MB-231/ATCC,ours_no_m+zero,7,82151.0,713563.0,1.999999987845058e-08,9.999999747378752e-05,-54.54100036621094,39.42900085449219
MDA-MB-231/ATCC,ours_no_gate+zero,7,82151.0,713563.0,1.999999987845058e-08,9.999999747378752e-05,-54.54100036621094,39.42900085449219
MDA-MB-231/ATCC,sphere_linear_curve,8,125973.0,226080.0,3.000000106112566e-07,1.0000000116860974e-07,-23.86000061035156,70.11000061035156
MDA-MB-231/ATCC,deep_ensemble_curve,8,681239.0,754143.0,3.000000106112566e-07,9.99999993922529e-09,-93.95999908447266,0.0100021362304687
MDA-MB-231/ATCC,deepsets_curve,8,681239.0,754143.0,3.000000106112566e-07,9.99999993922529e-09,-93.95999908447266,0.0100021362304687
MDA-MB-231/ATCC,flat_matern_identity,8,92859.0,719276.0,6.000000212225132e-06,3.999999989900971e-06,15.40999984741211,109.38000106811523
MDA-MB-231/ATCC,flat_matern_curve,8,92859.0,719276.0,6.000000212225132e-06,3.999999989900971e-06,15.40999984741211,109.38000106811523
MDA-MB-231/ATCC,ours_no_m+zero,8,681239.0,754143.0,3.000000106112566e-07,9.99999993922529e-09,-93.95999908447266,0.0100021362304687
MDA-MB-231/ATCC,ours_no_gate+zero,8,92859.0,719276.0,6.000000212225132e-06,4.0000000467443897e-07,39.029998779296875,133.0
MDA-MB-231/ATCC,sphere_linear_curve,9,24559.0,743414.0,9.999999974752427e-07,4.999999873689376e-06,-36.790000915527344,57.18000030517578
MDA-MB-231/ATCC,deep_ensemble_curve,9,102816.0,754143.0,3.000000106112566e-06,9.99999993922529e-09,-93.97000122070312,0.0
MDA-MB-231/ATCC,deepsets_curve,9,49842.0,681239.0,2.999999970665357e-10,3.000000106112566e-07,-66.5,27.470001220703125
MDA-MB-231/ATCC,flat_matern_identity,9,755.0,628503.0,1.9999999949504854e-06,3.999999975690116e-08,26.200000762939453,120.17000198364258
MDA-MB-231/ATCC,flat_matern_curve,9,92859.0,218321.0,6.000000212225132e-06,9.99999993922529e-09,32.7599983215332,126.72999954223631
MDA-MB-231/ATCC,ours_no_m+zero,9,141540.0,754143.0,4.999999873689376e-06,9.99999993922529e-09,-74.94300079345703,19.027000427246097
MDA-MB-231/ATCC,ours_no_gate+zero,9,266046.0,745750.0,4.999999873689376e-06,3.000000106112566e-07,58.15999984741211,152.13000106811523
MDA-MB-435,sphere_linear_curve,0,24559.0,701852.0,9.999999974752427e-07,9.999999974752427e-07,-93.4499969482422,0.0
MDA-MB-435,deep_ensemble_curve,0,24559.0,266046.0,9.999999974752427e-07,5.000000058430487e-08,-90.79000091552734,2.659996032714844
MDA-MB-435,deepsets_curve,0,125973.0,681239.0,2.999999892949745e-08,3.000000106112566e-07,-91.73999786376952,1.7099990844726562
MDA-MB-435,flat_matern_identity,0,24559.0,701852.0,9.999999974752427e-07,9.999999974752427e-07,-93.4499969482422,0.0
MDA-MB-435,flat_matern_curve,0,24559.0,701852.0,9.999999974752427e-07,9.999999974752427e-07,-93.4499969482422,0.0
MDA-MB-435,ours_no_m+zero,0,740.0,24559.0,1.0000000116860974e-07,9.999999974752427e-07,-92.08999633789062,1.3600006103515625
MDA-MB-435,ours_no_gate+zero,0,740.0,24559.0,1.0000000116860974e-07,9.999999974752427e-07,-92.08999633789062,1.3600006103515625
MDA-MB-435,sphere_linear_curve,1,118218.0,747973.0,6.000000212225132e-07,2.999999892949745e-08,-83.27999877929688,10.169998168945312
MDA-MB-435,deep_ensemble_curve,1,125973.0,681239.0,2.999999892949745e-08,3.000000106112566e-07,-91.73999786376952,1.7099990844726562
MDA-MB-435,deepsets_curve,1,681239.0,747973.0,2.999999892949745e-08,3.000000106112566e-07,-89.23999786376953,4.209999084472656
MDA-MB-435,flat_matern_identity,1,49842.0,753082.0,5.000000058430487e-08,4.999999873689376e-06,-78.72200012207031,14.727996826171877
MDA-MB-435,flat_matern_curve,1,118218.0,754230.0,6.000000212225132e-07,5.999999802552836e-11,3.259999990463257,96.70999693870544
MDA-MB-435,ours_no_m+zero,1,740.0,24559.0,1.0000000116860974e-07,9.999999974752427e-07,-92.08999633789062,1.3600006103515625
MDA-MB-435,ours_no_gate+zero,1,740.0,755.0,1.0000000116860974e-07,1.999999987845058e-08,-25.34000015258789,68.1099967956543
MDA-MB-435,sphere_linear_curve,2,32065.0,747973.0,2.0000000233721948e-07,3.000000106112566e-07,-89.5199966430664,3.930000305175781
MDA-MB-435,deep_ensemble_curve,2,761431.0,761432.0,4.999999873689376e-06,5.000000058430487e-08,-72.41100311279297,21.03899383544922
MDA-MB-435,deepsets_curve,2,681239.0,747973.0,2.999999892949745e-08,3.000000106112566e-07,-89.23999786376953,4.209999084472656
MDA-MB-435,flat_matern_identity,2,3053.0,6396.0,1.0000000116860974e-07,9.999999974752427e-07,32.75,126.1999969482422
MDA-MB-435,flat_matern_curve,2,3053.0,755986.0,9.99999993922529e-09,2.499999993688107e-07,39.48600006103515,132.93599700927734
MDA-MB-435,ours_no_m+zero,2,740.0,24559.0,1.0000000116860974e-07,9.999999974752427e-07,-92.08999633789062,1.3600006103515625
MDA-MB-435,ours_no_gate+zero,2,740.0,755.0,1.0000000116860974e-07,1.999999987845058e-08,-25.34000015258789,68.1099967956543
MDA-MB-435,sphere_linear_curve,3,24559.0,266046.0,9.999999974752427e-07,5.000000058430487e-08,-90.79000091552734,2.659996032714844
MDA-MB-435,deep_ensemble_curve,3,125973.0,681239.0,2.999999892949745e-08,3.000000106112566e-07,-91.73999786376952,1.7099990844726562
MDA-MB-435,deepsets_curve,3,609699.0,681239.0,9.999999717180683e-10,3.000000106112566e-07,-89.2699966430664,4.180000305175781
MDA-MB-435,flat_matern_identity,3,92859.0,747599.0,6.000000212225132e-06,9.999999974752427e-07,20.229999542236328,113.67999649047852
MDA-MB-435,flat_matern_curve,3,92859.0,747599.0,6.000000212225132e-06,9.999999974752427e-07,20.229999542236328,113.67999649047852
MDA-MB-435,ours_no_m+zero,3,740.0,24559.0,1.0000000116860974e-07,9.999999974752427e-07,-92.08999633789062,1.3600006103515625
MDA-MB-435,ours_no_gate+zero,3,740.0,24559.0,1.0000000116860974e-07,9.999999974752427e-07,-92.08999633789062,1.3600006103515625
MDA-MB-435,sphere_linear_curve,4,745750.0,747973.0,2.999999892949745e-08,3.000000106112566e-07,-89.86000061035156,3.589996337890625
MDA-MB-435,deep_ensemble_curve,4,745750.0,747973.0,2.999999892949745e-08,3.000000106112566e-07,-89.86000061035156,3.589996337890625
MDA-MB-435,deepsets_curve,4,24559.0,701852.0,9.999999974752427e-07,9.999999974752427e-07,-93.4499969482422,0.0
MDA-MB-435,flat_matern_identity,4,761431.0,761432.0,4.999999873689376e-06,5.000000058430487e-08,-72.41100311279297,21.03899383544922
MDA-MB-435,flat_matern_curve,4,32065.0,747973.0,2.0000000233721948e-07,3.000000106112566e-07,-89.5199966430664,3.930000305175781
MDA-MB-435,ours_no_m+zero,4,740.0,24559.0,1.0000000116860974e-07,9.999999974752427e-07,-92.08999633789062,1.3600006103515625
MDA-MB-435,ours_no_gate+zero,4,740.0,24559.0,1.0000000116860974e-07,9.999999974752427e-07,-92.08999633789062,1.3600006103515625
MDA-MB-435,sphere_linear_curve,5,67574.0,745750.0,1.0000000116860974e-07,3.000000106112566e-06,-70.27999877929688,23.169998168945312
MDA-MB-435,deep_ensemble_curve,5,24559.0,701852.0,9.999999974752427e-07,9.999999974752427e-07,-93.4499969482422,0.0
MDA-MB-435,deepsets_curve,5,67574.0,628503.0,1.0000000116860974e-07,3.999999975690116e-08,-68.83000183105469,24.6199951171875
MDA-MB-435,flat_matern_identity,5,66847.0,102816.0,9.999999747378752e-06,3.000000106112566e-06,17.190000534057617,110.6399974822998
MDA-MB-435,flat_matern_curve,5,66847.0,102816.0,9.999999747378752e-06,3.000000106112566e-06,17.190000534057617,110.6399974822998
MDA-MB-435,ours_no_m+zero,5,740.0,24559.0,1.0000000116860974e-07,9.999999974752427e-07,-92.08999633789062,1.3600006103515625
MDA-MB-435,ours_no_gate+zero,5,740.0,755.0,1.0000000116860974e-07,1.999999987845058e-08,-25.34000015258789,68.1099967956543
MDA-MB-435,sphere_linear_curve,6,755.0,63878.0,2.0000000233721948e-07,9.999999974752427e-07,44.97999954223633,138.42999649047852
MDA-MB-435,deep_ensemble_curve,6,745750.0,747973.0,2.999999892949745e-08,3.000000106112566e-07,-89.86000061035156,3.589996337890625
MDA-MB-435,deepsets_curve,6,761431.0,761432.0,4.999999873689376e-06,5.000000058430487e-08,-72.41100311279297,21.03899383544922
MDA-MB-435,flat_matern_identity,6,67574.0,756645.0,2.999999892949745e-08,9.999999974752427e-07,-56.90700149536133,36.54299545288086
MDA-MB-435,flat_matern_curve,6,67574.0,760766.0,3.000000026176508e-09,1.9999999949504854e-06,16.058000564575195,109.50799751281738
MDA-MB-435,ours_no_m+zero,6,740.0,24559.0,1.0000000116860974e-07,9.999999974752427e-07,-92.08999633789062,1.3600006103515625
MDA-MB-435,ours_no_gate+zero,6,740.0,755.0,1.0000000116860974e-07,1.999999987845058e-08,-25.34000015258789,68.1099967956543
MDA-MB-435,sphere_linear_curve,7,279836.0,754143.0,4.999999987376214e-07,9.99999993922529e-09,-79.33200073242188,14.117996215820312
MDA-MB-435,deep_ensemble_curve,7,125973.0,681239.0,2.999999892949745e-08,3.000000106112566e-07,-91.73999786376952,1.7099990844726562
MDA-MB-435,deepsets_curve,7,125973.0,681239.0,2.999999892949745e-08,3.000000106112566e-07,-91.73999786376952,1.7099990844726562
MDA-MB-435,flat_matern_identity,7,747971.0,754143.0,2.0000000233721948e-07,9.99999993922529e-09,-61.970001220703125,31.479995727539062
MDA-MB-435,flat_matern_curve,7,32065.0,125973.0,2.0000000233721948e-07,3.000000106112566e-07,-77.63999938964844,15.80999755859375
MDA-MB-435,ours_no_m+zero,7,740.0,24559.0,1.0000000116860974e-07,9.999999974752427e-07,-92.08999633789062,1.3600006103515625
MDA-MB-435,ours_no_gate+zero,7,740.0,24559.0,1.0000000116860974e-07,9.999999974752427e-07,-92.08999633789062,1.3600006103515625
MDA-MB-435,sphere_linear_curve,8,628503.0,737754.0,2.999999892949745e-08,1.0000000116860974e-07,-57.946998596191406,35.50299835205078
MDA-MB-435,deep_ensemble_curve,8,122758.0,681239.0,3.999999989900971e-06,3.000000106112566e-07,-92.12999725341795,1.3199996948242188
MDA-MB-435,deepsets_curve,8,125973.0,681239.0,2.999999892949745e-08,3.000000106112566e-07,-91.73999786376952,1.7099990844726562
MDA-MB-435,flat_matern_identity,8,123127.0,733504.0,4.999999987376214e-07,1.0000000116860974e-07,37.68000030517578,131.12999725341797
MDA-MB-435,flat_matern_curve,8,122819.0,606869.0,9.999999974752427e-07,9.999999974752427e-07,41.637001037597656,135.08699798583984
MDA-MB-435,ours_no_m+zero,8,740.0,24559.0,1.0000000116860974e-07,9.999999974752427e-07,-92.08999633789062,1.3600006103515625
MDA-MB-435,ours_no_gate+zero,8,740.0,755.0,1.0000000116860974e-07,1.999999987845058e-08,-25.34000015258789,68.1099967956543
MDA-MB-435,sphere_linear_curve,9,79037.0,713563.0,4.999999873689376e-05,9.999999747378752e-05,-14.484999656677246,78.96499729156494
MDA-MB-435,deep_ensemble_curve,9,122758.0,681239.0,3.999999989900971e-06,3.000000106112566e-07,-92.12999725341795,1.3199996948242188
MDA-MB-435,deepsets_curve,9,125973.0,681239.0,2.999999892949745e-08,3.000000106112566e-07,-91.73999786376952,1.7099990844726562
MDA-MB-435,flat_matern_identity,9,25154.0,753082.0,2.0000000233721948e-07,4.999999873689376e-06,25.88999938964844,119.33999633789062
MDA-MB-435,flat_matern_curve,9,226080.0,756645.0,5.000000058430487e-08,9.999999974752427e-07,42.42499923706055,135.8749961853027
MDA-MB-435,ours_no_m+zero,9,740.0,24559.0,1.0000000116860974e-07,9.999999974752427e-07,-92.08999633789062,1.3600006103515625
MDA-MB-435,ours_no_gate+zero,9,27640.0,754143.0,7.000000135093387e-09,9.99999993922529e-09,-62.209999084472656,31.23999786376953
PC-3,sphere_linear_curve,0,681239.0,750690.0,3.000000106112566e-07,1.0000000116860974e-07,-37.0,54.900001525878906
PC-3,deep_ensemble_curve,0,740.0,138783.0,1.0000000116860974e-07,2.0000000233721948e-07,-7.769999980926514,84.13000154495239
PC-3,deepsets_curve,0,24559.0,681239.0,9.999999974752427e-07,3.000000106112566e-07,-82.56999969482422,9.330001831054688
PC-3,flat_matern_identity,0,9706.0,681239.0,4.999999987376214e-07,3.000000106112566e-07,-91.47000122070312,0.4300003051757812
PC-3,flat_matern_curve,0,681239.0,747599.0,3.000000106112566e-07,9.99999993922529e-09,-51.59000015258789,40.310001373291016
PC-3,ours_no_m+zero,0,24559.0,681239.0,9.999999974752427e-07,3.000000106112566e-07,-82.56999969482422,9.330001831054688
PC-3,ours_no_gate+zero,0,740.0,6396.0,9.99999993922529e-09,1.0000000116860974e-07,-31.86000061035156,60.040000915527344
PC-3,sphere_linear_curve,1,141540.0,715055.0,4.999999873689376e-06,1.0000000116860974e-07,47.76300048828125,139.66300201416016
PC-3,deep_ensemble_curve,1,26271.0,681239.0,9.999999974752427e-07,3.000000106112566e-07,-91.79000091552734,0.1100006103515625
PC-3,deepsets_curve,1,24559.0,681239.0,9.999999974752427e-07,3.000000106112566e-07,-82.56999969482422,9.330001831054688
PC-3,flat_matern_identity,1,19893.0,279836.0,9.999999747378752e-05,4.999999987376214e-07,25.051000595092773,116.95100212097168
PC-3,flat_matern_curve,1,9706.0,701852.0,4.999999873689376e-06,9.999999974752427e-07,25.979999542236328,117.88000106811523
PC-3,ours_no_m+zero,1,673596.0,754143.0,9.99999993922529e-09,9.99999993922529e-09,-76.30000305175781,15.599998474121094
PC-3,ours_no_gate+zero,1,740.0,762.0,1.0000000116860974e-07,4.999999987376214e-07,-6.630000114440918,85.27000141143799
PC-3,sphere_linear_curve,2,9706.0,681239.0,4.999999987376214e-07,3.000000106112566e-07,-91.47000122070312,0.4300003051757812
PC-3,deep_ensemble_curve,2,369100.0,681239.0,7.000000024071085e-10,3.000000106112566e-07,-91.9000015258789,0.0
PC-3,deepsets_curve,2,125973.0,681239.0,3.000000106112566e-07,3.000000106112566e-07,-91.4499969482422,0.4500045776367187
PC-3,flat_matern_identity,2,45923.0,747973.0,5.99999978589949e-08,3.000000106112566e-07,-42.470001220703125,49.43000030517578
PC-3,flat_matern_curve,2,127716.0,747973.0,3.000000106112566e-07,2.999999892949745e-08,4.369999885559082,96.270001411438
PC-3,ours_no_m+zero,2,24559.0,681239.0,9.999999974752427e-07,3.000000106112566e-07,-82.56999969482422,9.330001831054688
PC-3,ours_no_gate+zero,2,740.0,762.0,1.0000000116860974e-07,4.999999987376214e-07,-6.630000114440918,85.27000141143799
PC-3,sphere_linear_curve,3,681239.0,747599.0,3.000000106112566e-07,9.99999993922529e-09,-51.59000015258789,40.310001373291016
PC-3,deep_ensemble_curve,3,26271.0,681239.0,9.999999974752427e-07,3.000000106112566e-07,-91.79000091552734,0.1100006103515625
PC-3,deepsets_curve,3,125973.0,681239.0,3.000000106112566e-07,3.000000106112566e-07,-91.4499969482422,0.4500045776367187
PC-3,flat_matern_identity,3,92859.0,721517.0,6.000000212225132e-06,1.0000000116860974e-07,1.2599999904632568,93.16000151634216
PC-3,flat_matern_curve,3,92859.0,719345.0,6.000000212225132e-06,4.0000000467443897e-07,1.440000057220459,93.34000158309937
PC-3,ours_no_m+zero,3,673596.0,754143.0,9.99999993922529e-09,9.99999993922529e-09,-76.30000305175781,15.599998474121094
PC-3,ours_no_gate+zero,3,740.0,6396.0,9.99999993922529e-09,1.0000000116860974e-07,-31.86000061035156,60.040000915527344
PC-3,sphere_linear_curve,4,24559.0,681239.0,9.999999974752427e-07,3.000000106112566e-07,-82.56999969482422,9.330001831054688
PC-3,deep_ensemble_curve,4,241240.0,246131.0,2.0000000233721948e-07,1.9999999494757503e-05,-43.0,48.900001525878906
PC-3,deepsets_curve,4,24559.0,681239.0,9.999999974752427e-07,3.000000106112566e-07,-82.56999969482422,9.330001831054688
PC-3,flat_matern_identity,4,125066.0,608210.0,9.99999993922529e-09,9.999999974752427e-07,7.859000205993652,99.75900173187256
PC-3,flat_matern_curve,4,18509.0,24559.0,9.999999747378752e-05,9.999999974752427e-07,-25.65999984741211,66.2400016784668
PC-3,ours_no_m+zero,4,673596.0,754143.0,9.99999993922529e-09,9.99999993922529e-09,-76.30000305175781,15.599998474121094
PC-3,ours_no_gate+zero,4,740.0,762.0,1.0000000116860974e-07,4.999999987376214e-07,-6.630000114440918,85.27000141143799
PC-3,sphere_linear_curve,5,24559.0,719627.0,9.999999974752427e-07,4.999999873689376e-06,-18.420000076293945,73.48000144958496
PC-3,deep_ensemble_curve,5,369100.0,681239.0,7.000000024071085e-10,3.000000106112566e-07,-91.9000015258789,0.0
PC-3,deepsets_curve,5,24559.0,681239.0,9.999999974752427e-07,3.000000106112566e-07,-82.56999969482422,9.330001831054688
PC-3,flat_matern_identity,5,14229.0,715055.0,3.000000106112566e-06,9.999999974752427e-07,28.642000198364254,120.54200172424316
PC-3,flat_matern_curve,5,25154.0,701852.0,3.000000106112566e-07,9.999999974752427e-07,47.650001525878906,139.5500030517578
PC-3,ours_no_m+zero,5,673596.0,754143.0,9.99999993922529e-09,9.99999993922529e-09,-76.30000305175781,15.599998474121094
PC-3,ours_no_gate+zero,5,26271.0,754143.0,9.999999747378752e-05,9.99999993922529e-09,-37.040000915527344,54.86000061035156
PC-3,sphere_linear_curve,6,19893.0,715055.0,9.999999747378752e-05,9.999999747378752e-06,21.834999084472656,113.73500061035156
PC-3,deep_ensemble_curve,6,369100.0,681239.0,7.000000024071085e-10,3.000000106112566e-07,-91.9000015258789,0.0
PC-3,deepsets_curve,6,24559.0,681239.0,9.999999974752427e-07,3.000000106112566e-07,-82.56999969482422,9.330001831054688
PC-3,flat_matern_identity,6,740.0,409962.0,1.0000000116860974e-07,1.9999999949504854e-06,-15.609999656677246,76.29000186920166
PC-3,flat_matern_curve,6,63878.0,747974.0,4.999999987376214e-07,9.99999993922529e-09,54.05400085449219,145.9540023803711
PC-3,ours_no_m+zero,6,673596.0,754143.0,9.99999993922529e-09,9.99999993922529e-09,-76.30000305175781,15.599998474121094
PC-3,ours_no_gate+zero,6,740.0,1390.0,1.0000000116860974e-07,1.0000000116860974e-07,-19.56999969482422,72.33000183105469
PC-3,sphere_linear_curve,7,745750.0,754230.0,2.999999892949745e-08,5.999999802552836e-11,-6.289999961853027,85.61000156402588
PC-3,deep_ensemble_curve,7,26271.0,681239.0,9.999999974752427e-07,3.000000106112566e-07,-91.79000091552734,0.1100006103515625
PC-3,deepsets_curve,7,24559.0,681239.0,9.999999974752427e-07,3.000000106112566e-07,-82.56999969482422,9.330001831054688
PC-3,flat_matern_identity,7,241240.0,754230.0,2.0000000233721948e-07,5.999999802552836e-11,-7.150000095367432,84.75000143051147
PC-3,flat_matern_curve,7,743414.0,754230.0,5.000000058430487e-08,5.999999802552836e-11,-10.260000228881836,81.64000129699707
PC-3,ours_no_m+zero,7,24559.0,681239.0,9.999999974752427e-07,3.000000106112566e-07,-82.56999969482422,9.330001831054688
PC-3,ours_no_gate+zero,7,745750.0,754230.0,2.999999892949745e-08,5.999999802552836e-11,-6.289999961853027,85.61000156402588
PC-3,sphere_linear_curve,8,24559.0,681239.0,9.999999974752427e-07,3.000000106112566e-07,-82.56999969482422,9.330001831054688
PC-3,deep_ensemble_curve,8,681239.0,747599.0,3.000000106112566e-07,9.99999993922529e-09,-51.59000015258789,40.310001373291016
PC-3,deepsets_curve,8,24559.0,681239.0,9.999999974752427e-07,3.000000106112566e-07,-82.56999969482422,9.330001831054688
PC-3,flat_matern_identity,8,92859.0,719345.0,6.000000212225132e-06,4.0000000467443897e-07,1.440000057220459,93.34000158309937
PC-3,flat_matern_curve,8,92859.0,721517.0,6.000000212225132e-06,1.0000000116860974e-07,1.2599999904632568,93.16000151634216
PC-3,ours_no_m+zero,8,673596.0,754143.0,9.99999993922529e-09,9.99999993922529e-09,-76.30000305175781,15.599998474121094
PC-3,ours_no_gate+zero,8,740.0,755.0,1.0000000116860974e-07,1.999999987845058e-08,-5.78000020980835,86.12000131607056
PC-3,sphere_linear_curve,9,681239.0,747599.0,3.000000106112566e-07,9.99999993922529e-09,-51.59000015258789,40.310001373291016
PC-3,deep_ensemble_curve,9,125973.0,681239.0,3.000000106112566e-07,3.000000106112566e-07,-91.4499969482422,0.4500045776367187
PC-3,deepsets_curve,9,24559.0,681239.0,9.999999974752427e-07,3.000000106112566e-07,-82.56999969482422,9.330001831054688
PC-3,flat_matern_identity,9,681239.0,747599.0,3.000000106112566e-07,9.99999993922529e-09,-51.59000015258789,40.310001373291016
PC-3,flat_matern_curve,9,681239.0,750690.0,3.000000106112566e-07,1.0000000116860974e-07,-37.0,54.900001525878906
PC-3,ours_no_m+zero,9,24559.0,681239.0,9.999999974752427e-07,3.000000106112566e-07,-82.56999969482422,9.330001831054688
PC-3,ours_no_gate+zero,9,681239.0,750690.0,3.000000106112566e-07,1.0000000116860974e-07,-37.0,54.900001525878906
T-47D,sphere_linear_curve,0,26980.0,246131.0,4.999999969612645e-09,1.9999999494757503e-05,-32.7599983215332,62.18000411987305
T-47D,deep_ensemble_curve,0,26980.0,246131.0,4.999999969612645e-09,1.9999999494757503e-05,-32.7599983215332,62.18000411987305
T-47D,deepsets_curve,0,673596.0,681239.0,9.99999993922529e-09,2.999999892949745e-08,-88.95999908447266,5.980003356933594
T-47D,flat_matern_identity,0,279836.0,761432.0,4.999999987376214e-07,5.000000058430487e-08,12.406000137329102,107.34600257873537
T-47D,flat_matern_curve,0,24559.0,246131.0,1.0000000116860974e-07,1.9999999494757503e-05,-9.75,85.19000244140625
T-47D,ours_no_m+zero,0,673596.0,681239.0,9.99999993922529e-09,2.999999892949745e-08,-88.95999908447266,5.980003356933594
T-47D,ours_no_gate+zero,0,92859.0,109724.0,6.000000212225132e-06,9.999999747378752e-06,3.0799999237060547,98.0200023651123
T-47D,sphere_linear_curve,1,3053.0,681239.0,1.0000000116860974e-07,2.999999892949745e-08,-39.34000015258789,55.60000228881836
T-47D,deep_ensemble_curve,1,102816.0,673596.0,2.999999892949745e-08,9.99999993922529e-09,6.519999980926514,101.46000242233276
T-47D,deepsets_curve,1,673596.0,681239.0,9.99999993922529e-09,2.999999892949745e-08,-88.95999908447266,5.980003356933594
T-47D,flat_matern_identity,1,256942.0,673596.0,1.0000000116860974e-07,1.0000000116860974e-07,0.9240000247955322,95.86400246620178
T-47D,flat_matern_curve,1,102816.0,673596.0,2.999999892949745e-08,9.99999993922529e-09,6.519999980926514,101.46000242233276
T-47D,ours_no_m+zero,1,673596.0,681239.0,9.99999993922529e-09,2.999999892949745e-08,-88.95999908447266,5.980003356933594
T-47D,ours_no_gate+zero,1,606869.0,761432.0,1.0000000116860974e-07,5.000000058430487e-08,12.826000213623049,107.7660026550293
T-47D,sphere_linear_curve,2,296961.0,747973.0,9.999999974752427e-07,3.000000106112566e-07,-31.350000381469727,63.59000205993652
T-47D,deep_ensemble_curve,2,681239.0,719276.0,3.000000106112566e-07,3.999999975690116e-08,-92.1999969482422,2.7400054931640625
T-47D,deepsets_curve,2,67574.0,246131.0,1.0000000116860974e-07,1.9999999494757503e-05,-21.260000228881836,73.68000221252441
T-47D,flat_matern_identity,2,45923.0,279836.0,5.99999978589949e-08,4.999999987376214e-07,17.23900032043457,112.17900276184082
T-47D,flat_matern_curve,2,14229.0,24559.0,3.000000106112566e-06,9.999999974752427e-07,-34.619998931884766,60.32000350952149
T-47D,ours_no_m+zero,2,673596.0,681239.0,9.99999993922529e-09,2.999999892949745e-08,-88.95999908447266,5.980003356933594
T-47D,ours_no_gate+zero,2,719345.0,761432.0,3.000000106112566e-07,5.000000058430487e-08,17.655000686645508,112.59500312805176
T-47D,sphere_linear_curve,3,718781.0,754143.0,2.0000000233721948e-07,9.99999993922529e-09,-74.9000015258789,20.040000915527344
T-47D,deep_ensemble_curve,3,673596.0,681239.0,9.99999993922529e-09,2.999999892949745e-08,-88.95999908447266,5.980003356933594
T-47D,deepsets_curve,3,246131.0,701852.0,1.9999999494757503e-05,9.999999974752427e-07,-80.47000122070312,14.470001220703123
T-47D,flat_matern_identity,3,279836.0,761432.0,4.999999987376214e-07,5.000000058430487e-08,12.406000137329102,107.34600257873537
T-47D,flat_matern_curve,3,369100.0,747973.0,6.999999868639861e-08,2.999999892949745e-08,-25.93000030517578,69.01000213623047
T-47D,ours_no_m+zero,3,673596.0,681239.0,9.99999993922529e-09,2.999999892949745e-08,-88.95999908447266,5.980003356933594
T-47D,ours_no_gate+zero,3,49842.0,681239.0,2.999999892949745e-08,3.000000106112566e-07,-88.66000366210938,6.279998779296875
T-47D,sphere_linear_curve,4,296961.0,747973.0,9.999999974752427e-07,3.000000106112566e-07,-31.350000381469727,63.59000205993652
T-47D,deep_ensemble_curve,4,125973.0,681239.0,3.000000026176508e-09,3.000000106112566e-07,-94.94000244140624,0.0
T-47D,deepsets_curve,4,673596.0,681239.0,9.99999993922529e-09,2.999999892949745e-08,-88.95999908447266,5.980003356933594
T-47D,flat_matern_identity,4,256942.0,673596.0,1.0000000116860974e-07,1.0000000116860974e-07,0.9240000247955322,95.86400246620178
T-47D,flat_matern_curve,4,180973.0,754143.0,7.000000096013537e-06,9.99999993922529e-09,-90.9800033569336,3.959999084472656
T-47D,ours_no_m+zero,4,673596.0,681239.0,9.99999993922529e-09,2.999999892949745e-08,-88.95999908447266,5.980003356933594
T-47D,ours_no_gate+zero,4,719345.0,761432.0,3.000000106112566e-07,5.000000058430487e-08,17.655000686645508,112.59500312805176
T-47D,sphere_linear_curve,5,226080.0,256942.0,1.000000013351432e-10,9.999999717180683e-10,63.6879997253418,158.62800216674805
T-47D,deep_ensemble_curve,5,105014.0,681239.0,9.99999993922529e-09,3.000000106112566e-07,-91.22000122070312,3.720001220703125
T-47D,deepsets_curve,5,246131.0,681239.0,1.9999999494757503e-05,2.999999892949745e-08,1.75,96.69000244140624
T-47D,flat_matern_identity,5,226080.0,256942.0,9.99999993922529e-09,1.0000000116860974e-07,11.32699966430664,106.26700210571288
T-47D,flat_matern_curve,5,79037.0,226080.0,4.999999873689376e-06,5.000000058430487e-08,61.98600006103515,156.9260025024414
T-47D,ours_no_m+zero,5,673596.0,681239.0,9.99999993922529e-09,2.999999892949745e-08,-88.95999908447266,5.980003356933594
T-47D,ours_no_gate+zero,5,719345.0,761432.0,3.000000106112566e-07,5.000000058430487e-08,17.655000686645508,112.59500312805176
T-47D,sphere_linear_curve,6,246131.0,701852.0,1.9999999494757503e-05,9.999999974752427e-07,-80.47000122070312,14.470001220703123
T-47D,deep_ensemble_curve,6,105014.0,681239.0,9.99999993922529e-09,3.000000106112566e-07,-91.22000122070312,3.720001220703125
T-47D,deepsets_curve,6,246131.0,681239.0,1.9999999494757503e-05,2.999999892949745e-08,1.75,96.69000244140624
T-47D,flat_matern_identity,6,34462.0,256439.0,9.999999747378752e-05,9.99999993922529e-09,16.08799934387207,111.02800178527832
T-47D,flat_matern_curve,6,34462.0,256439.0,9.999999747378752e-05,9.99999993922529e-09,16.08799934387207,111.02800178527832
T-47D,ours_no_m+zero,6,673596.0,681239.0,9.99999993922529e-09,2.999999892949745e-08,-88.95999908447266,5.980003356933594
T-47D,ours_no_gate+zero,6,681239.0,761432.0,4.999999858590343e-10,5.000000058430487e-08,11.574000358581545,106.5140027999878
T-47D,sphere_linear_curve,7,718781.0,754143.0,2.0000000233721948e-07,9.99999993922529e-09,-74.9000015258789,20.040000915527344
T-47D,deep_ensemble_curve,7,125973.0,681239.0,3.000000026176508e-09,3.000000106112566e-07,-94.94000244140624,0.0
T-47D,deepsets_curve,7,246131.0,701852.0,1.9999999494757503e-05,9.999999974752427e-07,-80.47000122070312,14.470001220703123
T-47D,flat_matern_identity,7,85998.0,747973.0,9.999999974752427e-07,3.000000106112566e-07,-31.5,63.44000244140625
T-47D,flat_matern_curve,7,369100.0,747973.0,6.999999868639861e-08,2.999999892949745e-08,-25.93000030517578,69.01000213623047
T-47D,ours_no_m+zero,7,673596.0,681239.0,9.99999993922529e-09,2.999999892949745e-08,-88.95999908447266,5.980003356933594
T-47D,ours_no_gate+zero,7,92859.0,109724.0,6.000000212225132e-06,9.999999747378752e-06,3.0799999237060547,98.0200023651123
T-47D,sphere_linear_curve,8,24559.0,606869.0,9.999999974752427e-07,1.0000000116860974e-07,-76.72000122070312,18.220001220703125
T-47D,deep_ensemble_curve,8,246131.0,754230.0,1.9999999494757503e-05,5.999999802552836e-11,-40.810001373291016,54.130001068115234
T-47D,deepsets_curve,8,673596.0,681239.0,9.99999993922529e-09,2.999999892949745e-08,-88.95999908447266,5.980003356933594
T-47D,flat_matern_identity,8,122758.0,747973.0,4.0000000467443897e-07,2.999999892949745e-08,15.880000114440918,110.82000255584715
T-47D,flat_matern_curve,8,67574.0,750690.0,1.0000000116860974e-07,9.999999974752427e-07,12.34000015258789,107.28000259399414
T-47D,ours_no_m+zero,8,673596.0,681239.0,9.99999993922529e-09,2.999999892949745e-08,-88.95999908447266,5.980003356933594
T-47D,ours_no_gate+zero,8,92859.0,109724.0,6.000000212225132e-06,9.999999747378752e-06,3.0799999237060547,98.0200023651123
T-47D,sphere_linear_curve,9,24559.0,606869.0,9.999999974752427e-07,1.0000000116860974e-07,-76.72000122070312,18.220001220703125
T-47D,deep_ensemble_curve,9,681239.0,719345.0,3.000000106112566e-07,4.0000000467443897e-07,-90.1500015258789,4.790000915527344
T-47D,deepsets_curve,9,26980.0,246131.0,4.999999969612645e-09,1.9999999494757503e-05,-32.7599983215332,62.18000411987305
T-47D,flat_matern_identity,9,45388.0,279836.0,4.999999873689376e-05,4.999999987376214e-07,23.381000518798828,118.32100296020508
T-47D,flat_matern_curve,9,118218.0,747973.0,6.000000212225132e-06,3.000000106112566e-07,10.739999771118164,105.6800022125244
T-47D,ours_no_m+zero,9,673596.0,681239.0,9.99999993922529e-09,2.999999892949745e-08,-88.95999908447266,5.980003356933594
T-47D,ours_no_gate+zero,9,719345.0,761432.0,3.000000106112566e-07,5.000000058430487e-08,17.655000686645508,112.59500312805176
MOLT-4,sphere_linear_curve,1,67574.0,673596.0,1.0000000116860974e-07,9.99999993922529e-09,-99.44000244140624,0.470001220703125
MOLT-4,deep_ensemble_curve,1,6396.0,63878.0,9.999999747378752e-06,9.999999974752427e-07,-99.9000015258789,0.0100021362304687
MOLT-4,deepsets_curve,1,85998.0,409962.0,9.999999747378752e-06,1.9999999494757503e-05,-94.72000122070312,5.19000244140625
MOLT-4,flat_matern_identity,1,8806.0,123127.0,1.9999999494757503e-05,5.000000058430487e-08,-96.12000274658205,3.790000915527344
MOLT-4,flat_matern_curve,1,9706.0,279836.0,4.999999873689376e-06,9.99999993922529e-09,-98.62999725341795,1.2800064086914062
MOLT-4,ours_no_m+zero,1,740.0,6396.0,1.0000000116860974e-07,1.0000000116860974e-07,-99.08999633789062,0.82000732421875
MOLT-4,ours_no_gate+zero,1,740.0,6396.0,1.0000000116860974e-07,1.0000000116860974e-07,-99.08999633789062,0.82000732421875
MOLT-4,sphere_linear_curve,0,6396.0,63878.0,9.999999747378752e-06,9.999999974752427e-07,-99.9000015258789,0.0100021362304687
MOLT-4,deep_ensemble_curve,0,6396.0,63878.0,9.999999747378752e-06,9.999999974752427e-07,-99.9000015258789,0.0100021362304687
MOLT-4,deepsets_curve,0,27640.0,673596.0,6.999999868639861e-08,9.99999993922529e-09,-99.33000183105467,0.5800018310546875
MOLT-4,flat_matern_identity,0,6396.0,63878.0,9.999999747378752e-06,9.999999974752427e-07,-99.9000015258789,0.0100021362304687
MOLT-4,flat_matern_curve,0,67574.0,673596.0,1.0000000116860974e-07,9.99999993922529e-09,-99.44000244140624,0.470001220703125
MOLT-4,ours_no_m+zero,0,27640.0,673596.0,6.999999868639861e-08,9.99999993922529e-09,-99.33000183105467,0.5800018310546875
MOLT-4,ours_no_gate+zero,0,27640.0,673596.0,7.000000135093387e-09,9.99999993922529e-09,-99.4800033569336,0.4300003051757812
MOLT-4,sphere_linear_curve,2,105014.0,118218.0,9.999999974752427e-07,6.000000212225132e-06,-99.51000213623048,0.4000015258789062
MOLT-4,deep_ensemble_curve,2,105014.0,118218.0,9.999999974752427e-07,6.000000212225132e-06,-99.51000213623048,0.4000015258789062
MOLT-4,deepsets_curve,2,67574.0,673596.0,1.0000000116860974e-07,9.99999993922529e-09,-99.44000244140624,0.470001220703125
MOLT-4,flat_matern_identity,2,141540.0,279836.0,4.999999873689376e-06,4.999999987376214e-07,-91.18800354003906,8.722000122070312
MOLT-4,flat_matern_curve,2,26980.0,63878.0,4.999999987376214e-07,1.0000000116860974e-07,-97.70999908447266,2.2000045776367188
MOLT-4,ours_no_m+zero,2,740.0,6396.0,1.0000000116860974e-07,1.0000000116860974e-07,-99.08999633789062,0.82000732421875
MOLT-4,ours_no_gate+zero,2,740.0,6396.0,1.0000000116860974e-07,1.0000000116860974e-07,-99.08999633789062,0.82000732421875
MOLT-4,sphere_linear_curve,3,63878.0,105014.0,9.99999993922529e-09,1.0000000116860974e-07,-99.70999908447266,0.2000045776367187
MOLT-4,deep_ensemble_curve,3,63878.0,105014.0,9.99999993922529e-09,1.0000000116860974e-07,-99.70999908447266,0.2000045776367187
MOLT-4,deepsets_curve,3,63878.0,105014.0,9.99999993922529e-09,1.0000000116860974e-07,-99.70999908447266,0.2000045776367187
MOLT-4,flat_matern_identity,3,63878.0,105014.0,9.99999993922529e-09,1.0000000116860974e-07,-99.70999908447266,0.2000045776367187
MOLT-4,flat_matern_curve,3,63878.0,105014.0,9.99999993922529e-09,1.0000000116860974e-07,-99.70999908447266,0.2000045776367187
MOLT-4,ours_no_m+zero,3,63878.0,105014.0,9.99999993922529e-09,1.0000000116860974e-07,-99.70999908447266,0.2000045776367187
MOLT-4,ours_no_gate+zero,3,63878.0,105014.0,9.99999993922529e-09,1.0000000116860974e-07,-99.70999908447266,0.2000045776367187
MOLT-4,sphere_linear_curve,4,118218.0,686673.0,6.000000212225132e-06,1.9999999949504854e-06,-98.66000366210938,1.25
MOLT-4,deep_ensemble_curve,4,613327.0,712807.0,9.99999993922529e-09,1.9999999494757503e-05,-98.08000183105467,1.8300018310546875
MOLT-4,deepsets_curve,4,27640.0,712807.0,6.999999868639861e-08,2.0000000233721948e-07,-95.9800033569336,3.930000305175781
MOLT-4,flat_matern_identity,4,27640.0,118218.0,6.999999868639861e-08,6.000000212225132e-06,-99.61000061035156,0.3000030517578125
MOLT-4,flat_matern_curve,4,27640.0,118218.0,6.999999868639861e-08,6.000000212225132e-06,-99.61000061035156,0.3000030517578125
MOLT-4,ours_no_m+zero,4,740.0,6396.0,1.0000000116860974e-07,1.0000000116860974e-07,-99.08999633789062,0.82000732421875
MOLT-4,ours_no_gate+zero,4,740.0,6396.0,1.0000000116860974e-07,1.0000000116860974e-07,-99.08999633789062,0.82000732421875
MOLT-4,sphere_linear_curve,5,27640.0,63878.0,7.000000135093387e-09,9.999999974752427e-07,-99.91000366210938,0.0
MOLT-4,deep_ensemble_curve,5,6396.0,63878.0,9.999999747378752e-06,9.999999974752427e-07,-99.9000015258789,0.0100021362304687
MOLT-4,deepsets_curve,5,6396.0,63878.0,9.999999974752427e-07,1.0000000116860974e-07,-99.87999725341795,0.0300064086914062
MOLT-4,flat_matern_identity,5,740.0,27640.0,1.0000000116860974e-07,6.999999868639861e-08,-99.37999725341795,0.5300064086914062
MOLT-4,flat_matern_curve,5,127716.0,698037.0,9.99999993922529e-09,9.999999974752427e-07,-87.53399658203125,12.376007080078123
MOLT-4,ours_no_m+zero,5,740.0,6396.0,1.0000000116860974e-07,1.0000000116860974e-07,-99.08999633789062,0.82000732421875
MOLT-4,ours_no_gate+zero,5,740.0,6396.0,1.0000000116860974e-07,1.0000000116860974e-07,-99.08999633789062,0.82000732421875
MOLT-4,sphere_linear_curve,6,6396.0,63878.0,9.999999747378752e-06,9.999999974752427e-07,-99.9000015258789,0.0100021362304687
MOLT-4,deep_ensemble_curve,6,6396.0,63878.0,9.999999747378752e-06,9.999999974752427e-07,-99.9000015258789,0.0100021362304687
MOLT-4,deepsets_curve,6,63878.0,102816.0,9.999999974752427e-07,3.000000106112566e-06,-98.20999908447266,1.7000045776367188
MOLT-4,flat_matern_identity,6,6396.0,63878.0,9.999999747378752e-06,9.999999974752427e-07,-99.9000015258789,0.0100021362304687
MOLT-4,flat_matern_curve,6,63878.0,102816.0,9.999999974752427e-07,2.999999892949745e-08,-99.66999816894533,0.2400054931640625
MOLT-4,ours_no_m+zero,6,740.0,6396.0,1.0000000116860974e-07,1.0000000116860974e-07,-99.08999633789062,0.82000732421875
MOLT-4,ours_no_gate+zero,6,63878.0,102816.0,9.999999974752427e-07,2.999999892949745e-08,-99.66999816894533,0.2400054931640625
MOLT-4,sphere_linear_curve,7,3053.0,118218.0,9.99999993922529e-09,6.000000212225132e-06,-99.27999877929688,0.6300048828125
MOLT-4,deep_ensemble_curve,7,27640.0,118218.0,6.999999868639861e-08,6.000000212225132e-06,-99.61000061035156,0.3000030517578125
MOLT-4,deepsets_curve,7,750.0,14229.0,4.999999873689376e-06,3.000000106112566e-06,-95.91999816894533,3.9900054931640625
MOLT-4,flat_matern_identity,7,750.0,14229.0,4.999999873689376e-06,3.000000106112566e-06,-95.91999816894533,3.9900054931640625
MOLT-4,flat_matern_curve,7,750.0,105014.0,4.999999987376214e-07,9.999999974752427e-07,-97.75,2.160003662109375
MOLT-4,ours_no_m+zero,7,740.0,6396.0,1.0000000116860974e-07,1.0000000116860974e-07,-99.08999633789062,0.82000732421875
MOLT-4,ours_no_gate+zero,7,740.0,6396.0,1.0000000116860974e-07,1.0000000116860974e-07,-99.08999633789062,0.82000732421875
MOLT-4,sphere_linear_curve,9,63878.0,719345.0,9.999999974752427e-07,3.999999975690116e-08,-99.4800033569336,0.4300003051757812
MOLT-4,deep_ensemble_curve,9,9706.0,613327.0,4.999999873689376e-06,9.99999993922529e-09,-98.0999984741211,1.8100051879882812
MOLT-4,deepsets_curve,9,27640.0,673596.0,6.999999868639861e-08,9.99999993922529e-09,-99.33000183105467,0.5800018310546875
MOLT-4,flat_matern_identity,9,26980.0,63878.0,4.999999987376214e-07,1.0000000116860974e-07,-97.70999908447266,2.2000045776367188
MOLT-4,flat_matern_curve,9,266046.0,606869.0,4.999999873689376e-06,9.99999993922529e-09,-96.16999816894533,3.7400054931640625
MOLT-4,ours_no_m+zero,9,740.0,6396.0,1.0000000116860974e-07,1.0000000116860974e-07,-99.08999633789062,0.82000732421875
MOLT-4,ours_no_gate+zero,9,740.0,6396.0,1.0000000116860974e-07,1.0000000116860974e-07,-99.08999633789062,0.82000732421875
MOLT-4,sphere_linear_curve,8,63878.0,628503.0,9.999999974752427e-07,3.999999975690116e-08,-99.33000183105467,0.5800018310546875
MOLT-4,deep_ensemble_curve,8,67574.0,673596.0,1.0000000116860974e-07,9.99999993922529e-09,-99.44000244140624,0.470001220703125
MOLT-4,deepsets_curve,8,118218.0,125973.0,6.000000212225132e-06,3.000000106112566e-07,-98.9800033569336,0.9300003051757812
MOLT-4,flat_matern_identity,8,740.0,719627.0,1.0000000116860974e-07,4.999999873689376e-06,-98.7300033569336,1.1800003051757812
MOLT-4,flat_matern_curve,8,740.0,719627.0,1.0000000116860974e-07,4.999999873689376e-06,-98.7300033569336,1.1800003051757812
MOLT-4,ours_no_m+zero,8,740.0,6396.0,1.0000000116860974e-07,1.0000000116860974e-07,-99.08999633789062,0.82000732421875
MOLT-4,ours_no_gate+zero,8,740.0,6396.0,1.0000000116860974e-07,1.0000000116860974e-07,-99.08999633789062,0.82000732421875
DU-145,saas_curve,0,19893.0,754143.0,9.999999747378752e-05,9.99999993922529e-09,-64.75199890136719,28.587997436523438
DU-145,saas_curve,1,26980.0,754143.0,5.000000058430487e-08,9.99999993922529e-09,-86.95999908447266,6.379997253417969
DU-145,saas_curve,2,27640.0,754143.0,6.999999868639861e-08,9.99999993922529e-09,-68.70999908447266,24.62999725341797
DU-145,saas_curve,3,27640.0,754143.0,6.999999868639861e-08,9.99999993922529e-09,-68.70999908447266,24.62999725341797
DU-145,saas_curve,4,719345.0,761432.0,2.999999892949745e-08,5.000000058430487e-08,-62.00299835205078,31.336997985839844
DU-145,saas_curve,5,6396.0,754143.0,1.0000000116860974e-07,9.99999993922529e-09,-73.33000183105469,20.009994506835938
DU-145,saas_curve,7,26980.0,754143.0,5.000000058430487e-08,9.99999993922529e-09,-86.95999908447266,6.379997253417969
DU-145,saas_curve,6,246131.0,754143.0,1.9999999494757503e-05,9.99999993922529e-09,-60.17500305175781,33.16499328613281
DU-145,saas_curve,8,27640.0,754143.0,6.999999868639861e-08,9.99999993922529e-09,-68.70999908447266,24.62999725341797
DU-145,saas_curve,9,246131.0,754143.0,1.9999999494757503e-05,9.99999993922529e-09,-60.17500305175781,33.16499328613281
HT29,saas_curve,0,6396.0,754143.0,9.999999974752427e-07,9.99999993922529e-09,-82.29000091552734,13.269996643066406
HT29,saas_curve,3,681239.0,701852.0,3.000000106112566e-07,9.999999974752427e-07,-74.38999938964844,21.169998168945312
HT29,saas_curve,4,701852.0,754143.0,9.99999993922529e-09,9.99999993922529e-09,-95.55999755859375,0.0
HT29,saas_curve,2,6396.0,754143.0,9.999999974752427e-07,9.99999993922529e-09,-82.29000091552734,13.269996643066406
HT29,saas_curve,1,681239.0,701852.0,3.000000106112566e-07,9.999999974752427e-07,-74.38999938964844,21.169998168945312
HT29,saas_curve,5,701852.0,754143.0,9.99999993922529e-09,9.99999993922529e-09,-95.55999755859375,0.0
HT29,saas_curve,9,24559.0,681239.0,9.999999974752427e-07,3.000000106112566e-07,-53.650001525878906,41.909996032714844
HT29,saas_curve,6,681239.0,701852.0,3.000000106112566e-07,9.999999974752427e-07,-74.38999938964844,21.169998168945312
HT29,saas_curve,7,681239.0,701852.0,3.000000106112566e-07,9.999999974752427e-07,-74.38999938964844,21.169998168945312
HT29,saas_curve,8,681239.0,701852.0,3.000000106112566e-07,9.999999974752427e-07,-74.38999938964844,21.169998168945312
MDA-MB-231/ATCC,saas_curve,4,681239.0,754143.0,3.000000106112566e-07,9.99999993922529e-09,-93.95999908447266,0.01000213623046875
MDA-MB-231/ATCC,saas_curve,1,681239.0,754143.0,3.000000106112566e-07,9.99999993922529e-09,-93.95999908447266,0.01000213623046875
MDA-MB-231/ATCC,saas_curve,3,681239.0,754143.0,3.000000106112566e-07,9.99999993922529e-09,-93.95999908447266,0.01000213623046875
MDA-MB-231/ATCC,saas_curve,0,681239.0,754143.0,3.000000106112566e-07,9.99999993922529e-09,-93.95999908447266,0.01000213623046875
MDA-MB-231/ATCC,saas_curve,2,681239.0,754143.0,3.000000106112566e-07,9.99999993922529e-09,-93.95999908447266,0.01000213623046875
MDA-MB-231/ATCC,saas_curve,5,681239.0,754143.0,3.000000106112566e-07,9.99999993922529e-09,-93.95999908447266,0.01000213623046875
MDA-MB-231/ATCC,saas_curve,8,681239.0,754143.0,3.000000106112566e-07,9.99999993922529e-09,-93.95999908447266,0.01000213623046875
MDA-MB-231/ATCC,saas_curve,6,681239.0,754143.0,3.000000106112566e-07,9.99999993922529e-09,-93.95999908447266,0.01000213623046875
MDA-MB-231/ATCC,saas_curve,7,102816.0,754143.0,3.000000106112566e-06,9.99999993922529e-09,-93.97000122070312,0.0
MDA-MB-231/ATCC,saas_curve,9,681239.0,754143.0,3.000000106112566e-07,9.99999993922529e-09,-93.95999908447266,0.01000213623046875
MDA-MB-435,saas_curve,1,24559.0,296961.0,9.999999974752427e-07,9.999999974752427e-07,-90.51000213623047,2.9399948120117188
MDA-MB-435,saas_curve,3,24559.0,701852.0,9.999999974752427e-07,9.999999974752427e-07,-93.44999694824219,0.0
MDA-MB-435,saas_curve,2,125973.0,681239.0,2.999999892949745e-08,3.000000106112566e-07,-91.73999786376953,1.7099990844726562
MDA-MB-435,saas_curve,0,125973.0,681239.0,2.999999892949745e-08,3.000000106112566e-07,-91.73999786376953,1.7099990844726562
MDA-MB-435,saas_curve,4,122758.0,681239.0,3.999999989900971e-06,3.000000106112566e-07,-92.12999725341797,1.3199996948242188
MDA-MB-435,saas_curve,5,122758.0,681239.0,3.999999989900971e-06,3.000000106112566e-07,-92.12999725341797,1.3199996948242188
MDA-MB-435,saas_curve,8,122758.0,681239.0,3.999999989900971e-06,3.000000106112566e-07,-92.12999725341797,1.3199996948242188
MDA-MB-435,saas_curve,7,122758.0,681239.0,3.999999989900971e-06,3.000000106112566e-07,-92.12999725341797,1.3199996948242188
MDA-MB-435,saas_curve,6,122758.0,681239.0,3.999999989900971e-06,3.000000106112566e-07,-92.12999725341797,1.3199996948242188
MDA-MB-435,saas_curve,9,24559.0,701852.0,9.999999974752427e-07,9.999999974752427e-07,-93.44999694824219,0.0
MOLT-4,saas_curve,2,6396.0,63878.0,9.999999747378752e-06,9.999999974752427e-07,-99.9000015258789,0.01000213623046875
MOLT-4,saas_curve,1,105014.0,118218.0,9.999999974752427e-07,6.000000212225132e-06,-99.51000213623047,0.40000152587890625
MOLT-4,saas_curve,3,6396.0,63878.0,9.999999747378752e-06,9.999999974752427e-07,-99.9000015258789,0.01000213623046875
MOLT-4,saas_curve,4,6396.0,63878.0,9.999999747378752e-06,9.999999974752427e-07,-99.9000015258789,0.01000213623046875
MOLT-4,saas_curve,0,27640.0,673596.0,6.999999868639861e-08,9.99999993922529e-09,-99.33000183105469,0.5800018310546875
MOLT-4,saas_curve,5,26980.0,246131.0,5.000000058430487e-08,1.9999999494757503e-05,-97.36000061035156,2.5500030517578125
MOLT-4,saas_curve,8,6396.0,63878.0,9.999999747378752e-06,9.999999974752427e-07,-99.9000015258789,0.01000213623046875
MOLT-4,saas_curve,6,6396.0,63878.0,9.999999747378752e-06,9.999999974752427e-07,-99.9000015258789,0.01000213623046875
MOLT-4,saas_curve,7,67574.0,673596.0,1.0000000116860974e-07,9.99999993922529e-09,-99.44000244140625,0.470001220703125
MOLT-4,saas_curve,9,6396.0,63878.0,9.999999747378752e-06,9.999999974752427e-07,-99.9000015258789,0.01000213623046875
OVCAR-8,saas_curve,3,125066.0,681239.0,9.999999974752427e-07,3.000000106112566e-07,-93.2300033569336,0.0
OVCAR-8,saas_curve,4,125066.0,681239.0,9.999999974752427e-07,3.000000106112566e-07,-93.2300033569336,0.0
OVCAR-8,saas_curve,1,681239.0,747973.0,3.000000106112566e-07,3.000000026176508e-09,-92.73999786376953,0.4900054931640625
OVCAR-8,saas_curve,0,681239.0,747973.0,3.000000106112566e-07,3.000000026176508e-09,-92.73999786376953,0.4900054931640625
OVCAR-8,saas_curve,2,125066.0,681239.0,9.999999974752427e-07,3.000000106112566e-07,-93.2300033569336,0.0
OVCAR-8,saas_curve,7,125066.0,681239.0,9.999999974752427e-07,3.000000106112566e-07,-93.2300033569336,0.0
OVCAR-8,saas_curve,5,681239.0,747973.0,3.000000106112566e-07,3.000000026176508e-09,-92.73999786376953,0.4900054931640625
OVCAR-8,saas_curve,9,681239.0,747973.0,3.000000106112566e-07,3.000000026176508e-09,-92.73999786376953,0.4900054931640625
OVCAR-8,saas_curve,6,681239.0,747973.0,3.000000106112566e-07,3.000000026176508e-09,-92.73999786376953,0.4900054931640625
OVCAR-8,saas_curve,8,125066.0,681239.0,9.999999974752427e-07,3.000000106112566e-07,-93.2300033569336,0.0
PC-3,saas_curve,1,369100.0,681239.0,7.000000024071085e-10,3.000000106112566e-07,-91.9000015258789,0.0
PC-3,saas_curve,3,369100.0,681239.0,7.000000024071085e-10,3.000000106112566e-07,-91.9000015258789,0.0
PC-3,saas_curve,4,369100.0,681239.0,7.000000024071085e-10,3.000000106112566e-07,-91.9000015258789,0.0
PC-3,saas_curve,2,369100.0,681239.0,7.000000024071085e-10,3.000000106112566e-07,-91.9000015258789,0.0
PC-3,saas_curve,0,369100.0,681239.0,7.000000024071085e-10,3.000000106112566e-07,-91.9000015258789,0.0
PC-3,saas_curve,5,369100.0,681239.0,7.000000024071085e-10,3.000000106112566e-07,-91.9000015258789,0.0
PC-3,saas_curve,8,369100.0,681239.0,7.000000024071085e-10,3.000000106112566e-07,-91.9000015258789,0.0
PC-3,saas_curve,6,369100.0,681239.0,7.000000024071085e-10,3.000000106112566e-07,-91.9000015258789,0.0
PC-3,saas_curve,9,369100.0,681239.0,7.000000024071085e-10,3.000000106112566e-07,-91.9000015258789,0.0
PC-3,saas_curve,7,743414.0,754230.0,5.000000058430487e-08,5.999999802552836e-11,-10.260000228881836,81.64000129699707
T-47D,saas_curve,0,125973.0,681239.0,3.000000026176508e-09,3.000000106112566e-07,-94.94000244140625,0.0
T-47D,saas_curve,2,125973.0,681239.0,3.000000026176508e-09,3.000000106112566e-07,-94.94000244140625,0.0
T-47D,saas_curve,4,125973.0,681239.0,3.000000026176508e-09,3.000000106112566e-07,-94.94000244140625,0.0
T-47D,saas_curve,1,681239.0,750690.0,3.000000106112566e-07,1.0000000116860974e-07,-92.19999694824219,2.7400054931640625
T-47D,saas_curve,3,125973.0,681239.0,3.000000026176508e-09,3.000000106112566e-07,-94.94000244140625,0.0
T-47D,saas_curve,6,180973.0,754143.0,7.000000096013537e-06,9.99999993922529e-09,-90.9800033569336,3.9599990844726562
T-47D,saas_curve,5,125973.0,681239.0,3.000000026176508e-09,3.000000106112566e-07,-94.94000244140625,0.0
T-47D,saas_curve,7,681239.0,750690.0,3.000000106112566e-07,1.0000000116860974e-07,-92.19999694824219,2.7400054931640625
T-47D,saas_curve,9,180973.0,754143.0,7.000000096013537e-06,9.99999993922529e-09,-90.9800033569336,3.9599990844726562
T-47D,saas_curve,8,125973.0,681239.0,3.000000026176508e-09,3.000000106112566e-07,-94.94000244140625,0.0
