dataset,cell_line,row_kind,method,seed,nsc1,nsc2,conc1_M,conc2_M,percent_growth,final_regret,pool_optimum_percent_growth,chose_pool_optimum,best_step,n_replicates,pool_index,source_pool_index,pool_size,pool_size_full,n_init,n_iter
almanac,786-0,bo_selection,act_hamming+zero,0,740,49842,1.0000000116860974e-07,2.999999970665357e-10,-28.079999923706055,61.1299991607666,-89.20999908447266,False,27,1,24,177,4000,46283,10,20
almanac,786-0,bo_selection,act_hamming+zero,1,740,49842,1.0000000116860974e-07,2.999999970665357e-10,-28.079999923706055,61.1299991607666,-89.20999908447266,False,27,1,24,177,4000,46283,10,20
almanac,786-0,bo_selection,act_hamming+zero,2,740,49842,1.0000000116860974e-07,2.999999970665357e-10,-28.079999923706055,61.1299991607666,-89.20999908447266,False,27,1,24,177,4000,46283,10,20
almanac,786-0,bo_selection,act_hamming+zero,3,92859,241240,6.000000212225132e-06,1.9999999949504854e-06,-29.440000534057617,59.76999855041504,-89.20999908447266,False,9,1,2253,25801,4000,46283,10,20
almanac,786-0,bo_selection,act_hamming+zero,4,740,49842,1.0000000116860974e-07,2.999999970665357e-10,-28.079999923706055,61.1299991607666,-89.20999908447266,False,27,1,24,177,4000,46283,10,20
almanac,786-0,bo_selection,act_hamming+zero,5,119875,719627,1.9999999494757503e-05,4.999999987376214e-07,-54.970001220703125,34.23999786376953,-89.20999908447266,False,4,1,2512,28933,4000,46283,10,20
almanac,786-0,bo_selection,act_hamming+zero,6,740,49842,1.0000000116860974e-07,2.999999970665357e-10,-28.079999923706055,61.1299991607666,-89.20999908447266,False,27,1,24,177,4000,46283,10,20
almanac,786-0,bo_selection,act_hamming+zero,7,26271,246131,9.999999974752427e-07,1.9999999494757503e-05,-56.7599983215332,32.45000076293945,-89.20999908447266,False,2,1,1234,14267,4000,46283,10,20
almanac,786-0,bo_selection,act_hamming+zero,8,740,49842,1.0000000116860974e-07,2.999999970665357e-10,-28.079999923706055,61.1299991607666,-89.20999908447266,False,27,1,24,177,4000,46283,10,20
almanac,786-0,bo_selection,act_hamming+zero,9,681239,754143,3.000000106112566e-07,1.000000013351432e-10,-50.65999984741211,38.54999923706055,-89.20999908447266,False,7,1,3576,41153,4000,46283,10,20
almanac,786-0,bo_selection,hamming+zero,0,740,49842,1.0000000116860974e-07,2.999999970665357e-10,-28.079999923706055,61.1299991607666,-89.20999908447266,False,27,1,24,177,4000,46283,10,20
almanac,786-0,bo_selection,hamming+zero,1,740,49842,1.0000000116860974e-07,2.999999970665357e-10,-28.079999923706055,61.1299991607666,-89.20999908447266,False,27,1,24,177,4000,46283,10,20
almanac,786-0,bo_selection,hamming+zero,2,740,49842,1.0000000116860974e-07,2.999999970665357e-10,-28.079999923706055,61.1299991607666,-89.20999908447266,False,27,1,24,177,4000,46283,10,20
almanac,786-0,bo_selection,hamming+zero,3,92859,241240,6.000000212225132e-06,1.9999999949504854e-06,-29.440000534057617,59.76999855041504,-89.20999908447266,False,9,1,2253,25801,4000,46283,10,20
almanac,786-0,bo_selection,hamming+zero,4,740,49842,1.0000000116860974e-07,2.999999970665357e-10,-28.079999923706055,61.1299991607666,-89.20999908447266,False,27,1,24,177,4000,46283,10,20
almanac,786-0,bo_selection,hamming+zero,5,119875,719627,1.9999999494757503e-05,4.999999987376214e-07,-54.970001220703125,34.23999786376953,-89.20999908447266,False,4,1,2512,28933,4000,46283,10,20
almanac,786-0,bo_selection,hamming+zero,6,740,49842,1.0000000116860974e-07,2.999999970665357e-10,-28.079999923706055,61.1299991607666,-89.20999908447266,False,27,1,24,177,4000,46283,10,20
almanac,786-0,bo_selection,hamming+zero,7,26271,246131,9.999999974752427e-07,1.9999999494757503e-05,-56.7599983215332,32.45000076293945,-89.20999908447266,False,2,1,1234,14267,4000,46283,10,20
almanac,786-0,bo_selection,hamming+zero,8,740,49842,1.0000000116860974e-07,2.999999970665357e-10,-28.079999923706055,61.1299991607666,-89.20999908447266,False,27,1,24,177,4000,46283,10,20
almanac,786-0,bo_selection,hamming+zero,9,681239,754143,3.000000106112566e-07,1.000000013351432e-10,-50.65999984741211,38.54999923706055,-89.20999908447266,False,7,1,3576,41153,4000,46283,10,20
almanac,786-0,bo_selection,linear_curve,0,14229,119875,3.000000106112566e-06,1.9999999494757503e-05,-75.56999969482422,13.639999389648438,-89.20999908447266,False,27,1,913,10286,4000,46283,10,20
almanac,786-0,bo_selection,linear_curve,1,296961,681239,9.999999747378752e-05,3.000000106112566e-07,-89.05000305175781,0.15999603271484375,-89.20999908447266,False,11,1,3276,37555,4000,46283,10,20
almanac,786-0,bo_selection,linear_curve,2,14229,119875,3.000000106112566e-06,1.9999999494757503e-05,-75.56999969482422,13.639999389648438,-89.20999908447266,False,18,1,913,10286,4000,46283,10,20
almanac,786-0,bo_selection,linear_curve,3,296961,681239,9.999999747378752e-05,3.000000106112566e-07,-89.05000305175781,0.15999603271484375,-89.20999908447266,False,12,1,3276,37555,4000,46283,10,20
almanac,786-0,bo_selection,linear_curve,4,14229,119875,3.000000106112566e-06,1.9999999494757503e-05,-75.56999969482422,13.639999389648438,-89.20999908447266,False,23,1,913,10286,4000,46283,10,20
almanac,786-0,bo_selection,linear_curve,5,14229,119875,3.000000106112566e-06,1.9999999494757503e-05,-75.56999969482422,13.639999389648438,-89.20999908447266,False,20,1,913,10286,4000,46283,10,20
almanac,786-0,bo_selection,linear_curve,6,109724,119875,9.999999747378752e-05,1.9999999494757503e-05,-53.959999084472656,35.25,-89.20999908447266,False,23,1,2389,27458,4000,46283,10,20
almanac,786-0,bo_selection,linear_curve,7,14229,119875,3.000000106112566e-06,1.9999999494757503e-05,-75.56999969482422,13.639999389648438,-89.20999908447266,False,25,1,913,10286,4000,46283,10,20
almanac,786-0,bo_selection,linear_curve,8,713563,754143,9.999999747378752e-05,9.99999993922529e-09,-72.54499816894531,16.665000915527344,-89.20999908447266,False,19,1,3706,42742,4000,46283,10,20
almanac,786-0,bo_selection,linear_curve,9,681239,754143,3.000000106112566e-07,1.000000013351432e-10,-50.65999984741211,38.54999923706055,-89.20999908447266,False,7,1,3576,41153,4000,46283,10,20
almanac,786-0,bo_selection,ours+zero,0,119875,628503,1.9999999494757503e-05,3.999999975690116e-08,-55.72999954223633,33.47999954223633,-89.20999908447266,False,16,1,2505,28808,4000,46283,10,20
almanac,786-0,bo_selection,ours+zero,1,8806,713563,9.999999747378752e-06,9.999999747378752e-05,-46.970001220703125,42.23999786376953,-89.20999908447266,False,15,1,748,8261,4000,46283,10,20
almanac,786-0,bo_selection,ours+zero,2,8806,713563,9.999999747378752e-06,9.999999747378752e-05,-46.970001220703125,42.23999786376953,-89.20999908447266,False,26,1,748,8261,4000,46283,10,20
almanac,786-0,bo_selection,ours+zero,3,9706,92859,5.000000058430487e-08,6.000000212225132e-06,-38.130001068115234,51.07999801635742,-89.20999908447266,False,28,1,790,8696,4000,46283,10,20
almanac,786-0,bo_selection,ours+zero,4,740,747971,1.0000000116860974e-07,2.0000000233721948e-07,-33.560001373291016,55.64999771118164,-89.20999908447266,False,19,1,60,663,4000,46283,10,20
almanac,786-0,bo_selection,ours+zero,5,119875,719627,1.9999999494757503e-05,4.999999987376214e-07,-54.970001220703125,34.23999786376953,-89.20999908447266,False,4,1,2512,28933,4000,46283,10,20
almanac,786-0,bo_selection,ours+zero,6,755,125973,1.9999999949504854e-06,3.000000026176508e-09,-61.0,28.209999084472656,-89.20999908447266,False,15,1,269,2931,4000,46283,10,20
almanac,786-0,bo_selection,ours+zero,7,26271,246131,9.999999974752427e-07,1.9999999494757503e-05,-56.7599983215332,32.45000076293945,-89.20999908447266,False,2,1,1234,14267,4000,46283,10,20
almanac,786-0,bo_selection,ours+zero,8,740,755,1.0000000116860974e-07,1.999999987845058e-08,-33.11000061035156,56.099998474121094,-89.20999908447266,False,23,1,2,24,4000,46283,10,20
almanac,786-0,bo_selection,ours+zero,9,681239,754143,3.000000106112566e-07,1.000000013351432e-10,-50.65999984741211,38.54999923706055,-89.20999908447266,False,7,1,3576,41153,4000,46283,10,20
almanac,786-0,bo_selection,random,0,6396,713563,1.0000000116860974e-07,9.999999747378752e-05,-5.556000232696533,83.65399932861328,-89.20999908447266,False,0,1,672,7418,4000,46283,10,20
almanac,786-0,bo_selection,random,1,26271,246131,9.999999974752427e-07,1.9999999494757503e-05,-56.7599983215332,32.45000076293945,-89.20999908447266,False,23,1,1234,14267,4000,46283,10,20
almanac,786-0,bo_selection,random,2,34462,79037,4.999999873689376e-05,4.999999987376214e-07,-5.4629998207092285,83.74700164794922,-89.20999908447266,False,24,1,1488,16989,4000,46283,10,20
almanac,786-0,bo_selection,random,3,92859,241240,6.000000212225132e-06,1.9999999949504854e-06,-29.440000534057617,59.769996643066406,-89.20999908447266,False,9,1,2253,25801,4000,46283,10,20
almanac,786-0,bo_selection,random,4,26980,747973,4.999999969612645e-09,3.000000106112566e-07,-36.970001220703125,52.23999786376953,-89.20999908447266,False,16,1,1342,15338,4000,46283,10,20
almanac,786-0,bo_selection,random,5,119875,719627,1.9999999494757503e-05,4.999999987376214e-07,-54.970001220703125,34.23999786376953,-89.20999908447266,False,4,1,2512,28933,4000,46283,10,20
almanac,786-0,bo_selection,random,6,109724,119875,9.999999747378752e-05,1.9999999494757503e-05,-53.959999084472656,35.25,-89.20999908447266,False,27,1,2389,27458,4000,46283,10,20
almanac,786-0,bo_selection,random,7,266046,681239,5.000000058430487e-08,3.000000106112566e-07,-87.69999694824219,1.5100021362304688,-89.20999908447266,False,12,1,3212,36748,4000,46283,10,20
almanac,786-0,bo_selection,random,8,673596,737754,2.999999892949745e-08,9.999999974752427e-07,0.3009999990463257,89.51100158691406,-89.20999908447266,False,5,1,3543,40767,4000,46283,10,20
almanac,786-0,bo_selection,random,9,681239,754143,3.000000106112566e-07,1.000000013351432e-10,-50.65999984741211,38.54999923706055,-89.20999908447266,False,7,1,3576,41153,4000,46283,10,20
almanac,786-0,bo_selection,tanimoto+zero,0,752,713563,9.999999974752427e-07,9.999999747378752e-05,-49.98699951171875,39.222999572753906,-89.20999908447266,False,22,1,224,2336,4000,46283,10,20
almanac,786-0,bo_selection,tanimoto+zero,1,3088,34462,9.999999747378752e-05,4.999999873689376e-05,-15.729999542236328,73.47999954223633,-89.20999908447266,False,17,1,554,6119,4000,46283,10,20
almanac,786-0,bo_selection,tanimoto+zero,2,740,755,1.0000000116860974e-07,1.999999987845058e-08,-33.11000061035156,56.099998474121094,-89.20999908447266,False,27,1,2,24,4000,46283,10,20
almanac,786-0,bo_selection,tanimoto+zero,3,119875,241240,1.9999999494757503e-05,1.9999999949504854e-06,-40.209999084472656,49.0,-89.20999908447266,False,11,1,2490,28690,4000,46283,10,20
almanac,786-0,bo_selection,tanimoto+zero,4,26980,713563,4.999999969612645e-09,9.999999747378752e-05,-45.96200180053711,43.24799728393555,-89.20999908447266,False,26,1,1330,15203,4000,46283,10,20
almanac,786-0,bo_selection,tanimoto+zero,5,119875,719627,1.9999999494757503e-05,4.999999987376214e-07,-54.970001220703125,34.23999786376953,-89.20999908447266,False,4,1,2512,28933,4000,46283,10,20
almanac,786-0,bo_selection,tanimoto+zero,6,109724,119875,9.999999747378752e-05,1.9999999494757503e-05,-53.959999084472656,35.25,-89.20999908447266,False,15,1,2389,27458,4000,46283,10,20
almanac,786-0,bo_selection,tanimoto+zero,7,26271,246131,9.999999974752427e-07,1.9999999494757503e-05,-56.7599983215332,32.45000076293945,-89.20999908447266,False,2,1,1234,14267,4000,46283,10,20
almanac,786-0,bo_selection,tanimoto+zero,8,673596,737754,2.999999892949745e-08,9.999999974752427e-07,0.3009999990463257,89.51099908351898,-89.20999908447266,False,5,1,3543,40767,4000,46283,10,20
almanac,786-0,bo_selection,tanimoto+zero,9,681239,754143,3.000000106112566e-07,1.000000013351432e-10,-50.65999984741211,38.54999923706055,-89.20999908447266,False,7,1,3576,41153,4000,46283,10,20
almanac,786-0,pool_optimum,pool_optimum,-1,681239,747973,3.000000106112566e-07,3.000000026176508e-09,-89.20999908447266,0.0,-89.20999908447266,True,-1,1,3571,41108,4000,46283,10,20
almanac,A498,bo_selection,act_hamming+zero,0,740,24559,9.999999717180685e-10,9.999999974752427e-07,-58.130001068115234,36.52000045776367,-94.6500015258789,False,23,1,19,128,4000,46553,10,20
almanac,A498,bo_selection,act_hamming+zero,1,740,24559,9.999999717180685e-10,9.999999974752427e-07,-58.130001068115234,36.52000045776367,-94.6500015258789,False,23,1,19,128,4000,46553,10,20
almanac,A498,bo_selection,act_hamming+zero,2,740,24559,9.999999717180685e-10,9.999999974752427e-07,-58.130001068115234,36.52000045776367,-94.6500015258789,False,23,1,19,128,4000,46553,10,20
almanac,A498,bo_selection,act_hamming+zero,3,740,24559,9.999999717180685e-10,9.999999974752427e-07,-58.130001068115234,36.52000045776367,-94.6500015258789,False,23,1,19,128,4000,46553,10,20
almanac,A498,bo_selection,act_hamming+zero,4,740,24559,9.999999717180685e-10,9.999999974752427e-07,-58.130001068115234,36.52000045776367,-94.6500015258789,False,23,1,19,128,4000,46553,10,20
almanac,A498,bo_selection,act_hamming+zero,5,740,24559,9.999999717180685e-10,9.999999974752427e-07,-58.130001068115234,36.52000045776367,-94.6500015258789,False,23,1,19,128,4000,46553,10,20
almanac,A498,bo_selection,act_hamming+zero,6,740,24559,9.999999717180685e-10,9.999999974752427e-07,-58.130001068115234,36.52000045776367,-94.6500015258789,False,24,1,19,128,4000,46553,10,20
almanac,A498,bo_selection,act_hamming+zero,7,740,24559,9.999999717180685e-10,9.999999974752427e-07,-58.130001068115234,36.52000045776367,-94.6500015258789,False,23,1,19,128,4000,46553,10,20
almanac,A498,bo_selection,act_hamming+zero,8,92859,613327,6.000000212225132e-06,9.99999993922529e-09,-42.13999938964844,52.51000213623047,-94.6500015258789,False,9,1,2267,26000,4000,46553,10,20
almanac,A498,bo_selection,act_hamming+zero,9,740,24559,9.999999717180685e-10,9.999999974752427e-07,-58.130001068115234,36.52000045776367,-94.6500015258789,False,23,1,19,128,4000,46553,10,20
almanac,A498,bo_selection,hamming+zero,0,740,24559,9.999999717180685e-10,9.999999974752427e-07,-58.130001068115234,36.52000045776367,-94.6500015258789,False,23,1,19,128,4000,46553,10,20
almanac,A498,bo_selection,hamming+zero,1,740,24559,9.999999717180685e-10,9.999999974752427e-07,-58.130001068115234,36.52000045776367,-94.6500015258789,False,23,1,19,128,4000,46553,10,20
almanac,A498,bo_selection,hamming+zero,2,740,24559,9.999999717180685e-10,9.999999974752427e-07,-58.130001068115234,36.52000045776367,-94.6500015258789,False,23,1,19,128,4000,46553,10,20
almanac,A498,bo_selection,hamming+zero,3,740,24559,9.999999717180685e-10,9.999999974752427e-07,-58.130001068115234,36.52000045776367,-94.6500015258789,False,23,1,19,128,4000,46553,10,20
almanac,A498,bo_selection,hamming+zero,4,740,24559,9.999999717180685e-10,9.999999974752427e-07,-58.130001068115234,36.52000045776367,-94.6500015258789,False,23,1,19,128,4000,46553,10,20
almanac,A498,bo_selection,hamming+zero,5,740,24559,9.999999717180685e-10,9.999999974752427e-07,-58.130001068115234,36.52000045776367,-94.6500015258789,False,23,1,19,128,4000,46553,10,20
almanac,A498,bo_selection,hamming+zero,6,740,24559,9.999999717180685e-10,9.999999974752427e-07,-58.130001068115234,36.52000045776367,-94.6500015258789,False,24,1,19,128,4000,46553,10,20
almanac,A498,bo_selection,hamming+zero,7,740,24559,9.999999717180685e-10,9.999999974752427e-07,-58.130001068115234,36.52000045776367,-94.6500015258789,False,23,1,19,128,4000,46553,10,20
almanac,A498,bo_selection,hamming+zero,8,92859,613327,6.000000212225132e-06,9.99999993922529e-09,-42.13999938964844,52.51000213623047,-94.6500015258789,False,9,1,2267,26000,4000,46553,10,20
almanac,A498,bo_selection,hamming+zero,9,740,24559,9.999999717180685e-10,9.999999974752427e-07,-58.130001068115234,36.52000045776367,-94.6500015258789,False,23,1,19,128,4000,46553,10,20
almanac,A498,bo_selection,linear_curve,0,119875,246131,1.9999999494757503e-05,1.9999999494757503e-05,-94.6500015258789,0.0,-94.6500015258789,True,24,1,2486,28781,4000,46553,10,20
almanac,A498,bo_selection,linear_curve,1,119875,246131,1.9999999494757503e-05,1.9999999494757503e-05,-94.6500015258789,0.0,-94.6500015258789,True,17,1,2486,28781,4000,46553,10,20
almanac,A498,bo_selection,linear_curve,2,119875,246131,1.9999999494757503e-05,1.9999999494757503e-05,-94.6500015258789,0.0,-94.6500015258789,True,27,1,2486,28781,4000,46553,10,20
almanac,A498,bo_selection,linear_curve,3,119875,246131,1.9999999494757503e-05,1.9999999494757503e-05,-94.6500015258789,0.0,-94.6500015258789,True,21,1,2486,28781,4000,46553,10,20
almanac,A498,bo_selection,linear_curve,4,19893,713563,9.999999747378752e-05,9.999999747378752e-05,-72.61699676513672,22.033004760742188,-94.6500015258789,False,24,1,1077,12383,4000,46553,10,20
almanac,A498,bo_selection,linear_curve,5,19893,713563,9.999999747378752e-05,9.999999747378752e-05,-72.61699676513672,22.033004760742188,-94.6500015258789,False,26,1,1077,12383,4000,46553,10,20
almanac,A498,bo_selection,linear_curve,6,246131,733504,1.9999999494757503e-05,1.0000000116860974e-07,-78.9800033569336,15.669998168945312,-94.6500015258789,False,23,1,3119,35819,4000,46553,10,20
almanac,A498,bo_selection,linear_curve,7,119875,246131,1.9999999494757503e-05,1.9999999494757503e-05,-94.6500015258789,0.0,-94.6500015258789,True,25,1,2486,28781,4000,46553,10,20
almanac,A498,bo_selection,linear_curve,8,119875,246131,1.9999999494757503e-05,1.9999999494757503e-05,-94.6500015258789,0.0,-94.6500015258789,True,26,1,2486,28781,4000,46553,10,20
almanac,A498,bo_selection,linear_curve,9,26271,246131,9.999999747378752e-05,1.9999999494757503e-05,-89.04000091552734,5.6100006103515625,-94.6500015258789,False,23,1,1237,14480,4000,46553,10,20
almanac,A498,bo_selection,ours+zero,0,681239,747973,3.000000106112566e-07,3.000000106112566e-07,-46.25,48.400001525878906,-94.6500015258789,False,10,1,3579,41353,4000,46553,10,20
almanac,A498,bo_selection,ours+zero,1,608210,761432,1.0000000116860974e-07,5.000000058430487e-08,17.527999877929688,112.1780014038086,-94.6500015258789,False,20,1,3451,39838,4000,46553,10,20
almanac,A498,bo_selection,ours+zero,2,92859,613327,6.000000212225132e-06,9.99999993922529e-09,-42.13999938964844,52.51000213623047,-94.6500015258789,False,16,1,2267,26000,4000,46553,10,20
almanac,A498,bo_selection,ours+zero,3,119875,246131,1.9999999494757503e-05,1.9999999494757503e-05,-94.6500015258789,0.0,-94.6500015258789,True,15,1,2486,28781,4000,46553,10,20
almanac,A498,bo_selection,ours+zero,4,681239,747973,3.000000106112566e-07,3.000000106112566e-07,-46.25,48.400001525878906,-94.6500015258789,False,23,1,3579,41353,4000,46553,10,20
almanac,A498,bo_selection,ours+zero,5,681239,747973,3.000000106112566e-07,3.000000106112566e-07,-46.25,48.400001525878906,-94.6500015258789,False,15,1,3579,41353,4000,46553,10,20
almanac,A498,bo_selection,ours+zero,6,19893,713563,9.999999747378752e-05,9.999999747378752e-05,-72.61699676513672,22.033004760742188,-94.6500015258789,False,17,1,1077,12383,4000,46553,10,20
almanac,A498,bo_selection,ours+zero,7,681239,747973,3.000000106112566e-07,3.000000106112566e-07,-46.25,48.400001525878906,-94.6500015258789,False,10,1,3579,41353,4000,46553,10,20
almanac,A498,bo_selection,ours+zero,8,740,24559,9.999999717180685e-10,9.999999974752427e-07,-58.130001068115234,36.52000045776367,-94.6500015258789,False,29,1,19,128,4000,46553,10,20
almanac,A498,bo_selection,ours+zero,9,608210,761432,1.0000000116860974e-07,5.000000058430487e-08,17.527999877929688,112.1780014038086,-94.6500015258789,False,25,1,3451,39838,4000,46553,10,20
almanac,A498,bo_selection,random,0,63878,279836,4.999999987376214e-07,4.999999987376214e-07,29.305999755859375,123.95600128173828,-94.6500015258789,False,2,1,1819,20897,4000,46553,10,20
almanac,A498,bo_selection,random,1,279836,763371,5.000000058430487e-08,1.0000000116860974e-07,36.88800048828125,131.53799438476562,-94.6500015258789,False,19,1,3267,37649,4000,46553,10,20
almanac,A498,bo_selection,random,2,63878,67574,9.999999974752427e-07,9.99999993922529e-09,15.949999809265137,110.5999984741211,-94.6500015258789,False,28,1,1804,20635,4000,46553,10,20
almanac,A498,bo_selection,random,3,279836,737754,4.999999987376214e-07,9.999999747378752e-06,5.7829999923706055,100.43299865722656,-94.6500015258789,False,2,1,3257,37492,4000,46553,10,20
almanac,A498,bo_selection,random,4,14229,608210,2.999999892949745e-08,9.999999974752427e-07,29.041000366210938,123.69100189208984,-94.6500015258789,False,27,1,923,10703,4000,46553,10,20
almanac,A498,bo_selection,random,5,3053,256439,9.99999993922529e-09,9.999999717180685e-10,-17.01799964904785,77.63200378417969,-94.6500015258789,False,2,1,515,5740,4000,46553,10,20
almanac,A498,bo_selection,random,6,32065,754143,1.9999999949504854e-06,9.99999993922529e-09,-21.559999465942383,73.09000396728516,-94.6500015258789,False,24,1,1479,17051,4000,46553,10,20
almanac,A498,bo_selection,random,7,24559,226080,9.999999974752427e-07,1.0000000116860974e-07,-73.5999984741211,21.050003051757812,-94.6500015258789,False,27,1,1115,12959,4000,46553,10,20
almanac,A498,bo_selection,random,8,24559,226080,9.999999974752427e-07,1.0000000116860974e-07,-73.5999984741211,21.050003051757812,-94.6500015258789,False,12,1,1115,12959,4000,46553,10,20
almanac,A498,bo_selection,random,9,681239,712807,3.000000106112566e-07,1.9999999494757503e-05,-25.15999984741211,69.49000549316406,-94.6500015258789,False,26,1,3568,41200,4000,46553,10,20
almanac,A498,bo_selection,tanimoto+zero,0,19893,713563,9.999999747378752e-05,9.999999747378752e-05,-72.61699676513672,22.033004760742188,-94.6500015258789,False,25,1,1077,12383,4000,46553,10,20
almanac,A498,bo_selection,tanimoto+zero,1,246131,713563,9.999999717180685e-10,9.999999747378752e-05,8.484999656677246,103.13500118255615,-94.6500015258789,False,27,1,3111,35741,4000,46553,10,20
almanac,A498,bo_selection,tanimoto+zero,2,169780,279836,9.999999747378752e-06,4.999999987376214e-07,21.731000900268555,116.38100242614746,-94.6500015258789,False,7,1,2882,33359,4000,46553,10,20
almanac,A498,bo_selection,tanimoto+zero,3,19893,713563,9.999999747378752e-05,9.999999747378752e-05,-72.61699676513672,22.033004760742188,-94.6500015258789,False,27,1,1077,12383,4000,46553,10,20
almanac,A498,bo_selection,tanimoto+zero,4,19893,713563,9.999999747378752e-05,9.999999747378752e-05,-72.61699676513672,22.033004760742188,-94.6500015258789,False,24,1,1077,12383,4000,46553,10,20
almanac,A498,bo_selection,tanimoto+zero,5,3053,256439,9.99999993922529e-09,9.999999717180685e-10,-17.01799964904785,77.63200187683105,-94.6500015258789,False,2,1,515,5740,4000,46553,10,20
almanac,A498,bo_selection,tanimoto+zero,6,19893,713563,9.999999747378752e-05,9.999999747378752e-05,-72.61699676513672,22.033004760742188,-94.6500015258789,False,14,1,1077,12383,4000,46553,10,20
almanac,A498,bo_selection,tanimoto+zero,7,19893,713563,9.999999747378752e-05,9.999999747378752e-05,-72.61699676513672,22.033004760742188,-94.6500015258789,False,19,1,1077,12383,4000,46553,10,20
almanac,A498,bo_selection,tanimoto+zero,8,740,24559,9.999999717180685e-10,9.999999974752427e-07,-58.130001068115234,36.52000045776367,-94.6500015258789,False,29,1,19,128,4000,46553,10,20
almanac,A498,bo_selection,tanimoto+zero,9,19893,713563,9.999999747378752e-05,9.999999747378752e-05,-72.61699676513672,22.033004760742188,-94.6500015258789,False,17,1,1077,12383,4000,46553,10,20
almanac,A498,pool_optimum,pool_optimum,-1,119875,246131,1.9999999494757503e-05,1.9999999494757503e-05,-94.6500015258789,0.0,-94.6500015258789,True,-1,1,2486,28781,4000,46553,10,20
almanac,A549/ATCC,bo_selection,act_hamming+zero,0,740,762,1.0000000116860974e-07,4.999999987376214e-07,7.360000133514404,96.69000196456909,-89.33000183105469,False,12,1,3,34,4000,46310,10,20
almanac,A549/ATCC,bo_selection,act_hamming+zero,1,740,762,1.0000000116860974e-07,4.999999987376214e-07,7.360000133514404,96.69000196456909,-89.33000183105469,False,12,1,3,34,4000,46310,10,20
almanac,A549/ATCC,bo_selection,act_hamming+zero,2,740,762,1.0000000116860974e-07,4.999999987376214e-07,7.360000133514404,96.69000196456909,-89.33000183105469,False,12,1,3,34,4000,46310,10,20
almanac,A549/ATCC,bo_selection,act_hamming+zero,3,750,681239,4.999999873689376e-06,3.000000106112566e-07,-75.47000122070312,13.860000610351562,-89.33000183105469,False,3,1,134,1463,4000,46310,10,20
almanac,A549/ATCC,bo_selection,act_hamming+zero,4,740,762,1.0000000116860974e-07,4.999999987376214e-07,7.360000133514404,96.69000196456909,-89.33000183105469,False,12,1,3,34,4000,46310,10,20
almanac,A549/ATCC,bo_selection,act_hamming+zero,5,362856,754230,1.9999999949504854e-06,5.999999802552836e-11,4.429999828338623,93.76000165939331,-89.33000183105469,False,9,1,3316,38181,4000,46310,10,20
almanac,A549/ATCC,bo_selection,act_hamming+zero,6,740,762,1.0000000116860974e-07,4.999999987376214e-07,7.360000133514404,96.69000196456909,-89.33000183105469,False,12,1,3,34,4000,46310,10,20
almanac,A549/ATCC,bo_selection,act_hamming+zero,7,750,24559,4.999999873689376e-05,9.999999974752427e-07,-62.52000045776367,26.810001373291016,-89.33000183105469,False,8,1,86,998,4000,46310,10,20
almanac,A549/ATCC,bo_selection,act_hamming+zero,8,740,762,1.0000000116860974e-07,4.999999987376214e-07,7.360000133514404,96.69000196456909,-89.33000183105469,False,12,1,3,34,4000,46310,10,20
almanac,A549/ATCC,bo_selection,act_hamming+zero,9,740,762,1.0000000116860974e-07,4.999999987376214e-07,7.360000133514404,96.69000196456909,-89.33000183105469,False,12,1,3,34,4000,46310,10,20
almanac,A549/ATCC,bo_selection,hamming+zero,0,740,762,1.0000000116860974e-07,4.999999987376214e-07,7.360000133514404,96.69000196456909,-89.33000183105469,False,12,1,3,34,4000,46310,10,20
almanac,A549/ATCC,bo_selection,hamming+zero,1,740,762,1.0000000116860974e-07,4.999999987376214e-07,7.360000133514404,96.69000196456909,-89.33000183105469,False,12,1,3,34,4000,46310,10,20
almanac,A549/ATCC,bo_selection,hamming+zero,2,740,762,1.0000000116860974e-07,4.999999987376214e-07,7.360000133514404,96.69000196456909,-89.33000183105469,False,12,1,3,34,4000,46310,10,20
almanac,A549/ATCC,bo_selection,hamming+zero,3,750,681239,4.999999873689376e-06,3.000000106112566e-07,-75.47000122070312,13.860000610351562,-89.33000183105469,False,3,1,134,1463,4000,46310,10,20
almanac,A549/ATCC,bo_selection,hamming+zero,4,740,762,1.0000000116860974e-07,4.999999987376214e-07,7.360000133514404,96.69000196456909,-89.33000183105469,False,12,1,3,34,4000,46310,10,20
almanac,A549/ATCC,bo_selection,hamming+zero,5,362856,754230,1.9999999949504854e-06,5.999999802552836e-11,4.429999828338623,93.76000165939331,-89.33000183105469,False,9,1,3316,38181,4000,46310,10,20
almanac,A549/ATCC,bo_selection,hamming+zero,6,740,762,1.0000000116860974e-07,4.999999987376214e-07,7.360000133514404,96.69000196456909,-89.33000183105469,False,12,1,3,34,4000,46310,10,20
almanac,A549/ATCC,bo_selection,hamming+zero,7,750,24559,4.999999873689376e-05,9.999999974752427e-07,-62.52000045776367,26.810001373291016,-89.33000183105469,False,8,1,86,998,4000,46310,10,20
almanac,A549/ATCC,bo_selection,hamming+zero,8,740,762,1.0000000116860974e-07,4.999999987376214e-07,7.360000133514404,96.69000196456909,-89.33000183105469,False,12,1,3,34,4000,46310,10,20
almanac,A549/ATCC,bo_selection,hamming+zero,9,740,762,1.0000000116860974e-07,4.999999987376214e-07,7.360000133514404,96.69000196456909,-89.33000183105469,False,12,1,3,34,4000,46310,10,20
almanac,A549/ATCC,bo_selection,linear_curve,0,45923,754143,6.000000212225132e-06,9.99999993922529e-09,-81.9800033569336,7.349998474121094,-89.33000183105469,False,22,1,1723,19727,4000,46310,10,20
almanac,A549/ATCC,bo_selection,linear_curve,1,109724,754143,9.999999974752427e-07,9.99999993922529e-09,-78.36000061035156,10.970001220703125,-89.33000183105469,False,15,1,2401,27866,4000,46310,10,20
almanac,A549/ATCC,bo_selection,linear_curve,2,613327,681239,9.99999993922529e-09,3.000000106112566e-07,-81.38999938964844,7.94000244140625,-89.33000183105469,False,18,1,3466,40039,4000,46310,10,20
almanac,A549/ATCC,bo_selection,linear_curve,3,45923,754143,6.000000212225132e-07,9.99999993922529e-09,-80.86000061035156,8.470001220703125,-89.33000183105469,False,24,1,1722,19724,4000,46310,10,20
almanac,A549/ATCC,bo_selection,linear_curve,4,45923,754143,6.000000212225132e-06,9.99999993922529e-09,-81.9800033569336,7.349998474121094,-89.33000183105469,False,14,1,1723,19727,4000,46310,10,20
almanac,A549/ATCC,bo_selection,linear_curve,5,24559,127716,9.999999974752427e-07,3.000000106112566e-07,-16.780000686645508,72.55000114440918,-89.33000183105469,False,27,1,1105,12761,4000,46310,10,20
almanac,A549/ATCC,bo_selection,linear_curve,6,34462,761432,4.999999873689376e-06,5.000000058430487e-08,16.33300018310547,105.66300201416016,-89.33000183105469,False,16,1,1530,17672,4000,46310,10,20
almanac,A549/ATCC,bo_selection,linear_curve,7,613327,681239,9.99999993922529e-09,3.000000106112566e-07,-81.38999938964844,7.94000244140625,-89.33000183105469,False,17,1,3466,40039,4000,46310,10,20
almanac,A549/ATCC,bo_selection,linear_curve,8,613327,681239,9.99999993922529e-09,3.000000106112566e-07,-81.38999938964844,7.94000244140625,-89.33000183105469,False,18,1,3466,40039,4000,46310,10,20
almanac,A549/ATCC,bo_selection,linear_curve,9,45923,754143,6.000000212225132e-07,9.99999993922529e-09,-80.86000061035156,8.470001220703125,-89.33000183105469,False,25,1,1722,19724,4000,46310,10,20
almanac,A549/ATCC,bo_selection,ours+zero,0,119875,747973,1.9999999494757503e-05,3.000000106112566e-07,-22.209999084472656,67.12000274658203,-89.33000183105469,False,28,1,2494,28943,4000,46310,10,20
almanac,A549/ATCC,bo_selection,ours+zero,1,125973,754143,3.000000026176508e-09,9.99999993922529e-09,-55.79999923706055,33.53000259399414,-89.33000183105469,False,26,1,2738,31583,4000,46310,10,20
almanac,A549/ATCC,bo_selection,ours+zero,2,125973,754143,3.000000026176508e-09,9.99999993922529e-09,-55.79999923706055,33.53000259399414,-89.33000183105469,False,16,1,2738,31583,4000,46310,10,20
almanac,A549/ATCC,bo_selection,ours+zero,3,750,681239,4.999999873689376e-06,3.000000106112566e-07,-75.47000122070312,13.860000610351562,-89.33000183105469,False,3,1,134,1463,4000,46310,10,20
almanac,A549/ATCC,bo_selection,ours+zero,4,279836,754143,4.999999987376214e-07,9.99999993922529e-09,-54.41600036621094,34.91400146484375,-89.33000183105469,False,25,1,3240,37393,4000,46310,10,20
almanac,A549/ATCC,bo_selection,ours+zero,5,718781,754143,1.9999999949504854e-06,9.99999993922529e-09,-71.04000091552734,18.290000915527344,-89.33000183105469,False,17,1,3736,43240,4000,46310,10,20
almanac,A549/ATCC,bo_selection,ours+zero,6,606869,760766,9.999999974752427e-07,1.9999999949504854e-06,2.806999921798706,92.1370017528534,-89.33000183105469,False,16,1,3401,39301,4000,46310,10,20
almanac,A549/ATCC,bo_selection,ours+zero,7,750,24559,4.999999873689376e-05,9.999999974752427e-07,-62.52000045776367,26.810001373291016,-89.33000183105469,False,8,1,86,998,4000,46310,10,20
almanac,A549/ATCC,bo_selection,ours+zero,8,119875,747973,1.9999999494757503e-05,3.000000106112566e-07,-22.209999084472656,67.12000274658203,-89.33000183105469,False,27,1,2494,28943,4000,46310,10,20
almanac,A549/ATCC,bo_selection,ours+zero,9,606869,760766,9.999999974752427e-07,1.9999999949504854e-06,2.806999921798706,92.1370017528534,-89.33000183105469,False,13,1,3401,39301,4000,46310,10,20
almanac,A549/ATCC,bo_selection,random,0,19893,109724,9.999999747378752e-05,9.999999747378752e-05,11.850000381469727,101.18000030517578,-89.33000183105469,False,13,1,1042,11906,4000,46310,10,20
almanac,A549/ATCC,bo_selection,random,1,105014,118218,9.999999974752427e-07,6.000000212225132e-06,-18.1200008392334,71.20999908447266,-89.33000183105469,False,20,1,2316,26792,4000,46310,10,20
almanac,A549/ATCC,bo_selection,random,2,26980,713563,4.999999987376214e-07,9.999999747378752e-05,8.017999649047852,97.3479995727539,-89.33000183105469,False,12,1,1323,15245,4000,46310,10,20
almanac,A549/ATCC,bo_selection,random,3,750,681239,4.999999873689376e-06,3.000000106112566e-07,-75.47000122070312,13.860000610351562,-89.33000183105469,False,3,1,134,1463,4000,46310,10,20
almanac,A549/ATCC,bo_selection,random,4,63878,754230,9.99999993922529e-09,5.999999802552836e-11,6.239999771118164,95.56999969482422,-89.33000183105469,False,18,1,1826,21061,4000,46310,10,20
almanac,A549/ATCC,bo_selection,random,5,362856,754230,1.9999999949504854e-06,5.999999802552836e-11,4.429999828338623,93.76000213623047,-89.33000183105469,False,9,1,3316,38181,4000,46310,10,20
almanac,A549/ATCC,bo_selection,random,6,701852,754230,1.0000000116860974e-07,5.999999802552836e-11,5.400000095367432,94.7300033569336,-89.33000183105469,False,12,1,3635,41997,4000,46310,10,20
almanac,A549/ATCC,bo_selection,random,7,45923,754143,6.000000212225132e-06,9.99999993922529e-09,-81.9800033569336,7.349998474121094,-89.33000183105469,False,17,1,1723,19727,4000,46310,10,20
almanac,A549/ATCC,bo_selection,random,8,125066,246131,1.0000000116860974e-07,1.9999999494757503e-05,-15.119999885559082,74.20999908447266,-89.33000183105469,False,15,1,2667,30695,4000,46310,10,20
almanac,A549/ATCC,bo_selection,random,9,24559,66847,9.999999974752427e-07,1.0000000116860974e-07,-17.75,71.58000183105469,-89.33000183105469,False,24,1,1094,12597,4000,46310,10,20
almanac,A549/ATCC,bo_selection,tanimoto+zero,0,713563,754143,9.999999747378752e-05,9.999999717180685e-10,-11.210000038146973,78.12000179290771,-89.33000183105469,False,20,1,3687,42759,4000,46310,10,20
almanac,A549/ATCC,bo_selection,tanimoto+zero,1,713563,754143,9.999999747378752e-05,9.999999717180685e-10,-11.210000038146973,78.12000179290771,-89.33000183105469,False,21,1,3687,42759,4000,46310,10,20
almanac,A549/ATCC,bo_selection,tanimoto+zero,2,752,38721,9.999999747378752e-06,1.9999999494757503e-05,9.116999626159668,98.44700145721436,-89.33000183105469,False,8,1,181,1943,4000,46310,10,20
almanac,A549/ATCC,bo_selection,tanimoto+zero,3,750,681239,4.999999873689376e-06,3.000000106112566e-07,-75.47000122070312,13.860000610351562,-89.33000183105469,False,3,1,134,1463,4000,46310,10,20
almanac,A549/ATCC,bo_selection,tanimoto+zero,4,19893,681239,9.999999747378752e-05,5.00000006675716e-11,13.555999755859375,102.88600158691406,-89.33000183105469,False,22,1,1062,12183,4000,46310,10,20
almanac,A549/ATCC,bo_selection,tanimoto+zero,5,713563,754143,9.999999747378752e-05,9.999999717180685e-10,-11.210000038146973,78.12000179290771,-89.33000183105469,False,23,1,3687,42759,4000,46310,10,20
almanac,A549/ATCC,bo_selection,tanimoto+zero,6,713563,754143,9.999999747378752e-05,9.999999717180685e-10,-11.210000038146973,78.12000179290771,-89.33000183105469,False,13,1,3687,42759,4000,46310,10,20
almanac,A549/ATCC,bo_selection,tanimoto+zero,7,750,24559,4.999999873689376e-05,9.999999974752427e-07,-62.52000045776367,26.810001373291016,-89.33000183105469,False,8,1,86,998,4000,46310,10,20
almanac,A549/ATCC,bo_selection,tanimoto+zero,8,19893,681239,9.999999747378752e-05,5.00000006675716e-11,13.555999755859375,102.88600158691406,-89.33000183105469,False,19,1,1062,12183,4000,46310,10,20
almanac,A549/ATCC,bo_selection,tanimoto+zero,9,752,13875,9.999999747378752e-06,7.499999810534064e-06,13.435999870300293,102.76600170135498,-89.33000183105469,False,3,1,174,1843,4000,46310,10,20
almanac,A549/ATCC,pool_optimum,pool_optimum,-1,125066,681239,1.0000000116860974e-07,3.000000106112566e-07,-89.33000183105469,0.0,-89.33000183105469,True,-1,1,2680,30830,4000,46310,10,20
almanac,ACHN,bo_selection,act_hamming+zero,0,24559,673596,9.999999974752427e-07,1.000000013351432e-10,-56.91999816894531,32.220001220703125,-89.13999938964844,False,5,1,1125,13083,4000,46823,10,20
almanac,ACHN,bo_selection,act_hamming+zero,1,24559,754143,9.999999974752427e-07,9.99999993922529e-09,-52.880001068115234,36.2599983215332,-89.13999938964844,False,4,1,1149,13328,4000,46823,10,20
almanac,ACHN,bo_selection,act_hamming+zero,2,740,9706,9.999999717180685e-10,4.999999873689376e-06,-26.959999084472656,62.18000030517578,-89.13999938964844,False,18,1,12,83,4000,46823,10,20
almanac,ACHN,bo_selection,act_hamming+zero,3,740,9706,9.999999717180685e-10,4.999999873689376e-06,-26.959999084472656,62.18000030517578,-89.13999938964844,False,18,1,12,83,4000,46823,10,20
almanac,ACHN,bo_selection,act_hamming+zero,4,125066,681239,1.0000000116860974e-07,3.000000106112566e-07,-87.12000274658203,2.0199966430664062,-89.13999938964844,False,4,1,2699,31118,4000,46823,10,20
almanac,ACHN,bo_selection,act_hamming+zero,5,740,9706,9.999999717180685e-10,4.999999873689376e-06,-26.959999084472656,62.18000030517578,-89.13999938964844,False,18,1,12,83,4000,46823,10,20
almanac,ACHN,bo_selection,act_hamming+zero,6,740,9706,9.999999717180685e-10,4.999999873689376e-06,-26.959999084472656,62.18000030517578,-89.13999938964844,False,18,1,12,83,4000,46823,10,20
almanac,ACHN,bo_selection,act_hamming+zero,7,740,9706,9.999999717180685e-10,4.999999873689376e-06,-26.959999084472656,62.18000030517578,-89.13999938964844,False,18,1,12,83,4000,46823,10,20
almanac,ACHN,bo_selection,act_hamming+zero,8,740,9706,9.999999717180685e-10,4.999999873689376e-06,-26.959999084472656,62.18000030517578,-89.13999938964844,False,20,1,12,83,4000,46823,10,20
almanac,ACHN,bo_selection,act_hamming+zero,9,740,9706,9.999999717180685e-10,4.999999873689376e-06,-26.959999084472656,62.18000030517578,-89.13999938964844,False,19,1,12,83,4000,46823,10,20
almanac,ACHN,bo_selection,hamming+zero,0,24559,673596,9.999999974752427e-07,1.000000013351432e-10,-56.91999816894531,32.220001220703125,-89.13999938964844,False,5,1,1125,13083,4000,46823,10,20
almanac,ACHN,bo_selection,hamming+zero,1,24559,754143,9.999999974752427e-07,9.99999993922529e-09,-52.880001068115234,36.2599983215332,-89.13999938964844,False,4,1,1149,13328,4000,46823,10,20
almanac,ACHN,bo_selection,hamming+zero,2,740,9706,9.999999717180685e-10,4.999999873689376e-06,-26.959999084472656,62.18000030517578,-89.13999938964844,False,18,1,12,83,4000,46823,10,20
almanac,ACHN,bo_selection,hamming+zero,3,740,9706,9.999999717180685e-10,4.999999873689376e-06,-26.959999084472656,62.18000030517578,-89.13999938964844,False,20,1,12,83,4000,46823,10,20
almanac,ACHN,bo_selection,hamming+zero,4,125066,681239,1.0000000116860974e-07,3.000000106112566e-07,-87.12000274658203,2.0199966430664062,-89.13999938964844,False,4,1,2699,31118,4000,46823,10,20
almanac,ACHN,bo_selection,hamming+zero,5,740,9706,9.999999717180685e-10,4.999999873689376e-06,-26.959999084472656,62.18000030517578,-89.13999938964844,False,18,1,12,83,4000,46823,10,20
almanac,ACHN,bo_selection,hamming+zero,6,740,9706,9.999999717180685e-10,4.999999873689376e-06,-26.959999084472656,62.18000030517578,-89.13999938964844,False,18,1,12,83,4000,46823,10,20
almanac,ACHN,bo_selection,hamming+zero,7,740,9706,9.999999717180685e-10,4.999999873689376e-06,-26.959999084472656,62.18000030517578,-89.13999938964844,False,18,1,12,83,4000,46823,10,20
almanac,ACHN,bo_selection,hamming+zero,8,740,9706,9.999999717180685e-10,4.999999873689376e-06,-26.959999084472656,62.18000030517578,-89.13999938964844,False,20,1,12,83,4000,46823,10,20
almanac,ACHN,bo_selection,hamming+zero,9,740,9706,9.999999717180685e-10,4.999999873689376e-06,-26.959999084472656,62.18000030517578,-89.13999938964844,False,19,1,12,83,4000,46823,10,20
almanac,ACHN,bo_selection,linear_curve,0,105014,119875,9.999999974752427e-07,1.9999999494757503e-05,-68.66999816894531,20.470001220703125,-89.13999938964844,False,17,1,2335,27071,4000,46823,10,20
almanac,ACHN,bo_selection,linear_curve,1,26271,681239,9.999999974752427e-07,3.000000106112566e-07,-87.26000213623047,1.8799972534179688,-89.13999938964844,False,18,1,1244,14591,4000,46823,10,20
almanac,ACHN,bo_selection,linear_curve,2,125066,681239,1.0000000116860974e-07,3.000000106112566e-07,-87.12000274658203,2.0199966430664062,-89.13999938964844,False,10,1,2699,31118,4000,46823,10,20
almanac,ACHN,bo_selection,linear_curve,3,19893,713563,9.999999747378752e-05,9.999999747378752e-05,-69.08000183105469,20.05999755859375,-89.13999938964844,False,16,1,1073,12365,4000,46823,10,20
almanac,ACHN,bo_selection,linear_curve,4,26271,681239,9.999999974752427e-07,3.000000106112566e-07,-87.26000213623047,1.8799972534179688,-89.13999938964844,False,29,1,1244,14591,4000,46823,10,20
almanac,ACHN,bo_selection,linear_curve,5,125066,681239,1.0000000116860974e-07,3.000000106112566e-07,-87.12000274658203,2.0199966430664062,-89.13999938964844,False,10,1,2699,31118,4000,46823,10,20
almanac,ACHN,bo_selection,linear_curve,6,92859,119875,6.000000212225132e-06,1.9999999494757503e-05,-78.44000244140625,10.699996948242188,-89.13999938964844,False,26,1,2236,25883,4000,46823,10,20
almanac,ACHN,bo_selection,linear_curve,7,19893,713563,9.999999747378752e-05,9.999999747378752e-05,-69.08000183105469,20.05999755859375,-89.13999938964844,False,11,1,1073,12365,4000,46823,10,20
almanac,ACHN,bo_selection,linear_curve,8,19893,713563,9.999999747378752e-05,9.999999747378752e-05,-69.08000183105469,20.05999755859375,-89.13999938964844,False,24,1,1073,12365,4000,46823,10,20
almanac,ACHN,bo_selection,linear_curve,9,19893,713563,9.999999747378752e-05,9.999999747378752e-05,-69.08000183105469,20.05999755859375,-89.13999938964844,False,23,1,1073,12365,4000,46823,10,20
almanac,ACHN,bo_selection,ours+zero,0,24559,673596,9.999999974752427e-07,1.000000013351432e-10,-56.91999816894531,32.220001220703125,-89.13999938964844,False,5,1,1125,13083,4000,46823,10,20
almanac,ACHN,bo_selection,ours+zero,1,24559,754143,9.999999974752427e-07,9.99999993922529e-09,-52.880001068115234,36.2599983215332,-89.13999938964844,False,4,1,1149,13328,4000,46823,10,20
almanac,ACHN,bo_selection,ours+zero,2,8806,25154,9.999999747378752e-06,1.9999999494757503e-05,-59.17100143432617,29.968997955322266,-89.13999938964844,False,15,1,699,7937,4000,46823,10,20
almanac,ACHN,bo_selection,ours+zero,3,82151,279836,1.999999943436137e-09,4.999999987376214e-07,-56.17100143432617,32.968997955322266,-89.13999938964844,False,12,1,2139,24806,4000,46823,10,20
almanac,ACHN,bo_selection,ours+zero,4,125066,681239,1.0000000116860974e-07,3.000000106112566e-07,-87.12000274658203,2.0199966430664062,-89.13999938964844,False,4,1,2699,31118,4000,46823,10,20
almanac,ACHN,bo_selection,ours+zero,5,82151,279836,1.999999943436137e-09,4.999999987376214e-07,-56.17100143432617,32.968997955322266,-89.13999938964844,False,13,1,2139,24806,4000,46823,10,20
almanac,ACHN,bo_selection,ours+zero,6,82151,279836,1.999999943436137e-09,4.999999987376214e-07,-56.17100143432617,32.968997955322266,-89.13999938964844,False,21,1,2139,24806,4000,46823,10,20
almanac,ACHN,bo_selection,ours+zero,7,125066,681239,1.0000000116860974e-07,3.000000106112566e-07,-87.12000274658203,2.0199966430664062,-89.13999938964844,False,10,1,2699,31118,4000,46823,10,20
almanac,ACHN,bo_selection,ours+zero,8,8806,9706,1.9999999494757503e-05,4.999999873689376e-06,-58.29999923706055,30.84000015258789,-89.13999938964844,False,18,1,695,7883,4000,46823,10,20
almanac,ACHN,bo_selection,ours+zero,9,125066,681239,1.0000000116860974e-07,3.000000106112566e-07,-87.12000274658203,2.0199966430664062,-89.13999938964844,False,10,1,2699,31118,4000,46823,10,20
almanac,ACHN,bo_selection,random,0,24559,673596,9.999999974752427e-07,1.000000013351432e-10,-56.91999816894531,32.220001220703125,-89.13999938964844,False,5,1,1125,13083,4000,46823,10,20
almanac,ACHN,bo_selection,random,1,24559,754143,9.999999974752427e-07,9.99999993922529e-09,-52.880001068115234,36.2599983215332,-89.13999938964844,False,4,1,1149,13328,4000,46823,10,20
almanac,ACHN,bo_selection,random,2,747599,754230,9.99999993922529e-09,5.999999941330714e-10,-14.239999771118164,74.9000015258789,-89.13999938964844,False,5,1,3914,45727,4000,46823,10,20
almanac,ACHN,bo_selection,random,3,63878,296961,9.999999974752427e-07,9.999999747378752e-05,-10.850000381469727,78.29000091552734,-89.13999938964844,False,4,1,1810,20942,4000,46823,10,20
almanac,ACHN,bo_selection,random,4,125066,681239,1.0000000116860974e-07,3.000000106112566e-07,-87.12000274658203,2.0199966430664062,-89.13999938964844,False,4,1,2699,31118,4000,46823,10,20
almanac,ACHN,bo_selection,random,5,762,712807,4.999999873689376e-06,2.0000000233721948e-07,-27.309999465942383,61.83000183105469,-89.13999938964844,False,16,1,373,4200,4000,46823,10,20
almanac,ACHN,bo_selection,random,6,3088,718781,9.999999747378752e-05,1.9999999949504854e-06,1.2450000047683716,90.38500213623047,-89.13999938964844,False,5,1,600,6803,4000,46823,10,20
almanac,ACHN,bo_selection,random,7,66847,681239,9.999999747378752e-06,3.000000106112566e-07,-89.13999938964844,0.0,-89.13999938964844,True,24,1,1882,21707,4000,46823,10,20
almanac,ACHN,bo_selection,random,8,628503,754230,3.999999975690116e-08,5.999999941330714e-10,-5.849999904632568,83.29000091552734,-89.13999938964844,False,5,1,3543,41047,4000,46823,10,20
almanac,ACHN,bo_selection,random,9,119875,362856,1.9999999494757503e-05,2.0000000233721948e-07,-52.279998779296875,36.86000061035156,-89.13999938964844,False,12,1,2483,28941,4000,46823,10,20
almanac,ACHN,bo_selection,tanimoto+zero,0,24559,673596,9.999999974752427e-07,1.000000013351432e-10,-56.91999816894531,32.220001220703125,-89.13999938964844,False,5,1,1125,13083,4000,46823,10,20
almanac,ACHN,bo_selection,tanimoto+zero,1,24559,754143,9.999999974752427e-07,9.99999993922529e-09,-52.880001068115234,36.2599983215332,-89.13999938964844,False,4,1,1149,13328,4000,46823,10,20
almanac,ACHN,bo_selection,tanimoto+zero,2,92859,119875,6.000000212225132e-06,1.9999999494757503e-05,-78.44000244140625,10.699996948242188,-89.13999938964844,False,11,1,2236,25883,4000,46823,10,20
almanac,ACHN,bo_selection,tanimoto+zero,3,92859,119875,6.000000212225132e-06,1.9999999494757503e-05,-78.44000244140625,10.699996948242188,-89.13999938964844,False,14,1,2236,25883,4000,46823,10,20
almanac,ACHN,bo_selection,tanimoto+zero,4,125066,681239,1.0000000116860974e-07,3.000000106112566e-07,-87.12000274658203,2.0199966430664062,-89.13999938964844,False,4,1,2699,31118,4000,46823,10,20
almanac,ACHN,bo_selection,tanimoto+zero,5,19893,713563,9.999999747378752e-05,9.999999747378752e-05,-69.08000183105469,20.05999755859375,-89.13999938964844,False,14,1,1073,12365,4000,46823,10,20
almanac,ACHN,bo_selection,tanimoto+zero,6,92859,119875,6.000000212225132e-06,1.9999999494757503e-05,-78.44000244140625,10.699996948242188,-89.13999938964844,False,11,1,2236,25883,4000,46823,10,20
almanac,ACHN,bo_selection,tanimoto+zero,7,19893,713563,9.999999747378752e-05,9.999999747378752e-05,-69.08000183105469,20.05999755859375,-89.13999938964844,False,18,1,1073,12365,4000,46823,10,20
almanac,ACHN,bo_selection,tanimoto+zero,8,119875,719345,1.9999999494757503e-05,4.0000000467443897e-07,-51.529998779296875,37.61000061035156,-89.13999938964844,False,29,1,2501,29123,4000,46823,10,20
almanac,ACHN,bo_selection,tanimoto+zero,9,119875,719345,1.9999999494757503e-05,4.0000000467443897e-07,-51.529998779296875,37.61000061035156,-89.13999938964844,False,11,1,2501,29123,4000,46823,10,20
almanac,ACHN,pool_optimum,pool_optimum,-1,66847,681239,9.999999747378752e-06,3.000000106112566e-07,-89.13999938964844,0.0,-89.13999938964844,True,-1,1,1882,21707,4000,46823,10,20
almanac,BT-549,bo_selection,act_hamming+zero,0,740,49842,1.0000000116860974e-07,2.999999970665357e-10,35.86000061035156,134.69000244140625,-98.83000183105469,False,29,1,27,204,4000,46229,10,20
almanac,BT-549,bo_selection,act_hamming+zero,1,24559,753082,1.0000000116860974e-07,4.999999987376214e-07,-65.02899932861328,33.801002502441406,-98.83000183105469,False,4,1,1149,13210,4000,46229,10,20
almanac,BT-549,bo_selection,act_hamming+zero,2,752,34462,9.999999974752427e-07,4.999999873689376e-05,22.97800064086914,121.80800247192383,-98.83000183105469,False,8,1,181,1940,4000,46229,10,20
almanac,BT-549,bo_selection,act_hamming+zero,3,92859,409962,6.000000212225132e-06,1.9999999949504854e-06,-84.55000305175781,14.279998779296875,-98.83000183105469,False,9,1,2253,25792,4000,46229,10,20
almanac,BT-549,bo_selection,act_hamming+zero,4,3088,79037,9.999999747378752e-05,4.999999873689376e-06,34.07699966430664,132.90700149536133,-98.83000183105469,False,5,1,567,6307,4000,46229,10,20
almanac,BT-549,bo_selection,act_hamming+zero,5,3053,180973,1.0000000116860974e-07,7.000000096013537e-06,-96.05999755859375,2.7700042724609375,-98.83000183105469,False,10,1,516,5651,4000,46229,10,20
almanac,BT-549,bo_selection,act_hamming+zero,6,125973,756645,5.99999978589949e-08,1.0000000116860974e-07,3.0139999389648438,101.84400177001953,-98.83000183105469,False,0,1,2757,31543,4000,46229,10,20
almanac,BT-549,bo_selection,act_hamming+zero,7,38721,122819,2.0000000233721948e-07,9.999999974752427e-07,18.863000869750977,117.69300270080566,-98.83000183105469,False,5,1,1553,17867,4000,46229,10,20
almanac,BT-549,bo_selection,act_hamming+zero,8,750,105014,4.999999873689376e-05,1.0000000116860974e-07,32.560001373291016,131.3900032043457,-98.83000183105469,False,0,1,107,1186,4000,46229,10,20
almanac,BT-549,bo_selection,act_hamming+zero,9,85998,218321,9.999999747378752e-05,9.999999974752427e-07,-83.80999755859375,15.020004272460938,-98.83000183105469,False,1,1,2198,25136,4000,46229,10,20
almanac,BT-549,bo_selection,hamming+zero,0,740,49842,1.0000000116860974e-07,2.999999970665357e-10,35.86000061035156,134.69000244140625,-98.83000183105469,False,29,1,27,204,4000,46229,10,20
almanac,BT-549,bo_selection,hamming+zero,1,24559,753082,1.0000000116860974e-07,4.999999987376214e-07,-65.02899932861328,33.801002502441406,-98.83000183105469,False,4,1,1149,13210,4000,46229,10,20
almanac,BT-549,bo_selection,hamming+zero,2,752,34462,9.999999974752427e-07,4.999999873689376e-05,22.97800064086914,121.80800247192383,-98.83000183105469,False,8,1,181,1940,4000,46229,10,20
almanac,BT-549,bo_selection,hamming+zero,3,92859,409962,6.000000212225132e-06,1.9999999949504854e-06,-84.55000305175781,14.279998779296875,-98.83000183105469,False,9,1,2253,25792,4000,46229,10,20
almanac,BT-549,bo_selection,hamming+zero,4,3088,79037,9.999999747378752e-05,4.999999873689376e-06,34.07699966430664,132.90700149536133,-98.83000183105469,False,5,1,567,6307,4000,46229,10,20
almanac,BT-549,bo_selection,hamming+zero,5,3053,180973,1.0000000116860974e-07,7.000000096013537e-06,-96.05999755859375,2.7700042724609375,-98.83000183105469,False,10,1,516,5651,4000,46229,10,20
almanac,BT-549,bo_selection,hamming+zero,6,125973,756645,5.99999978589949e-08,1.0000000116860974e-07,3.0139999389648438,101.84400177001953,-98.83000183105469,False,0,1,2757,31543,4000,46229,10,20
almanac,BT-549,bo_selection,hamming+zero,7,38721,122819,2.0000000233721948e-07,9.999999974752427e-07,18.863000869750977,117.69300270080566,-98.83000183105469,False,5,1,1553,17867,4000,46229,10,20
almanac,BT-549,bo_selection,hamming+zero,8,750,105014,4.999999873689376e-05,1.0000000116860974e-07,32.560001373291016,131.3900032043457,-98.83000183105469,False,0,1,107,1186,4000,46229,10,20
almanac,BT-549,bo_selection,hamming+zero,9,85998,218321,9.999999747378752e-05,9.999999974752427e-07,-83.80999755859375,15.020004272460938,-98.83000183105469,False,1,1,2198,25136,4000,46229,10,20
almanac,BT-549,bo_selection,linear_curve,0,18509,24559,9.999999747378752e-05,9.999999974752427e-07,-84.88999938964844,13.94000244140625,-98.83000183105469,False,28,1,952,11006,4000,46229,10,20
almanac,BT-549,bo_selection,linear_curve,1,24559,753082,1.0000000116860974e-07,4.999999987376214e-07,-65.02899932861328,33.801002502441406,-98.83000183105469,False,4,1,1149,13210,4000,46229,10,20
almanac,BT-549,bo_selection,linear_curve,2,67574,246131,1.0000000116860974e-07,1.9999999494757503e-05,-89.91000366210938,8.919998168945312,-98.83000183105469,False,14,1,1915,22040,4000,46229,10,20
almanac,BT-549,bo_selection,linear_curve,3,24559,719345,9.999999974752427e-07,3.999999975690116e-08,-91.61000061035156,7.220001220703125,-98.83000183105469,False,24,1,1137,13075,4000,46229,10,20
almanac,BT-549,bo_selection,linear_curve,4,67574,246131,1.0000000116860974e-07,1.9999999494757503e-05,-89.91000366210938,8.919998168945312,-98.83000183105469,False,22,1,1915,22040,4000,46229,10,20
almanac,BT-549,bo_selection,linear_curve,5,713563,761432,9.99999993922529e-09,5.000000058430487e-08,-49.465999603271484,49.3640022277832,-98.83000183105469,False,16,1,3713,42757,4000,46229,10,20
almanac,BT-549,bo_selection,linear_curve,6,92859,747599,6.000000212225132e-06,1.0000000116860974e-07,-89.77999877929688,9.050003051757812,-98.83000183105469,False,24,1,2273,26026,4000,46229,10,20
almanac,BT-549,bo_selection,linear_curve,7,67574,246131,1.0000000116860974e-07,1.9999999494757503e-05,-89.91000366210938,8.919998168945312,-98.83000183105469,False,20,1,1915,22040,4000,46229,10,20
almanac,BT-549,bo_selection,linear_curve,8,67574,246131,1.0000000116860974e-07,1.9999999494757503e-05,-89.91000366210938,8.919998168945312,-98.83000183105469,False,28,1,1915,22040,4000,46229,10,20
almanac,BT-549,bo_selection,linear_curve,9,92859,125973,6.000000212225132e-06,3.000000106112566e-07,-85.6500015258789,13.180000305175781,-98.83000183105469,False,17,1,2239,25640,4000,46229,10,20
almanac,BT-549,bo_selection,ours+zero,0,125973,754143,3.000000106112566e-07,9.99999993922529e-09,-39.61000061035156,59.220001220703125,-98.83000183105469,False,21,1,2752,31517,4000,46229,10,20
almanac,BT-549,bo_selection,ours+zero,1,24559,753082,1.0000000116860974e-07,4.999999987376214e-07,-65.02899932861328,33.801002502441406,-98.83000183105469,False,4,1,1149,13210,4000,46229,10,20
almanac,BT-549,bo_selection,ours+zero,2,71423,761432,2.9999999242136255e-05,5.000000058430487e-08,-33.750999450683594,65.0790023803711,-98.83000183105469,False,13,1,2011,23111,4000,46229,10,20
almanac,BT-549,bo_selection,ours+zero,3,92859,409962,6.000000212225132e-06,1.9999999949504854e-06,-84.55000305175781,14.279998779296875,-98.83000183105469,False,9,1,2253,25792,4000,46229,10,20
almanac,BT-549,bo_selection,ours+zero,4,681239,701852,3.000000106112566e-07,9.999999974752427e-07,-95.25,3.5800018310546875,-98.83000183105469,False,13,1,3561,40885,4000,46229,10,20
almanac,BT-549,bo_selection,ours+zero,5,713563,719345,9.999999747378752e-05,3.000000106112566e-07,-57.263999938964844,41.566001892089844,-98.83000183105469,False,16,1,3690,42558,4000,46229,10,20
almanac,BT-549,bo_selection,ours+zero,6,125973,681239,2.999999892949745e-08,3.000000106112566e-07,-95.31999969482422,3.5100021362304688,-98.83000183105469,False,11,1,2733,31271,4000,46229,10,20
almanac,BT-549,bo_selection,ours+zero,7,71423,761432,2.9999999242136255e-05,5.000000058430487e-08,-33.750999450683594,65.0790023803711,-98.83000183105469,False,10,1,2011,23111,4000,46229,10,20
almanac,BT-549,bo_selection,ours+zero,8,125973,681239,2.999999892949745e-08,3.000000106112566e-07,-95.31999969482422,3.5100021362304688,-98.83000183105469,False,10,1,2733,31271,4000,46229,10,20
almanac,BT-549,bo_selection,ours+zero,9,85998,218321,9.999999747378752e-05,9.999999974752427e-07,-83.80999755859375,15.020004272460938,-98.83000183105469,False,1,1,2198,25136,4000,46229,10,20
almanac,BT-549,bo_selection,random,0,18509,92859,9.999999747378752e-05,6.000000212225132e-06,-79.62000274658203,19.209999084472656,-98.83000183105469,False,10,1,969,11177,4000,46229,10,20
almanac,BT-549,bo_selection,random,1,24559,753082,1.0000000116860974e-07,4.999999987376214e-07,-65.02899932861328,33.801002502441406,-98.83000183105469,False,4,1,1149,13210,4000,46229,10,20
almanac,BT-549,bo_selection,random,2,715055,754143,1.0000000116860974e-07,9.99999993922529e-09,-62.6510009765625,36.17900085449219,-98.83000183105469,False,21,1,3732,42946,4000,46229,10,20
almanac,BT-549,bo_selection,random,3,92859,409962,6.000000212225132e-06,1.9999999949504854e-06,-84.55000305175781,14.279998779296875,-98.83000183105469,False,9,1,2253,25792,4000,46229,10,20
almanac,BT-549,bo_selection,random,4,608210,673596,9.999999974752427e-07,2.999999892949745e-08,13.036999702453613,111.86700439453125,-98.83000183105469,False,15,1,3419,39274,4000,46229,10,20
almanac,BT-549,bo_selection,random,5,125973,754143,3.000000106112566e-07,9.99999993922529e-09,-39.61000061035156,59.220001220703125,-98.83000183105469,False,19,1,2752,31517,4000,46229,10,20
almanac,BT-549,bo_selection,random,6,125973,756645,5.99999978589949e-08,1.0000000116860974e-07,3.0139999389648438,101.84400177001953,-98.83000183105469,False,0,1,2757,31543,4000,46229,10,20
almanac,BT-549,bo_selection,random,7,732517,761432,1.0000000116860974e-07,4.999999969612645e-09,3.446000099182129,102.2760009765625,-98.83000183105469,False,10,1,3852,44427,4000,46229,10,20
almanac,BT-549,bo_selection,random,8,105014,628503,9.999999974752427e-07,3.999999886872274e-09,13.720000267028809,112.55000305175781,-98.83000183105469,False,22,1,2351,27025,4000,46229,10,20
almanac,BT-549,bo_selection,random,9,85998,218321,9.999999747378752e-05,9.999999974752427e-07,-83.80999755859375,15.020004272460938,-98.83000183105469,False,1,1,2198,25136,4000,46229,10,20
almanac,BT-549,bo_selection,tanimoto+zero,0,673596,713563,2.999999970665357e-10,9.999999747378752e-05,-47.91299819946289,50.9170036315918,-98.83000183105469,False,19,1,3540,40609,4000,46229,10,20
almanac,BT-549,bo_selection,tanimoto+zero,1,24559,753082,1.0000000116860974e-07,4.999999987376214e-07,-65.02899932861328,33.801002502441406,-98.83000183105469,False,4,1,1149,13210,4000,46229,10,20
almanac,BT-549,bo_selection,tanimoto+zero,2,673596,713563,2.999999970665357e-10,9.999999747378752e-05,-47.91299819946289,50.9170036315918,-98.83000183105469,False,16,1,3540,40609,4000,46229,10,20
almanac,BT-549,bo_selection,tanimoto+zero,3,92859,409962,6.000000212225132e-06,1.9999999949504854e-06,-84.55000305175781,14.279998779296875,-98.83000183105469,False,9,1,2253,25792,4000,46229,10,20
almanac,BT-549,bo_selection,tanimoto+zero,4,673596,713563,2.999999970665357e-10,9.999999747378752e-05,-47.91299819946289,50.9170036315918,-98.83000183105469,False,13,1,3540,40609,4000,46229,10,20
almanac,BT-549,bo_selection,tanimoto+zero,5,673596,713563,2.999999970665357e-10,9.999999747378752e-05,-47.91299819946289,50.9170036315918,-98.83000183105469,False,21,1,3540,40609,4000,46229,10,20
almanac,BT-549,bo_selection,tanimoto+zero,6,713563,761432,9.999999747378752e-05,5.000000058430487e-08,-42.66899871826172,56.16100311279297,-98.83000183105469,False,26,1,3715,42763,4000,46229,10,20
almanac,BT-549,bo_selection,tanimoto+zero,7,6396,92859,9.999999747378752e-06,6.000000212225132e-06,-86.38999938964844,12.44000244140625,-98.83000183105469,False,20,1,641,7172,4000,46229,10,20
almanac,BT-549,bo_selection,tanimoto+zero,8,750,105014,4.999999873689376e-05,1.0000000116860974e-07,32.560001373291016,131.3900032043457,-98.83000183105469,False,0,1,107,1186,4000,46229,10,20
almanac,BT-549,bo_selection,tanimoto+zero,9,85998,218321,9.999999747378752e-05,9.999999974752427e-07,-83.80999755859375,15.020004272460938,-98.83000183105469,False,1,1,2198,25136,4000,46229,10,20
almanac,BT-549,pool_optimum,pool_optimum,-1,24559,226080,9.999999974752427e-07,9.99999993922529e-09,-98.83000183105469,0.0,-98.83000183105469,True,-1,1,1116,12832,4000,46229,10,20
almanac,CAKI-1,bo_selection,act_hamming+zero,0,740,762,1.0000000116860974e-07,4.999999987376214e-07,-20.459999084472656,64.91999816894531,-85.37999725341797,False,13,1,3,34,4000,46121,10,20
almanac,CAKI-1,bo_selection,act_hamming+zero,1,740,762,1.0000000116860974e-07,4.999999987376214e-07,-20.459999084472656,64.91999816894531,-85.37999725341797,False,14,1,3,34,4000,46121,10,20
almanac,CAKI-1,bo_selection,act_hamming+zero,2,24559,32065,9.999999974752427e-07,1.9999999949504854e-06,-28.639999389648438,56.73999786376953,-85.37999725341797,False,3,1,1080,12274,4000,46121,10,20
almanac,CAKI-1,bo_selection,act_hamming+zero,3,740,762,1.0000000116860974e-07,4.999999987376214e-07,-20.459999084472656,64.91999816894531,-85.37999725341797,False,13,1,3,34,4000,46121,10,20
almanac,CAKI-1,bo_selection,act_hamming+zero,4,740,762,1.0000000116860974e-07,4.999999987376214e-07,-20.459999084472656,64.91999816894531,-85.37999725341797,False,12,1,3,34,4000,46121,10,20
almanac,CAKI-1,bo_selection,act_hamming+zero,5,740,762,1.0000000116860974e-07,4.999999987376214e-07,-20.459999084472656,64.91999816894531,-85.37999725341797,False,12,1,3,34,4000,46121,10,20
almanac,CAKI-1,bo_selection,act_hamming+zero,6,740,762,1.0000000116860974e-07,4.999999987376214e-07,-20.459999084472656,64.91999816894531,-85.37999725341797,False,12,1,3,34,4000,46121,10,20
almanac,CAKI-1,bo_selection,act_hamming+zero,7,740,762,1.0000000116860974e-07,4.999999987376214e-07,-20.459999084472656,64.91999816894531,-85.37999725341797,False,12,1,3,34,4000,46121,10,20
almanac,CAKI-1,bo_selection,act_hamming+zero,8,740,762,1.0000000116860974e-07,4.999999987376214e-07,-20.459999084472656,64.91999816894531,-85.37999725341797,False,12,1,3,34,4000,46121,10,20
almanac,CAKI-1,bo_selection,act_hamming+zero,9,740,762,1.0000000116860974e-07,4.999999987376214e-07,-20.459999084472656,64.91999816894531,-85.37999725341797,False,12,1,3,34,4000,46121,10,20
almanac,CAKI-1,bo_selection,hamming+zero,0,740,762,1.0000000116860974e-07,4.999999987376214e-07,-20.459999084472656,64.91999816894531,-85.37999725341797,False,13,1,3,34,4000,46121,10,20
almanac,CAKI-1,bo_selection,hamming+zero,1,740,762,1.0000000116860974e-07,4.999999987376214e-07,-20.459999084472656,64.91999816894531,-85.37999725341797,False,12,1,3,34,4000,46121,10,20
almanac,CAKI-1,bo_selection,hamming+zero,2,24559,32065,9.999999974752427e-07,1.9999999949504854e-06,-28.639999389648438,56.73999786376953,-85.37999725341797,False,3,1,1080,12274,4000,46121,10,20
almanac,CAKI-1,bo_selection,hamming+zero,3,740,762,1.0000000116860974e-07,4.999999987376214e-07,-20.459999084472656,64.91999816894531,-85.37999725341797,False,12,1,3,34,4000,46121,10,20
almanac,CAKI-1,bo_selection,hamming+zero,4,740,762,1.0000000116860974e-07,4.999999987376214e-07,-20.459999084472656,64.91999816894531,-85.37999725341797,False,12,1,3,34,4000,46121,10,20
almanac,CAKI-1,bo_selection,hamming+zero,5,740,762,1.0000000116860974e-07,4.999999987376214e-07,-20.459999084472656,64.91999816894531,-85.37999725341797,False,12,1,3,34,4000,46121,10,20
almanac,CAKI-1,bo_selection,hamming+zero,6,740,762,1.0000000116860974e-07,4.999999987376214e-07,-20.459999084472656,64.91999816894531,-85.37999725341797,False,12,1,3,34,4000,46121,10,20
almanac,CAKI-1,bo_selection,hamming+zero,7,740,762,1.0000000116860974e-07,4.999999987376214e-07,-20.459999084472656,64.91999816894531,-85.37999725341797,False,12,1,3,34,4000,46121,10,20
almanac,CAKI-1,bo_selection,hamming+zero,8,740,762,1.0000000116860974e-07,4.999999987376214e-07,-20.459999084472656,64.91999816894531,-85.37999725341797,False,12,1,3,34,4000,46121,10,20
almanac,CAKI-1,bo_selection,hamming+zero,9,740,762,1.0000000116860974e-07,4.999999987376214e-07,-20.459999084472656,64.91999816894531,-85.37999725341797,False,12,1,3,34,4000,46121,10,20
almanac,CAKI-1,bo_selection,linear_curve,0,279836,761432,4.999999987376214e-07,4.999999969612645e-09,-39.00299835205078,46.37699890136719,-85.37999725341797,False,21,1,3248,37158,4000,46121,10,20
almanac,CAKI-1,bo_selection,linear_curve,1,246131,701852,1.9999999494757503e-05,9.999999974752427e-07,-84.55000305175781,0.8299942016601562,-85.37999725341797,False,12,1,3094,35333,4000,46121,10,20
almanac,CAKI-1,bo_selection,linear_curve,2,246131,754143,1.9999999494757503e-05,9.999999717180685e-10,-53.83000183105469,31.54999542236328,-85.37999725341797,False,26,2,3108,35521,4000,46121,10,20
almanac,CAKI-1,bo_selection,linear_curve,3,246131,701852,1.9999999494757503e-05,9.999999974752427e-07,-84.55000305175781,0.8299942016601562,-85.37999725341797,False,20,1,3094,35333,4000,46121,10,20
almanac,CAKI-1,bo_selection,linear_curve,4,122819,754143,9.999999974752427e-07,9.99999993922529e-09,-71.12799835205078,14.251998901367188,-85.37999725341797,False,25,1,2611,29789,4000,46121,10,20
almanac,CAKI-1,bo_selection,linear_curve,5,122819,754143,9.999999974752427e-07,9.99999993922529e-09,-71.12799835205078,14.251998901367188,-85.37999725341797,False,15,1,2611,29789,4000,46121,10,20
almanac,CAKI-1,bo_selection,linear_curve,6,122819,715055,9.999999974752427e-07,9.999999747378752e-06,-57.06800079345703,28.311996459960938,-85.37999725341797,False,19,1,2595,29609,4000,46121,10,20
almanac,CAKI-1,bo_selection,linear_curve,7,246131,701852,1.9999999494757503e-05,9.999999974752427e-07,-84.55000305175781,0.8299942016601562,-85.37999725341797,False,22,1,3094,35333,4000,46121,10,20
almanac,CAKI-1,bo_selection,linear_curve,8,119875,681239,1.9999999494757503e-05,3.000000106112566e-07,-60.31999969482422,25.05999755859375,-85.37999725341797,False,21,1,2480,28439,4000,46121,10,20
almanac,CAKI-1,bo_selection,linear_curve,9,246131,701852,1.9999999494757503e-05,9.999999974752427e-07,-84.55000305175781,0.8299942016601562,-85.37999725341797,False,26,1,3094,35333,4000,46121,10,20
almanac,CAKI-1,bo_selection,ours+zero,0,123127,754143,5.000000058430487e-08,9.99999993922529e-09,-65.1500015258789,20.229995727539062,-85.37999725341797,False,22,1,2651,30299,4000,46121,10,20
almanac,CAKI-1,bo_selection,ours+zero,1,122819,279836,9.99999993922529e-09,4.999999987376214e-07,-31.232999801635742,54.14699745178223,-85.37999725341797,False,14,1,2583,29441,4000,46121,10,20
almanac,CAKI-1,bo_selection,ours+zero,2,25154,105014,2.9999999242136255e-05,9.999999974752427e-07,-34.31999969482422,51.05999755859375,-85.37999725341797,False,11,1,1151,13166,4000,46121,10,20
almanac,CAKI-1,bo_selection,ours+zero,3,123127,246131,4.999999987376214e-07,1.9999999494757503e-05,-41.93000030517578,43.44999694824219,-85.37999725341797,False,13,1,2628,29951,4000,46121,10,20
almanac,CAKI-1,bo_selection,ours+zero,4,19893,761432,9.999999747378752e-05,5.000000058430487e-08,-21.509000778198242,63.87099647521973,-85.37999725341797,False,29,1,1075,12221,4000,46121,10,20
almanac,CAKI-1,bo_selection,ours+zero,5,122819,761432,9.999999974752427e-07,5.000000058430487e-08,-23.54400062561035,61.83599662780762,-85.37999725341797,False,12,1,2616,29843,4000,46121,10,20
almanac,CAKI-1,bo_selection,ours+zero,6,122819,715055,9.999999974752427e-07,9.999999747378752e-06,-57.06800079345703,28.311996459960938,-85.37999725341797,False,20,1,2595,29609,4000,46121,10,20
almanac,CAKI-1,bo_selection,ours+zero,7,123127,246131,4.999999987376214e-07,1.9999999494757503e-05,-41.93000030517578,43.44999694824219,-85.37999725341797,False,16,1,2628,29951,4000,46121,10,20
almanac,CAKI-1,bo_selection,ours+zero,8,279836,732517,4.999999987376214e-07,1.0000000116860974e-07,-52.604000091552734,32.775997161865234,-85.37999725341797,False,15,1,3238,36988,4000,46121,10,20
almanac,CAKI-1,bo_selection,ours+zero,9,3088,608210,9.999999747378752e-05,9.999999974752427e-07,-34.255001068115234,51.124996185302734,-85.37999725341797,False,28,1,582,6434,4000,46121,10,20
almanac,CAKI-1,bo_selection,random,0,24559,747973,9.999999974752427e-07,3.000000106112566e-07,-16.1299991607666,69.25,-85.37999725341797,False,5,1,1125,12887,4000,46121,10,20
almanac,CAKI-1,bo_selection,random,1,79037,122819,4.999999987376214e-07,9.999999974752427e-07,-14.140000343322754,71.23999786376953,-85.37999725341797,False,3,1,2067,23483,4000,46121,10,20
almanac,CAKI-1,bo_selection,random,2,246131,719345,1.9999999494757503e-05,4.0000000467443897e-07,-38.540000915527344,46.839996337890625,-85.37999725341797,False,10,1,3097,35387,4000,46121,10,20
almanac,CAKI-1,bo_selection,random,3,3088,761432,9.999999747378752e-05,5.000000058430487e-08,-30.542999267578125,54.836997985839844,-85.37999725341797,False,27,1,604,6776,4000,46121,10,20
almanac,CAKI-1,bo_selection,random,4,9706,732517,4.999999987376214e-07,1.0000000116860974e-07,0.6000000238418579,85.97999572753906,-85.37999725341797,False,22,1,804,9068,4000,46121,10,20
almanac,CAKI-1,bo_selection,random,5,127716,279836,1.0000000116860974e-07,4.999999987376214e-07,1.0609999895095825,86.44099426269531,-85.37999725341797,False,19,1,2752,31460,4000,46121,10,20
almanac,CAKI-1,bo_selection,random,6,8806,608210,9.999999747378752e-06,9.99999993922529e-09,-5.126999855041504,80.25299835205078,-85.37999725341797,False,13,1,729,8115,4000,46121,10,20
almanac,CAKI-1,bo_selection,random,7,122819,715055,9.999999974752427e-07,9.999999747378752e-06,-57.06800079345703,28.311996459960938,-85.37999725341797,False,26,1,2595,29609,4000,46121,10,20
almanac,CAKI-1,bo_selection,random,8,122819,609699,9.999999974752427e-07,5.000000058430487e-08,5.860000133514404,91.23999786376953,-85.37999725341797,False,2,1,2589,29510,4000,46121,10,20
almanac,CAKI-1,bo_selection,random,9,279836,702294,4.999999987376214e-07,9.999999747378752e-06,7.502999782562256,92.88299560546875,-85.37999725341797,False,23,1,3231,36897,4000,46121,10,20
almanac,CAKI-1,bo_selection,tanimoto+zero,0,24559,713563,1.0000000116860974e-07,9.999999747378752e-05,-56.233001708984375,29.146995544433594,-85.37999725341797,False,21,1,1113,12743,4000,46121,10,20
almanac,CAKI-1,bo_selection,tanimoto+zero,1,13875,19893,7.500000356230885e-05,9.999999747378752e-05,-43.47999954223633,41.89999771118164,-85.37999725341797,False,27,1,820,9197,4000,46121,10,20
almanac,CAKI-1,bo_selection,tanimoto+zero,2,24559,25154,9.999999974752427e-07,3.000000106112566e-07,-40.97999954223633,44.39999771118164,-85.37999725341797,False,19,1,1077,12237,4000,46121,10,20
almanac,CAKI-1,bo_selection,tanimoto+zero,3,63878,715055,4.999999987376214e-07,9.999999747378752e-06,-12.295999526977539,73.08399772644043,-85.37999725341797,False,4,1,1810,20528,4000,46121,10,20
almanac,CAKI-1,bo_selection,tanimoto+zero,4,13875,19893,7.500000356230885e-05,9.999999747378752e-05,-43.47999954223633,41.89999771118164,-85.37999725341797,False,22,1,820,9197,4000,46121,10,20
almanac,CAKI-1,bo_selection,tanimoto+zero,5,82151,713563,2.0000000233721948e-07,9.999999747378752e-05,-47.904998779296875,37.474998474121094,-85.37999725341797,False,27,1,2146,24407,4000,46121,10,20
almanac,CAKI-1,bo_selection,tanimoto+zero,6,19893,34462,9.999999747378752e-05,4.999999873689376e-05,-54.64500045776367,30.734996795654297,-85.37999725341797,False,18,1,1013,11501,4000,46121,10,20
almanac,CAKI-1,bo_selection,tanimoto+zero,7,71423,713563,3.000000106112566e-07,9.999999747378752e-05,-29.569000244140625,55.810997009277344,-85.37999725341797,False,21,1,1986,22511,4000,46121,10,20
almanac,CAKI-1,bo_selection,tanimoto+zero,8,24559,713563,1.0000000116860974e-07,9.999999747378752e-05,-56.233001708984375,29.146995544433594,-85.37999725341797,False,24,1,1113,12743,4000,46121,10,20
almanac,CAKI-1,bo_selection,tanimoto+zero,9,13875,19893,7.500000356230885e-05,9.999999747378752e-05,-43.47999954223633,41.89999771118164,-85.37999725341797,False,15,1,820,9197,4000,46121,10,20
almanac,CAKI-1,pool_optimum,pool_optimum,-1,750,246131,4.999999873689376e-06,1.9999999494757503e-05,-85.37999725341797,0.0,-85.37999725341797,True,-1,1,121,1301,4000,46121,10,20
almanac,CCRF-CEM,bo_selection,act_hamming+zero,0,27640,747973,6.999999868639861e-08,3.000000106112566e-07,-98.88999938964844,0.9000015258789062,-99.79000091552734,False,7,1,1403,15929,4000,45491,10,20
almanac,CCRF-CEM,bo_selection,act_hamming+zero,1,740,24559,1.0000000116860974e-07,9.999999974752427e-07,-97.30999755859375,2.4800033569335938,-99.79000091552734,False,29,1,19,125,4000,45491,10,20
almanac,CCRF-CEM,bo_selection,act_hamming+zero,2,740,24559,1.0000000116860974e-07,9.999999974752427e-07,-97.30999755859375,2.4800033569335938,-99.79000091552734,False,29,1,19,125,4000,45491,10,20
almanac,CCRF-CEM,bo_selection,act_hamming+zero,3,740,24559,1.0000000116860974e-07,9.999999974752427e-07,-97.30999755859375,2.4800033569335938,-99.79000091552734,False,29,1,19,125,4000,45491,10,20
almanac,CCRF-CEM,bo_selection,act_hamming+zero,4,740,24559,1.0000000116860974e-07,9.999999974752427e-07,-97.30999755859375,2.4800033569335938,-99.79000091552734,False,29,1,19,125,4000,45491,10,20
almanac,CCRF-CEM,bo_selection,act_hamming+zero,5,740,24559,1.0000000116860974e-07,9.999999974752427e-07,-97.30999755859375,2.4800033569335938,-99.79000091552734,False,29,1,19,125,4000,45491,10,20
almanac,CCRF-CEM,bo_selection,act_hamming+zero,6,740,24559,1.0000000116860974e-07,9.999999974752427e-07,-97.30999755859375,2.4800033569335938,-99.79000091552734,False,29,1,19,125,4000,45491,10,20
almanac,CCRF-CEM,bo_selection,act_hamming+zero,7,740,24559,1.0000000116860974e-07,9.999999974752427e-07,-97.30999755859375,2.4800033569335938,-99.79000091552734,False,29,1,19,125,4000,45491,10,20
almanac,CCRF-CEM,bo_selection,act_hamming+zero,8,740,24559,1.0000000116860974e-07,9.999999974752427e-07,-97.30999755859375,2.4800033569335938,-99.79000091552734,False,29,1,19,125,4000,45491,10,20
almanac,CCRF-CEM,bo_selection,act_hamming+zero,9,740,24559,1.0000000116860974e-07,9.999999974752427e-07,-97.30999755859375,2.4800033569335938,-99.79000091552734,False,29,1,19,125,4000,45491,10,20
almanac,CCRF-CEM,bo_selection,hamming+zero,0,27640,747973,6.999999868639861e-08,3.000000106112566e-07,-98.88999938964844,0.9000015258789062,-99.79000091552734,False,7,1,1403,15929,4000,45491,10,20
almanac,CCRF-CEM,bo_selection,hamming+zero,1,740,24559,1.0000000116860974e-07,9.999999974752427e-07,-97.30999755859375,2.4800033569335938,-99.79000091552734,False,29,1,19,125,4000,45491,10,20
almanac,CCRF-CEM,bo_selection,hamming+zero,2,740,24559,1.0000000116860974e-07,9.999999974752427e-07,-97.30999755859375,2.4800033569335938,-99.79000091552734,False,29,1,19,125,4000,45491,10,20
almanac,CCRF-CEM,bo_selection,hamming+zero,3,740,24559,1.0000000116860974e-07,9.999999974752427e-07,-97.30999755859375,2.4800033569335938,-99.79000091552734,False,29,1,19,125,4000,45491,10,20
almanac,CCRF-CEM,bo_selection,hamming+zero,4,740,24559,1.0000000116860974e-07,9.999999974752427e-07,-97.30999755859375,2.4800033569335938,-99.79000091552734,False,29,1,19,125,4000,45491,10,20
almanac,CCRF-CEM,bo_selection,hamming+zero,5,740,24559,1.0000000116860974e-07,9.999999974752427e-07,-97.30999755859375,2.4800033569335938,-99.79000091552734,False,29,1,19,125,4000,45491,10,20
almanac,CCRF-CEM,bo_selection,hamming+zero,6,740,24559,1.0000000116860974e-07,9.999999974752427e-07,-97.30999755859375,2.4800033569335938,-99.79000091552734,False,29,1,19,125,4000,45491,10,20
almanac,CCRF-CEM,bo_selection,hamming+zero,7,740,24559,1.0000000116860974e-07,9.999999974752427e-07,-97.30999755859375,2.4800033569335938,-99.79000091552734,False,29,1,19,125,4000,45491,10,20
almanac,CCRF-CEM,bo_selection,hamming+zero,8,740,24559,1.0000000116860974e-07,9.999999974752427e-07,-97.30999755859375,2.4800033569335938,-99.79000091552734,False,29,1,19,125,4000,45491,10,20
almanac,CCRF-CEM,bo_selection,hamming+zero,9,740,24559,1.0000000116860974e-07,9.999999974752427e-07,-97.30999755859375,2.4800033569335938,-99.79000091552734,False,29,1,19,125,4000,45491,10,20
almanac,CCRF-CEM,bo_selection,linear_curve,0,63878,754143,1.0000000116860974e-07,9.99999993922529e-09,-99.79000091552734,0.0,-99.79000091552734,True,22,1,1832,20804,4000,45491,10,20
almanac,CCRF-CEM,bo_selection,linear_curve,1,63878,754143,1.0000000116860974e-07,9.99999993922529e-09,-99.79000091552734,0.0,-99.79000091552734,True,19,1,1832,20804,4000,45491,10,20
almanac,CCRF-CEM,bo_selection,linear_curve,2,63878,754143,1.0000000116860974e-07,9.99999993922529e-09,-99.79000091552734,0.0,-99.79000091552734,True,29,1,1832,20804,4000,45491,10,20
almanac,CCRF-CEM,bo_selection,linear_curve,3,27640,681239,6.999999868639861e-08,3.000000106112566e-07,-97.20999908447266,2.5800018310546875,-99.79000091552734,False,21,1,1385,15731,4000,45491,10,20
almanac,CCRF-CEM,bo_selection,linear_curve,4,63878,747973,1.0000000116860974e-07,2.999999892949745e-08,-98.70999908447266,1.0800018310546875,-99.79000091552734,False,18,1,1828,20758,4000,45491,10,20
almanac,CCRF-CEM,bo_selection,linear_curve,5,27640,681239,6.999999868639861e-08,3.000000106112566e-07,-97.20999908447266,2.5800018310546875,-99.79000091552734,False,27,1,1385,15731,4000,45491,10,20
almanac,CCRF-CEM,bo_selection,linear_curve,6,63878,754143,1.0000000116860974e-07,9.99999993922529e-09,-99.79000091552734,0.0,-99.79000091552734,True,16,1,1832,20804,4000,45491,10,20
almanac,CCRF-CEM,bo_selection,linear_curve,7,67574,754143,1.0000000116860974e-07,9.99999993922529e-09,-99.20999908447266,0.5800018310546875,-99.79000091552734,False,23,1,1941,22031,4000,45491,10,20
almanac,CCRF-CEM,bo_selection,linear_curve,8,63878,754143,1.0000000116860974e-07,9.99999993922529e-09,-99.79000091552734,0.0,-99.79000091552734,True,22,1,1832,20804,4000,45491,10,20
almanac,CCRF-CEM,bo_selection,linear_curve,9,27640,747973,6.999999868639861e-08,3.000000106112566e-07,-98.88999938964844,0.9000015258789062,-99.79000091552734,False,24,1,1403,15929,4000,45491,10,20
almanac,CCRF-CEM,bo_selection,ours+zero,0,27640,747973,6.999999868639861e-08,3.000000106112566e-07,-98.88999938964844,0.9000015258789062,-99.79000091552734,False,7,1,1403,15929,4000,45491,10,20
almanac,CCRF-CEM,bo_selection,ours+zero,1,740,24559,1.0000000116860974e-07,9.999999974752427e-07,-97.30999755859375,2.4800033569335938,-99.79000091552734,False,29,1,19,125,4000,45491,10,20
almanac,CCRF-CEM,bo_selection,ours+zero,2,740,24559,1.0000000116860974e-07,9.999999974752427e-07,-97.30999755859375,2.4800033569335938,-99.79000091552734,False,29,1,19,125,4000,45491,10,20
almanac,CCRF-CEM,bo_selection,ours+zero,3,740,24559,1.0000000116860974e-07,9.999999974752427e-07,-97.30999755859375,2.4800033569335938,-99.79000091552734,False,29,1,19,125,4000,45491,10,20
almanac,CCRF-CEM,bo_selection,ours+zero,4,123127,608210,4.999999969612645e-09,4.999999873689376e-06,-90.80999755859375,8.980003356933594,-99.79000091552734,False,27,1,2640,29855,4000,45491,10,20
almanac,CCRF-CEM,bo_selection,ours+zero,5,740,24559,1.0000000116860974e-07,9.999999974752427e-07,-97.30999755859375,2.4800033569335938,-99.79000091552734,False,29,1,19,125,4000,45491,10,20
almanac,CCRF-CEM,bo_selection,ours+zero,6,369100,606869,7.000000135093387e-09,1.0000000116860974e-07,-88.76000213623047,11.029998779296875,-99.79000091552734,False,23,1,3319,37498,4000,45491,10,20
almanac,CCRF-CEM,bo_selection,ours+zero,7,740,24559,1.0000000116860974e-07,9.999999974752427e-07,-97.30999755859375,2.4800033569335938,-99.79000091552734,False,29,1,19,125,4000,45491,10,20
almanac,CCRF-CEM,bo_selection,ours+zero,8,740,24559,1.0000000116860974e-07,9.999999974752427e-07,-97.30999755859375,2.4800033569335938,-99.79000091552734,False,29,1,19,125,4000,45491,10,20
almanac,CCRF-CEM,bo_selection,ours+zero,9,740,24559,1.0000000116860974e-07,9.999999974752427e-07,-97.30999755859375,2.4800033569335938,-99.79000091552734,False,29,1,19,125,4000,45491,10,20
almanac,CCRF-CEM,bo_selection,random,0,27640,747973,6.999999868639861e-08,3.000000106112566e-07,-98.88999938964844,0.9000015258789062,-99.79000091552734,False,7,1,1403,15929,4000,45491,10,20
almanac,CCRF-CEM,bo_selection,random,1,609699,754143,9.999999717180685e-10,9.99999993922529e-09,-90.19999694824219,9.590003967285156,-99.79000091552734,False,27,1,3454,39133,4000,45491,10,20
almanac,CCRF-CEM,bo_selection,random,2,26980,719276,4.999999987376214e-07,3.999999975690116e-08,-96.75,3.0400009155273438,-99.79000091552734,False,12,1,1323,15072,4000,45491,10,20
almanac,CCRF-CEM,bo_selection,random,3,750,681239,4.999999873689376e-05,3.000000106112566e-07,-92.54000091552734,7.25,-99.79000091552734,False,3,1,134,1439,4000,45491,10,20
almanac,CCRF-CEM,bo_selection,random,4,26980,754143,4.999999987376214e-07,9.99999993922529e-09,-97.80999755859375,1.9800033569335938,-99.79000091552734,False,16,1,1342,15227,4000,45491,10,20
almanac,CCRF-CEM,bo_selection,random,5,3053,606869,9.999999717180685e-10,1.0000000116860974e-07,-95.30999755859375,4.480003356933594,-99.79000091552734,False,2,1,515,5645,4000,45491,10,20
almanac,CCRF-CEM,bo_selection,random,6,34462,66847,4.999999873689376e-05,9.999999974752427e-07,-82.11900329589844,17.670997619628906,-99.79000091552734,False,24,1,1479,16801,4000,45491,10,20
almanac,CCRF-CEM,bo_selection,random,7,67574,92859,1.0000000116860974e-07,6.000000212225132e-07,-89.55000305175781,10.239997863769531,-99.79000091552734,False,6,1,1888,21535,4000,45491,10,20
almanac,CCRF-CEM,bo_selection,random,8,26980,747599,4.999999987376214e-07,1.0000000116860974e-07,-96.55999755859375,3.2300033569335938,-99.79000091552734,False,10,1,1337,15154,4000,45491,10,20
almanac,CCRF-CEM,bo_selection,random,9,27640,63878,6.999999868639861e-08,1.0000000116860974e-07,-96.55999755859375,3.2300033569335938,-99.79000091552734,False,2,1,1354,15352,4000,45491,10,20
almanac,CCRF-CEM,bo_selection,tanimoto+zero,0,27640,747973,6.999999868639861e-08,3.000000106112566e-07,-98.88999938964844,0.9000015258789062,-99.79000091552734,False,7,1,1403,15929,4000,45491,10,20
almanac,CCRF-CEM,bo_selection,tanimoto+zero,1,740,24559,1.0000000116860974e-07,9.999999974752427e-07,-97.30999755859375,2.4800033569335938,-99.79000091552734,False,29,1,19,125,4000,45491,10,20
almanac,CCRF-CEM,bo_selection,tanimoto+zero,2,740,24559,1.0000000116860974e-07,9.999999974752427e-07,-97.30999755859375,2.4800033569335938,-99.79000091552734,False,29,1,19,125,4000,45491,10,20
almanac,CCRF-CEM,bo_selection,tanimoto+zero,3,740,24559,1.0000000116860974e-07,9.999999974752427e-07,-97.30999755859375,2.4800033569335938,-99.79000091552734,False,29,1,19,125,4000,45491,10,20
almanac,CCRF-CEM,bo_selection,tanimoto+zero,4,740,24559,1.0000000116860974e-07,9.999999974752427e-07,-97.30999755859375,2.4800033569335938,-99.79000091552734,False,29,1,19,125,4000,45491,10,20
almanac,CCRF-CEM,bo_selection,tanimoto+zero,5,740,24559,1.0000000116860974e-07,9.999999974752427e-07,-97.30999755859375,2.4800033569335938,-99.79000091552734,False,29,1,19,125,4000,45491,10,20
almanac,CCRF-CEM,bo_selection,tanimoto+zero,6,740,24559,1.0000000116860974e-07,9.999999974752427e-07,-97.30999755859375,2.4800033569335938,-99.79000091552734,False,29,1,19,125,4000,45491,10,20
almanac,CCRF-CEM,bo_selection,tanimoto+zero,7,740,24559,1.0000000116860974e-07,9.999999974752427e-07,-97.30999755859375,2.4800033569335938,-99.79000091552734,False,29,1,19,125,4000,45491,10,20
almanac,CCRF-CEM,bo_selection,tanimoto+zero,8,740,24559,1.0000000116860974e-07,9.999999974752427e-07,-97.30999755859375,2.4800033569335938,-99.79000091552734,False,29,1,19,125,4000,45491,10,20
almanac,CCRF-CEM,bo_selection,tanimoto+zero,9,740,24559,1.0000000116860974e-07,9.999999974752427e-07,-97.30999755859375,2.4800033569335938,-99.79000091552734,False,29,1,19,125,4000,45491,10,20
almanac,CCRF-CEM,pool_optimum,pool_optimum,-1,63878,754143,1.0000000116860974e-07,9.99999993922529e-09,-99.79000091552734,0.0,-99.79000091552734,True,-1,1,1832,20804,4000,45491,10,20
almanac,COLO 205,bo_selection,act_hamming+zero,0,63878,743414,9.999999974752427e-07,5.000000058430487e-08,4.519999980926514,102.13000059127808,-97.61000061035156,False,2,1,1819,20850,4000,46040,10,20
almanac,COLO 205,bo_selection,act_hamming+zero,1,754143,760766,9.99999993922529e-09,1.9999999949504854e-06,-52.70800018310547,44.902000427246094,-97.61000061035156,False,2,1,3972,45778,4000,46040,10,20
almanac,COLO 205,bo_selection,act_hamming+zero,2,1390,747973,1.0000000116860974e-07,2.999999892949745e-08,10.140000343322754,107.75000095367432,-97.61000061035156,False,0,1,458,5158,4000,46040,10,20
almanac,COLO 205,bo_selection,act_hamming+zero,3,296961,681239,9.999999974752427e-07,3.000000106112566e-07,-20.760000228881836,76.85000038146973,-97.61000061035156,False,2,1,3257,37315,4000,46040,10,20
almanac,COLO 205,bo_selection,act_hamming+zero,4,673596,681239,9.99999993922529e-09,3.000000106112566e-07,-21.790000915527344,75.81999969482422,-97.61000061035156,False,6,1,3521,40435,4000,46040,10,20
almanac,COLO 205,bo_selection,act_hamming+zero,5,3053,169780,9.99999993922529e-09,9.999999747378752e-05,-41.79600143432617,55.81399917602539,-97.61000061035156,False,2,1,515,5624,4000,46040,10,20
almanac,COLO 205,bo_selection,act_hamming+zero,6,63878,681239,9.999999974752427e-07,3.000000026176508e-09,2.680000066757202,100.29000067710876,-97.61000061035156,False,8,1,1809,20706,4000,46040,10,20
almanac,COLO 205,bo_selection,act_hamming+zero,7,26271,608210,9.999999747378752e-06,9.999999974752427e-07,-22.305999755859375,75.30400085449219,-97.61000061035156,False,2,1,1234,14315,4000,46040,10,20
almanac,COLO 205,bo_selection,act_hamming+zero,8,85998,747973,9.999999974752427e-07,3.000000106112566e-07,-34.0099983215332,63.60000228881836,-97.61000061035156,False,8,1,2209,25247,4000,46040,10,20
almanac,COLO 205,bo_selection,act_hamming+zero,9,752,3053,9.999999747378752e-06,9.999999717180685e-10,15.088000297546387,112.69800090789795,-97.61000061035156,False,3,1,174,1843,4000,46040,10,20
almanac,COLO 205,bo_selection,hamming+zero,0,63878,743414,9.999999974752427e-07,5.000000058430487e-08,4.519999980926514,102.13000059127808,-97.61000061035156,False,2,1,1819,20850,4000,46040,10,20
almanac,COLO 205,bo_selection,hamming+zero,1,754143,760766,9.99999993922529e-09,1.9999999949504854e-06,-52.70800018310547,44.902000427246094,-97.61000061035156,False,2,1,3972,45778,4000,46040,10,20
almanac,COLO 205,bo_selection,hamming+zero,2,1390,747973,1.0000000116860974e-07,2.999999892949745e-08,10.140000343322754,107.75000095367432,-97.61000061035156,False,0,1,458,5158,4000,46040,10,20
almanac,COLO 205,bo_selection,hamming+zero,3,296961,681239,9.999999974752427e-07,3.000000106112566e-07,-20.760000228881836,76.85000038146973,-97.61000061035156,False,2,1,3257,37315,4000,46040,10,20
almanac,COLO 205,bo_selection,hamming+zero,4,673596,681239,9.99999993922529e-09,3.000000106112566e-07,-21.790000915527344,75.81999969482422,-97.61000061035156,False,6,1,3521,40435,4000,46040,10,20
almanac,COLO 205,bo_selection,hamming+zero,5,3053,169780,9.99999993922529e-09,9.999999747378752e-05,-41.79600143432617,55.81399917602539,-97.61000061035156,False,2,1,515,5624,4000,46040,10,20
almanac,COLO 205,bo_selection,hamming+zero,6,63878,681239,9.999999974752427e-07,3.000000026176508e-09,2.680000066757202,100.29000067710876,-97.61000061035156,False,8,1,1809,20706,4000,46040,10,20
almanac,COLO 205,bo_selection,hamming+zero,7,26271,608210,9.999999747378752e-06,9.999999974752427e-07,-22.305999755859375,75.30400085449219,-97.61000061035156,False,2,1,1234,14315,4000,46040,10,20
almanac,COLO 205,bo_selection,hamming+zero,8,85998,747973,9.999999974752427e-07,3.000000106112566e-07,-34.0099983215332,63.60000228881836,-97.61000061035156,False,8,1,2209,25247,4000,46040,10,20
almanac,COLO 205,bo_selection,hamming+zero,9,752,3053,9.999999747378752e-06,9.999999717180685e-10,15.088000297546387,112.69800090789795,-97.61000061035156,False,3,1,174,1843,4000,46040,10,20
almanac,COLO 205,bo_selection,linear_curve,0,713563,754143,9.999999747378752e-05,9.99999993922529e-09,-79.2509994506836,18.35900115966797,-97.61000061035156,False,20,1,3683,42499,4000,46040,10,20
almanac,COLO 205,bo_selection,linear_curve,1,19893,754143,9.999999747378752e-05,9.99999993922529e-09,-79.33599853515625,18.274002075195312,-97.61000061035156,False,26,1,1087,12365,4000,46040,10,20
almanac,COLO 205,bo_selection,linear_curve,2,755,169780,1.999999987845058e-08,9.999999747378752e-05,-42.555999755859375,55.05400085449219,-97.61000061035156,False,11,1,276,3080,4000,46040,10,20
almanac,COLO 205,bo_selection,linear_curve,3,105014,754143,9.999999974752427e-07,9.99999993922529e-09,-97.30000305175781,0.30999755859375,-97.61000061035156,False,17,1,2353,27089,4000,46040,10,20
almanac,COLO 205,bo_selection,linear_curve,4,713563,754143,9.999999747378752e-05,9.99999993922529e-09,-79.2509994506836,18.35900115966797,-97.61000061035156,False,29,1,3683,42499,4000,46040,10,20
almanac,COLO 205,bo_selection,linear_curve,5,180973,754143,7.000000096013537e-06,9.99999993922529e-09,-97.61000061035156,0.0,-97.61000061035156,True,21,1,2950,33776,4000,46040,10,20
almanac,COLO 205,bo_selection,linear_curve,6,608210,754143,9.999999974752427e-07,9.99999993922529e-09,-76.947998046875,20.662002563476562,-97.61000061035156,False,29,1,3428,39391,4000,46040,10,20
almanac,COLO 205,bo_selection,linear_curve,7,732517,754143,9.999999717180685e-10,9.99999993922529e-09,-95.91999816894531,1.69000244140625,-97.61000061035156,False,20,1,3830,44170,4000,46040,10,20
almanac,COLO 205,bo_selection,linear_curve,8,105014,754143,9.999999974752427e-07,9.99999993922529e-09,-97.30000305175781,0.30999755859375,-97.61000061035156,False,21,1,2353,27089,4000,46040,10,20
almanac,COLO 205,bo_selection,linear_curve,9,105014,754143,9.999999974752427e-07,9.99999993922529e-09,-97.30000305175781,0.30999755859375,-97.61000061035156,False,22,1,2353,27089,4000,46040,10,20
almanac,COLO 205,bo_selection,ours+zero,0,740,761432,3.000000106112566e-07,5.000000058430487e-08,-26.95400047302246,70.6560001373291,-97.61000061035156,False,25,1,80,908,4000,46040,10,20
almanac,COLO 205,bo_selection,ours+zero,1,754143,760766,9.99999993922529e-09,1.9999999949504854e-06,-52.70800018310547,44.902000427246094,-97.61000061035156,False,2,1,3972,45778,4000,46040,10,20
almanac,COLO 205,bo_selection,ours+zero,2,733504,754143,9.99999993922529e-09,9.99999993922529e-09,-96.02999877929688,1.5800018310546875,-97.61000061035156,False,10,1,3844,44344,4000,46040,10,20
almanac,COLO 205,bo_selection,ours+zero,3,26271,681239,9.999999747378752e-06,3.000000106112566e-07,-34.060001373291016,63.54999923706055,-97.61000061035156,False,11,1,1240,14351,4000,46040,10,20
almanac,COLO 205,bo_selection,ours+zero,4,3088,713563,9.999999747378752e-05,9.999999747378752e-05,-67.33000183105469,30.279998779296875,-97.61000061035156,False,14,1,594,6623,4000,46040,10,20
almanac,COLO 205,bo_selection,ours+zero,5,755,169780,1.999999987845058e-08,9.999999747378752e-05,-42.555999755859375,55.05400085449219,-97.61000061035156,False,25,1,276,3080,4000,46040,10,20
almanac,COLO 205,bo_selection,ours+zero,6,740,761432,3.000000106112566e-07,5.000000058430487e-08,-26.95400047302246,70.6560001373291,-97.61000061035156,False,14,1,80,908,4000,46040,10,20
almanac,COLO 205,bo_selection,ours+zero,7,608210,719345,9.999999974752427e-07,2.999999892949745e-08,-49.28099822998047,48.329002380371094,-97.61000061035156,False,13,1,3410,39245,4000,46040,10,20
almanac,COLO 205,bo_selection,ours+zero,8,754143,755986,9.99999993922529e-09,2.499999936844688e-06,-51.3489990234375,46.26100158691406,-97.61000061035156,False,10,1,3968,45750,4000,46040,10,20
almanac,COLO 205,bo_selection,ours+zero,9,3088,713563,9.999999747378752e-05,9.999999747378752e-05,-67.33000183105469,30.279998779296875,-97.61000061035156,False,20,1,594,6623,4000,46040,10,20
almanac,COLO 205,bo_selection,random,0,9706,105014,4.999999873689376e-06,9.999999974752427e-07,0.3799999952316284,97.98999786376953,-97.61000061035156,False,17,1,787,8747,4000,46040,10,20
almanac,COLO 205,bo_selection,random,1,609699,747973,9.999999717180685e-10,3.000000106112566e-07,-54.279998779296875,43.33000183105469,-97.61000061035156,False,27,1,3454,39664,4000,46040,10,20
almanac,COLO 205,bo_selection,random,2,1390,747973,1.0000000116860974e-07,2.999999892949745e-08,10.140000343322754,107.75,-97.61000061035156,False,0,1,458,5158,4000,46040,10,20
almanac,COLO 205,bo_selection,random,3,127716,608210,9.99999993922529e-09,9.999999974752427e-07,-42.08599853515625,55.52400207519531,-97.61000061035156,False,10,1,2755,31529,4000,46040,10,20
almanac,COLO 205,bo_selection,random,4,256942,754143,1.0000000116860974e-07,1.0000000116860974e-07,-61.007999420166016,36.60200119018555,-97.61000061035156,False,17,1,3181,36367,4000,46040,10,20
almanac,COLO 205,bo_selection,random,5,754143,760766,9.99999993922529e-09,1.9999999949504854e-06,-52.70800018310547,44.902000427246094,-97.61000061035156,False,13,1,3972,45778,4000,46040,10,20
almanac,COLO 205,bo_selection,random,6,701852,754143,9.999999974752427e-07,9.999999717180685e-10,-89.05000305175781,8.55999755859375,-97.61000061035156,False,12,1,3635,41811,4000,46040,10,20
almanac,COLO 205,bo_selection,random,7,26271,608210,9.999999747378752e-06,9.999999974752427e-07,-22.305999755859375,75.30400085449219,-97.61000061035156,False,2,1,1234,14315,4000,46040,10,20
almanac,COLO 205,bo_selection,random,8,85998,747973,9.999999974752427e-07,3.000000106112566e-07,-34.0099983215332,63.60000228881836,-97.61000061035156,False,8,1,2209,25247,4000,46040,10,20
almanac,COLO 205,bo_selection,random,9,102816,747973,3.000000106112566e-06,3.000000106112566e-07,-47.20000076293945,50.40999984741211,-97.61000061035156,False,19,1,2309,26468,4000,46040,10,20
almanac,COLO 205,bo_selection,tanimoto+zero,0,92859,119875,6.000000212225132e-06,1.9999999494757503e-05,-9.949999809265137,87.66000080108643,-97.61000061035156,False,10,1,2220,25406,4000,46040,10,20
almanac,COLO 205,bo_selection,tanimoto+zero,1,754143,760766,9.99999993922529e-09,1.9999999949504854e-06,-52.70800018310547,44.902000427246094,-97.61000061035156,False,2,1,3972,45778,4000,46040,10,20
almanac,COLO 205,bo_selection,tanimoto+zero,2,92859,119875,6.000000212225132e-06,1.9999999494757503e-05,-9.949999809265137,87.66000080108643,-97.61000061035156,False,10,1,2220,25406,4000,46040,10,20
almanac,COLO 205,bo_selection,tanimoto+zero,3,85998,681239,9.999999747378752e-06,3.000000106112566e-07,-30.559999465942383,67.05000114440918,-97.61000061035156,False,11,1,2191,25052,4000,46040,10,20
almanac,COLO 205,bo_selection,tanimoto+zero,4,85998,713563,9.999999747378752e-06,9.999999747378752e-05,-51.4900016784668,46.119998931884766,-97.61000061035156,False,15,1,2195,25106,4000,46040,10,20
almanac,COLO 205,bo_selection,tanimoto+zero,5,3053,169780,9.99999993922529e-09,9.999999747378752e-05,-41.79600143432617,55.81399917602539,-97.61000061035156,False,2,1,515,5624,4000,46040,10,20
almanac,COLO 205,bo_selection,tanimoto+zero,6,92859,119875,6.000000212225132e-06,1.9999999494757503e-05,-9.949999809265137,87.66000080108643,-97.61000061035156,False,11,1,2220,25406,4000,46040,10,20
almanac,COLO 205,bo_selection,tanimoto+zero,7,1390,608210,0.00019999999494757503,9.999999974752427e-07,-57.9640007019043,39.645999908447266,-97.61000061035156,False,13,1,432,4922,4000,46040,10,20
almanac,COLO 205,bo_selection,tanimoto+zero,8,85998,747973,9.999999974752427e-07,3.000000106112566e-07,-34.0099983215332,63.60000228881836,-97.61000061035156,False,8,1,2209,25247,4000,46040,10,20
almanac,COLO 205,bo_selection,tanimoto+zero,9,92859,119875,6.000000212225132e-06,1.9999999494757503e-05,-9.949999809265137,87.66000080108643,-97.61000061035156,False,14,1,2220,25406,4000,46040,10,20
almanac,COLO 205,pool_optimum,pool_optimum,-1,180973,754143,7.000000096013537e-06,9.99999993922529e-09,-97.61000061035156,0.0,-97.61000061035156,True,-1,1,2950,33776,4000,46040,10,20
almanac,DU-145,bo_selection,act_hamming+zero,0,3053,754143,9.99999993922529e-09,9.99999993922529e-09,-56.58000183105469,36.75999450683594,-93.33999633789062,False,9,1,531,5927,4000,46463,10,20
almanac,DU-145,bo_selection,act_hamming+zero,1,740,9706,9.99999993922529e-09,4.999999873689376e-06,-42.18000030517578,51.159996032714844,-93.33999633789062,False,23,1,11,77,4000,46463,10,20
almanac,DU-145,bo_selection,act_hamming+zero,2,3053,9706,9.99999993922529e-09,4.999999873689376e-06,-42.7400016784668,50.59999465942383,-93.33999633789062,False,0,1,458,5198,4000,46463,10,20
almanac,DU-145,bo_selection,act_hamming+zero,3,9706,754230,4.999999873689376e-06,5.999999941330714e-10,-29.780000686645508,63.55999565124512,-93.33999633789062,False,1,1,816,9251,4000,46463,10,20
almanac,DU-145,bo_selection,act_hamming+zero,4,698037,761432,9.99999993922529e-09,5.000000058430487e-08,-50.59199905395508,42.74799728393555,-93.33999633789062,False,9,1,3624,41905,4000,46463,10,20
almanac,DU-145,bo_selection,act_hamming+zero,5,755,719344,1.9999999949504854e-06,1.0000000116860974e-07,1.5199999809265137,94.85999631881714,-93.33999633789062,False,7,1,293,3248,4000,46463,10,20
almanac,DU-145,bo_selection,act_hamming+zero,6,26980,719627,4.999999987376214e-07,4.999999987376214e-07,0.17000000178813934,93.50999633967876,-93.33999633789062,False,6,1,1325,15298,4000,46463,10,20
almanac,DU-145,bo_selection,act_hamming+zero,7,740,9706,9.99999993922529e-09,4.999999873689376e-06,-42.18000030517578,51.159996032714844,-93.33999633789062,False,21,1,11,77,4000,46463,10,20
almanac,DU-145,bo_selection,act_hamming+zero,8,9706,49842,4.999999873689376e-06,2.999999970665357e-10,-2.7200000286102295,90.6199963092804,-93.33999633789062,False,6,1,769,8655,4000,46463,10,20
almanac,DU-145,bo_selection,act_hamming+zero,9,740,9706,9.99999993922529e-09,4.999999873689376e-06,-42.18000030517578,51.159996032714844,-93.33999633789062,False,21,1,11,77,4000,46463,10,20
almanac,DU-145,bo_selection,hamming+zero,0,3053,754143,9.99999993922529e-09,9.99999993922529e-09,-56.58000183105469,36.75999450683594,-93.33999633789062,False,9,1,531,5927,4000,46463,10,20
almanac,DU-145,bo_selection,hamming+zero,1,740,9706,9.99999993922529e-09,4.999999873689376e-06,-42.18000030517578,51.159996032714844,-93.33999633789062,False,22,1,11,77,4000,46463,10,20
almanac,DU-145,bo_selection,hamming+zero,2,3053,9706,9.99999993922529e-09,4.999999873689376e-06,-42.7400016784668,50.59999465942383,-93.33999633789062,False,0,1,458,5198,4000,46463,10,20
almanac,DU-145,bo_selection,hamming+zero,3,9706,754230,4.999999873689376e-06,5.999999941330714e-10,-29.780000686645508,63.55999565124512,-93.33999633789062,False,1,1,816,9251,4000,46463,10,20
almanac,DU-145,bo_selection,hamming+zero,4,698037,761432,9.99999993922529e-09,5.000000058430487e-08,-50.59199905395508,42.74799728393555,-93.33999633789062,False,9,1,3624,41905,4000,46463,10,20
almanac,DU-145,bo_selection,hamming+zero,5,755,719344,1.9999999949504854e-06,1.0000000116860974e-07,1.5199999809265137,94.85999631881714,-93.33999633789062,False,7,1,293,3248,4000,46463,10,20
almanac,DU-145,bo_selection,hamming+zero,6,26980,719627,4.999999987376214e-07,4.999999987376214e-07,0.17000000178813934,93.50999633967876,-93.33999633789062,False,6,1,1325,15298,4000,46463,10,20
almanac,DU-145,bo_selection,hamming+zero,7,740,9706,9.99999993922529e-09,4.999999873689376e-06,-42.18000030517578,51.159996032714844,-93.33999633789062,False,21,1,11,77,4000,46463,10,20
almanac,DU-145,bo_selection,hamming+zero,8,9706,49842,4.999999873689376e-06,2.999999970665357e-10,-2.7200000286102295,90.6199963092804,-93.33999633789062,False,6,1,769,8655,4000,46463,10,20
almanac,DU-145,bo_selection,hamming+zero,9,740,9706,9.99999993922529e-09,4.999999873689376e-06,-42.18000030517578,51.159996032714844,-93.33999633789062,False,21,1,11,77,4000,46463,10,20
almanac,DU-145,bo_selection,linear_curve,0,246131,754143,1.9999999494757503e-05,9.99999993922529e-09,-60.17500305175781,33.16499328613281,-93.33999633789062,False,26,2,3108,35783,4000,46463,10,20
almanac,DU-145,bo_selection,linear_curve,1,719345,761432,2.999999892949745e-08,5.000000058430487e-08,-62.00299835205078,31.336997985839844,-93.33999633789062,False,25,1,3800,44071,4000,46463,10,20
almanac,DU-145,bo_selection,linear_curve,2,719345,761432,2.999999892949745e-08,5.000000058430487e-08,-62.00299835205078,31.336997985839844,-93.33999633789062,False,21,1,3800,44071,4000,46463,10,20
almanac,DU-145,bo_selection,linear_curve,3,246131,754143,1.9999999494757503e-05,9.99999993922529e-09,-60.17500305175781,33.16499328613281,-93.33999633789062,False,24,2,3108,35783,4000,46463,10,20
almanac,DU-145,bo_selection,linear_curve,4,719345,761432,2.999999892949745e-08,5.000000058430487e-08,-62.00299835205078,31.336997985839844,-93.33999633789062,False,17,1,3800,44071,4000,46463,10,20
almanac,DU-145,bo_selection,linear_curve,5,246131,754143,1.9999999494757503e-05,9.99999993922529e-09,-60.17500305175781,33.16499328613281,-93.33999633789062,False,19,2,3108,35783,4000,46463,10,20
almanac,DU-145,bo_selection,linear_curve,6,9706,719627,4.999999873689376e-06,4.999999987376214e-07,-50.400001525878906,42.93999481201172,-93.33999633789062,False,26,1,802,9133,4000,46463,10,20
almanac,DU-145,bo_selection,linear_curve,7,701852,713563,9.999999974752427e-07,9.999999747378752e-05,-65.50499725341797,27.834999084472656,-93.33999633789062,False,19,1,3627,41947,4000,46463,10,20
almanac,DU-145,bo_selection,linear_curve,8,246131,754143,1.9999999494757503e-05,9.99999993922529e-09,-60.17500305175781,33.16499328613281,-93.33999633789062,False,14,2,3108,35783,4000,46463,10,20
almanac,DU-145,bo_selection,linear_curve,9,719345,761432,2.999999892949745e-08,5.000000058430487e-08,-62.00299835205078,31.336997985839844,-93.33999633789062,False,19,1,3800,44071,4000,46463,10,20
almanac,DU-145,bo_selection,ours+zero,0,3053,754143,9.99999993922529e-09,9.99999993922529e-09,-56.58000183105469,36.75999450683594,-93.33999633789062,False,9,1,531,5927,4000,46463,10,20
almanac,DU-145,bo_selection,ours+zero,1,740,9706,9.99999993922529e-09,4.999999873689376e-06,-42.18000030517578,51.159996032714844,-93.33999633789062,False,24,1,11,77,4000,46463,10,20
almanac,DU-145,bo_selection,ours+zero,2,3053,608210,9.999999717180685e-10,9.999999974752427e-07,-52.237998962402344,41.10199737548828,-93.33999633789062,False,29,1,513,5648,4000,46463,10,20
almanac,DU-145,bo_selection,ours+zero,3,9706,79037,4.999999873689376e-06,3.000000106112566e-06,-58.16999816894531,35.16999816894531,-93.33999633789062,False,17,1,774,8701,4000,46463,10,20
almanac,DU-145,bo_selection,ours+zero,4,698037,761432,9.99999993922529e-09,5.000000058430487e-08,-50.59199905395508,42.74799728393555,-93.33999633789062,False,9,1,3624,41905,4000,46463,10,20
almanac,DU-145,bo_selection,ours+zero,5,3088,761432,9.999999747378752e-05,5.000000058430487e-08,-48.224998474121094,45.11499786376953,-93.33999633789062,False,17,1,605,6839,4000,46463,10,20
almanac,DU-145,bo_selection,ours+zero,6,13875,754143,7.499999810534064e-06,9.99999993922529e-09,-52.01900100708008,41.32099533081055,-93.33999633789062,False,12,1,874,10004,4000,46463,10,20
almanac,DU-145,bo_selection,ours+zero,7,67574,754143,1.0000000116860974e-07,9.99999993922529e-09,-66.76000213623047,26.579994201660156,-93.33999633789062,False,10,1,1940,22400,4000,46463,10,20
almanac,DU-145,bo_selection,ours+zero,8,279836,673596,4.999999987376214e-07,2.999999892949745e-08,-56.48400115966797,36.855995178222656,-93.33999633789062,False,11,1,3231,37186,4000,46463,10,20
almanac,DU-145,bo_selection,ours+zero,9,9706,733504,4.999999873689376e-06,1.0000000116860974e-07,-58.25,35.089996337890625,-93.33999633789062,False,10,1,808,9161,4000,46463,10,20
almanac,DU-145,bo_selection,random,0,3053,754143,9.99999993922529e-09,9.99999993922529e-09,-56.58000183105469,36.75999450683594,-93.33999633789062,False,9,1,531,5927,4000,46463,10,20
almanac,DU-145,bo_selection,random,1,92859,719276,6.000000212225132e-06,4.0000000467443897e-07,-43.84000015258789,49.499996185302734,-93.33999633789062,False,28,1,2252,25945,4000,46463,10,20
almanac,DU-145,bo_selection,random,2,3053,9706,9.99999993922529e-09,4.999999873689376e-06,-42.7400016784668,50.59999465942383,-93.33999633789062,False,0,1,458,5198,4000,46463,10,20
almanac,DU-145,bo_selection,random,3,9706,754230,4.999999873689376e-06,5.999999941330714e-10,-29.780000686645508,63.55999755859375,-93.33999633789062,False,1,1,816,9251,4000,46463,10,20
almanac,DU-145,bo_selection,random,4,698037,761432,9.99999993922529e-09,5.000000058430487e-08,-50.59199905395508,42.74799728393555,-93.33999633789062,False,9,1,3624,41905,4000,46463,10,20
almanac,DU-145,bo_selection,random,5,180973,673596,7.000000096013537e-06,9.99999993922529e-09,-59.95000076293945,33.38999557495117,-93.33999633789062,False,17,1,2921,33767,4000,46463,10,20
almanac,DU-145,bo_selection,random,6,732517,761432,9.99999993922529e-09,5.000000058430487e-08,-50.16999816894531,43.16999816894531,-93.33999633789062,False,21,1,3854,44641,4000,46463,10,20
almanac,DU-145,bo_selection,random,7,66847,754143,9.999999974752427e-07,9.99999993922529e-09,-38.16999816894531,55.16999816894531,-93.33999633789062,False,6,1,1888,21740,4000,46463,10,20
almanac,DU-145,bo_selection,random,8,26980,754143,4.999999987376214e-07,9.999999717180685e-10,-49.060001373291016,44.27999496459961,-93.33999633789062,False,10,1,1337,15424,4000,46463,10,20
almanac,DU-145,bo_selection,random,9,279836,673596,4.999999987376214e-07,2.999999892949745e-08,-56.48400115966797,36.855995178222656,-93.33999633789062,False,23,1,3231,37186,4000,46463,10,20
almanac,DU-145,bo_selection,tanimoto+zero,0,3053,754143,9.99999993922529e-09,9.99999993922529e-09,-56.58000183105469,36.75999450683594,-93.33999633789062,False,9,1,531,5927,4000,46463,10,20
almanac,DU-145,bo_selection,tanimoto+zero,1,6396,122819,9.999999747378752e-06,9.999999974752427e-07,-50.06700134277344,43.27299499511719,-93.33999633789062,False,12,1,634,7145,4000,46463,10,20
almanac,DU-145,bo_selection,tanimoto+zero,2,3053,9706,9.99999993922529e-09,4.999999873689376e-06,-42.7400016784668,50.59999465942383,-93.33999633789062,False,0,1,458,5198,4000,46463,10,20
almanac,DU-145,bo_selection,tanimoto+zero,3,740,9706,9.99999993922529e-09,4.999999873689376e-06,-42.18000030517578,51.159996032714844,-93.33999633789062,False,23,1,11,77,4000,46463,10,20
almanac,DU-145,bo_selection,tanimoto+zero,4,698037,761432,9.99999993922529e-09,5.000000058430487e-08,-50.59199905395508,42.74799728393555,-93.33999633789062,False,9,1,3624,41905,4000,46463,10,20
almanac,DU-145,bo_selection,tanimoto+zero,5,119875,296961,1.9999999494757503e-05,9.999999747378752e-05,-49.29999923706055,44.03999710083008,-93.33999633789062,False,13,1,2467,28664,4000,46463,10,20
almanac,DU-145,bo_selection,tanimoto+zero,6,119875,296961,1.9999999494757503e-05,9.999999747378752e-05,-49.29999923706055,44.03999710083008,-93.33999633789062,False,16,1,2467,28664,4000,46463,10,20
almanac,DU-145,bo_selection,tanimoto+zero,7,740,9706,9.99999993922529e-09,4.999999873689376e-06,-42.18000030517578,51.159996032714844,-93.33999633789062,False,21,1,11,77,4000,46463,10,20
almanac,DU-145,bo_selection,tanimoto+zero,8,119875,296961,1.9999999494757503e-05,9.999999747378752e-05,-49.29999923706055,44.03999710083008,-93.33999633789062,False,14,1,2467,28664,4000,46463,10,20
almanac,DU-145,bo_selection,tanimoto+zero,9,740,9706,9.99999993922529e-09,4.999999873689376e-06,-42.18000030517578,51.159996032714844,-93.33999633789062,False,21,1,11,77,4000,46463,10,20
almanac,DU-145,pool_optimum,pool_optimum,-1,241240,754143,1.9999999494757503e-05,9.99999993922529e-09,-93.33999633789062,0.0,-93.33999633789062,True,-1,1,3072,35387,4000,46463,10,20
almanac,EKVX,bo_selection,act_hamming+zero,0,27640,713563,6.999999868639861e-08,9.999999747378752e-05,-31.44499969482422,54.05500030517578,-85.5,False,7,1,1403,15557,4000,44862,10,20
almanac,EKVX,bo_selection,act_hamming+zero,1,67574,608210,2.999999970665357e-10,9.999999974752427e-07,6.9679999351501465,92.46799993515015,-85.5,False,5,1,1947,21593,4000,44862,10,20
almanac,EKVX,bo_selection,act_hamming+zero,2,19893,747599,9.999999747378752e-05,7.999999773744548e-09,39.66899871826172,125.16899871826172,-85.5,False,3,1,1080,11967,4000,44862,10,20
almanac,EKVX,bo_selection,act_hamming+zero,3,63878,71423,4.999999987376214e-07,2.9999999242136255e-05,45.38800048828125,130.88800048828125,-85.5,False,4,1,1810,20015,4000,44862,10,20
almanac,EKVX,bo_selection,act_hamming+zero,4,740,1390,9.99999993922529e-09,1.0000000116860974e-07,57.68000030517578,143.18000030517578,-85.5,False,10,1,0,12,4000,44862,10,20
almanac,EKVX,bo_selection,act_hamming+zero,5,740,1390,9.99999993922529e-09,1.0000000116860974e-07,57.68000030517578,143.18000030517578,-85.5,False,10,1,0,12,4000,44862,10,20
almanac,EKVX,bo_selection,act_hamming+zero,6,740,1390,9.99999993922529e-09,1.0000000116860974e-07,57.68000030517578,143.18000030517578,-85.5,False,10,1,0,12,4000,44862,10,20
almanac,EKVX,bo_selection,act_hamming+zero,7,38721,92859,2.0000000233721948e-07,6.000000212225132e-06,0.8799999952316284,86.37999999523163,-85.5,False,5,1,1553,17345,4000,44862,10,20
almanac,EKVX,bo_selection,act_hamming+zero,8,82151,761432,2.0000000233721948e-07,4.999999969612645e-09,24.98900032043457,110.48900032043457,-85.5,False,8,1,2209,24424,4000,44862,10,20
almanac,EKVX,bo_selection,act_hamming+zero,9,279836,745750,5.000000058430487e-08,1.9999999949504854e-06,22.618000030517578,108.11800003051758,-85.5,False,6,1,3215,35744,4000,44862,10,20
almanac,EKVX,bo_selection,hamming+zero,0,27640,713563,6.999999868639861e-08,9.999999747378752e-05,-31.44499969482422,54.05500030517578,-85.5,False,7,1,1403,15557,4000,44862,10,20
almanac,EKVX,bo_selection,hamming+zero,1,67574,608210,2.999999970665357e-10,9.999999974752427e-07,6.9679999351501465,92.46799993515015,-85.5,False,5,1,1947,21593,4000,44862,10,20
almanac,EKVX,bo_selection,hamming+zero,2,19893,747599,9.999999747378752e-05,7.999999773744548e-09,39.66899871826172,125.16899871826172,-85.5,False,3,1,1080,11967,4000,44862,10,20
almanac,EKVX,bo_selection,hamming+zero,3,63878,71423,4.999999987376214e-07,2.9999999242136255e-05,45.38800048828125,130.88800048828125,-85.5,False,4,1,1810,20015,4000,44862,10,20
almanac,EKVX,bo_selection,hamming+zero,4,740,1390,9.99999993922529e-09,1.0000000116860974e-07,57.68000030517578,143.18000030517578,-85.5,False,10,1,0,12,4000,44862,10,20
almanac,EKVX,bo_selection,hamming+zero,5,740,1390,9.99999993922529e-09,1.0000000116860974e-07,57.68000030517578,143.18000030517578,-85.5,False,10,1,0,12,4000,44862,10,20
almanac,EKVX,bo_selection,hamming+zero,6,740,1390,9.99999993922529e-09,1.0000000116860974e-07,57.68000030517578,143.18000030517578,-85.5,False,10,1,0,12,4000,44862,10,20
almanac,EKVX,bo_selection,hamming+zero,7,38721,92859,2.0000000233721948e-07,6.000000212225132e-06,0.8799999952316284,86.37999999523163,-85.5,False,5,1,1553,17345,4000,44862,10,20
almanac,EKVX,bo_selection,hamming+zero,8,82151,761432,2.0000000233721948e-07,4.999999969612645e-09,24.98900032043457,110.48900032043457,-85.5,False,8,1,2209,24424,4000,44862,10,20
almanac,EKVX,bo_selection,hamming+zero,9,279836,745750,5.000000058430487e-08,1.9999999949504854e-06,22.618000030517578,108.11800003051758,-85.5,False,6,1,3215,35744,4000,44862,10,20
almanac,EKVX,bo_selection,linear_curve,0,119875,681239,1.9999999494757503e-05,3.000000106112566e-07,-85.5,0.0,-85.5,True,29,1,2514,28151,4000,44862,10,20
almanac,EKVX,bo_selection,linear_curve,1,119875,681239,1.9999999494757503e-05,3.000000106112566e-07,-85.5,0.0,-85.5,True,28,1,2514,28151,4000,44862,10,20
almanac,EKVX,bo_selection,linear_curve,2,119875,681239,1.9999999494757503e-05,3.000000106112566e-07,-85.5,0.0,-85.5,True,29,1,2514,28151,4000,44862,10,20
almanac,EKVX,bo_selection,linear_curve,3,119875,681239,1.9999999494757503e-05,3.000000106112566e-07,-85.5,0.0,-85.5,True,27,1,2514,28151,4000,44862,10,20
almanac,EKVX,bo_selection,linear_curve,4,92859,681239,6.000000212225132e-06,3.000000106112566e-07,-64.66000366210938,20.839996337890625,-85.5,False,16,1,2284,25325,4000,44862,10,20
almanac,EKVX,bo_selection,linear_curve,5,92859,681239,6.000000212225132e-06,3.000000106112566e-07,-64.66000366210938,20.839996337890625,-85.5,False,18,1,2284,25325,4000,44862,10,20
almanac,EKVX,bo_selection,linear_curve,6,119875,681239,1.9999999494757503e-05,3.000000106112566e-07,-85.5,0.0,-85.5,True,16,1,2514,28151,4000,44862,10,20
almanac,EKVX,bo_selection,linear_curve,7,92859,681239,6.000000212225132e-06,3.000000106112566e-07,-64.66000366210938,20.839996337890625,-85.5,False,14,1,2284,25325,4000,44862,10,20
almanac,EKVX,bo_selection,linear_curve,8,119875,681239,1.9999999494757503e-05,3.000000106112566e-07,-85.5,0.0,-85.5,True,10,1,2514,28151,4000,44862,10,20
almanac,EKVX,bo_selection,linear_curve,9,119875,681239,1.9999999494757503e-05,3.000000106112566e-07,-85.5,0.0,-85.5,True,25,1,2514,28151,4000,44862,10,20
almanac,EKVX,bo_selection,ours+zero,0,66847,713563,9.999999974752427e-07,9.999999747378752e-05,-52.69200134277344,32.80799865722656,-85.5,False,18,1,1898,21056,4000,44862,10,20
almanac,EKVX,bo_selection,ours+zero,1,24559,63878,9.999999974752427e-07,9.999999974752427e-07,-58.810001373291016,26.689998626708984,-85.5,False,12,1,1093,12203,4000,44862,10,20
almanac,EKVX,bo_selection,ours+zero,2,92859,681239,6.000000212225132e-06,3.000000106112566e-07,-64.66000366210938,20.839996337890625,-85.5,False,10,1,2284,25325,4000,44862,10,20
almanac,EKVX,bo_selection,ours+zero,3,92859,681239,6.000000212225132e-06,3.000000106112566e-07,-64.66000366210938,20.839996337890625,-85.5,False,11,1,2284,25325,4000,44862,10,20
almanac,EKVX,bo_selection,ours+zero,4,92859,681239,6.000000212225132e-06,3.000000106112566e-07,-64.66000366210938,20.839996337890625,-85.5,False,10,1,2284,25325,4000,44862,10,20
almanac,EKVX,bo_selection,ours+zero,5,92859,681239,6.000000212225132e-06,3.000000106112566e-07,-64.66000366210938,20.839996337890625,-85.5,False,11,1,2284,25325,4000,44862,10,20
almanac,EKVX,bo_selection,ours+zero,6,92859,681239,6.000000212225132e-06,3.000000106112566e-07,-64.66000366210938,20.839996337890625,-85.5,False,11,1,2284,25325,4000,44862,10,20
almanac,EKVX,bo_selection,ours+zero,7,747971,761432,9.999999747378752e-06,5.000000058430487e-08,-44.57600021362305,40.92399978637695,-85.5,False,13,1,3924,43952,4000,44862,10,20
almanac,EKVX,bo_selection,ours+zero,8,740,713563,2.999999892949745e-08,9.999999747378752e-05,-47.90800094604492,37.59199905395508,-85.5,False,21,1,42,365,4000,44862,10,20
almanac,EKVX,bo_selection,ours+zero,9,740,713563,2.999999892949745e-08,9.999999747378752e-05,-47.90800094604492,37.59199905395508,-85.5,False,28,1,42,365,4000,44862,10,20
almanac,EKVX,bo_selection,random,0,27640,713563,6.999999868639861e-08,9.999999747378752e-05,-31.44499969482422,54.05500030517578,-85.5,False,7,1,1403,15557,4000,44862,10,20
almanac,EKVX,bo_selection,random,1,66847,713563,9.999999974752427e-07,9.999999747378752e-05,-52.69200134277344,32.80799865722656,-85.5,False,16,1,1898,21056,4000,44862,10,20
almanac,EKVX,bo_selection,random,2,19893,747599,9.999999747378752e-05,7.999999773744548e-09,39.66899871826172,125.16899871826172,-85.5,False,3,1,1080,11967,4000,44862,10,20
almanac,EKVX,bo_selection,random,3,63878,71423,4.999999987376214e-07,2.9999999242136255e-05,45.38800048828125,130.88800048828125,-85.5,False,4,1,1810,20015,4000,44862,10,20
almanac,EKVX,bo_selection,random,4,125066,747973,9.99999993922529e-09,3.000000106112566e-07,18.0,103.5,-85.5,False,28,1,2734,30368,4000,44862,10,20
almanac,EKVX,bo_selection,random,5,9706,747973,5.000000058430487e-08,3.000000106112566e-07,39.97999954223633,125.47999572753906,-85.5,False,24,1,814,8912,4000,44862,10,20
almanac,EKVX,bo_selection,random,6,279836,745750,5.000000058430487e-08,1.9999999949504854e-06,22.618000030517578,108.11799621582031,-85.5,False,17,1,3215,35744,4000,44862,10,20
almanac,EKVX,bo_selection,random,7,38721,92859,2.0000000233721948e-07,6.000000212225132e-06,0.8799999952316284,86.37999725341797,-85.5,False,5,1,1553,17345,4000,44862,10,20
almanac,EKVX,bo_selection,random,8,82151,761432,2.0000000233721948e-07,4.999999969612645e-09,24.98900032043457,110.48899841308594,-85.5,False,8,1,2209,24424,4000,44862,10,20
almanac,EKVX,bo_selection,random,9,279836,745750,5.000000058430487e-08,1.9999999949504854e-06,22.618000030517578,108.11799621582031,-85.5,False,6,1,3215,35744,4000,44862,10,20
almanac,EKVX,bo_selection,tanimoto+zero,0,409962,713563,1.500000053056283e-06,9.999999747378752e-05,-65.07099914550781,20.429000854492188,-85.5,False,15,1,3343,37166,4000,44862,10,20
almanac,EKVX,bo_selection,tanimoto+zero,1,713563,754143,9.999999747378752e-05,1.000000013351432e-10,-15.446000099182129,70.05399990081787,-85.5,False,29,1,3683,41301,4000,44862,10,20
almanac,EKVX,bo_selection,tanimoto+zero,2,713563,732517,9.999999747378752e-05,9.999999717180685e-10,-32.87799835205078,52.62200164794922,-85.5,False,29,1,3672,41181,4000,44862,10,20
almanac,EKVX,bo_selection,tanimoto+zero,3,19893,747973,9.999999747378752e-05,2.999999901276418e-11,43.45800018310547,128.95800018310547,-85.5,False,18,1,1083,11994,4000,44862,10,20
almanac,EKVX,bo_selection,tanimoto+zero,4,713563,732517,9.999999747378752e-05,9.999999717180685e-10,-32.87799835205078,52.62200164794922,-85.5,False,28,1,3672,41181,4000,44862,10,20
almanac,EKVX,bo_selection,tanimoto+zero,5,713563,732517,9.999999747378752e-05,9.999999717180685e-10,-32.87799835205078,52.62200164794922,-85.5,False,17,1,3672,41181,4000,44862,10,20
almanac,EKVX,bo_selection,tanimoto+zero,6,713563,732517,9.999999747378752e-05,9.999999717180685e-10,-32.87799835205078,52.62200164794922,-85.5,False,27,1,3672,41181,4000,44862,10,20
almanac,EKVX,bo_selection,tanimoto+zero,7,241240,713563,4.999999873689376e-06,9.999999747378752e-05,-25.926000595092773,59.57399940490723,-85.5,False,29,1,3103,34421,4000,44862,10,20
almanac,EKVX,bo_selection,tanimoto+zero,8,713563,732517,9.999999747378752e-05,9.999999717180685e-10,-32.87799835205078,52.62200164794922,-85.5,False,23,1,3672,41181,4000,44862,10,20
almanac,EKVX,bo_selection,tanimoto+zero,9,713563,732517,9.999999747378752e-05,9.999999717180685e-10,-32.87799835205078,52.62200164794922,-85.5,False,18,1,3672,41181,4000,44862,10,20
almanac,EKVX,pool_optimum,pool_optimum,-1,119875,681239,1.9999999494757503e-05,3.000000106112566e-07,-85.5,0.0,-85.5,True,-1,1,2514,28151,4000,44862,10,20
almanac,HCC-2998,bo_selection,act_hamming+zero,0,24559,409962,9.999999974752427e-07,1.9999999494757503e-05,-87.86000061035156,7.819999694824219,-95.68000030517578,False,5,1,1125,12824,4000,45551,10,20
almanac,HCC-2998,bo_selection,act_hamming+zero,1,67574,713563,2.999999892949745e-08,9.999999747378752e-05,-22.211000442504883,73.4689998626709,-95.68000030517578,False,5,1,1947,22013,4000,45551,10,20
almanac,HCC-2998,bo_selection,act_hamming+zero,2,740,762,1.0000000116860974e-07,4.999999987376214e-07,11.84000015258789,107.52000045776367,-95.68000030517578,False,12,1,3,34,4000,45551,10,20
almanac,HCC-2998,bo_selection,act_hamming+zero,3,713563,719627,9.999999747378752e-05,1.0000000116860974e-07,-14.407999992370605,81.27200031280518,-95.68000030517578,False,6,1,3690,41999,4000,45551,10,20
almanac,HCC-2998,bo_selection,act_hamming+zero,4,740,762,1.0000000116860974e-07,4.999999987376214e-07,11.84000015258789,107.52000045776367,-95.68000030517578,False,12,1,3,34,4000,45551,10,20
almanac,HCC-2998,bo_selection,act_hamming+zero,5,77213,713563,1.9999999494757503e-05,9.999999747378752e-05,-43.01499938964844,52.665000915527344,-95.68000030517578,False,0,1,2062,23282,4000,45551,10,20
almanac,HCC-2998,bo_selection,act_hamming+zero,6,125973,756645,5.99999978589949e-08,9.99999993922529e-09,-9.031999588012695,86.64800071716309,-95.68000030517578,False,0,1,2757,31182,4000,45551,10,20
almanac,HCC-2998,bo_selection,act_hamming+zero,7,740,762,1.0000000116860974e-07,4.999999987376214e-07,11.84000015258789,107.52000045776367,-95.68000030517578,False,12,1,3,34,4000,45551,10,20
almanac,HCC-2998,bo_selection,act_hamming+zero,8,122758,761432,1.9999999949504854e-06,4.999999969612645e-09,0.21199999749660492,95.89200030267239,-95.68000030517578,False,2,1,2589,29266,4000,45551,10,20
almanac,HCC-2998,bo_selection,act_hamming+zero,9,109724,713563,9.999999747378752e-05,9.999999747378752e-05,-15.390999794006348,80.28900051116943,-95.68000030517578,False,8,1,2411,27422,4000,45551,10,20
almanac,HCC-2998,bo_selection,hamming+zero,0,24559,409962,9.999999974752427e-07,1.9999999494757503e-05,-87.86000061035156,7.819999694824219,-95.68000030517578,False,5,1,1125,12824,4000,45551,10,20
almanac,HCC-2998,bo_selection,hamming+zero,1,67574,713563,2.999999892949745e-08,9.999999747378752e-05,-22.211000442504883,73.4689998626709,-95.68000030517578,False,5,1,1947,22013,4000,45551,10,20
almanac,HCC-2998,bo_selection,hamming+zero,2,740,762,1.0000000116860974e-07,4.999999987376214e-07,11.84000015258789,107.52000045776367,-95.68000030517578,False,12,1,3,34,4000,45551,10,20
almanac,HCC-2998,bo_selection,hamming+zero,3,713563,719627,9.999999747378752e-05,1.0000000116860974e-07,-14.407999992370605,81.27200031280518,-95.68000030517578,False,6,1,3690,41999,4000,45551,10,20
almanac,HCC-2998,bo_selection,hamming+zero,4,740,762,1.0000000116860974e-07,4.999999987376214e-07,11.84000015258789,107.52000045776367,-95.68000030517578,False,12,1,3,34,4000,45551,10,20
almanac,HCC-2998,bo_selection,hamming+zero,5,77213,713563,1.9999999494757503e-05,9.999999747378752e-05,-43.01499938964844,52.665000915527344,-95.68000030517578,False,0,1,2062,23282,4000,45551,10,20
almanac,HCC-2998,bo_selection,hamming+zero,6,125973,756645,5.99999978589949e-08,9.99999993922529e-09,-9.031999588012695,86.64800071716309,-95.68000030517578,False,0,1,2757,31182,4000,45551,10,20
almanac,HCC-2998,bo_selection,hamming+zero,7,740,762,1.0000000116860974e-07,4.999999987376214e-07,11.84000015258789,107.52000045776367,-95.68000030517578,False,12,1,3,34,4000,45551,10,20
almanac,HCC-2998,bo_selection,hamming+zero,8,122758,761432,1.9999999949504854e-06,4.999999969612645e-09,0.21199999749660492,95.89200030267239,-95.68000030517578,False,2,1,2589,29266,4000,45551,10,20
almanac,HCC-2998,bo_selection,hamming+zero,9,109724,713563,9.999999747378752e-05,9.999999747378752e-05,-15.390999794006348,80.28900051116943,-95.68000030517578,False,8,1,2411,27422,4000,45551,10,20
almanac,HCC-2998,bo_selection,linear_curve,0,681239,747973,3.000000106112566e-07,3.000000106112566e-07,-95.16000366210938,0.5199966430664062,-95.68000030517578,False,26,1,3574,40525,4000,45551,10,20
almanac,HCC-2998,bo_selection,linear_curve,1,9706,681239,4.999999873689376e-06,3.000000106112566e-07,-95.22000122070312,0.45999908447265625,-95.68000030517578,False,28,1,812,9062,4000,45551,10,20
almanac,HCC-2998,bo_selection,linear_curve,2,681239,747973,3.000000106112566e-07,3.000000106112566e-07,-95.16000366210938,0.5199966430664062,-95.68000030517578,False,21,1,3574,40525,4000,45551,10,20
almanac,HCC-2998,bo_selection,linear_curve,3,24559,754230,9.999999974752427e-07,5.999999976025183e-12,-91.91999816894531,3.7600021362304688,-95.68000030517578,False,13,1,1148,13128,4000,45551,10,20
almanac,HCC-2998,bo_selection,linear_curve,4,9706,681239,4.999999873689376e-06,3.000000106112566e-07,-95.22000122070312,0.45999908447265625,-95.68000030517578,False,21,1,812,9062,4000,45551,10,20
almanac,HCC-2998,bo_selection,linear_curve,5,6396,24559,1.0000000116860974e-07,9.999999974752427e-07,-86.97000122070312,8.709999084472656,-95.68000030517578,False,16,1,629,6941,4000,45551,10,20
almanac,HCC-2998,bo_selection,linear_curve,6,246131,681239,1.9999999494757503e-05,3.000000106112566e-07,-93.1500015258789,2.529998779296875,-95.68000030517578,False,21,1,3103,35054,4000,45551,10,20
almanac,HCC-2998,bo_selection,linear_curve,7,9706,681239,4.999999873689376e-06,3.000000106112566e-07,-95.22000122070312,0.45999908447265625,-95.68000030517578,False,15,1,812,9062,4000,45551,10,20
almanac,HCC-2998,bo_selection,linear_curve,8,9706,681239,4.999999873689376e-06,3.000000106112566e-07,-95.22000122070312,0.45999908447265625,-95.68000030517578,False,29,1,812,9062,4000,45551,10,20
almanac,HCC-2998,bo_selection,linear_curve,9,681239,747973,3.000000106112566e-07,3.000000106112566e-07,-95.16000366210938,0.5199966430664062,-95.68000030517578,False,19,1,3574,40525,4000,45551,10,20
almanac,HCC-2998,bo_selection,ours+zero,0,24559,409962,9.999999974752427e-07,1.9999999494757503e-05,-87.86000061035156,7.819999694824219,-95.68000030517578,False,5,1,1125,12824,4000,45551,10,20
almanac,HCC-2998,bo_selection,ours+zero,1,118218,754143,6.000000212225132e-06,9.99999993922529e-09,-72.94999694824219,22.730003356933594,-95.68000030517578,False,13,1,2476,28133,4000,45551,10,20
almanac,HCC-2998,bo_selection,ours+zero,2,754143,761432,9.99999993922529e-09,5.000000058430487e-08,-71.06800079345703,24.61199951171875,-95.68000030517578,False,10,1,3979,45307,4000,45551,10,20
almanac,HCC-2998,bo_selection,ours+zero,3,754143,761432,9.99999993922529e-09,5.000000058430487e-08,-71.06800079345703,24.61199951171875,-95.68000030517578,False,12,1,3979,45307,4000,45551,10,20
almanac,HCC-2998,bo_selection,ours+zero,4,49842,608210,5.000000058430487e-08,9.999999974752427e-07,-33.845001220703125,61.834999084472656,-95.68000030517578,False,11,1,1775,19943,4000,45551,10,20
almanac,HCC-2998,bo_selection,ours+zero,5,77213,713563,1.9999999494757503e-05,9.999999747378752e-05,-43.01499938964844,52.665000915527344,-95.68000030517578,False,0,1,2062,23282,4000,45551,10,20
almanac,HCC-2998,bo_selection,ours+zero,6,754143,761432,9.99999993922529e-09,5.000000058430487e-08,-71.06800079345703,24.61199951171875,-95.68000030517578,False,15,1,3979,45307,4000,45551,10,20
almanac,HCC-2998,bo_selection,ours+zero,7,754143,761432,9.99999993922529e-09,5.000000058430487e-08,-71.06800079345703,24.61199951171875,-95.68000030517578,False,18,1,3979,45307,4000,45551,10,20
almanac,HCC-2998,bo_selection,ours+zero,8,754143,761432,9.99999993922529e-09,5.000000058430487e-08,-71.06800079345703,24.61199951171875,-95.68000030517578,False,13,1,3979,45307,4000,45551,10,20
almanac,HCC-2998,bo_selection,ours+zero,9,752,608210,9.999999747378752e-06,9.999999974752427e-07,-50.26100158691406,45.41899871826172,-95.68000030517578,False,23,1,220,2312,4000,45551,10,20
almanac,HCC-2998,bo_selection,random,0,24559,409962,9.999999974752427e-07,1.9999999494757503e-05,-87.86000061035156,7.819999694824219,-95.68000030517578,False,5,1,1125,12824,4000,45551,10,20
almanac,HCC-2998,bo_selection,random,1,67574,713563,2.999999892949745e-08,9.999999747378752e-05,-22.211000442504883,73.46900177001953,-95.68000030517578,False,5,1,1947,22013,4000,45551,10,20
almanac,HCC-2998,bo_selection,random,2,19893,628503,9.999999747378752e-06,2.999999892949745e-08,13.87399959564209,109.55400085449219,-95.68000030517578,False,23,1,1069,12092,4000,45551,10,20
almanac,HCC-2998,bo_selection,random,3,754143,761432,9.99999993922529e-09,5.000000058430487e-08,-71.06800079345703,24.61199951171875,-95.68000030517578,False,24,1,3979,45307,4000,45551,10,20
almanac,HCC-2998,bo_selection,random,4,125973,715055,5.99999978589949e-08,9.999999974752427e-07,0.5329999923706055,96.21299743652344,-95.68000030517578,False,28,1,2734,30985,4000,45551,10,20
almanac,HCC-2998,bo_selection,random,5,77213,713563,1.9999999494757503e-05,9.999999747378752e-05,-43.01499938964844,52.665000915527344,-95.68000030517578,False,0,1,2062,23282,4000,45551,10,20
almanac,HCC-2998,bo_selection,random,6,698037,761432,9.999999974752427e-07,5.000000058430487e-08,-21.729000091552734,73.95100402832031,-95.68000030517578,False,12,1,3635,41200,4000,45551,10,20
almanac,HCC-2998,bo_selection,random,7,733504,754143,9.999999717180685e-10,9.99999993922529e-09,-67.62000274658203,28.05999755859375,-95.68000030517578,False,10,1,3852,43933,4000,45551,10,20
almanac,HCC-2998,bo_selection,random,8,49842,180973,2.999999892949745e-08,7.000000096013537e-06,-26.600000381469727,69.08000183105469,-95.68000030517578,False,21,1,1763,19826,4000,45551,10,20
almanac,HCC-2998,bo_selection,random,9,109724,713563,9.999999747378752e-05,9.999999747378752e-05,-15.390999794006348,80.28900146484375,-95.68000030517578,False,8,1,2411,27422,4000,45551,10,20
almanac,HCC-2998,bo_selection,tanimoto+zero,0,24559,409962,9.999999974752427e-07,1.9999999494757503e-05,-87.86000061035156,7.819999694824219,-95.68000030517578,False,5,1,1125,12824,4000,45551,10,20
almanac,HCC-2998,bo_selection,tanimoto+zero,1,13875,713563,7.500000356230885e-05,9.999999747378752e-05,-29.420000076293945,66.26000022888184,-95.68000030517578,False,18,1,873,9845,4000,45551,10,20
almanac,HCC-2998,bo_selection,tanimoto+zero,2,713563,747973,9.999999747378752e-05,2.999999901276418e-11,-9.071999549865723,86.60800075531006,-95.68000030517578,False,21,1,3700,42080,4000,45551,10,20
almanac,HCC-2998,bo_selection,tanimoto+zero,3,713563,719627,9.999999747378752e-05,1.0000000116860974e-07,-14.407999992370605,81.27200031280518,-95.68000030517578,False,6,1,3690,41999,4000,45551,10,20
almanac,HCC-2998,bo_selection,tanimoto+zero,4,77213,713563,1.9999999494757503e-05,9.999999747378752e-05,-43.01499938964844,52.665000915527344,-95.68000030517578,False,27,1,2062,23282,4000,45551,10,20
almanac,HCC-2998,bo_selection,tanimoto+zero,5,77213,713563,1.9999999494757503e-05,9.999999747378752e-05,-43.01499938964844,52.665000915527344,-95.68000030517578,False,0,1,2062,23282,4000,45551,10,20
almanac,HCC-2998,bo_selection,tanimoto+zero,6,77213,713563,1.9999999494757503e-05,9.999999747378752e-05,-43.01499938964844,52.665000915527344,-95.68000030517578,False,16,1,2062,23282,4000,45551,10,20
almanac,HCC-2998,bo_selection,tanimoto+zero,7,169780,713563,9.999999747378752e-05,9.999999747378752e-05,-26.865999221801758,68.81400108337402,-95.68000030517578,False,29,1,2895,32912,4000,45551,10,20
almanac,HCC-2998,bo_selection,tanimoto+zero,8,713563,747973,9.999999747378752e-05,2.999999901276418e-11,-9.071999549865723,86.60800075531006,-95.68000030517578,False,14,1,3700,42080,4000,45551,10,20
almanac,HCC-2998,bo_selection,tanimoto+zero,9,77213,713563,1.9999999494757503e-05,9.999999747378752e-05,-43.01499938964844,52.665000915527344,-95.68000030517578,False,17,1,2062,23282,4000,45551,10,20
almanac,HCC-2998,pool_optimum,pool_optimum,-1,32065,681239,1.9999999494757503e-05,3.000000106112566e-07,-95.68000030517578,0.0,-95.68000030517578,True,-1,1,1464,16577,4000,45551,10,20
almanac,HCT-116,bo_selection,act_hamming+zero,0,740,32065,9.99999993922529e-09,1.9999999494757503e-05,3.490000009536743,94.1999990940094,-90.70999908447266,False,26,1,23,176,4000,46283,10,20
almanac,HCT-116,bo_selection,act_hamming+zero,1,740,32065,9.99999993922529e-09,1.9999999494757503e-05,3.490000009536743,94.1999990940094,-90.70999908447266,False,26,1,23,176,4000,46283,10,20
almanac,HCT-116,bo_selection,act_hamming+zero,2,740,32065,9.99999993922529e-09,1.9999999494757503e-05,3.490000009536743,94.1999990940094,-90.70999908447266,False,26,1,23,176,4000,46283,10,20
almanac,HCT-116,bo_selection,act_hamming+zero,3,713563,733504,9.999999747378752e-05,6.000000052353016e-09,1.0920000076293945,91.80199909210205,-90.70999908447266,False,6,1,3690,42612,4000,46283,10,20
almanac,HCT-116,bo_selection,act_hamming+zero,4,740,32065,9.99999993922529e-09,1.9999999494757503e-05,3.490000009536743,94.1999990940094,-90.70999908447266,False,26,1,23,176,4000,46283,10,20
almanac,HCT-116,bo_selection,act_hamming+zero,5,740,32065,9.99999993922529e-09,1.9999999494757503e-05,3.490000009536743,94.1999990940094,-90.70999908447266,False,26,1,23,176,4000,46283,10,20
almanac,HCT-116,bo_selection,act_hamming+zero,6,740,32065,9.99999993922529e-09,1.9999999494757503e-05,3.490000009536743,94.1999990940094,-90.70999908447266,False,26,1,23,176,4000,46283,10,20
almanac,HCT-116,bo_selection,act_hamming+zero,7,747971,754143,2.0000000233721948e-07,9.99999993922529e-09,-15.1899995803833,75.51999950408936,-90.70999908447266,False,9,1,3906,45304,4000,46283,10,20
almanac,HCT-116,bo_selection,act_hamming+zero,8,740,32065,9.99999993922529e-09,1.9999999494757503e-05,3.490000009536743,94.1999990940094,-90.70999908447266,False,26,1,23,176,4000,46283,10,20
almanac,HCT-116,bo_selection,act_hamming+zero,9,740,32065,9.99999993922529e-09,1.9999999494757503e-05,3.490000009536743,94.1999990940094,-90.70999908447266,False,26,1,23,176,4000,46283,10,20
almanac,HCT-116,bo_selection,hamming+zero,0,740,32065,9.99999993922529e-09,1.9999999494757503e-05,3.490000009536743,94.1999990940094,-90.70999908447266,False,26,1,23,176,4000,46283,10,20
almanac,HCT-116,bo_selection,hamming+zero,1,740,32065,9.99999993922529e-09,1.9999999494757503e-05,3.490000009536743,94.1999990940094,-90.70999908447266,False,26,1,23,176,4000,46283,10,20
almanac,HCT-116,bo_selection,hamming+zero,2,740,32065,9.99999993922529e-09,1.9999999494757503e-05,3.490000009536743,94.1999990940094,-90.70999908447266,False,26,1,23,176,4000,46283,10,20
almanac,HCT-116,bo_selection,hamming+zero,3,713563,733504,9.999999747378752e-05,6.000000052353016e-09,1.0920000076293945,91.80199909210205,-90.70999908447266,False,6,1,3690,42612,4000,46283,10,20
almanac,HCT-116,bo_selection,hamming+zero,4,740,32065,9.99999993922529e-09,1.9999999494757503e-05,3.490000009536743,94.1999990940094,-90.70999908447266,False,26,1,23,176,4000,46283,10,20
almanac,HCT-116,bo_selection,hamming+zero,5,740,32065,9.99999993922529e-09,1.9999999494757503e-05,3.490000009536743,94.1999990940094,-90.70999908447266,False,26,1,23,176,4000,46283,10,20
almanac,HCT-116,bo_selection,hamming+zero,6,740,32065,9.99999993922529e-09,1.9999999494757503e-05,3.490000009536743,94.1999990940094,-90.70999908447266,False,26,1,23,176,4000,46283,10,20
almanac,HCT-116,bo_selection,hamming+zero,7,747971,754143,2.0000000233721948e-07,9.99999993922529e-09,-15.1899995803833,75.51999950408936,-90.70999908447266,False,9,1,3906,45304,4000,46283,10,20
almanac,HCT-116,bo_selection,hamming+zero,8,740,32065,9.99999993922529e-09,1.9999999494757503e-05,3.490000009536743,94.1999990940094,-90.70999908447266,False,26,1,23,176,4000,46283,10,20
almanac,HCT-116,bo_selection,hamming+zero,9,740,32065,9.99999993922529e-09,1.9999999494757503e-05,3.490000009536743,94.1999990940094,-90.70999908447266,False,26,1,23,176,4000,46283,10,20
almanac,HCT-116,bo_selection,linear_curve,0,719345,754143,4.0000000467443897e-07,9.99999993922529e-09,-76.5199966430664,14.19000244140625,-90.70999908447266,False,29,1,3798,43843,4000,46283,10,20
almanac,HCT-116,bo_selection,linear_curve,1,26980,681239,4.999999969612645e-09,3.000000106112566e-07,-79.58999633789062,11.120002746582031,-90.70999908447266,False,20,1,1323,15131,4000,46283,10,20
almanac,HCT-116,bo_selection,linear_curve,2,681239,754143,2.999999892949745e-08,9.99999993922529e-09,-65.25,25.459999084472656,-90.70999908447266,False,18,1,3569,41098,4000,46283,10,20
almanac,HCT-116,bo_selection,linear_curve,3,762,681239,4.999999873689376e-06,3.000000106112566e-07,-89.97000122070312,0.7399978637695312,-90.70999908447266,False,14,1,376,4148,4000,46283,10,20
almanac,HCT-116,bo_selection,linear_curve,4,279836,713563,4.999999987376214e-07,9.999999747378752e-05,-51.49300003051758,39.21699905395508,-90.70999908447266,False,14,1,3243,37132,4000,46283,10,20
almanac,HCT-116,bo_selection,linear_curve,5,762,681239,4.999999873689376e-06,3.000000106112566e-07,-89.97000122070312,0.7399978637695312,-90.70999908447266,False,22,1,376,4148,4000,46283,10,20
almanac,HCT-116,bo_selection,linear_curve,6,25154,754143,2.9999999242136255e-05,9.99999993922529e-09,-85.22000122070312,5.489997863769531,-90.70999908447266,False,23,1,1206,13859,4000,46283,10,20
almanac,HCT-116,bo_selection,linear_curve,7,762,681239,4.999999873689376e-06,3.000000106112566e-07,-89.97000122070312,0.7399978637695312,-90.70999908447266,False,28,1,376,4148,4000,46283,10,20
almanac,HCT-116,bo_selection,linear_curve,8,681239,750690,3.000000106112566e-07,9.99999993922529e-09,-72.52999877929688,18.18000030517578,-90.70999908447266,False,25,1,3568,41081,4000,46283,10,20
almanac,HCT-116,bo_selection,linear_curve,9,681239,754143,2.999999892949745e-08,9.99999993922529e-09,-65.25,25.459999084472656,-90.70999908447266,False,25,1,3569,41098,4000,46283,10,20
almanac,HCT-116,bo_selection,ours+zero,0,279836,713563,4.999999987376214e-07,9.999999747378752e-05,-51.49300003051758,39.21699905395508,-90.70999908447266,False,26,1,3243,37132,4000,46283,10,20
almanac,HCT-116,bo_selection,ours+zero,1,609699,754143,1.0000000116860974e-07,9.99999993922529e-09,-79.1500015258789,11.55999755859375,-90.70999908447266,False,18,1,3467,39859,4000,46283,10,20
almanac,HCT-116,bo_selection,ours+zero,2,755,747973,1.9999999949504854e-06,3.000000106112566e-07,-19.040000915527344,71.66999816894531,-90.70999908447266,False,19,1,318,3464,4000,46283,10,20
almanac,HCT-116,bo_selection,ours+zero,3,755,681239,1.9999999949504854e-06,3.000000106112566e-07,-90.70999908447266,0.0,-90.70999908447266,True,15,1,300,3266,4000,46283,10,20
almanac,HCT-116,bo_selection,ours+zero,4,279836,713563,4.999999987376214e-07,9.999999747378752e-05,-51.49300003051758,39.21699905395508,-90.70999908447266,False,15,1,3243,37132,4000,46283,10,20
almanac,HCT-116,bo_selection,ours+zero,5,762,681239,4.999999873689376e-06,3.000000106112566e-07,-89.97000122070312,0.7399978637695312,-90.70999908447266,False,13,1,376,4148,4000,46283,10,20
almanac,HCT-116,bo_selection,ours+zero,6,681239,754143,2.999999892949745e-08,9.99999993922529e-09,-65.25,25.459999084472656,-90.70999908447266,False,10,1,3569,41098,4000,46283,10,20
almanac,HCT-116,bo_selection,ours+zero,7,609699,754143,1.0000000116860974e-07,9.99999993922529e-09,-79.1500015258789,11.55999755859375,-90.70999908447266,False,10,1,3467,39859,4000,46283,10,20
almanac,HCT-116,bo_selection,ours+zero,8,681239,754143,2.999999892949745e-08,9.99999993922529e-09,-65.25,25.459999084472656,-90.70999908447266,False,19,1,3569,41098,4000,46283,10,20
almanac,HCT-116,bo_selection,ours+zero,9,681239,754143,2.999999892949745e-08,9.99999993922529e-09,-65.25,25.459999084472656,-90.70999908447266,False,15,1,3569,41098,4000,46283,10,20
almanac,HCT-116,bo_selection,random,0,49842,713563,4.999999969612645e-09,9.999999747378752e-05,0.3100000023841858,91.0199966430664,-90.70999908447266,False,27,1,1775,20174,4000,46283,10,20
almanac,HCT-116,bo_selection,random,1,718781,747973,1.9999999949504854e-06,2.999999892949745e-08,2.859999895095825,93.56999969482422,-90.70999908447266,False,24,1,3742,43158,4000,46283,10,20
almanac,HCT-116,bo_selection,random,2,26980,681239,4.999999969612645e-09,3.000000106112566e-07,-79.58999633789062,11.120002746582031,-90.70999908447266,False,12,1,1323,15131,4000,46283,10,20
almanac,HCT-116,bo_selection,random,3,719345,747973,4.0000000467443897e-07,3.000000106112566e-07,-28.700000762939453,62.0099983215332,-90.70999908447266,False,12,1,3792,43798,4000,46283,10,20
almanac,HCT-116,bo_selection,random,4,125973,369100,3.000000106112566e-07,6.999999868639861e-08,0.5199999809265137,91.22999572753906,-90.70999908447266,False,13,1,2726,31193,4000,46283,10,20
almanac,HCT-116,bo_selection,random,5,740,32065,1.0000000116860974e-07,2.0000000233721948e-07,9.5600004196167,100.2699966430664,-90.70999908447266,False,18,1,24,177,4000,46283,10,20
almanac,HCT-116,bo_selection,random,6,279836,755986,4.999999987376214e-07,2.499999936844688e-05,6.730999946594238,97.44100189208984,-90.70999908447266,False,29,1,3255,37339,4000,46283,10,20
almanac,HCT-116,bo_selection,random,7,747971,754143,2.0000000233721948e-07,9.99999993922529e-09,-15.1899995803833,75.5199966430664,-90.70999908447266,False,9,1,3906,45304,4000,46283,10,20
almanac,HCT-116,bo_selection,random,8,32065,747973,1.9999999494757503e-05,3.000000106112566e-07,-50.029998779296875,40.68000030517578,-90.70999908447266,False,19,1,1473,16802,4000,46283,10,20
almanac,HCT-116,bo_selection,random,9,681239,750690,3.000000106112566e-07,9.99999993922529e-09,-72.52999877929688,18.18000030517578,-90.70999908447266,False,26,1,3568,41081,4000,46283,10,20
almanac,HCT-116,bo_selection,tanimoto+zero,0,279836,713563,4.999999987376214e-07,9.999999747378752e-05,-51.49300003051758,39.21699905395508,-90.70999908447266,False,26,1,3243,37132,4000,46283,10,20
almanac,HCT-116,bo_selection,tanimoto+zero,1,681239,713563,5.00000006675716e-11,9.999999747378752e-05,1.7059999704360962,92.41599905490875,-90.70999908447266,False,23,1,3556,40915,4000,46283,10,20
almanac,HCT-116,bo_selection,tanimoto+zero,2,19893,713563,9.999999747378752e-06,9.999999747378752e-05,-48.327999114990234,42.38199996948242,-90.70999908447266,False,29,1,1074,12182,4000,46283,10,20
almanac,HCT-116,bo_selection,tanimoto+zero,3,681239,754230,3.000000106112566e-07,9.999999960041972e-13,-70.88999938964844,19.81999969482422,-90.70999908447266,False,15,1,3571,41108,4000,46283,10,20
almanac,HCT-116,bo_selection,tanimoto+zero,4,681239,754230,3.000000106112566e-07,9.999999960041972e-13,-70.88999938964844,19.81999969482422,-90.70999908447266,False,11,1,3571,41108,4000,46283,10,20
almanac,HCT-116,bo_selection,tanimoto+zero,5,122758,713563,2.0000000233721948e-07,9.999999747378752e-05,-9.079999923706055,81.6299991607666,-90.70999908447266,False,27,1,2556,29318,4000,46283,10,20
almanac,HCT-116,bo_selection,tanimoto+zero,6,122758,713563,2.0000000233721948e-07,9.999999747378752e-05,-9.079999923706055,81.6299991607666,-90.70999908447266,False,26,1,2556,29318,4000,46283,10,20
almanac,HCT-116,bo_selection,tanimoto+zero,7,681239,754230,3.000000106112566e-07,9.999999960041972e-13,-70.88999938964844,19.81999969482422,-90.70999908447266,False,16,1,3571,41108,4000,46283,10,20
almanac,HCT-116,bo_selection,tanimoto+zero,8,169780,713563,9.999999747378752e-05,9.999999747378752e-05,-30.97599983215332,59.733999252319336,-90.70999908447266,False,26,1,2894,33290,4000,46283,10,20
almanac,HCT-116,bo_selection,tanimoto+zero,9,169780,713563,9.999999747378752e-05,9.999999747378752e-05,-30.97599983215332,59.733999252319336,-90.70999908447266,False,27,1,2894,33290,4000,46283,10,20
almanac,HCT-116,pool_optimum,pool_optimum,-1,755,681239,1.9999999949504854e-06,3.000000106112566e-07,-90.70999908447266,0.0,-90.70999908447266,True,-1,1,300,3266,4000,46283,10,20
almanac,HCT-15,bo_selection,act_hamming+zero,0,740,762,1.0000000116860974e-07,4.999999987376214e-07,-7.039999961853027,78.76999759674072,-85.80999755859375,False,12,1,3,34,4000,46742,10,20
almanac,HCT-15,bo_selection,act_hamming+zero,1,740,762,1.0000000116860974e-07,4.999999987376214e-07,-7.039999961853027,78.76999759674072,-85.80999755859375,False,12,1,3,34,4000,46742,10,20
almanac,HCT-15,bo_selection,act_hamming+zero,2,740,762,1.0000000116860974e-07,4.999999987376214e-07,-7.039999961853027,78.76999759674072,-85.80999755859375,False,12,1,3,34,4000,46742,10,20
almanac,HCT-15,bo_selection,act_hamming+zero,3,92859,409962,6.000000212225132e-06,1.9999999949504854e-06,-48.849998474121094,36.959999084472656,-85.80999755859375,False,9,1,2253,26089,4000,46742,10,20
almanac,HCT-15,bo_selection,act_hamming+zero,4,740,762,1.0000000116860974e-07,4.999999987376214e-07,-7.039999961853027,78.76999759674072,-85.80999755859375,False,12,1,3,34,4000,46742,10,20
almanac,HCT-15,bo_selection,act_hamming+zero,5,740,762,1.0000000116860974e-07,4.999999987376214e-07,-7.039999961853027,78.76999759674072,-85.80999755859375,False,12,1,3,34,4000,46742,10,20
almanac,HCT-15,bo_selection,act_hamming+zero,6,740,762,1.0000000116860974e-07,4.999999987376214e-07,-7.039999961853027,78.76999759674072,-85.80999755859375,False,12,1,3,34,4000,46742,10,20
almanac,HCT-15,bo_selection,act_hamming+zero,7,740,762,1.0000000116860974e-07,4.999999987376214e-07,-7.039999961853027,78.76999759674072,-85.80999755859375,False,12,1,3,34,4000,46742,10,20
almanac,HCT-15,bo_selection,act_hamming+zero,8,92859,733504,6.000000212225132e-06,9.999999717180685e-10,-62.68000030517578,23.12999725341797,-85.80999755859375,False,9,1,2267,26286,4000,46742,10,20
almanac,HCT-15,bo_selection,act_hamming+zero,9,740,762,1.0000000116860974e-07,4.999999987376214e-07,-7.039999961853027,78.76999759674072,-85.80999755859375,False,12,1,3,34,4000,46742,10,20
almanac,HCT-15,bo_selection,hamming+zero,0,740,762,1.0000000116860974e-07,4.999999987376214e-07,-7.039999961853027,78.76999759674072,-85.80999755859375,False,12,1,3,34,4000,46742,10,20
almanac,HCT-15,bo_selection,hamming+zero,1,740,762,1.0000000116860974e-07,4.999999987376214e-07,-7.039999961853027,78.76999759674072,-85.80999755859375,False,12,1,3,34,4000,46742,10,20
almanac,HCT-15,bo_selection,hamming+zero,2,740,762,1.0000000116860974e-07,4.999999987376214e-07,-7.039999961853027,78.76999759674072,-85.80999755859375,False,12,1,3,34,4000,46742,10,20
almanac,HCT-15,bo_selection,hamming+zero,3,92859,409962,6.000000212225132e-06,1.9999999949504854e-06,-48.849998474121094,36.959999084472656,-85.80999755859375,False,9,1,2253,26089,4000,46742,10,20
almanac,HCT-15,bo_selection,hamming+zero,4,740,762,1.0000000116860974e-07,4.999999987376214e-07,-7.039999961853027,78.76999759674072,-85.80999755859375,False,12,1,3,34,4000,46742,10,20
almanac,HCT-15,bo_selection,hamming+zero,5,740,762,1.0000000116860974e-07,4.999999987376214e-07,-7.039999961853027,78.76999759674072,-85.80999755859375,False,12,1,3,34,4000,46742,10,20
almanac,HCT-15,bo_selection,hamming+zero,6,740,762,1.0000000116860974e-07,4.999999987376214e-07,-7.039999961853027,78.76999759674072,-85.80999755859375,False,12,1,3,34,4000,46742,10,20
almanac,HCT-15,bo_selection,hamming+zero,7,740,762,1.0000000116860974e-07,4.999999987376214e-07,-7.039999961853027,78.76999759674072,-85.80999755859375,False,12,1,3,34,4000,46742,10,20
almanac,HCT-15,bo_selection,hamming+zero,8,92859,733504,6.000000212225132e-06,9.999999717180685e-10,-62.68000030517578,23.12999725341797,-85.80999755859375,False,9,1,2267,26286,4000,46742,10,20
almanac,HCT-15,bo_selection,hamming+zero,9,740,762,1.0000000116860974e-07,4.999999987376214e-07,-7.039999961853027,78.76999759674072,-85.80999755859375,False,12,1,3,34,4000,46742,10,20
almanac,HCT-15,bo_selection,linear_curve,0,681239,754230,3.000000106112566e-07,9.999999960041972e-13,-75.93000030517578,9.879997253417969,-85.80999755859375,False,14,1,3561,41558,4000,46742,10,20
almanac,HCT-15,bo_selection,linear_curve,1,681239,754230,3.000000106112566e-07,9.999999960041972e-13,-75.93000030517578,9.879997253417969,-85.80999755859375,False,11,1,3561,41558,4000,46742,10,20
almanac,HCT-15,bo_selection,linear_curve,2,681239,754230,3.000000106112566e-07,9.999999960041972e-13,-75.93000030517578,9.879997253417969,-85.80999755859375,False,17,1,3561,41558,4000,46742,10,20
almanac,HCT-15,bo_selection,linear_curve,3,681239,754230,3.000000106112566e-07,9.999999960041972e-13,-75.93000030517578,9.879997253417969,-85.80999755859375,False,25,1,3561,41558,4000,46742,10,20
almanac,HCT-15,bo_selection,linear_curve,4,681239,754230,3.000000106112566e-07,9.999999960041972e-13,-75.93000030517578,9.879997253417969,-85.80999755859375,False,28,1,3561,41558,4000,46742,10,20
almanac,HCT-15,bo_selection,linear_curve,5,681239,754230,3.000000106112566e-07,9.999999960041972e-13,-75.93000030517578,9.879997253417969,-85.80999755859375,False,10,1,3561,41558,4000,46742,10,20
almanac,HCT-15,bo_selection,linear_curve,6,119875,681239,1.9999999494757503e-05,3.000000106112566e-07,-85.80999755859375,0.0,-85.80999755859375,True,29,1,2492,29024,4000,46742,10,20
almanac,HCT-15,bo_selection,linear_curve,7,681239,754230,3.000000106112566e-07,9.999999960041972e-13,-75.93000030517578,9.879997253417969,-85.80999755859375,False,13,1,3561,41558,4000,46742,10,20
almanac,HCT-15,bo_selection,linear_curve,8,119875,681239,1.9999999494757503e-05,3.000000106112566e-07,-85.80999755859375,0.0,-85.80999755859375,True,19,1,2492,29024,4000,46742,10,20
almanac,HCT-15,bo_selection,linear_curve,9,119875,681239,1.9999999494757503e-05,3.000000106112566e-07,-85.80999755859375,0.0,-85.80999755859375,True,10,1,2492,29024,4000,46742,10,20
almanac,HCT-15,bo_selection,ours+zero,0,409962,713563,1.500000053056283e-06,9.999999747378752e-05,1.2669999599456787,87.07699751853943,-85.80999755859375,False,16,1,3354,39082,4000,46742,10,20
almanac,HCT-15,bo_selection,ours+zero,1,26980,681239,4.999999987376214e-07,3.000000106112566e-07,-85.52999877929688,0.279998779296875,-85.80999755859375,False,10,1,1309,15362,4000,46742,10,20
almanac,HCT-15,bo_selection,ours+zero,2,26980,681239,4.999999987376214e-07,3.000000106112566e-07,-85.52999877929688,0.279998779296875,-85.80999755859375,False,11,1,1309,15362,4000,46742,10,20
almanac,HCT-15,bo_selection,ours+zero,3,92859,409962,6.000000212225132e-06,1.9999999949504854e-06,-48.849998474121094,36.959999084472656,-85.80999755859375,False,9,1,2253,26089,4000,46742,10,20
almanac,HCT-15,bo_selection,ours+zero,4,125066,681239,1.0000000116860974e-07,3.000000106112566e-07,-70.75,15.05999755859375,-85.80999755859375,False,12,1,2691,31109,4000,46742,10,20
almanac,HCT-15,bo_selection,ours+zero,5,27640,681239,6.999999868639861e-08,3.000000106112566e-07,-73.87000274658203,11.939994812011719,-85.80999755859375,False,10,1,1377,16100,4000,46742,10,20
almanac,HCT-15,bo_selection,ours+zero,6,27640,681239,6.999999868639861e-08,3.000000106112566e-07,-73.87000274658203,11.939994812011719,-85.80999755859375,False,11,1,1377,16100,4000,46742,10,20
almanac,HCT-15,bo_selection,ours+zero,7,26980,681239,4.999999987376214e-07,3.000000106112566e-07,-85.52999877929688,0.279998779296875,-85.80999755859375,False,11,1,1309,15362,4000,46742,10,20
almanac,HCT-15,bo_selection,ours+zero,8,92859,733504,6.000000212225132e-06,9.999999717180685e-10,-62.68000030517578,23.12999725341797,-85.80999755859375,False,9,1,2267,26286,4000,46742,10,20
almanac,HCT-15,bo_selection,ours+zero,9,125066,681239,1.0000000116860974e-07,3.000000106112566e-07,-70.75,15.05999755859375,-85.80999755859375,False,13,1,2691,31109,4000,46742,10,20
almanac,HCT-15,bo_selection,random,0,27640,757441,6.999999868639861e-07,9.99999993922529e-09,16.465999603271484,102.2760009765625,-85.80999755859375,False,7,1,1403,16377,4000,46742,10,20
almanac,HCT-15,bo_selection,random,1,750,713563,9.999999974752427e-07,9.999999747378752e-05,4.23199987411499,90.04199981689453,-85.80999755859375,False,22,1,138,1523,4000,46742,10,20
almanac,HCT-15,bo_selection,random,2,686673,747973,1.9999999949504854e-06,3.000000106112566e-07,7.989999771118164,93.79999542236328,-85.80999755859375,False,18,1,3586,41800,4000,46742,10,20
almanac,HCT-15,bo_selection,random,3,92859,409962,6.000000212225132e-06,1.9999999949504854e-06,-48.849998474121094,36.959999084472656,-85.80999755859375,False,9,1,2253,26089,4000,46742,10,20
almanac,HCT-15,bo_selection,random,4,606869,608210,9.999999974752427e-07,9.999999974752427e-07,12.35200023651123,98.16199493408203,-85.80999755859375,False,24,1,3380,39346,4000,46742,10,20
almanac,HCT-15,bo_selection,random,5,19893,66847,9.999999747378752e-05,9.999999747378752e-06,13.060999870300293,98.8709945678711,-85.80999755859375,False,11,1,1024,11951,4000,46742,10,20
almanac,HCT-15,bo_selection,random,6,266046,761432,9.99999993922529e-09,5.000000058430487e-08,2.1440000534057617,87.95399475097656,-85.80999755859375,False,17,1,3215,37396,4000,46742,10,20
almanac,HCT-15,bo_selection,random,7,608210,761432,9.99999993922529e-09,4.999999969612645e-09,8.527999877929688,94.33799743652344,-85.80999755859375,False,19,1,3433,40032,4000,46742,10,20
almanac,HCT-15,bo_selection,random,8,92859,733504,6.000000212225132e-06,9.999999717180685e-10,-62.68000030517578,23.12999725341797,-85.80999755859375,False,9,1,2267,26286,4000,46742,10,20
almanac,HCT-15,bo_selection,random,9,266046,761432,9.99999993922529e-09,5.000000058430487e-08,2.1440000534057617,87.95399475097656,-85.80999755859375,False,6,1,3215,37396,4000,46742,10,20
almanac,HCT-15,bo_selection,tanimoto+zero,0,750,92859,4.999999873689376e-05,6.000000212225132e-06,-61.18000030517578,24.62999725341797,-85.80999755859375,False,10,1,102,1169,4000,46742,10,20
almanac,HCT-15,bo_selection,tanimoto+zero,1,681239,754230,3.000000106112566e-07,9.999999960041972e-13,-75.93000030517578,9.879997253417969,-85.80999755859375,False,16,1,3561,41558,4000,46742,10,20
almanac,HCT-15,bo_selection,tanimoto+zero,2,681239,754230,3.000000106112566e-07,9.999999960041972e-13,-75.93000030517578,9.879997253417969,-85.80999755859375,False,14,1,3561,41558,4000,46742,10,20
almanac,HCT-15,bo_selection,tanimoto+zero,3,92859,409962,6.000000212225132e-06,1.9999999949504854e-06,-48.849998474121094,36.959999084472656,-85.80999755859375,False,9,1,2253,26089,4000,46742,10,20
almanac,HCT-15,bo_selection,tanimoto+zero,4,19893,169780,9.999999747378752e-05,9.999999747378752e-05,7.224999904632568,93.03499746322632,-85.80999755859375,False,20,1,1038,12140,4000,46742,10,20
almanac,HCT-15,bo_selection,tanimoto+zero,5,681239,754230,3.000000106112566e-07,9.999999960041972e-13,-75.93000030517578,9.879997253417969,-85.80999755859375,False,18,1,3561,41558,4000,46742,10,20
almanac,HCT-15,bo_selection,tanimoto+zero,6,82151,713563,1.999999943436137e-09,9.999999747378752e-05,-2.5820000171661377,83.22799754142761,-85.80999755859375,False,21,1,2148,24977,4000,46742,10,20
almanac,HCT-15,bo_selection,tanimoto+zero,7,19893,169780,9.999999747378752e-05,9.999999747378752e-05,7.224999904632568,93.03499746322632,-85.80999755859375,False,24,1,1038,12140,4000,46742,10,20
almanac,HCT-15,bo_selection,tanimoto+zero,8,92859,733504,6.000000212225132e-06,9.999999717180685e-10,-62.68000030517578,23.12999725341797,-85.80999755859375,False,9,1,2267,26286,4000,46742,10,20
almanac,HCT-15,bo_selection,tanimoto+zero,9,681239,754230,3.000000106112566e-07,9.999999960041972e-13,-75.93000030517578,9.879997253417969,-85.80999755859375,False,11,1,3561,41558,4000,46742,10,20
almanac,HCT-15,pool_optimum,pool_optimum,-1,119875,681239,1.9999999494757503e-05,3.000000106112566e-07,-85.80999755859375,0.0,-85.80999755859375,True,-1,1,2492,29024,4000,46742,10,20
almanac,HL-60(TB),bo_selection,act_hamming+zero,0,740,3088,3.000000106112566e-07,9.999999747378752e-05,-89.0989990234375,10.021003723144531,-99.12000274658203,False,19,1,9,62,4000,43529,10,20
almanac,HL-60(TB),bo_selection,act_hamming+zero,1,740,3088,3.000000106112566e-07,9.999999747378752e-05,-89.0989990234375,10.021003723144531,-99.12000274658203,False,19,1,9,62,4000,43529,10,20
almanac,HL-60(TB),bo_selection,act_hamming+zero,2,747971,747973,2.0000000233721948e-07,2.999999892949745e-08,-96.30999755859375,2.8100051879882812,-99.12000274658203,False,5,1,3914,42549,4000,43529,10,20
almanac,HL-60(TB),bo_selection,act_hamming+zero,3,740,3088,3.000000106112566e-07,9.999999747378752e-05,-89.0989990234375,10.021003723144531,-99.12000274658203,False,19,1,9,62,4000,43529,10,20
almanac,HL-60(TB),bo_selection,act_hamming+zero,4,740,3088,3.000000106112566e-07,9.999999747378752e-05,-89.0989990234375,10.021003723144531,-99.12000274658203,False,20,1,9,62,4000,43529,10,20
almanac,HL-60(TB),bo_selection,act_hamming+zero,5,362856,754143,1.9999999949504854e-06,9.99999993922529e-09,-94.91000366210938,4.209999084472656,-99.12000274658203,False,9,1,3316,35734,4000,43529,10,20
almanac,HL-60(TB),bo_selection,act_hamming+zero,6,740,3088,3.000000106112566e-07,9.999999747378752e-05,-89.0989990234375,10.021003723144531,-99.12000274658203,False,19,1,9,62,4000,43529,10,20
almanac,HL-60(TB),bo_selection,act_hamming+zero,7,740,3088,3.000000106112566e-07,9.999999747378752e-05,-89.0989990234375,10.021003723144531,-99.12000274658203,False,19,1,9,62,4000,43529,10,20
almanac,HL-60(TB),bo_selection,act_hamming+zero,8,740,3088,3.000000106112566e-07,9.999999747378752e-05,-89.0989990234375,10.021003723144531,-99.12000274658203,False,20,1,9,62,4000,43529,10,20
almanac,HL-60(TB),bo_selection,act_hamming+zero,9,740,3088,3.000000106112566e-07,9.999999747378752e-05,-89.0989990234375,10.021003723144531,-99.12000274658203,False,19,1,9,62,4000,43529,10,20
almanac,HL-60(TB),bo_selection,hamming+zero,0,740,3088,3.000000106112566e-07,9.999999747378752e-05,-89.0989990234375,10.021003723144531,-99.12000274658203,False,19,1,9,62,4000,43529,10,20
almanac,HL-60(TB),bo_selection,hamming+zero,1,740,3088,3.000000106112566e-07,9.999999747378752e-05,-89.0989990234375,10.021003723144531,-99.12000274658203,False,19,1,9,62,4000,43529,10,20
almanac,HL-60(TB),bo_selection,hamming+zero,2,747971,747973,2.0000000233721948e-07,2.999999892949745e-08,-96.30999755859375,2.8100051879882812,-99.12000274658203,False,5,1,3914,42549,4000,43529,10,20
almanac,HL-60(TB),bo_selection,hamming+zero,3,740,3088,3.000000106112566e-07,9.999999747378752e-05,-89.0989990234375,10.021003723144531,-99.12000274658203,False,19,1,9,62,4000,43529,10,20
almanac,HL-60(TB),bo_selection,hamming+zero,4,740,3088,3.000000106112566e-07,9.999999747378752e-05,-89.0989990234375,10.021003723144531,-99.12000274658203,False,19,1,9,62,4000,43529,10,20
almanac,HL-60(TB),bo_selection,hamming+zero,5,362856,754143,1.9999999949504854e-06,9.99999993922529e-09,-94.91000366210938,4.209999084472656,-99.12000274658203,False,9,1,3316,35734,4000,43529,10,20
almanac,HL-60(TB),bo_selection,hamming+zero,6,740,3088,3.000000106112566e-07,9.999999747378752e-05,-89.0989990234375,10.021003723144531,-99.12000274658203,False,19,1,9,62,4000,43529,10,20
almanac,HL-60(TB),bo_selection,hamming+zero,7,740,3088,3.000000106112566e-07,9.999999747378752e-05,-89.0989990234375,10.021003723144531,-99.12000274658203,False,19,1,9,62,4000,43529,10,20
almanac,HL-60(TB),bo_selection,hamming+zero,8,740,3088,3.000000106112566e-07,9.999999747378752e-05,-89.0989990234375,10.021003723144531,-99.12000274658203,False,19,1,9,62,4000,43529,10,20
almanac,HL-60(TB),bo_selection,hamming+zero,9,740,3088,3.000000106112566e-07,9.999999747378752e-05,-89.0989990234375,10.021003723144531,-99.12000274658203,False,19,1,9,62,4000,43529,10,20
almanac,HL-60(TB),bo_selection,linear_curve,0,740,105014,1.0000000116860974e-07,9.999999974752427e-07,-98.55999755859375,0.5600051879882812,-99.12000274658203,False,24,1,39,323,4000,43529,10,20
almanac,HL-60(TB),bo_selection,linear_curve,1,102816,628503,3.000000106112566e-06,3.999999975690116e-08,-97.91000366210938,1.2099990844726562,-99.12000274658203,False,23,1,2306,24965,4000,43529,10,20
almanac,HL-60(TB),bo_selection,linear_curve,2,740,681239,1.0000000116860974e-07,3.000000106112566e-07,-96.31999969482422,2.8000030517578125,-99.12000274658203,False,20,1,59,611,4000,43529,10,20
almanac,HL-60(TB),bo_selection,linear_curve,3,102816,628503,3.000000106112566e-06,3.999999975690116e-08,-97.91000366210938,1.2099990844726562,-99.12000274658203,False,21,1,2306,24965,4000,43529,10,20
almanac,HL-60(TB),bo_selection,linear_curve,4,6396,105014,9.999999747378752e-06,9.999999974752427e-07,-99.12000274658203,0.0,-99.12000274658203,True,26,1,653,6983,4000,43529,10,20
almanac,HL-60(TB),bo_selection,linear_curve,5,362856,754143,1.9999999949504854e-06,9.99999993922529e-09,-94.91000366210938,4.209999084472656,-99.12000274658203,False,9,1,3316,35734,4000,43529,10,20
almanac,HL-60(TB),bo_selection,linear_curve,6,6396,105014,9.999999747378752e-06,9.999999974752427e-07,-99.12000274658203,0.0,-99.12000274658203,True,24,1,653,6983,4000,43529,10,20
almanac,HL-60(TB),bo_selection,linear_curve,7,102816,628503,3.000000106112566e-06,3.999999975690116e-08,-97.91000366210938,1.2099990844726562,-99.12000274658203,False,22,1,2306,24965,4000,43529,10,20
almanac,HL-60(TB),bo_selection,linear_curve,8,9706,123127,4.999999873689376e-06,4.999999987376214e-07,-94.06999969482422,5.0500030517578125,-99.12000274658203,False,17,1,797,8549,4000,43529,10,20
almanac,HL-60(TB),bo_selection,linear_curve,9,740,681239,1.0000000116860974e-07,3.000000106112566e-07,-96.31999969482422,2.8000030517578125,-99.12000274658203,False,14,1,59,611,4000,43529,10,20
almanac,HL-60(TB),bo_selection,ours+zero,0,740,3088,3.000000106112566e-07,9.999999747378752e-05,-89.0989990234375,10.021003723144531,-99.12000274658203,False,20,1,9,62,4000,43529,10,20
almanac,HL-60(TB),bo_selection,ours+zero,1,740,3088,3.000000106112566e-07,9.999999747378752e-05,-89.0989990234375,10.021003723144531,-99.12000274658203,False,19,1,9,62,4000,43529,10,20
almanac,HL-60(TB),bo_selection,ours+zero,2,747971,747973,2.0000000233721948e-07,2.999999892949745e-08,-96.30999755859375,2.8100051879882812,-99.12000274658203,False,5,1,3914,42549,4000,43529,10,20
almanac,HL-60(TB),bo_selection,ours+zero,3,740,3088,3.000000106112566e-07,9.999999747378752e-05,-89.0989990234375,10.021003723144531,-99.12000274658203,False,19,1,9,62,4000,43529,10,20
almanac,HL-60(TB),bo_selection,ours+zero,4,740,3088,3.000000106112566e-07,9.999999747378752e-05,-89.0989990234375,10.021003723144531,-99.12000274658203,False,19,1,9,62,4000,43529,10,20
almanac,HL-60(TB),bo_selection,ours+zero,5,362856,754143,1.9999999949504854e-06,9.99999993922529e-09,-94.91000366210938,4.209999084472656,-99.12000274658203,False,9,1,3316,35734,4000,43529,10,20
almanac,HL-60(TB),bo_selection,ours+zero,6,740,3088,3.000000106112566e-07,9.999999747378752e-05,-89.0989990234375,10.021003723144531,-99.12000274658203,False,19,1,9,62,4000,43529,10,20
almanac,HL-60(TB),bo_selection,ours+zero,7,740,3088,3.000000106112566e-07,9.999999747378752e-05,-89.0989990234375,10.021003723144531,-99.12000274658203,False,19,1,9,62,4000,43529,10,20
almanac,HL-60(TB),bo_selection,ours+zero,8,740,3088,3.000000106112566e-07,9.999999747378752e-05,-89.0989990234375,10.021003723144531,-99.12000274658203,False,19,1,9,62,4000,43529,10,20
almanac,HL-60(TB),bo_selection,ours+zero,9,740,3088,3.000000106112566e-07,9.999999747378752e-05,-89.0989990234375,10.021003723144531,-99.12000274658203,False,19,1,9,62,4000,43529,10,20
almanac,HL-60(TB),bo_selection,random,0,18509,125973,9.999999747378752e-06,3.000000106112566e-07,-91.55000305175781,7.569999694824219,-99.12000274658203,False,10,1,969,10580,4000,43529,10,20
almanac,HL-60(TB),bo_selection,random,1,755,123127,2.0000000233721948e-07,4.999999987376214e-07,-83.9000015258789,15.220001220703125,-99.12000274658203,False,8,1,281,2957,4000,43529,10,20
almanac,HL-60(TB),bo_selection,random,2,747971,747973,2.0000000233721948e-07,2.999999892949745e-08,-96.30999755859375,2.8100051879882812,-99.12000274658203,False,5,1,3914,42549,4000,43529,10,20
almanac,HL-60(TB),bo_selection,random,3,27640,102816,7.000000135093387e-09,3.000000106112566e-06,-94.98999786376953,4.1300048828125,-99.12000274658203,False,19,1,1358,14756,4000,43529,10,20
almanac,HL-60(TB),bo_selection,random,4,26271,105014,9.999999974752427e-07,9.999999974752427e-07,-94.61000061035156,4.510002136230469,-99.12000274658203,False,12,1,1194,13322,4000,43529,10,20
almanac,HL-60(TB),bo_selection,random,5,362856,754143,1.9999999949504854e-06,9.99999993922529e-09,-94.91000366210938,4.209999084472656,-99.12000274658203,False,9,1,3316,35734,4000,43529,10,20
almanac,HL-60(TB),bo_selection,random,6,85998,125973,9.999999747378752e-06,2.999999892949745e-08,-87.2699966430664,11.850006103515625,-99.12000274658203,False,4,1,2189,23611,4000,43529,10,20
almanac,HL-60(TB),bo_selection,random,7,608210,749226,9.999999974752427e-07,5.000000058430487e-08,-73.85900115966797,25.261001586914062,-99.12000274658203,False,19,1,3433,37121,4000,43529,10,20
almanac,HL-60(TB),bo_selection,random,8,105014,712807,9.999999974752427e-07,1.9999999494757503e-05,-97.94000244140625,1.1800003051757812,-99.12000274658203,False,22,1,2351,25541,4000,43529,10,20
almanac,HL-60(TB),bo_selection,random,9,49842,681239,3.000000026176508e-09,3.000000106112566e-07,-88.8499984741211,10.270004272460938,-99.12000274658203,False,4,1,1761,18977,4000,43529,10,20
almanac,HL-60(TB),bo_selection,tanimoto+zero,0,740,3088,3.000000106112566e-07,9.999999747378752e-05,-89.0989990234375,10.021003723144531,-99.12000274658203,False,19,1,9,62,4000,43529,10,20
almanac,HL-60(TB),bo_selection,tanimoto+zero,1,740,3088,3.000000106112566e-07,9.999999747378752e-05,-89.0989990234375,10.021003723144531,-99.12000274658203,False,19,1,9,62,4000,43529,10,20
almanac,HL-60(TB),bo_selection,tanimoto+zero,2,747971,747973,2.0000000233721948e-07,2.999999892949745e-08,-96.30999755859375,2.8100051879882812,-99.12000274658203,False,5,1,3914,42549,4000,43529,10,20
almanac,HL-60(TB),bo_selection,tanimoto+zero,3,740,3088,3.000000106112566e-07,9.999999747378752e-05,-89.0989990234375,10.021003723144531,-99.12000274658203,False,19,1,9,62,4000,43529,10,20
almanac,HL-60(TB),bo_selection,tanimoto+zero,4,740,3088,3.000000106112566e-07,9.999999747378752e-05,-89.0989990234375,10.021003723144531,-99.12000274658203,False,19,1,9,62,4000,43529,10,20
almanac,HL-60(TB),bo_selection,tanimoto+zero,5,362856,754143,1.9999999949504854e-06,9.99999993922529e-09,-94.91000366210938,4.209999084472656,-99.12000274658203,False,9,1,3316,35734,4000,43529,10,20
almanac,HL-60(TB),bo_selection,tanimoto+zero,6,740,3088,3.000000106112566e-07,9.999999747378752e-05,-89.0989990234375,10.021003723144531,-99.12000274658203,False,19,1,9,62,4000,43529,10,20
almanac,HL-60(TB),bo_selection,tanimoto+zero,7,740,3088,3.000000106112566e-07,9.999999747378752e-05,-89.0989990234375,10.021003723144531,-99.12000274658203,False,19,1,9,62,4000,43529,10,20
almanac,HL-60(TB),bo_selection,tanimoto+zero,8,740,3088,3.000000106112566e-07,9.999999747378752e-05,-89.0989990234375,10.021003723144531,-99.12000274658203,False,19,1,9,62,4000,43529,10,20
almanac,HL-60(TB),bo_selection,tanimoto+zero,9,740,3088,3.000000106112566e-07,9.999999747378752e-05,-89.0989990234375,10.021003723144531,-99.12000274658203,False,19,1,9,62,4000,43529,10,20
almanac,HL-60(TB),pool_optimum,pool_optimum,-1,6396,105014,9.999999747378752e-06,9.999999974752427e-07,-99.12000274658203,0.0,-99.12000274658203,True,-1,1,653,6983,4000,43529,10,20
almanac,HOP-62,bo_selection,act_hamming+zero,0,92859,712807,6.000000212225132e-06,2.0000000233721948e-07,-65.76000213623047,25.75,-91.51000213623047,False,1,1,2292,25809,4000,45302,10,20
almanac,HOP-62,bo_selection,act_hamming+zero,1,740,63878,9.999999717180685e-10,9.999999974752427e-07,-21.280000686645508,70.23000144958496,-91.51000213623047,False,28,1,30,218,4000,45302,10,20
almanac,HOP-62,bo_selection,act_hamming+zero,2,127716,279836,9.999999974752427e-07,4.999999987376214e-07,-39.630001068115234,51.880001068115234,-91.51000213623047,False,10,1,2778,31211,4000,45302,10,20
almanac,HOP-62,bo_selection,act_hamming+zero,3,740,63878,9.999999717180685e-10,9.999999974752427e-07,-21.280000686645508,70.23000144958496,-91.51000213623047,False,28,1,30,218,4000,45302,10,20
almanac,HOP-62,bo_selection,act_hamming+zero,4,740,63878,9.999999717180685e-10,9.999999974752427e-07,-21.280000686645508,70.23000144958496,-91.51000213623047,False,28,1,30,218,4000,45302,10,20
almanac,HOP-62,bo_selection,act_hamming+zero,5,740,63878,9.999999717180685e-10,9.999999974752427e-07,-21.280000686645508,70.23000144958496,-91.51000213623047,False,28,1,30,218,4000,45302,10,20
almanac,HOP-62,bo_selection,act_hamming+zero,6,125973,681239,2.999999892949745e-08,3.000000106112566e-07,-42.7599983215332,48.750003814697266,-91.51000213623047,False,2,1,2745,30875,4000,45302,10,20
almanac,HOP-62,bo_selection,act_hamming+zero,7,740,63878,9.999999717180685e-10,9.999999974752427e-07,-21.280000686645508,70.23000144958496,-91.51000213623047,False,28,1,30,218,4000,45302,10,20
almanac,HOP-62,bo_selection,act_hamming+zero,8,740,63878,9.999999717180685e-10,9.999999974752427e-07,-21.280000686645508,70.23000144958496,-91.51000213623047,False,28,1,30,218,4000,45302,10,20
almanac,HOP-62,bo_selection,act_hamming+zero,9,740,63878,9.999999717180685e-10,9.999999974752427e-07,-21.280000686645508,70.23000144958496,-91.51000213623047,False,28,1,30,218,4000,45302,10,20
almanac,HOP-62,bo_selection,hamming+zero,0,92859,712807,6.000000212225132e-06,2.0000000233721948e-07,-65.76000213623047,25.75,-91.51000213623047,False,1,1,2292,25809,4000,45302,10,20
almanac,HOP-62,bo_selection,hamming+zero,1,740,63878,9.999999717180685e-10,9.999999974752427e-07,-21.280000686645508,70.23000144958496,-91.51000213623047,False,28,1,30,218,4000,45302,10,20
almanac,HOP-62,bo_selection,hamming+zero,2,127716,279836,9.999999974752427e-07,4.999999987376214e-07,-39.630001068115234,51.880001068115234,-91.51000213623047,False,10,1,2778,31211,4000,45302,10,20
almanac,HOP-62,bo_selection,hamming+zero,3,740,63878,9.999999717180685e-10,9.999999974752427e-07,-21.280000686645508,70.23000144958496,-91.51000213623047,False,28,1,30,218,4000,45302,10,20
almanac,HOP-62,bo_selection,hamming+zero,4,740,63878,9.999999717180685e-10,9.999999974752427e-07,-21.280000686645508,70.23000144958496,-91.51000213623047,False,28,1,30,218,4000,45302,10,20
almanac,HOP-62,bo_selection,hamming+zero,5,740,63878,9.999999717180685e-10,9.999999974752427e-07,-21.280000686645508,70.23000144958496,-91.51000213623047,False,28,1,30,218,4000,45302,10,20
almanac,HOP-62,bo_selection,hamming+zero,6,125973,681239,2.999999892949745e-08,3.000000106112566e-07,-42.7599983215332,48.750003814697266,-91.51000213623047,False,2,1,2745,30875,4000,45302,10,20
almanac,HOP-62,bo_selection,hamming+zero,7,740,63878,9.999999717180685e-10,9.999999974752427e-07,-21.280000686645508,70.23000144958496,-91.51000213623047,False,28,1,30,218,4000,45302,10,20
almanac,HOP-62,bo_selection,hamming+zero,8,740,63878,9.999999717180685e-10,9.999999974752427e-07,-21.280000686645508,70.23000144958496,-91.51000213623047,False,28,1,30,218,4000,45302,10,20
almanac,HOP-62,bo_selection,hamming+zero,9,740,63878,9.999999717180685e-10,9.999999974752427e-07,-21.280000686645508,70.23000144958496,-91.51000213623047,False,28,1,30,218,4000,45302,10,20
almanac,HOP-62,bo_selection,linear_curve,0,246131,681239,1.9999999494757503e-05,3.000000106112566e-07,-81.62000274658203,9.889999389648438,-91.51000213623047,False,10,1,3105,34910,4000,45302,10,20
almanac,HOP-62,bo_selection,linear_curve,1,246131,681239,1.9999999494757503e-05,3.000000106112566e-07,-81.62000274658203,9.889999389648438,-91.51000213623047,False,22,1,3105,34910,4000,45302,10,20
almanac,HOP-62,bo_selection,linear_curve,2,246131,681239,1.9999999494757503e-05,3.000000106112566e-07,-81.62000274658203,9.889999389648438,-91.51000213623047,False,23,1,3105,34910,4000,45302,10,20
almanac,HOP-62,bo_selection,linear_curve,3,45923,681239,5.99999978589949e-08,3.000000106112566e-07,-91.51000213623047,0.0,-91.51000213623047,True,21,1,1726,19433,4000,45302,10,20
almanac,HOP-62,bo_selection,linear_curve,4,45923,681239,5.99999978589949e-08,3.000000106112566e-07,-91.51000213623047,0.0,-91.51000213623047,True,17,1,1726,19433,4000,45302,10,20
almanac,HOP-62,bo_selection,linear_curve,5,246131,681239,1.9999999494757503e-05,3.000000106112566e-07,-81.62000274658203,9.889999389648438,-91.51000213623047,False,27,1,3105,34910,4000,45302,10,20
almanac,HOP-62,bo_selection,linear_curve,6,45923,681239,5.99999978589949e-08,3.000000106112566e-07,-91.51000213623047,0.0,-91.51000213623047,True,17,1,1726,19433,4000,45302,10,20
almanac,HOP-62,bo_selection,linear_curve,7,246131,681239,1.9999999494757503e-05,3.000000106112566e-07,-81.62000274658203,9.889999389648438,-91.51000213623047,False,26,1,3105,34910,4000,45302,10,20
almanac,HOP-62,bo_selection,linear_curve,8,246131,681239,1.9999999494757503e-05,3.000000106112566e-07,-81.62000274658203,9.889999389648438,-91.51000213623047,False,20,1,3105,34910,4000,45302,10,20
almanac,HOP-62,bo_selection,linear_curve,9,246131,681239,1.9999999494757503e-05,3.000000106112566e-07,-81.62000274658203,9.889999389648438,-91.51000213623047,False,17,1,3105,34910,4000,45302,10,20
almanac,HOP-62,bo_selection,ours+zero,0,92859,712807,6.000000212225132e-06,2.0000000233721948e-07,-65.76000213623047,25.75,-91.51000213623047,False,1,1,2292,25809,4000,45302,10,20
almanac,HOP-62,bo_selection,ours+zero,1,246131,681239,1.9999999494757503e-05,3.000000106112566e-07,-81.62000274658203,9.889999389648438,-91.51000213623047,False,12,1,3105,34910,4000,45302,10,20
almanac,HOP-62,bo_selection,ours+zero,2,279836,747973,4.999999987376214e-07,2.999999901276418e-11,-53.082000732421875,38.428001403808594,-91.51000213623047,False,13,1,3265,36734,4000,45302,10,20
almanac,HOP-62,bo_selection,ours+zero,3,755,125066,2.0000000233721948e-07,9.999999974752427e-07,-35.56999969482422,55.94000244140625,-91.51000213623047,False,11,1,271,3020,4000,45302,10,20
almanac,HOP-62,bo_selection,ours+zero,4,755,125066,2.0000000233721948e-07,9.999999974752427e-07,-35.56999969482422,55.94000244140625,-91.51000213623047,False,10,1,271,3020,4000,45302,10,20
almanac,HOP-62,bo_selection,ours+zero,5,24559,613327,9.999999974752427e-07,9.99999993922529e-09,-73.56999969482422,17.94000244140625,-91.51000213623047,False,13,1,1133,12914,4000,45302,10,20
almanac,HOP-62,bo_selection,ours+zero,6,125973,681239,2.999999892949745e-08,3.000000106112566e-07,-42.7599983215332,48.750003814697266,-91.51000213623047,False,2,1,2745,30875,4000,45302,10,20
almanac,HOP-62,bo_selection,ours+zero,7,24559,613327,9.999999974752427e-07,9.99999993922529e-09,-73.56999969482422,17.94000244140625,-91.51000213623047,False,14,1,1133,12914,4000,45302,10,20
almanac,HOP-62,bo_selection,ours+zero,8,279836,747973,4.999999987376214e-07,2.999999901276418e-11,-53.082000732421875,38.428001403808594,-91.51000213623047,False,11,1,3265,36734,4000,45302,10,20
almanac,HOP-62,bo_selection,ours+zero,9,755,125066,2.0000000233721948e-07,9.999999974752427e-07,-35.56999969482422,55.94000244140625,-91.51000213623047,False,13,1,271,3020,4000,45302,10,20
almanac,HOP-62,bo_selection,random,0,92859,712807,6.000000212225132e-06,2.0000000233721948e-07,-65.76000213623047,25.75,-91.51000213623047,False,1,1,2292,25809,4000,45302,10,20
almanac,HOP-62,bo_selection,random,1,279836,747974,5.000000058430487e-08,9.999999974752427e-07,-14.388999938964844,77.12100219726562,-91.51000213623047,False,19,1,3267,36742,4000,45302,10,20
almanac,HOP-62,bo_selection,random,2,18509,24559,9.999999747378752e-05,9.999999974752427e-07,-40.27000045776367,51.2400016784668,-91.51000213623047,False,19,1,954,10898,4000,45302,10,20
almanac,HOP-62,bo_selection,random,3,266046,713563,1.0000000116860974e-07,9.999999747378752e-05,-1.902999997138977,89.60700225830078,-91.51000213623047,False,29,1,3218,36184,4000,45302,10,20
almanac,HOP-62,bo_selection,random,4,409962,681239,1.9999999949504854e-06,3.000000106112566e-07,-69.68000030517578,21.830001831054688,-91.51000213623047,False,24,1,3380,38029,4000,45302,10,20
almanac,HOP-62,bo_selection,random,5,750,122819,9.999999974752427e-07,9.999999974752427e-07,-8.302000045776367,83.20800018310547,-91.51000213623047,False,14,1,111,1235,4000,45302,10,20
almanac,HOP-62,bo_selection,random,6,125973,681239,2.999999892949745e-08,3.000000106112566e-07,-42.7599983215332,48.750003814697266,-91.51000213623047,False,2,1,2745,30875,4000,45302,10,20
almanac,HOP-62,bo_selection,random,7,26980,27640,4.999999987376214e-07,7.000000024071085e-10,-8.319999694824219,83.19000244140625,-91.51000213623047,False,14,1,1300,14766,4000,45302,10,20
almanac,HOP-62,bo_selection,random,8,32065,713563,2.9999999242136255e-05,9.999999747378752e-05,-30.72800064086914,60.78200149536133,-91.51000213623047,False,19,1,1473,16655,4000,45302,10,20
almanac,HOP-62,bo_selection,random,9,681239,750690,3.000000106112566e-07,9.999999974752427e-07,-16.8700008392334,74.63999938964844,-91.51000213623047,False,26,1,3568,40255,4000,45302,10,20
almanac,HOP-62,bo_selection,tanimoto+zero,0,92859,712807,6.000000212225132e-06,2.0000000233721948e-07,-65.76000213623047,25.75,-91.51000213623047,False,1,1,2292,25809,4000,45302,10,20
almanac,HOP-62,bo_selection,tanimoto+zero,1,24559,753082,1.0000000116860974e-07,4.999999873689376e-06,-2.921999931335449,88.58800220489502,-91.51000213623047,False,4,1,1149,13166,4000,45302,10,20
almanac,HOP-62,bo_selection,tanimoto+zero,2,127716,279836,9.99999993922529e-09,4.999999987376214e-07,-31.20599937438965,60.30400276184082,-91.51000213623047,False,2,1,2777,31205,4000,45302,10,20
almanac,HOP-62,bo_selection,tanimoto+zero,3,92859,109724,6.000000212225132e-06,9.999999747378752e-05,-51.47999954223633,40.03000259399414,-91.51000213623047,False,18,1,2266,25487,4000,45302,10,20
almanac,HOP-62,bo_selection,tanimoto+zero,4,122819,713563,1.0000000116860974e-07,9.999999747378752e-05,-39.49100112915039,52.01900100708008,-91.51000213623047,False,14,1,2624,29489,4000,45302,10,20
almanac,HOP-62,bo_selection,tanimoto+zero,5,122819,713563,1.0000000116860974e-07,9.999999747378752e-05,-39.49100112915039,52.01900100708008,-91.51000213623047,False,25,1,2624,29489,4000,45302,10,20
almanac,HOP-62,bo_selection,tanimoto+zero,6,125973,681239,2.999999892949745e-08,3.000000106112566e-07,-42.7599983215332,48.750003814697266,-91.51000213623047,False,2,1,2745,30875,4000,45302,10,20
almanac,HOP-62,bo_selection,tanimoto+zero,7,79037,713563,4.999999873689376e-05,9.999999747378752e-05,-36.15999984741211,55.35000228881836,-91.51000213623047,False,18,1,2127,23984,4000,45302,10,20
almanac,HOP-62,bo_selection,tanimoto+zero,8,79037,713563,4.999999873689376e-05,9.999999747378752e-05,-36.15999984741211,55.35000228881836,-91.51000213623047,False,17,1,2127,23984,4000,45302,10,20
almanac,HOP-62,bo_selection,tanimoto+zero,9,18509,125066,9.999999747378752e-05,9.999999974752427e-07,-34.40999984741211,57.10000228881836,-91.51000213623047,False,22,1,983,11150,4000,45302,10,20
almanac,HOP-62,pool_optimum,pool_optimum,-1,45923,681239,5.99999978589949e-08,3.000000106112566e-07,-91.51000213623047,0.0,-91.51000213623047,True,-1,1,1726,19433,4000,45302,10,20
almanac,HOP-92,bo_selection,act_hamming+zero,0,740,141540,3.000000106112566e-07,4.999999873689376e-06,32.32699966430664,126.04700088500977,-93.72000122070312,False,4,1,46,422,4000,45473,10,20
almanac,HOP-92,bo_selection,act_hamming+zero,1,118218,681239,5.99999978589949e-08,3.000000106112566e-07,-91.91999816894531,1.8000030517578125,-93.72000122070312,False,7,1,2454,27893,4000,45473,10,20
almanac,HOP-92,bo_selection,act_hamming+zero,2,127716,279836,9.99999993922529e-09,4.999999987376214e-07,-12.940999984741211,80.77900123596191,-93.72000122070312,False,2,1,2777,31268,4000,45473,10,20
almanac,HOP-92,bo_selection,act_hamming+zero,3,713563,761432,9.999999747378752e-05,4.999999969612645e-09,-46.457000732421875,47.26300048828125,-93.72000122070312,False,6,1,3690,42006,4000,45473,10,20
almanac,HOP-92,bo_selection,act_hamming+zero,4,27640,279836,6.999999868639861e-08,4.999999987376214e-07,-25.360000610351562,68.36000061035156,-93.72000122070312,False,1,1,1408,15827,4000,45473,10,20
almanac,HOP-92,bo_selection,act_hamming+zero,5,79037,226080,4.999999873689376e-05,5.000000058430487e-08,37.332000732421875,131.052001953125,-93.72000122070312,False,1,1,2110,23795,4000,45473,10,20
almanac,HOP-92,bo_selection,act_hamming+zero,6,125973,718781,3.000000106112566e-07,1.9999999949504854e-06,29.31999969482422,123.04000091552734,-93.72000122070312,False,2,1,2745,30977,4000,45473,10,20
almanac,HOP-92,bo_selection,act_hamming+zero,7,606869,756645,1.0000000116860974e-07,9.99999993922529e-09,32.632999420166016,126.35300064086914,-93.72000122070312,False,1,1,3412,38693,4000,45473,10,20
almanac,HOP-92,bo_selection,act_hamming+zero,8,750,713563,9.999999974752427e-07,9.999999747378752e-05,-26.20800018310547,67.51200103759766,-93.72000122070312,False,3,1,152,1559,4000,45473,10,20
almanac,HOP-92,bo_selection,act_hamming+zero,9,82151,747971,2.0000000233721948e-07,1.0000000116860974e-07,13.687000274658203,107.40700149536133,-93.72000122070312,False,1,1,2198,24756,4000,45473,10,20
almanac,HOP-92,bo_selection,hamming+zero,0,740,141540,3.000000106112566e-07,4.999999873689376e-06,32.32699966430664,126.04700088500977,-93.72000122070312,False,4,1,46,422,4000,45473,10,20
almanac,HOP-92,bo_selection,hamming+zero,1,118218,681239,5.99999978589949e-08,3.000000106112566e-07,-91.91999816894531,1.8000030517578125,-93.72000122070312,False,7,1,2454,27893,4000,45473,10,20
almanac,HOP-92,bo_selection,hamming+zero,2,127716,279836,9.99999993922529e-09,4.999999987376214e-07,-12.940999984741211,80.77900123596191,-93.72000122070312,False,2,1,2777,31268,4000,45473,10,20
almanac,HOP-92,bo_selection,hamming+zero,3,713563,761432,9.999999747378752e-05,4.999999969612645e-09,-46.457000732421875,47.26300048828125,-93.72000122070312,False,6,1,3690,42006,4000,45473,10,20
almanac,HOP-92,bo_selection,hamming+zero,4,27640,279836,6.999999868639861e-08,4.999999987376214e-07,-25.360000610351562,68.36000061035156,-93.72000122070312,False,1,1,1408,15827,4000,45473,10,20
almanac,HOP-92,bo_selection,hamming+zero,5,79037,226080,4.999999873689376e-05,5.000000058430487e-08,37.332000732421875,131.052001953125,-93.72000122070312,False,1,1,2110,23795,4000,45473,10,20
almanac,HOP-92,bo_selection,hamming+zero,6,125973,718781,3.000000106112566e-07,1.9999999949504854e-06,29.31999969482422,123.04000091552734,-93.72000122070312,False,2,1,2745,30977,4000,45473,10,20
almanac,HOP-92,bo_selection,hamming+zero,7,606869,756645,1.0000000116860974e-07,9.99999993922529e-09,32.632999420166016,126.35300064086914,-93.72000122070312,False,1,1,3412,38693,4000,45473,10,20
almanac,HOP-92,bo_selection,hamming+zero,8,750,713563,9.999999974752427e-07,9.999999747378752e-05,-26.20800018310547,67.51200103759766,-93.72000122070312,False,3,1,152,1559,4000,45473,10,20
almanac,HOP-92,bo_selection,hamming+zero,9,82151,747971,2.0000000233721948e-07,1.0000000116860974e-07,13.687000274658203,107.40700149536133,-93.72000122070312,False,1,1,2198,24756,4000,45473,10,20
almanac,HOP-92,bo_selection,linear_curve,0,681239,750690,3.000000106112566e-07,9.999999974752427e-07,-64.70999908447266,29.01000213623047,-93.72000122070312,False,17,1,3557,40390,4000,45473,10,20
almanac,HOP-92,bo_selection,linear_curve,1,296961,681239,9.999999747378752e-06,3.000000106112566e-07,-91.93000030517578,1.7900009155273438,-93.72000122070312,False,22,1,3279,37003,4000,45473,10,20
almanac,HOP-92,bo_selection,linear_curve,2,762,246131,4.999999873689376e-06,1.9999999494757503e-05,-52.91999816894531,40.80000305175781,-93.72000122070312,False,14,1,362,3995,4000,45473,10,20
almanac,HOP-92,bo_selection,linear_curve,3,609699,681239,1.0000000116860974e-07,3.000000106112566e-07,-93.72000122070312,0.0,-93.72000122070312,True,28,1,3451,39121,4000,45473,10,20
almanac,HOP-92,bo_selection,linear_curve,4,609699,681239,1.0000000116860974e-07,3.000000106112566e-07,-93.72000122070312,0.0,-93.72000122070312,True,11,1,3451,39121,4000,45473,10,20
almanac,HOP-92,bo_selection,linear_curve,5,38721,681239,2.0000000233721948e-07,3.000000106112566e-07,-88.75,4.970001220703125,-93.72000122070312,False,27,1,1600,18029,4000,45473,10,20
almanac,HOP-92,bo_selection,linear_curve,6,79037,754143,4.999999873689376e-05,9.99999993922529e-09,-84.50299835205078,9.217002868652344,-93.72000122070312,False,22,1,2141,24191,4000,45473,10,20
almanac,HOP-92,bo_selection,linear_curve,7,713563,754143,9.999999747378752e-05,9.999999717180685e-10,-71.76399993896484,21.95600128173828,-93.72000122070312,False,20,1,3683,41949,4000,45473,10,20
almanac,HOP-92,bo_selection,linear_curve,8,141540,754143,4.999999873689376e-06,9.99999993922529e-09,-83.54299926757812,10.177001953125,-93.72000122070312,False,20,1,2869,32606,4000,45473,10,20
almanac,HOP-92,bo_selection,linear_curve,9,681239,750690,3.000000106112566e-07,9.999999974752427e-07,-64.70999908447266,29.01000213623047,-93.72000122070312,False,19,1,3557,40390,4000,45473,10,20
almanac,HOP-92,bo_selection,ours+zero,0,141540,754143,4.999999873689376e-06,9.99999993922529e-09,-83.54299926757812,10.177001953125,-93.72000122070312,False,14,1,2869,32606,4000,45473,10,20
almanac,HOP-92,bo_selection,ours+zero,1,118218,681239,5.99999978589949e-08,3.000000106112566e-07,-91.91999816894531,1.8000030517578125,-93.72000122070312,False,7,1,2454,27893,4000,45473,10,20
almanac,HOP-92,bo_selection,ours+zero,2,122758,279836,1.999999987845058e-08,4.999999987376214e-07,-37.31800079345703,56.402000427246094,-93.72000122070312,False,16,1,2560,28892,4000,45473,10,20
almanac,HOP-92,bo_selection,ours+zero,3,713563,761432,9.999999747378752e-05,4.999999969612645e-09,-46.457000732421875,47.26300048828125,-93.72000122070312,False,6,1,3690,42006,4000,45473,10,20
almanac,HOP-92,bo_selection,ours+zero,4,608210,754143,9.999999974752427e-07,9.99999993922529e-09,-76.08799743652344,17.632003784179688,-93.72000122070312,False,12,1,3447,39022,4000,45473,10,20
almanac,HOP-92,bo_selection,ours+zero,5,608210,754143,9.999999974752427e-07,9.99999993922529e-09,-76.08799743652344,17.632003784179688,-93.72000122070312,False,28,1,3447,39022,4000,45473,10,20
almanac,HOP-92,bo_selection,ours+zero,6,256942,701852,1.0000000116860974e-07,1.9999999949504854e-06,-9.664999961853027,84.0550012588501,-93.72000122070312,False,16,1,3173,35827,4000,45473,10,20
almanac,HOP-92,bo_selection,ours+zero,7,92859,109724,6.000000212225132e-06,9.999999747378752e-05,-13.029999732971191,80.69000148773193,-93.72000122070312,False,19,1,2263,25532,4000,45473,10,20
almanac,HOP-92,bo_selection,ours+zero,8,750,713563,9.999999974752427e-07,9.999999747378752e-05,-26.20800018310547,67.51200103759766,-93.72000122070312,False,3,1,152,1559,4000,45473,10,20
almanac,HOP-92,bo_selection,ours+zero,9,609699,681239,1.0000000116860974e-07,3.000000106112566e-07,-93.72000122070312,0.0,-93.72000122070312,True,10,1,3451,39121,4000,45473,10,20
almanac,HOP-92,bo_selection,random,0,32065,92859,1.9999999949504854e-06,6.000000212225132e-06,-14.550000190734863,79.16999816894531,-93.72000122070312,False,25,1,1449,16313,4000,45473,10,20
almanac,HOP-92,bo_selection,random,1,118218,681239,5.99999978589949e-08,3.000000106112566e-07,-91.91999816894531,1.8000030517578125,-93.72000122070312,False,7,1,2454,27893,4000,45473,10,20
almanac,HOP-92,bo_selection,random,2,713563,761432,9.999999747378752e-05,4.999999858590343e-10,-42.44499969482422,51.275001525878906,-93.72000122070312,False,14,1,3689,42005,4000,45473,10,20
almanac,HOP-92,bo_selection,random,3,713563,761432,9.999999747378752e-05,4.999999969612645e-09,-46.457000732421875,47.26300048828125,-93.72000122070312,False,6,1,3690,42006,4000,45473,10,20
almanac,HOP-92,bo_selection,random,4,27640,279836,6.999999868639861e-08,4.999999987376214e-07,-25.360000610351562,68.36000061035156,-93.72000122070312,False,1,1,1408,15827,4000,45473,10,20
almanac,HOP-92,bo_selection,random,5,118218,681239,5.99999978589949e-08,3.000000106112566e-07,-91.91999816894531,1.8000030517578125,-93.72000122070312,False,20,1,2454,27893,4000,45473,10,20
almanac,HOP-92,bo_selection,random,6,279836,747972,4.999999987376214e-07,3.000000106112566e-06,-22.48699951171875,71.23300170898438,-93.72000122070312,False,29,1,3255,36798,4000,45473,10,20
almanac,HOP-92,bo_selection,random,7,740,279836,3.000000106112566e-07,4.999999987376214e-07,8.48900032043457,102.20899963378906,-93.72000122070312,False,20,1,51,503,4000,45473,10,20
almanac,HOP-92,bo_selection,random,8,750,713563,9.999999974752427e-07,9.999999747378752e-05,-26.20800018310547,67.51200103759766,-93.72000122070312,False,3,1,152,1559,4000,45473,10,20
almanac,HOP-92,bo_selection,random,9,82151,747971,2.0000000233721948e-07,1.0000000116860974e-07,13.687000274658203,107.40699768066406,-93.72000122070312,False,1,1,2198,24756,4000,45473,10,20
almanac,HOP-92,bo_selection,tanimoto+zero,0,38721,119875,2.0000000233721948e-07,1.9999999494757503e-05,-22.709999084472656,71.01000213623047,-93.72000122070312,False,18,1,1572,17777,4000,45473,10,20
almanac,HOP-92,bo_selection,tanimoto+zero,1,118218,681239,5.99999978589949e-08,3.000000106112566e-07,-91.91999816894531,1.8000030517578125,-93.72000122070312,False,7,1,2454,27893,4000,45473,10,20
almanac,HOP-92,bo_selection,tanimoto+zero,2,279836,713563,5.000000058430487e-08,9.999999747378752e-05,-46.9119987487793,46.80800247192383,-93.72000122070312,False,20,1,3241,36661,4000,45473,10,20
almanac,HOP-92,bo_selection,tanimoto+zero,3,713563,761432,9.999999747378752e-05,4.999999969612645e-09,-46.457000732421875,47.26300048828125,-93.72000122070312,False,6,1,3690,42006,4000,45473,10,20
almanac,HOP-92,bo_selection,tanimoto+zero,4,27640,279836,6.999999868639861e-08,4.999999987376214e-07,-25.360000610351562,68.36000061035156,-93.72000122070312,False,1,1,1408,15827,4000,45473,10,20
almanac,HOP-92,bo_selection,tanimoto+zero,5,26271,92859,9.999999747378752e-05,6.000000212225132e-06,-28.34000015258789,65.38000106811523,-93.72000122070312,False,15,1,1235,14138,4000,45473,10,20
almanac,HOP-92,bo_selection,tanimoto+zero,6,38721,119875,2.0000000233721948e-07,1.9999999494757503e-05,-22.709999084472656,71.01000213623047,-93.72000122070312,False,16,1,1572,17777,4000,45473,10,20
almanac,HOP-92,bo_selection,tanimoto+zero,7,713563,754143,9.999999747378752e-05,9.999999717180685e-10,-71.76399993896484,21.95600128173828,-93.72000122070312,False,18,1,3683,41949,4000,45473,10,20
almanac,HOP-92,bo_selection,tanimoto+zero,8,279836,713563,5.000000058430487e-08,9.999999747378752e-05,-46.9119987487793,46.80800247192383,-93.72000122070312,False,23,1,3241,36661,4000,45473,10,20
almanac,HOP-92,bo_selection,tanimoto+zero,9,38721,119875,2.0000000233721948e-07,1.9999999494757503e-05,-22.709999084472656,71.01000213623047,-93.72000122070312,False,24,1,1572,17777,4000,45473,10,20
almanac,HOP-92,pool_optimum,pool_optimum,-1,609699,681239,1.0000000116860974e-07,3.000000106112566e-07,-93.72000122070312,0.0,-93.72000122070312,True,-1,1,3451,39121,4000,45473,10,20
almanac,HS 578T,bo_selection,act_hamming+zero,0,740,762,1.0000000116860974e-07,4.999999987376214e-07,-59.47999954223633,37.21000289916992,-96.69000244140625,False,12,1,3,34,4000,46058,10,20
almanac,HS 578T,bo_selection,act_hamming+zero,1,45923,754143,6.000000212225132e-07,9.99999993922529e-09,-88.41000366210938,8.279998779296875,-96.69000244140625,False,1,1,1734,19535,4000,46058,10,20
almanac,HS 578T,bo_selection,act_hamming+zero,2,1390,747973,9.999999747378752e-06,3.000000106112566e-07,-74.66000366210938,22.029998779296875,-96.69000244140625,False,0,1,458,5102,4000,46058,10,20
almanac,HS 578T,bo_selection,act_hamming+zero,3,740,762,1.0000000116860974e-07,4.999999987376214e-07,-59.47999954223633,37.21000289916992,-96.69000244140625,False,12,1,3,34,4000,46058,10,20
almanac,HS 578T,bo_selection,act_hamming+zero,4,740,762,1.0000000116860974e-07,4.999999987376214e-07,-59.47999954223633,37.21000289916992,-96.69000244140625,False,12,1,3,34,4000,46058,10,20
almanac,HS 578T,bo_selection,act_hamming+zero,5,740,762,1.0000000116860974e-07,4.999999987376214e-07,-59.47999954223633,37.21000289916992,-96.69000244140625,False,12,1,3,34,4000,46058,10,20
almanac,HS 578T,bo_selection,act_hamming+zero,6,740,762,1.0000000116860974e-07,4.999999987376214e-07,-59.47999954223633,37.21000289916992,-96.69000244140625,False,13,1,3,34,4000,46058,10,20
almanac,HS 578T,bo_selection,act_hamming+zero,7,740,762,1.0000000116860974e-07,4.999999987376214e-07,-59.47999954223633,37.21000289916992,-96.69000244140625,False,12,1,3,34,4000,46058,10,20
almanac,HS 578T,bo_selection,act_hamming+zero,8,740,762,1.0000000116860974e-07,4.999999987376214e-07,-59.47999954223633,37.21000289916992,-96.69000244140625,False,12,1,3,34,4000,46058,10,20
almanac,HS 578T,bo_selection,act_hamming+zero,9,681239,754230,3.000000106112566e-07,1.000000013351432e-10,-95.7300033569336,0.9599990844726562,-96.69000244140625,False,7,1,3576,40912,4000,46058,10,20
almanac,HS 578T,bo_selection,hamming+zero,0,740,762,1.0000000116860974e-07,4.999999987376214e-07,-59.47999954223633,37.21000289916992,-96.69000244140625,False,12,1,3,34,4000,46058,10,20
almanac,HS 578T,bo_selection,hamming+zero,1,45923,754143,6.000000212225132e-07,9.99999993922529e-09,-88.41000366210938,8.279998779296875,-96.69000244140625,False,1,1,1734,19535,4000,46058,10,20
almanac,HS 578T,bo_selection,hamming+zero,2,1390,747973,9.999999747378752e-06,3.000000106112566e-07,-74.66000366210938,22.029998779296875,-96.69000244140625,False,0,1,458,5102,4000,46058,10,20
almanac,HS 578T,bo_selection,hamming+zero,3,740,762,1.0000000116860974e-07,4.999999987376214e-07,-59.47999954223633,37.21000289916992,-96.69000244140625,False,12,1,3,34,4000,46058,10,20
almanac,HS 578T,bo_selection,hamming+zero,4,740,762,1.0000000116860974e-07,4.999999987376214e-07,-59.47999954223633,37.21000289916992,-96.69000244140625,False,12,1,3,34,4000,46058,10,20
almanac,HS 578T,bo_selection,hamming+zero,5,740,762,1.0000000116860974e-07,4.999999987376214e-07,-59.47999954223633,37.21000289916992,-96.69000244140625,False,12,1,3,34,4000,46058,10,20
almanac,HS 578T,bo_selection,hamming+zero,6,740,762,1.0000000116860974e-07,4.999999987376214e-07,-59.47999954223633,37.21000289916992,-96.69000244140625,False,13,1,3,34,4000,46058,10,20
almanac,HS 578T,bo_selection,hamming+zero,7,740,762,1.0000000116860974e-07,4.999999987376214e-07,-59.47999954223633,37.21000289916992,-96.69000244140625,False,12,1,3,34,4000,46058,10,20
almanac,HS 578T,bo_selection,hamming+zero,8,740,762,1.0000000116860974e-07,4.999999987376214e-07,-59.47999954223633,37.21000289916992,-96.69000244140625,False,12,1,3,34,4000,46058,10,20
almanac,HS 578T,bo_selection,hamming+zero,9,681239,754230,3.000000106112566e-07,1.000000013351432e-10,-95.7300033569336,0.9599990844726562,-96.69000244140625,False,7,1,3576,40912,4000,46058,10,20
almanac,HS 578T,bo_selection,linear_curve,0,681239,754143,3.000000106112566e-07,9.99999993922529e-09,-96.69000244140625,0.0,-96.69000244140625,True,26,1,3574,40903,4000,46058,10,20
almanac,HS 578T,bo_selection,linear_curve,1,681239,754143,3.000000106112566e-07,9.99999993922529e-09,-96.69000244140625,0.0,-96.69000244140625,True,10,1,3574,40903,4000,46058,10,20
almanac,HS 578T,bo_selection,linear_curve,2,1390,681239,9.999999974752427e-07,3.000000106112566e-07,-95.26000213623047,1.4300003051757812,-96.69000244140625,False,10,1,439,4901,4000,46058,10,20
almanac,HS 578T,bo_selection,linear_curve,3,681239,754143,3.000000106112566e-07,9.99999993922529e-09,-96.69000244140625,0.0,-96.69000244140625,True,16,1,3574,40903,4000,46058,10,20
almanac,HS 578T,bo_selection,linear_curve,4,1390,681239,9.999999974752427e-07,3.000000106112566e-07,-95.26000213623047,1.4300003051757812,-96.69000244140625,False,23,1,439,4901,4000,46058,10,20
almanac,HS 578T,bo_selection,linear_curve,5,681239,754143,3.000000106112566e-07,9.99999993922529e-09,-96.69000244140625,0.0,-96.69000244140625,True,13,1,3574,40903,4000,46058,10,20
almanac,HS 578T,bo_selection,linear_curve,6,1390,681239,9.999999974752427e-07,3.000000106112566e-07,-95.26000213623047,1.4300003051757812,-96.69000244140625,False,25,1,439,4901,4000,46058,10,20
almanac,HS 578T,bo_selection,linear_curve,7,681239,754143,3.000000106112566e-07,9.99999993922529e-09,-96.69000244140625,0.0,-96.69000244140625,True,17,1,3574,40903,4000,46058,10,20
almanac,HS 578T,bo_selection,linear_curve,8,752,754143,9.999999747378752e-06,9.99999993922529e-09,-88.06400299072266,8.625999450683594,-96.69000244140625,False,17,1,248,2573,4000,46058,10,20
almanac,HS 578T,bo_selection,linear_curve,9,681239,754143,3.000000106112566e-07,9.99999993922529e-09,-96.69000244140625,0.0,-96.69000244140625,True,23,1,3574,40903,4000,46058,10,20
almanac,HS 578T,bo_selection,ours+zero,0,125973,761432,5.99999978589949e-08,4.999999969612645e-09,-67.88300323486328,28.80699920654297,-96.69000244140625,False,12,1,2754,31345,4000,46058,10,20
almanac,HS 578T,bo_selection,ours+zero,1,45923,754143,6.000000212225132e-07,9.99999993922529e-09,-88.41000366210938,8.279998779296875,-96.69000244140625,False,1,1,1734,19535,4000,46058,10,20
almanac,HS 578T,bo_selection,ours+zero,2,1390,747973,9.999999747378752e-06,3.000000106112566e-07,-74.66000366210938,22.029998779296875,-96.69000244140625,False,0,1,458,5102,4000,46058,10,20
almanac,HS 578T,bo_selection,ours+zero,3,754143,761432,9.99999993922529e-09,4.999999969612645e-09,-76.0510025024414,20.638999938964844,-96.69000244140625,False,12,1,3975,45804,4000,46058,10,20
almanac,HS 578T,bo_selection,ours+zero,4,740,762,1.0000000116860974e-07,4.999999987376214e-07,-59.47999954223633,37.21000289916992,-96.69000244140625,False,14,1,3,34,4000,46058,10,20
almanac,HS 578T,bo_selection,ours+zero,5,740,762,1.0000000116860974e-07,4.999999987376214e-07,-59.47999954223633,37.21000289916992,-96.69000244140625,False,14,1,3,34,4000,46058,10,20
almanac,HS 578T,bo_selection,ours+zero,6,740,762,1.0000000116860974e-07,4.999999987376214e-07,-59.47999954223633,37.21000289916992,-96.69000244140625,False,13,1,3,34,4000,46058,10,20
almanac,HS 578T,bo_selection,ours+zero,7,18509,681239,9.999999747378752e-05,3.000000106112566e-07,-93.63999938964844,3.0500030517578125,-96.69000244140625,False,11,1,1011,11312,4000,46058,10,20
almanac,HS 578T,bo_selection,ours+zero,8,740,762,1.0000000116860974e-07,4.999999987376214e-07,-59.47999954223633,37.21000289916992,-96.69000244140625,False,14,1,3,34,4000,46058,10,20
almanac,HS 578T,bo_selection,ours+zero,9,681239,754230,3.000000106112566e-07,1.000000013351432e-10,-95.7300033569336,0.9599990844726562,-96.69000244140625,False,7,1,3576,40912,4000,46058,10,20
almanac,HS 578T,bo_selection,random,0,180973,747973,6.999999868639861e-07,2.999999892949745e-08,-60.65999984741211,36.03000259399414,-96.69000244140625,False,18,1,2957,33682,4000,46058,10,20
almanac,HS 578T,bo_selection,random,1,45923,754143,6.000000212225132e-07,9.99999993922529e-09,-88.41000366210938,8.279998779296875,-96.69000244140625,False,1,1,1734,19535,4000,46058,10,20
almanac,HS 578T,bo_selection,random,2,1390,747973,9.999999747378752e-06,3.000000106112566e-07,-74.66000366210938,22.029998779296875,-96.69000244140625,False,0,1,458,5102,4000,46058,10,20
almanac,HS 578T,bo_selection,random,3,698037,761432,9.99999993922529e-09,4.999999969612645e-09,-35.275001525878906,61.415000915527344,-96.69000244140625,False,16,1,3630,41526,4000,46058,10,20
almanac,HS 578T,bo_selection,random,4,755,92859,2.0000000233721948e-07,6.000000212225132e-06,-49.84000015258789,46.85000228881836,-96.69000244140625,False,23,1,268,2912,4000,46058,10,20
almanac,HS 578T,bo_selection,random,5,754143,760766,9.99999993922529e-09,1.999999987845058e-08,-67.70800018310547,28.98200225830078,-96.69000244140625,False,13,1,3972,45794,4000,46058,10,20
almanac,HS 578T,bo_selection,random,6,701852,713563,9.999999974752427e-07,9.999999747378752e-05,-63.625999450683594,33.064002990722656,-96.69000244140625,False,12,1,3635,41569,4000,46058,10,20
almanac,HS 578T,bo_selection,random,7,24559,102816,9.999999974752427e-07,2.999999892949745e-08,-63.060001373291016,33.630001068115234,-96.69000244140625,False,27,1,1115,12561,4000,46058,10,20
almanac,HS 578T,bo_selection,random,8,123127,754143,4.999999969612645e-09,9.99999993922529e-09,-88.8499984741211,7.840003967285156,-96.69000244140625,False,15,1,2667,30296,4000,46058,10,20
almanac,HS 578T,bo_selection,random,9,681239,754230,3.000000106112566e-07,1.000000013351432e-10,-95.7300033569336,0.9599990844726562,-96.69000244140625,False,7,1,3576,40912,4000,46058,10,20
almanac,HS 578T,bo_selection,tanimoto+zero,0,740,762,1.0000000116860974e-07,4.999999987376214e-07,-59.47999954223633,37.21000289916992,-96.69000244140625,False,26,1,3,34,4000,46058,10,20
almanac,HS 578T,bo_selection,tanimoto+zero,1,45923,754143,6.000000212225132e-07,9.99999993922529e-09,-88.41000366210938,8.279998779296875,-96.69000244140625,False,1,1,1734,19535,4000,46058,10,20
almanac,HS 578T,bo_selection,tanimoto+zero,2,1390,747973,9.999999747378752e-06,3.000000106112566e-07,-74.66000366210938,22.029998779296875,-96.69000244140625,False,0,1,458,5102,4000,46058,10,20
almanac,HS 578T,bo_selection,tanimoto+zero,3,740,762,1.0000000116860974e-07,4.999999987376214e-07,-59.47999954223633,37.21000289916992,-96.69000244140625,False,19,1,3,34,4000,46058,10,20
almanac,HS 578T,bo_selection,tanimoto+zero,4,740,762,1.0000000116860974e-07,4.999999987376214e-07,-59.47999954223633,37.21000289916992,-96.69000244140625,False,27,1,3,34,4000,46058,10,20
almanac,HS 578T,bo_selection,tanimoto+zero,5,740,762,1.0000000116860974e-07,4.999999987376214e-07,-59.47999954223633,37.21000289916992,-96.69000244140625,False,23,1,3,34,4000,46058,10,20
almanac,HS 578T,bo_selection,tanimoto+zero,6,740,762,1.0000000116860974e-07,4.999999987376214e-07,-59.47999954223633,37.21000289916992,-96.69000244140625,False,13,1,3,34,4000,46058,10,20
almanac,HS 578T,bo_selection,tanimoto+zero,7,740,755,1.0000000116860974e-07,1.999999987845058e-08,-55.11000061035156,41.58000183105469,-96.69000244140625,False,29,1,2,24,4000,46058,10,20
almanac,HS 578T,bo_selection,tanimoto+zero,8,740,762,1.0000000116860974e-07,4.999999987376214e-07,-59.47999954223633,37.21000289916992,-96.69000244140625,False,20,1,3,34,4000,46058,10,20
almanac,HS 578T,bo_selection,tanimoto+zero,9,681239,754230,3.000000106112566e-07,1.000000013351432e-10,-95.7300033569336,0.9599990844726562,-96.69000244140625,False,7,1,3576,40912,4000,46058,10,20
almanac,HS 578T,pool_optimum,pool_optimum,-1,681239,754143,3.000000106112566e-07,9.99999993922529e-09,-96.69000244140625,0.0,-96.69000244140625,True,-1,1,3574,40903,4000,46058,10,20
almanac,HT29,bo_selection,act_hamming+zero,0,24559,713563,2.999999892949745e-08,9.999999747378752e-05,5.896999835968018,101.45699739456177,-95.55999755859375,False,5,1,1125,13064,4000,46508,10,20
almanac,HT29,bo_selection,act_hamming+zero,1,740,762,1.0000000116860974e-07,4.999999987376214e-07,8.289999961853027,103.84999752044678,-95.55999755859375,False,12,1,3,34,4000,46508,10,20
almanac,HT29,bo_selection,act_hamming+zero,2,752,49842,9.999999747378752e-06,5.000000058430487e-08,1.809999942779541,97.36999750137329,-95.55999755859375,False,8,1,181,1952,4000,46508,10,20
almanac,HT29,bo_selection,act_hamming+zero,3,92859,673596,6.000000212225132e-06,9.999999717180685e-10,1.9199999570846558,97.4799975156784,-95.55999755859375,False,9,1,2253,25936,4000,46508,10,20
almanac,HT29,bo_selection,act_hamming+zero,4,740,762,1.0000000116860974e-07,4.999999987376214e-07,8.289999961853027,103.84999752044678,-95.55999755859375,False,12,1,3,34,4000,46508,10,20
almanac,HT29,bo_selection,act_hamming+zero,5,226080,713563,4.999999858590343e-10,9.999999747378752e-05,8.251999855041504,103.81199741363525,-95.55999755859375,False,3,1,3030,34769,4000,46508,10,20
almanac,HT29,bo_selection,act_hamming+zero,6,740,762,1.0000000116860974e-07,4.999999987376214e-07,8.289999961853027,103.84999752044678,-95.55999755859375,False,12,1,3,34,4000,46508,10,20
almanac,HT29,bo_selection,act_hamming+zero,7,740,762,1.0000000116860974e-07,4.999999987376214e-07,8.289999961853027,103.84999752044678,-95.55999755859375,False,12,1,3,34,4000,46508,10,20
almanac,HT29,bo_selection,act_hamming+zero,8,92859,747599,6.000000212225132e-06,9.99999993922529e-09,0.05999999865889549,95.61999755725265,-95.55999755859375,False,9,1,2267,26106,4000,46508,10,20
almanac,HT29,bo_selection,act_hamming+zero,9,740,762,1.0000000116860974e-07,4.999999987376214e-07,8.289999961853027,103.84999752044678,-95.55999755859375,False,12,1,3,34,4000,46508,10,20
almanac,HT29,bo_selection,hamming+zero,0,24559,713563,2.999999892949745e-08,9.999999747378752e-05,5.896999835968018,101.45699739456177,-95.55999755859375,False,5,1,1125,13064,4000,46508,10,20
almanac,HT29,bo_selection,hamming+zero,1,740,762,1.0000000116860974e-07,4.999999987376214e-07,8.289999961853027,103.84999752044678,-95.55999755859375,False,12,1,3,34,4000,46508,10,20
almanac,HT29,bo_selection,hamming+zero,2,752,49842,9.999999747378752e-06,5.000000058430487e-08,1.809999942779541,97.36999750137329,-95.55999755859375,False,8,1,181,1952,4000,46508,10,20
almanac,HT29,bo_selection,hamming+zero,3,92859,673596,6.000000212225132e-06,9.999999717180685e-10,1.9199999570846558,97.4799975156784,-95.55999755859375,False,9,1,2253,25936,4000,46508,10,20
almanac,HT29,bo_selection,hamming+zero,4,740,762,1.0000000116860974e-07,4.999999987376214e-07,8.289999961853027,103.84999752044678,-95.55999755859375,False,12,1,3,34,4000,46508,10,20
almanac,HT29,bo_selection,hamming+zero,5,226080,713563,4.999999858590343e-10,9.999999747378752e-05,8.251999855041504,103.81199741363525,-95.55999755859375,False,3,1,3030,34769,4000,46508,10,20
almanac,HT29,bo_selection,hamming+zero,6,740,762,1.0000000116860974e-07,4.999999987376214e-07,8.289999961853027,103.84999752044678,-95.55999755859375,False,12,1,3,34,4000,46508,10,20
almanac,HT29,bo_selection,hamming+zero,7,740,762,1.0000000116860974e-07,4.999999987376214e-07,8.289999961853027,103.84999752044678,-95.55999755859375,False,12,1,3,34,4000,46508,10,20
almanac,HT29,bo_selection,hamming+zero,8,92859,747599,6.000000212225132e-06,9.99999993922529e-09,0.05999999865889549,95.61999755725265,-95.55999755859375,False,9,1,2267,26106,4000,46508,10,20
almanac,HT29,bo_selection,hamming+zero,9,740,762,1.0000000116860974e-07,4.999999987376214e-07,8.289999961853027,103.84999752044678,-95.55999755859375,False,12,1,3,34,4000,46508,10,20
almanac,HT29,bo_selection,linear_curve,0,701852,754143,9.99999993922529e-09,9.99999993922529e-09,-95.55999755859375,0.0,-95.55999755859375,True,27,1,3647,42184,4000,46508,10,20
almanac,HT29,bo_selection,linear_curve,1,701852,754143,9.99999993922529e-09,9.99999993922529e-09,-95.55999755859375,0.0,-95.55999755859375,True,19,1,3647,42184,4000,46508,10,20
almanac,HT29,bo_selection,linear_curve,2,681239,701852,3.000000106112566e-07,9.999999974752427e-07,-74.38999938964844,21.169998168945312,-95.55999755859375,False,19,1,3559,41128,4000,46508,10,20
almanac,HT29,bo_selection,linear_curve,3,681239,686673,3.000000106112566e-07,2.0000000233721948e-07,-61.86000061035156,33.69999694824219,-95.55999755859375,False,29,1,3556,41108,4000,46508,10,20
almanac,HT29,bo_selection,linear_curve,4,681239,701852,3.000000106112566e-07,9.999999974752427e-07,-74.38999938964844,21.169998168945312,-95.55999755859375,False,28,1,3559,41128,4000,46508,10,20
almanac,HT29,bo_selection,linear_curve,5,24559,681239,9.999999974752427e-07,3.000000106112566e-07,-53.650001525878906,41.909996032714844,-95.55999755859375,False,16,1,1121,13022,4000,46508,10,20
almanac,HT29,bo_selection,linear_curve,6,701852,754143,9.99999993922529e-09,9.99999993922529e-09,-95.55999755859375,0.0,-95.55999755859375,True,28,1,3647,42184,4000,46508,10,20
almanac,HT29,bo_selection,linear_curve,7,681239,701852,3.000000106112566e-07,9.999999974752427e-07,-74.38999938964844,21.169998168945312,-95.55999755859375,False,20,1,3559,41128,4000,46508,10,20
almanac,HT29,bo_selection,linear_curve,8,712807,754143,2.0000000233721948e-07,9.99999993922529e-09,-80.87999725341797,14.680000305175781,-95.55999755859375,False,11,1,3678,42706,4000,46508,10,20
almanac,HT29,bo_selection,linear_curve,9,24559,681239,9.999999974752427e-07,3.000000106112566e-07,-53.650001525878906,41.909996032714844,-95.55999755859375,False,17,1,1121,13022,4000,46508,10,20
almanac,HT29,bo_selection,ours+zero,0,681239,712807,3.000000106112566e-07,2.0000000233721948e-07,-42.380001068115234,53.179996490478516,-95.55999755859375,False,12,1,3560,41135,4000,46508,10,20
almanac,HT29,bo_selection,ours+zero,1,701852,754143,9.99999993922529e-09,9.99999993922529e-09,-95.55999755859375,0.0,-95.55999755859375,True,19,1,3647,42184,4000,46508,10,20
almanac,HT29,bo_selection,ours+zero,2,701852,754143,9.99999993922529e-09,9.99999993922529e-09,-95.55999755859375,0.0,-95.55999755859375,True,12,1,3647,42184,4000,46508,10,20
almanac,HT29,bo_selection,ours+zero,3,409962,754143,1.9999999949504854e-06,9.99999993922529e-09,-72.94999694824219,22.610000610351562,-95.55999755859375,False,18,1,3390,39010,4000,46508,10,20
almanac,HT29,bo_selection,ours+zero,4,701852,754143,9.99999993922529e-09,9.99999993922529e-09,-95.55999755859375,0.0,-95.55999755859375,True,11,1,3647,42184,4000,46508,10,20
almanac,HT29,bo_selection,ours+zero,5,681239,712807,3.000000106112566e-07,2.0000000233721948e-07,-42.380001068115234,53.179996490478516,-95.55999755859375,False,14,1,3560,41135,4000,46508,10,20
almanac,HT29,bo_selection,ours+zero,6,701852,754143,9.99999993922529e-09,9.99999993922529e-09,-95.55999755859375,0.0,-95.55999755859375,True,19,1,3647,42184,4000,46508,10,20
almanac,HT29,bo_selection,ours+zero,7,125973,681239,2.999999892949745e-08,3.000000106112566e-07,-35.20000076293945,60.3599967956543,-95.55999755859375,False,11,1,2735,31388,4000,46508,10,20
almanac,HT29,bo_selection,ours+zero,8,6396,754143,9.999999974752427e-07,9.99999993922529e-09,-82.29000091552734,13.269996643066406,-95.55999755859375,False,14,1,685,7709,4000,46508,10,20
almanac,HT29,bo_selection,ours+zero,9,105014,754143,9.999999974752427e-07,9.99999993922529e-09,-84.44000244140625,11.1199951171875,-95.55999755859375,False,12,1,2365,27359,4000,46508,10,20
almanac,HT29,bo_selection,random,0,180973,754143,6.999999868639861e-08,9.99999993922529e-09,-88.91999816894531,6.6399993896484375,-95.55999755859375,False,18,1,2957,34040,4000,46508,10,20
almanac,HT29,bo_selection,random,1,218321,747973,1.0000000116860974e-07,2.999999892949745e-08,7.650000095367432,103.20999908447266,-95.55999755859375,False,21,1,3010,34465,4000,46508,10,20
almanac,HT29,bo_selection,random,2,409962,754143,1.9999999949504854e-06,9.99999993922529e-09,-72.94999694824219,22.610000610351562,-95.55999755859375,False,22,1,3390,39010,4000,46508,10,20
almanac,HT29,bo_selection,random,3,409962,754143,1.9999999949504854e-06,9.99999993922529e-09,-72.94999694824219,22.610000610351562,-95.55999755859375,False,15,1,3390,39010,4000,46508,10,20
almanac,HT29,bo_selection,random,4,125973,256439,1.0000000116860974e-07,9.999999717180685e-10,-2.4660000801086426,93.093994140625,-95.55999755859375,False,13,1,2726,31291,4000,46508,10,20
almanac,HT29,bo_selection,random,5,715055,761432,9.999999747378752e-06,4.999999858590343e-10,4.206999778747559,99.76699829101562,-95.55999755859375,False,28,1,3737,43265,4000,46508,10,20
almanac,HT29,bo_selection,random,6,701852,713563,1.0000000116860974e-07,9.999999747378752e-05,9.456999778747559,105.01699829101562,-95.55999755859375,False,12,1,3635,41998,4000,46508,10,20
almanac,HT29,bo_selection,random,7,732517,761432,9.999999717180685e-10,5.000000058430487e-08,3.888000011444092,99.447998046875,-95.55999755859375,False,10,1,3852,44692,4000,46508,10,20
almanac,HT29,bo_selection,random,8,733504,754143,9.99999993922529e-09,9.99999993922529e-09,-91.72000122070312,3.839996337890625,-95.55999755859375,False,14,1,3862,44812,4000,46508,10,20
almanac,HT29,bo_selection,random,9,681239,743414,3.000000106112566e-07,4.999999987376214e-07,-49.31999969482422,46.23999786376953,-95.55999755859375,False,26,1,3568,41244,4000,46508,10,20
almanac,HT29,bo_selection,tanimoto+zero,0,24559,713563,2.999999892949745e-08,9.999999747378752e-05,5.896999835968018,101.45699739456177,-95.55999755859375,False,5,1,1125,13064,4000,46508,10,20
almanac,HT29,bo_selection,tanimoto+zero,1,119875,713563,4.999999873689376e-06,9.999999747378752e-05,5.015999794006348,100.5759973526001,-95.55999755859375,False,21,1,2492,28871,4000,46508,10,20
almanac,HT29,bo_selection,tanimoto+zero,2,752,49842,9.999999747378752e-06,5.000000058430487e-08,1.809999942779541,97.36999750137329,-95.55999755859375,False,8,1,181,1952,4000,46508,10,20
almanac,HT29,bo_selection,tanimoto+zero,3,92859,673596,6.000000212225132e-06,9.999999717180685e-10,1.9199999570846558,97.4799975156784,-95.55999755859375,False,9,1,2253,25936,4000,46508,10,20
almanac,HT29,bo_selection,tanimoto+zero,4,141540,713563,4.999999873689376e-06,9.999999747378752e-05,6.254000186920166,101.81399774551392,-95.55999755859375,False,22,1,2856,32921,4000,46508,10,20
almanac,HT29,bo_selection,tanimoto+zero,5,673596,713563,2.999999892949745e-08,9.999999747378752e-05,4.552999973297119,100.11299753189087,-95.55999755859375,False,26,1,3539,40849,4000,46508,10,20
almanac,HT29,bo_selection,tanimoto+zero,6,82151,713563,1.999999943436137e-09,9.999999747378752e-05,2.315000057220459,97.87499761581421,-95.55999755859375,False,25,1,2150,24806,4000,46508,10,20
almanac,HT29,bo_selection,tanimoto+zero,7,67574,713563,2.999999970665357e-10,9.999999747378752e-05,7.7820000648498535,103.3419976234436,-95.55999755859375,False,25,1,1927,22259,4000,46508,10,20
almanac,HT29,bo_selection,tanimoto+zero,8,92859,747599,6.000000212225132e-06,9.99999993922529e-09,0.05999999865889549,95.61999755725265,-95.55999755859375,False,9,1,2267,26106,4000,46508,10,20
almanac,HT29,bo_selection,tanimoto+zero,9,82151,713563,1.999999943436137e-09,9.999999747378752e-05,2.315000057220459,97.87499761581421,-95.55999755859375,False,22,1,2150,24806,4000,46508,10,20
almanac,HT29,pool_optimum,pool_optimum,-1,701852,754143,9.99999993922529e-09,9.99999993922529e-09,-95.55999755859375,0.0,-95.55999755859375,True,-1,1,3647,42184,4000,46508,10,20
almanac,IGROV1,bo_selection,act_hamming+zero,0,740,14229,1.0000000116860974e-07,3.000000106112566e-07,-55.90999984741211,41.250003814697266,-97.16000366210938,False,24,1,14,97,4000,46382,10,20
almanac,IGROV1,bo_selection,act_hamming+zero,1,740,14229,1.0000000116860974e-07,3.000000106112566e-07,-55.90999984741211,41.250003814697266,-97.16000366210938,False,24,1,14,97,4000,46382,10,20
almanac,IGROV1,bo_selection,act_hamming+zero,2,740,14229,1.0000000116860974e-07,3.000000106112566e-07,-55.90999984741211,41.250003814697266,-97.16000366210938,False,24,1,14,97,4000,46382,10,20
almanac,IGROV1,bo_selection,act_hamming+zero,3,740,14229,1.0000000116860974e-07,3.000000106112566e-07,-55.90999984741211,41.250003814697266,-97.16000366210938,False,24,1,14,97,4000,46382,10,20
almanac,IGROV1,bo_selection,act_hamming+zero,4,740,14229,1.0000000116860974e-07,3.000000106112566e-07,-55.90999984741211,41.250003814697266,-97.16000366210938,False,24,1,14,97,4000,46382,10,20
almanac,IGROV1,bo_selection,act_hamming+zero,5,740,14229,1.0000000116860974e-07,3.000000106112566e-07,-55.90999984741211,41.250003814697266,-97.16000366210938,False,24,1,14,97,4000,46382,10,20
almanac,IGROV1,bo_selection,act_hamming+zero,6,740,14229,1.0000000116860974e-07,3.000000106112566e-07,-55.90999984741211,41.250003814697266,-97.16000366210938,False,24,1,14,97,4000,46382,10,20
almanac,IGROV1,bo_selection,act_hamming+zero,7,740,14229,1.0000000116860974e-07,3.000000106112566e-07,-55.90999984741211,41.250003814697266,-97.16000366210938,False,24,1,14,97,4000,46382,10,20
almanac,IGROV1,bo_selection,act_hamming+zero,8,740,14229,1.0000000116860974e-07,3.000000106112566e-07,-55.90999984741211,41.250003814697266,-97.16000366210938,False,24,1,14,97,4000,46382,10,20
almanac,IGROV1,bo_selection,act_hamming+zero,9,740,14229,1.0000000116860974e-07,3.000000106112566e-07,-55.90999984741211,41.250003814697266,-97.16000366210938,False,24,1,14,97,4000,46382,10,20
almanac,IGROV1,bo_selection,hamming+zero,0,740,14229,1.0000000116860974e-07,3.000000106112566e-07,-55.90999984741211,41.250003814697266,-97.16000366210938,False,24,1,14,97,4000,46382,10,20
almanac,IGROV1,bo_selection,hamming+zero,1,740,14229,1.0000000116860974e-07,3.000000106112566e-07,-55.90999984741211,41.250003814697266,-97.16000366210938,False,24,1,14,97,4000,46382,10,20
almanac,IGROV1,bo_selection,hamming+zero,2,740,14229,1.0000000116860974e-07,3.000000106112566e-07,-55.90999984741211,41.250003814697266,-97.16000366210938,False,24,1,14,97,4000,46382,10,20
almanac,IGROV1,bo_selection,hamming+zero,3,740,14229,1.0000000116860974e-07,3.000000106112566e-07,-55.90999984741211,41.250003814697266,-97.16000366210938,False,24,1,14,97,4000,46382,10,20
almanac,IGROV1,bo_selection,hamming+zero,4,740,14229,1.0000000116860974e-07,3.000000106112566e-07,-55.90999984741211,41.250003814697266,-97.16000366210938,False,24,1,14,97,4000,46382,10,20
almanac,IGROV1,bo_selection,hamming+zero,5,740,14229,1.0000000116860974e-07,3.000000106112566e-07,-55.90999984741211,41.250003814697266,-97.16000366210938,False,24,1,14,97,4000,46382,10,20
almanac,IGROV1,bo_selection,hamming+zero,6,740,14229,1.0000000116860974e-07,3.000000106112566e-07,-55.90999984741211,41.250003814697266,-97.16000366210938,False,24,1,14,97,4000,46382,10,20
almanac,IGROV1,bo_selection,hamming+zero,7,740,14229,1.0000000116860974e-07,3.000000106112566e-07,-55.90999984741211,41.250003814697266,-97.16000366210938,False,24,1,14,97,4000,46382,10,20
almanac,IGROV1,bo_selection,hamming+zero,8,740,14229,1.0000000116860974e-07,3.000000106112566e-07,-55.90999984741211,41.250003814697266,-97.16000366210938,False,24,1,14,97,4000,46382,10,20
almanac,IGROV1,bo_selection,hamming+zero,9,740,14229,1.0000000116860974e-07,3.000000106112566e-07,-55.90999984741211,41.250003814697266,-97.16000366210938,False,24,1,14,97,4000,46382,10,20
almanac,IGROV1,bo_selection,linear_curve,0,701852,754143,9.999999974752427e-07,9.99999993922529e-09,-97.16000366210938,0.0,-97.16000366210938,True,14,1,3655,42118,4000,46382,10,20
almanac,IGROV1,bo_selection,linear_curve,1,701852,754143,9.999999974752427e-07,9.99999993922529e-09,-97.16000366210938,0.0,-97.16000366210938,True,12,1,3655,42118,4000,46382,10,20
almanac,IGROV1,bo_selection,linear_curve,2,119875,754143,1.9999999494757503e-05,9.99999993922529e-09,-94.5,2.660003662109375,-97.16000366210938,False,18,1,2505,28997,4000,46382,10,20
almanac,IGROV1,bo_selection,linear_curve,3,701852,754143,9.999999974752427e-07,9.99999993922529e-09,-97.16000366210938,0.0,-97.16000366210938,True,23,1,3655,42118,4000,46382,10,20
almanac,IGROV1,bo_selection,linear_curve,4,701852,754143,9.999999974752427e-07,9.99999993922529e-09,-97.16000366210938,0.0,-97.16000366210938,True,25,1,3655,42118,4000,46382,10,20
almanac,IGROV1,bo_selection,linear_curve,5,701852,754143,9.999999974752427e-07,9.99999993922529e-09,-97.16000366210938,0.0,-97.16000366210938,True,22,1,3655,42118,4000,46382,10,20
almanac,IGROV1,bo_selection,linear_curve,6,119875,754143,1.9999999494757503e-05,9.99999993922529e-09,-94.5,2.660003662109375,-97.16000366210938,False,16,1,2505,28997,4000,46382,10,20
almanac,IGROV1,bo_selection,linear_curve,7,102816,754143,3.000000106112566e-06,9.99999993922529e-09,-96.44999694824219,0.7100067138671875,-97.16000366210938,False,29,1,2322,26738,4000,46382,10,20
almanac,IGROV1,bo_selection,linear_curve,8,102816,754143,3.000000106112566e-06,9.99999993922529e-09,-96.44999694824219,0.7100067138671875,-97.16000366210938,False,26,1,2322,26738,4000,46382,10,20
almanac,IGROV1,bo_selection,linear_curve,9,701852,754143,9.999999974752427e-07,9.99999993922529e-09,-97.16000366210938,0.0,-97.16000366210938,True,21,1,3655,42118,4000,46382,10,20
almanac,IGROV1,bo_selection,ours+zero,0,740,1390,1.0000000116860974e-07,1.0000000116860974e-07,-53.84000015258789,43.320003509521484,-97.16000366210938,False,22,1,5,42,4000,46382,10,20
almanac,IGROV1,bo_selection,ours+zero,1,740,1390,1.0000000116860974e-07,1.0000000116860974e-07,-53.84000015258789,43.320003509521484,-97.16000366210938,False,22,1,5,42,4000,46382,10,20
almanac,IGROV1,bo_selection,ours+zero,2,119875,701852,1.9999999494757503e-05,1.0000000116860974e-07,-82.41000366210938,14.75,-97.16000366210938,False,10,1,2488,28789,4000,46382,10,20
almanac,IGROV1,bo_selection,ours+zero,3,740,1390,1.0000000116860974e-07,1.0000000116860974e-07,-53.84000015258789,43.320003509521484,-97.16000366210938,False,22,1,5,42,4000,46382,10,20
almanac,IGROV1,bo_selection,ours+zero,4,125973,681239,2.999999892949745e-08,3.000000106112566e-07,-93.08999633789062,4.07000732421875,-97.16000366210938,False,11,1,2732,31370,4000,46382,10,20
almanac,IGROV1,bo_selection,ours+zero,5,740,1390,1.0000000116860974e-07,1.0000000116860974e-07,-53.84000015258789,43.320003509521484,-97.16000366210938,False,26,1,5,42,4000,46382,10,20
almanac,IGROV1,bo_selection,ours+zero,6,740,14229,1.0000000116860974e-07,3.000000106112566e-07,-55.90999984741211,41.250003814697266,-97.16000366210938,False,27,1,14,97,4000,46382,10,20
almanac,IGROV1,bo_selection,ours+zero,7,26980,754143,4.999999987376214e-07,9.99999993922529e-09,-85.63999938964844,11.520004272460938,-97.16000366210938,False,10,1,1351,15470,4000,46382,10,20
almanac,IGROV1,bo_selection,ours+zero,8,681239,747973,3.000000106112566e-07,3.000000026176508e-09,-89.93000030517578,7.230003356933594,-97.16000366210938,False,15,1,3577,41207,4000,46382,10,20
almanac,IGROV1,bo_selection,ours+zero,9,26980,681239,4.999999969612645e-09,3.000000106112566e-07,-92.58000183105469,4.5800018310546875,-97.16000366210938,False,24,1,1318,15230,4000,46382,10,20
almanac,IGROV1,bo_selection,random,0,32065,681239,1.9999999494757503e-05,3.000000106112566e-07,-71.80999755859375,25.350006103515625,-97.16000366210938,False,29,1,1458,16685,4000,46382,10,20
almanac,IGROV1,bo_selection,random,1,125973,754143,2.999999892949745e-08,9.99999993922529e-09,-28.440000534057617,68.72000122070312,-97.16000366210938,False,10,1,2747,31613,4000,46382,10,20
almanac,IGROV1,bo_selection,random,2,686673,713563,4.999999873689376e-06,9.999999747378752e-05,17.273000717163086,114.4330062866211,-97.16000366210938,False,26,1,3597,41359,4000,46382,10,20
almanac,IGROV1,bo_selection,random,3,3088,732517,9.999999974752427e-07,1.0000000116860974e-07,17.836999893188477,114.99700164794922,-97.16000366210938,False,27,1,604,6752,4000,46382,10,20
almanac,IGROV1,bo_selection,random,4,732517,754230,1.0000000116860974e-07,5.999999802552836e-11,-1.7699999809265137,95.39000701904297,-97.16000366210938,False,10,1,3861,44535,4000,46382,10,20
almanac,IGROV1,bo_selection,random,5,180973,754230,7.000000096013537e-06,5.999999802552836e-11,-47.790000915527344,49.37000274658203,-97.16000366210938,False,23,1,2965,34063,4000,46382,10,20
almanac,IGROV1,bo_selection,random,6,3088,715055,9.999999974752427e-07,9.999999974752427e-07,-2.7179999351501465,94.44200134277344,-97.16000366210938,False,5,1,600,6688,4000,46382,10,20
almanac,IGROV1,bo_selection,random,7,24559,246131,9.999999974752427e-07,2.0000000233721948e-07,-11.050000190734863,86.11000061035156,-97.16000366210938,False,27,1,1115,12876,4000,46382,10,20
almanac,IGROV1,bo_selection,random,8,24559,246131,9.999999974752427e-07,2.0000000233721948e-07,-11.050000190734863,86.11000061035156,-97.16000366210938,False,12,1,1115,12876,4000,46382,10,20
almanac,IGROV1,bo_selection,random,9,119875,673596,1.9999999494757503e-05,9.999999717180685e-10,-69.4800033569336,27.68000030517578,-97.16000366210938,False,12,1,2483,28753,4000,46382,10,20
almanac,IGROV1,bo_selection,tanimoto+zero,0,740,1390,1.0000000116860974e-07,1.0000000116860974e-07,-53.84000015258789,43.320003509521484,-97.16000366210938,False,24,1,5,42,4000,46382,10,20
almanac,IGROV1,bo_selection,tanimoto+zero,1,18509,119875,9.999999747378752e-06,1.9999999494757503e-05,-70.20999908447266,26.95000457763672,-97.16000366210938,False,22,1,970,11201,4000,46382,10,20
almanac,IGROV1,bo_selection,tanimoto+zero,2,6396,713563,1.0000000116860974e-07,9.999999747378752e-05,-12.38599967956543,84.77400398254395,-97.16000366210938,False,29,1,679,7517,4000,46382,10,20
almanac,IGROV1,bo_selection,tanimoto+zero,3,6396,713563,1.0000000116860974e-07,9.999999747378752e-05,-12.38599967956543,84.77400398254395,-97.16000366210938,False,28,1,679,7517,4000,46382,10,20
almanac,IGROV1,bo_selection,tanimoto+zero,4,750,119875,4.999999873689376e-06,1.9999999494757503e-05,-65.18000030517578,31.980003356933594,-97.16000366210938,False,14,1,102,1139,4000,46382,10,20
almanac,IGROV1,bo_selection,tanimoto+zero,5,750,119875,4.999999873689376e-06,1.9999999494757503e-05,-65.18000030517578,31.980003356933594,-97.16000366210938,False,24,1,102,1139,4000,46382,10,20
almanac,IGROV1,bo_selection,tanimoto+zero,6,18509,119875,9.999999747378752e-06,1.9999999494757503e-05,-70.20999908447266,26.95000457763672,-97.16000366210938,False,20,1,970,11201,4000,46382,10,20
almanac,IGROV1,bo_selection,tanimoto+zero,7,18509,713563,9.999999747378752e-05,9.999999747378752e-05,-20.20800018310547,76.9520034790039,-97.16000366210938,False,19,1,1006,11510,4000,46382,10,20
almanac,IGROV1,bo_selection,tanimoto+zero,8,18509,119875,9.999999747378752e-06,1.9999999494757503e-05,-70.20999908447266,26.95000457763672,-97.16000366210938,False,21,1,970,11201,4000,46382,10,20
almanac,IGROV1,bo_selection,tanimoto+zero,9,18509,713563,9.999999747378752e-05,9.999999747378752e-05,-20.20800018310547,76.9520034790039,-97.16000366210938,False,24,1,1006,11510,4000,46382,10,20
almanac,IGROV1,pool_optimum,pool_optimum,-1,701852,754143,9.999999974752427e-07,9.99999993922529e-09,-97.16000366210938,0.0,-97.16000366210938,True,-1,1,3655,42118,4000,46382,10,20
almanac,K-562,bo_selection,act_hamming+zero,0,740,6396,9.99999993922529e-09,1.0000000116860974e-07,-49.400001525878906,44.47999572753906,-93.87999725341797,False,19,1,9,66,4000,45905,10,20
almanac,K-562,bo_selection,act_hamming+zero,1,85998,681239,9.999999747378752e-05,3.000000106112566e-07,-86.25,7.629997253417969,-93.87999725341797,False,0,1,2200,25028,4000,45905,10,20
almanac,K-562,bo_selection,act_hamming+zero,2,740,6396,9.99999993922529e-09,1.0000000116860974e-07,-49.400001525878906,44.47999572753906,-93.87999725341797,False,16,1,9,66,4000,45905,10,20
almanac,K-562,bo_selection,act_hamming+zero,3,740,6396,9.99999993922529e-09,1.0000000116860974e-07,-49.400001525878906,44.47999572753906,-93.87999725341797,False,16,1,9,66,4000,45905,10,20
almanac,K-562,bo_selection,act_hamming+zero,4,740,6396,9.99999993922529e-09,1.0000000116860974e-07,-49.400001525878906,44.47999572753906,-93.87999725341797,False,16,1,9,66,4000,45905,10,20
almanac,K-562,bo_selection,act_hamming+zero,5,740,6396,9.99999993922529e-09,1.0000000116860974e-07,-49.400001525878906,44.47999572753906,-93.87999725341797,False,16,1,9,66,4000,45905,10,20
almanac,K-562,bo_selection,act_hamming+zero,6,740,6396,9.99999993922529e-09,1.0000000116860974e-07,-49.400001525878906,44.47999572753906,-93.87999725341797,False,16,1,9,66,4000,45905,10,20
almanac,K-562,bo_selection,act_hamming+zero,7,740,6396,9.99999993922529e-09,1.0000000116860974e-07,-49.400001525878906,44.47999572753906,-93.87999725341797,False,20,1,9,66,4000,45905,10,20
almanac,K-562,bo_selection,act_hamming+zero,8,92859,747971,6.000000212225132e-06,1.9999999949504854e-06,-83.12999725341797,10.75,-93.87999725341797,False,9,1,2267,25810,4000,45905,10,20
almanac,K-562,bo_selection,act_hamming+zero,9,740,6396,9.99999993922529e-09,1.0000000116860974e-07,-49.400001525878906,44.47999572753906,-93.87999725341797,False,17,1,9,66,4000,45905,10,20
almanac,K-562,bo_selection,hamming+zero,0,740,6396,9.99999993922529e-09,1.0000000116860974e-07,-49.400001525878906,44.47999572753906,-93.87999725341797,False,19,1,9,66,4000,45905,10,20
almanac,K-562,bo_selection,hamming+zero,1,85998,681239,9.999999747378752e-05,3.000000106112566e-07,-86.25,7.629997253417969,-93.87999725341797,False,0,1,2200,25028,4000,45905,10,20
almanac,K-562,bo_selection,hamming+zero,2,740,6396,9.99999993922529e-09,1.0000000116860974e-07,-49.400001525878906,44.47999572753906,-93.87999725341797,False,16,1,9,66,4000,45905,10,20
almanac,K-562,bo_selection,hamming+zero,3,740,6396,9.99999993922529e-09,1.0000000116860974e-07,-49.400001525878906,44.47999572753906,-93.87999725341797,False,16,1,9,66,4000,45905,10,20
almanac,K-562,bo_selection,hamming+zero,4,740,6396,9.99999993922529e-09,1.0000000116860974e-07,-49.400001525878906,44.47999572753906,-93.87999725341797,False,16,1,9,66,4000,45905,10,20
almanac,K-562,bo_selection,hamming+zero,5,740,6396,9.99999993922529e-09,1.0000000116860974e-07,-49.400001525878906,44.47999572753906,-93.87999725341797,False,16,1,9,66,4000,45905,10,20
almanac,K-562,bo_selection,hamming+zero,6,740,6396,9.99999993922529e-09,1.0000000116860974e-07,-49.400001525878906,44.47999572753906,-93.87999725341797,False,16,1,9,66,4000,45905,10,20
almanac,K-562,bo_selection,hamming+zero,7,740,6396,9.99999993922529e-09,1.0000000116860974e-07,-49.400001525878906,44.47999572753906,-93.87999725341797,False,19,1,9,66,4000,45905,10,20
almanac,K-562,bo_selection,hamming+zero,8,92859,747971,6.000000212225132e-06,1.9999999949504854e-06,-83.12999725341797,10.75,-93.87999725341797,False,9,1,2267,25810,4000,45905,10,20
almanac,K-562,bo_selection,hamming+zero,9,740,6396,9.99999993922529e-09,1.0000000116860974e-07,-49.400001525878906,44.47999572753906,-93.87999725341797,False,16,1,9,66,4000,45905,10,20
almanac,K-562,bo_selection,linear_curve,0,67574,754143,9.999999717180685e-10,9.99999993922529e-09,-93.23999786376953,0.6399993896484375,-93.87999725341797,False,29,1,1937,22115,4000,45905,10,20
almanac,K-562,bo_selection,linear_curve,1,24559,681239,9.999999974752427e-07,3.000000106112566e-07,-87.95999908447266,5.9199981689453125,-93.87999725341797,False,23,1,1122,12824,4000,45905,10,20
almanac,K-562,bo_selection,linear_curve,2,26980,681239,4.999999987376214e-07,3.000000106112566e-07,-88.2699966430664,5.6100006103515625,-93.87999725341797,False,29,1,1315,15065,4000,45905,10,20
almanac,K-562,bo_selection,linear_curve,3,92859,754230,6.000000212225132e-06,5.999999976025183e-12,-88.23999786376953,5.6399993896484375,-93.87999725341797,False,24,1,2279,25881,4000,45905,10,20
almanac,K-562,bo_selection,linear_curve,4,26980,681239,4.999999987376214e-07,3.000000106112566e-07,-88.2699966430664,5.6100006103515625,-93.87999725341797,False,24,1,1315,15065,4000,45905,10,20
almanac,K-562,bo_selection,linear_curve,5,24559,747973,9.999999974752427e-07,3.000000106112566e-07,-89.38999938964844,4.489997863769531,-93.87999725341797,False,19,1,1141,13013,4000,45905,10,20
almanac,K-562,bo_selection,linear_curve,6,127716,754143,3.000000026176508e-09,9.99999993922529e-09,-83.68000030517578,10.199996948242188,-93.87999725341797,False,12,1,2793,31745,4000,45905,10,20
almanac,K-562,bo_selection,linear_curve,7,92859,125973,6.000000212225132e-06,3.000000106112566e-07,-85.87999725341797,8.0,-93.87999725341797,False,22,1,2233,25415,4000,45905,10,20
almanac,K-562,bo_selection,linear_curve,8,92859,125973,6.000000212225132e-06,3.000000106112566e-07,-85.87999725341797,8.0,-93.87999725341797,False,25,1,2233,25415,4000,45905,10,20
almanac,K-562,bo_selection,linear_curve,9,681239,732517,3.000000106112566e-07,1.0000000116860974e-07,-84.97000122070312,8.909996032714844,-93.87999725341797,False,23,1,3554,40705,4000,45905,10,20
almanac,K-562,bo_selection,ours+zero,0,740,6396,9.99999993922529e-09,1.0000000116860974e-07,-49.400001525878906,44.47999572753906,-93.87999725341797,False,19,1,9,66,4000,45905,10,20
almanac,K-562,bo_selection,ours+zero,1,85998,681239,9.999999747378752e-05,3.000000106112566e-07,-86.25,7.629997253417969,-93.87999725341797,False,0,1,2200,25028,4000,45905,10,20
almanac,K-562,bo_selection,ours+zero,2,24559,747973,9.999999974752427e-07,3.000000106112566e-07,-89.38999938964844,4.489997863769531,-93.87999725341797,False,10,1,1141,13013,4000,45905,10,20
almanac,K-562,bo_selection,ours+zero,3,606869,732517,9.99999993922529e-09,1.0000000116860974e-07,-69.2300033569336,24.649993896484375,-93.87999725341797,False,11,1,3394,38794,4000,45905,10,20
almanac,K-562,bo_selection,ours+zero,4,34462,754143,4.999999873689376e-05,9.99999993922529e-09,-53.09700012207031,40.782997131347656,-93.87999725341797,False,10,1,1522,17477,4000,45905,10,20
almanac,K-562,bo_selection,ours+zero,5,24559,681239,9.999999974752427e-07,3.000000106112566e-07,-87.95999908447266,5.9199981689453125,-93.87999725341797,False,15,1,1122,12824,4000,45905,10,20
almanac,K-562,bo_selection,ours+zero,6,125973,754143,3.000000106112566e-07,9.99999993922529e-09,-81.87999725341797,12.0,-93.87999725341797,False,10,1,2738,31238,4000,45905,10,20
almanac,K-562,bo_selection,ours+zero,7,740,6396,9.99999993922529e-09,1.0000000116860974e-07,-49.400001525878906,44.47999572753906,-93.87999725341797,False,27,1,9,66,4000,45905,10,20
almanac,K-562,bo_selection,ours+zero,8,92859,747971,6.000000212225132e-06,1.9999999949504854e-06,-83.12999725341797,10.75,-93.87999725341797,False,9,1,2267,25810,4000,45905,10,20
almanac,K-562,bo_selection,ours+zero,9,608210,743414,9.999999974752427e-07,4.999999873689376e-06,-57.797000885009766,36.0829963684082,-93.87999725341797,False,11,1,3419,39175,4000,45905,10,20
almanac,K-562,bo_selection,random,0,3053,747599,9.99999993922529e-09,9.999999974752427e-07,-39.75,54.12999725341797,-93.87999725341797,False,9,1,531,5846,4000,45905,10,20
almanac,K-562,bo_selection,random,1,85998,681239,9.999999747378752e-05,3.000000106112566e-07,-86.25,7.629997253417969,-93.87999725341797,False,0,1,2200,25028,4000,45905,10,20
almanac,K-562,bo_selection,random,2,246131,681239,1.9999999949504854e-06,3.000000106112566e-07,-77.94999694824219,15.930000305175781,-93.87999725341797,False,10,1,3097,35240,4000,45905,10,20
almanac,K-562,bo_selection,random,3,762,92859,4.999999873689376e-06,6.000000212225132e-06,-87.04000091552734,6.839996337890625,-93.87999725341797,False,17,1,341,3779,4000,45905,10,20
almanac,K-562,bo_selection,random,4,608210,743414,9.999999974752427e-07,4.999999873689376e-06,-57.797000885009766,36.0829963684082,-93.87999725341797,False,15,1,3419,39175,4000,45905,10,20
almanac,K-562,bo_selection,random,5,9706,732517,4.999999873689376e-06,1.0000000116860974e-07,-44.25,49.62999725341797,-93.87999725341797,False,24,1,814,9116,4000,45905,10,20
almanac,K-562,bo_selection,random,6,77213,246131,9.999999747378752e-06,1.9999999494757503e-05,-47.02000045776367,46.8599967956543,-93.87999725341797,False,18,1,2022,23039,4000,45905,10,20
almanac,K-562,bo_selection,random,7,66847,92859,9.999999974752427e-07,6.000000212225132e-06,-78.1500015258789,15.729995727539062,-93.87999725341797,False,18,1,1835,20957,4000,45905,10,20
almanac,K-562,bo_selection,random,8,92859,747971,6.000000212225132e-06,1.9999999949504854e-06,-83.12999725341797,10.75,-93.87999725341797,False,9,1,2267,25810,4000,45905,10,20
almanac,K-562,bo_selection,random,9,118218,246131,5.99999978589949e-08,1.9999999494757503e-05,-45.599998474121094,48.279998779296875,-93.87999725341797,False,16,1,2424,27785,4000,45905,10,20
almanac,K-562,bo_selection,tanimoto+zero,0,740,6396,9.99999993922529e-09,1.0000000116860974e-07,-49.400001525878906,44.47999572753906,-93.87999725341797,False,19,1,9,66,4000,45905,10,20
almanac,K-562,bo_selection,tanimoto+zero,1,85998,681239,9.999999747378752e-05,3.000000106112566e-07,-86.25,7.629997253417969,-93.87999725341797,False,0,1,2200,25028,4000,45905,10,20
almanac,K-562,bo_selection,tanimoto+zero,2,752,24559,9.999999747378752e-06,2.999999892949745e-08,6.807000160217285,100.68699741363525,-93.87999725341797,False,8,1,181,1888,4000,45905,10,20
almanac,K-562,bo_selection,tanimoto+zero,3,752,218321,9.999999747378752e-06,1.500000053056283e-07,15.701000213623047,109.58099746704102,-93.87999725341797,False,0,1,205,2193,4000,45905,10,20
almanac,K-562,bo_selection,tanimoto+zero,4,45923,713563,6.000000212225132e-06,9.999999747378752e-05,1.4329999685287476,95.31299722194672,-93.87999725341797,False,27,1,1702,19322,4000,45905,10,20
almanac,K-562,bo_selection,tanimoto+zero,5,18509,713563,9.999999747378752e-06,9.999999747378752e-05,-38.69499969482422,55.18499755859375,-93.87999725341797,False,27,1,1001,11327,4000,45905,10,20
almanac,K-562,bo_selection,tanimoto+zero,6,1390,19893,0.00019999999494757503,9.999999747378752e-05,33.75199890136719,127.63199615478516,-93.87999725341797,False,12,1,393,4454,4000,45905,10,20
almanac,K-562,bo_selection,tanimoto+zero,7,740,6396,9.99999993922529e-09,1.0000000116860974e-07,-49.400001525878906,44.47999572753906,-93.87999725341797,False,20,1,9,66,4000,45905,10,20
almanac,K-562,bo_selection,tanimoto+zero,8,92859,747971,6.000000212225132e-06,1.9999999949504854e-06,-83.12999725341797,10.75,-93.87999725341797,False,9,1,2267,25810,4000,45905,10,20
almanac,K-562,bo_selection,tanimoto+zero,9,85998,608210,9.999999747378752e-05,9.999999974752427e-07,-11.647000312805176,82.2329969406128,-93.87999725341797,False,1,1,2198,24983,4000,45905,10,20
almanac,K-562,pool_optimum,pool_optimum,-1,719627,754143,4.999999987376214e-07,9.99999993922529e-09,-93.87999725341797,0.0,-93.87999725341797,True,-1,1,3807,43696,4000,45905,10,20
almanac,KM12,bo_selection,act_hamming+zero,0,3053,713563,9.999999717180685e-10,9.999999747378752e-05,-21.54800033569336,67.47199630737305,-89.0199966430664,False,9,1,531,5891,4000,46256,10,20
almanac,KM12,bo_selection,act_hamming+zero,1,740,762,1.0000000116860974e-07,4.999999987376214e-07,3.319999933242798,92.3399965763092,-89.0199966430664,False,12,1,3,34,4000,46256,10,20
almanac,KM12,bo_selection,act_hamming+zero,2,740,762,1.0000000116860974e-07,4.999999987376214e-07,3.319999933242798,92.3399965763092,-89.0199966430664,False,12,1,3,34,4000,46256,10,20
almanac,KM12,bo_selection,act_hamming+zero,3,740,762,1.0000000116860974e-07,4.999999987376214e-07,3.319999933242798,92.3399965763092,-89.0199966430664,False,12,1,3,34,4000,46256,10,20
almanac,KM12,bo_selection,act_hamming+zero,4,740,762,1.0000000116860974e-07,4.999999987376214e-07,3.319999933242798,92.3399965763092,-89.0199966430664,False,12,1,3,34,4000,46256,10,20
almanac,KM12,bo_selection,act_hamming+zero,5,26271,747973,9.999999747378752e-06,3.000000106112566e-07,0.8999999761581421,89.91999661922455,-89.0199966430664,False,6,1,1268,14702,4000,46256,10,20
almanac,KM12,bo_selection,act_hamming+zero,6,740,762,1.0000000116860974e-07,4.999999987376214e-07,3.319999933242798,92.3399965763092,-89.0199966430664,False,12,1,3,34,4000,46256,10,20
almanac,KM12,bo_selection,act_hamming+zero,7,740,762,1.0000000116860974e-07,4.999999987376214e-07,3.319999933242798,92.3399965763092,-89.0199966430664,False,12,1,3,34,4000,46256,10,20
almanac,KM12,bo_selection,act_hamming+zero,8,740,762,1.0000000116860974e-07,4.999999987376214e-07,3.319999933242798,92.3399965763092,-89.0199966430664,False,12,1,3,34,4000,46256,10,20
almanac,KM12,bo_selection,act_hamming+zero,9,740,762,1.0000000116860974e-07,4.999999987376214e-07,3.319999933242798,92.3399965763092,-89.0199966430664,False,12,1,3,34,4000,46256,10,20
almanac,KM12,bo_selection,hamming+zero,0,3053,713563,9.999999717180685e-10,9.999999747378752e-05,-21.54800033569336,67.47199630737305,-89.0199966430664,False,9,1,531,5891,4000,46256,10,20
almanac,KM12,bo_selection,hamming+zero,1,740,762,1.0000000116860974e-07,4.999999987376214e-07,3.319999933242798,92.3399965763092,-89.0199966430664,False,12,1,3,34,4000,46256,10,20
almanac,KM12,bo_selection,hamming+zero,2,740,762,1.0000000116860974e-07,4.999999987376214e-07,3.319999933242798,92.3399965763092,-89.0199966430664,False,12,1,3,34,4000,46256,10,20
almanac,KM12,bo_selection,hamming+zero,3,740,762,1.0000000116860974e-07,4.999999987376214e-07,3.319999933242798,92.3399965763092,-89.0199966430664,False,12,1,3,34,4000,46256,10,20
almanac,KM12,bo_selection,hamming+zero,4,740,762,1.0000000116860974e-07,4.999999987376214e-07,3.319999933242798,92.3399965763092,-89.0199966430664,False,12,1,3,34,4000,46256,10,20
almanac,KM12,bo_selection,hamming+zero,5,26271,747973,9.999999747378752e-06,3.000000106112566e-07,0.8999999761581421,89.91999661922455,-89.0199966430664,False,6,1,1268,14702,4000,46256,10,20
almanac,KM12,bo_selection,hamming+zero,6,740,762,1.0000000116860974e-07,4.999999987376214e-07,3.319999933242798,92.3399965763092,-89.0199966430664,False,12,1,3,34,4000,46256,10,20
almanac,KM12,bo_selection,hamming+zero,7,740,762,1.0000000116860974e-07,4.999999987376214e-07,3.319999933242798,92.3399965763092,-89.0199966430664,False,12,1,3,34,4000,46256,10,20
almanac,KM12,bo_selection,hamming+zero,8,740,762,1.0000000116860974e-07,4.999999987376214e-07,3.319999933242798,92.3399965763092,-89.0199966430664,False,12,1,3,34,4000,46256,10,20
almanac,KM12,bo_selection,hamming+zero,9,740,762,1.0000000116860974e-07,4.999999987376214e-07,3.319999933242798,92.3399965763092,-89.0199966430664,False,12,1,3,34,4000,46256,10,20
almanac,KM12,bo_selection,linear_curve,0,92859,681239,6.000000212225132e-06,3.000000106112566e-07,-89.0199966430664,0.0,-89.0199966430664,True,16,1,2265,25919,4000,46256,10,20
almanac,KM12,bo_selection,linear_curve,1,681239,712807,3.000000106112566e-07,2.0000000233721948e-07,-86.94999694824219,2.0699996948242188,-89.0199966430664,False,28,1,3561,40901,4000,46256,10,20
almanac,KM12,bo_selection,linear_curve,2,105014,681239,9.999999974752427e-07,3.000000106112566e-07,-79.9800033569336,9.039993286132812,-89.0199966430664,False,21,1,2363,27089,4000,46256,10,20
almanac,KM12,bo_selection,linear_curve,3,681239,750690,3.000000106112566e-07,9.999999974752427e-07,-78.0999984741211,10.919998168945312,-89.0199966430664,False,24,1,3575,41083,4000,46256,10,20
almanac,KM12,bo_selection,linear_curve,4,681239,719345,3.000000106112566e-07,4.0000000467443897e-07,-80.72000122070312,8.299995422363281,-89.0199966430664,False,28,1,3566,40957,4000,46256,10,20
almanac,KM12,bo_selection,linear_curve,5,673596,754143,1.000000013351432e-10,9.99999993922529e-09,-83.88999938964844,5.129997253417969,-89.0199966430664,False,18,1,3554,40798,4000,46256,10,20
almanac,KM12,bo_selection,linear_curve,6,681239,712807,3.000000106112566e-07,2.0000000233721948e-07,-86.94999694824219,2.0699996948242188,-89.0199966430664,False,18,1,3561,40901,4000,46256,10,20
almanac,KM12,bo_selection,linear_curve,7,681239,719345,3.000000106112566e-07,4.0000000467443897e-07,-80.72000122070312,8.299995422363281,-89.0199966430664,False,20,1,3566,40957,4000,46256,10,20
almanac,KM12,bo_selection,linear_curve,8,681239,750690,3.000000106112566e-07,9.999999974752427e-07,-78.0999984741211,10.919998168945312,-89.0199966430664,False,10,1,3575,41083,4000,46256,10,20
almanac,KM12,bo_selection,linear_curve,9,681239,712807,3.000000106112566e-07,1.9999999494757503e-05,-81.30000305175781,7.719993591308594,-89.0199966430664,False,29,1,3562,40903,4000,46256,10,20
almanac,KM12,bo_selection,ours+zero,0,3053,713563,9.999999717180685e-10,9.999999747378752e-05,-21.54800033569336,67.47199630737305,-89.0199966430664,False,9,1,531,5891,4000,46256,10,20
almanac,KM12,bo_selection,ours+zero,1,628503,754143,3.999999975690116e-08,9.99999993922529e-09,-27.809999465942383,61.20999717712402,-89.0199966430664,False,18,1,3527,40489,4000,46256,10,20
almanac,KM12,bo_selection,ours+zero,2,9706,122819,4.999999987376214e-07,3.000000106112566e-06,-64.58000183105469,24.43999481201172,-89.0199966430664,False,12,1,797,8933,4000,46256,10,20
almanac,KM12,bo_selection,ours+zero,3,180973,754143,6.999999868639861e-08,9.99999993922529e-09,-31.969999313354492,57.049997329711914,-89.0199966430664,False,16,1,2953,33905,4000,46256,10,20
almanac,KM12,bo_selection,ours+zero,4,9706,122819,4.999999987376214e-07,3.000000106112566e-06,-64.58000183105469,24.43999481201172,-89.0199966430664,False,19,1,797,8933,4000,46256,10,20
almanac,KM12,bo_selection,ours+zero,5,702294,754143,9.999999747378752e-05,9.99999993922529e-09,-69.5,19.519996643066406,-89.0199966430664,False,19,1,3668,42217,4000,46256,10,20
almanac,KM12,bo_selection,ours+zero,6,754143,761432,9.99999993922529e-09,4.999999969612645e-09,-15.845999717712402,73.173996925354,-89.0199966430664,False,25,1,3975,46002,4000,46256,10,20
almanac,KM12,bo_selection,ours+zero,7,77213,754143,1.0000000116860974e-07,9.99999993922529e-09,-56.150001525878906,32.8699951171875,-89.0199966430664,False,18,1,2074,23726,4000,46256,10,20
almanac,KM12,bo_selection,ours+zero,8,8806,754143,9.999999747378752e-06,9.99999993922529e-09,-57.667999267578125,31.35199737548828,-89.0199966430664,False,14,1,772,8594,4000,46256,10,20
almanac,KM12,bo_selection,ours+zero,9,9706,122819,4.999999987376214e-07,3.000000106112566e-06,-64.58000183105469,24.43999481201172,-89.0199966430664,False,11,1,797,8933,4000,46256,10,20
almanac,KM12,bo_selection,random,0,3053,713563,9.999999717180685e-10,9.999999747378752e-05,-21.54800033569336,67.47200012207031,-89.0199966430664,False,9,1,531,5891,4000,46256,10,20
almanac,KM12,bo_selection,random,1,102816,713563,4.999999987376214e-07,9.999999747378752e-05,4.545000076293945,93.56499481201172,-89.0199966430664,False,20,1,2316,26558,4000,46256,10,20
almanac,KM12,bo_selection,random,2,19893,606869,9.999999747378752e-05,9.999999974752427e-07,23.378999710083008,112.39899444580078,-89.0199966430664,False,23,1,1069,12203,4000,46256,10,20
almanac,KM12,bo_selection,random,3,719344,761432,2.999999892949745e-08,5.000000058430487e-08,10.770999908447266,99.79100036621094,-89.0199966430664,False,12,1,3792,43669,4000,46256,10,20
almanac,KM12,bo_selection,random,4,256942,737754,9.99999993922529e-09,4.999999873689376e-05,-11.54800033569336,77.47200012207031,-89.0199966430664,False,17,1,3181,36409,4000,46256,10,20
almanac,KM12,bo_selection,random,5,762,713563,1.9999999949504854e-06,9.999999747378752e-05,0.18799999356269836,89.20800018310547,-89.0199966430664,False,16,1,373,4175,4000,46256,10,20
almanac,KM12,bo_selection,random,6,26980,246131,4.999999969612645e-09,1.9999999494757503e-05,-53.790000915527344,35.22999572753906,-89.0199966430664,False,25,1,1314,15122,4000,46256,10,20
almanac,KM12,bo_selection,random,7,608210,747971,9.99999993922529e-09,9.999999747378752e-06,0.13300000131130219,89.15299987792969,-89.0199966430664,False,19,1,3433,39430,4000,46256,10,20
almanac,KM12,bo_selection,random,8,750,92859,4.999999987376214e-07,6.000000212225132e-06,47.880001068115234,136.89999389648438,-89.0199966430664,False,20,1,108,1199,4000,46256,10,20
almanac,KM12,bo_selection,random,9,8806,756645,1.0000000116860974e-07,9.999999974752427e-07,17.010000228881836,106.02999877929688,-89.0199966430664,False,21,2,773,8615,4000,46256,10,20
almanac,KM12,bo_selection,tanimoto+zero,0,3053,713563,9.999999717180685e-10,9.999999747378752e-05,-21.54800033569336,67.47199630737305,-89.0199966430664,False,9,1,531,5891,4000,46256,10,20
almanac,KM12,bo_selection,tanimoto+zero,1,713563,754143,9.999999747378752e-05,9.999999717180685e-10,-59.12799835205078,29.891998291015625,-89.0199966430664,False,24,1,3709,42714,4000,46256,10,20
almanac,KM12,bo_selection,tanimoto+zero,2,713563,754143,9.999999747378752e-05,9.999999717180685e-10,-59.12799835205078,29.891998291015625,-89.0199966430664,False,13,1,3709,42714,4000,46256,10,20
almanac,KM12,bo_selection,tanimoto+zero,3,713563,754143,9.999999747378752e-05,9.999999717180685e-10,-59.12799835205078,29.891998291015625,-89.0199966430664,False,16,1,3709,42714,4000,46256,10,20
almanac,KM12,bo_selection,tanimoto+zero,4,713563,754143,9.999999747378752e-05,9.999999717180685e-10,-59.12799835205078,29.891998291015625,-89.0199966430664,False,20,1,3709,42714,4000,46256,10,20
almanac,KM12,bo_selection,tanimoto+zero,5,26271,747973,9.999999747378752e-06,3.000000106112566e-07,0.8999999761581421,89.91999661922455,-89.0199966430664,False,6,1,1268,14702,4000,46256,10,20
almanac,KM12,bo_selection,tanimoto+zero,6,3053,713563,9.999999717180685e-10,9.999999747378752e-05,-21.54800033569336,67.47199630737305,-89.0199966430664,False,21,1,531,5891,4000,46256,10,20
almanac,KM12,bo_selection,tanimoto+zero,7,713563,754143,9.999999747378752e-05,9.999999717180685e-10,-59.12799835205078,29.891998291015625,-89.0199966430664,False,22,1,3709,42714,4000,46256,10,20
almanac,KM12,bo_selection,tanimoto+zero,8,67574,713563,2.999999970665357e-10,9.999999747378752e-05,-3.5380001068115234,85.48199653625488,-89.0199966430664,False,14,1,1945,22277,4000,46256,10,20
almanac,KM12,bo_selection,tanimoto+zero,9,713563,754143,9.999999747378752e-05,9.999999717180685e-10,-59.12799835205078,29.891998291015625,-89.0199966430664,False,17,1,3709,42714,4000,46256,10,20
almanac,KM12,pool_optimum,pool_optimum,-1,92859,681239,6.000000212225132e-06,3.000000106112566e-07,-89.0199966430664,0.0,-89.0199966430664,True,-1,1,2265,25919,4000,46256,10,20
almanac,LOX IMVI,bo_selection,act_hamming+zero,0,24559,362856,9.999999974752427e-07,1.9999999949504854e-06,-84.88999938964844,10.379997253417969,-95.2699966430664,False,5,1,1125,12472,4000,44348,10,20
almanac,LOX IMVI,bo_selection,act_hamming+zero,1,755,609699,1.9999999949504854e-06,9.999999717180685e-10,0.5,95.7699966430664,-95.2699966430664,False,8,1,281,3039,4000,44348,10,20
almanac,LOX IMVI,bo_selection,act_hamming+zero,2,740,38721,1.0000000116860974e-07,1.9999999949504854e-06,3.190000057220459,98.45999670028687,-95.2699966430664,False,28,1,28,196,4000,44348,10,20
almanac,LOX IMVI,bo_selection,act_hamming+zero,3,752,279836,9.999999747378752e-06,5.000000058430487e-08,0.6370000243186951,95.9069966673851,-95.2699966430664,False,0,1,205,2149,4000,44348,10,20
almanac,LOX IMVI,bo_selection,act_hamming+zero,4,123127,246131,4.999999969612645e-09,1.9999999494757503e-05,-84.08000183105469,11.189994812011719,-95.2699966430664,False,4,1,2699,29747,4000,44348,10,20
almanac,LOX IMVI,bo_selection,act_hamming+zero,5,755,713563,2.0000000233721948e-07,9.999999747378752e-05,0.09700000286102295,95.36699664592743,-95.2699966430664,False,7,1,293,3119,4000,44348,10,20
almanac,LOX IMVI,bo_selection,act_hamming+zero,6,740,38721,1.0000000116860974e-07,1.9999999949504854e-06,3.190000057220459,98.45999670028687,-95.2699966430664,False,28,1,28,196,4000,44348,10,20
almanac,LOX IMVI,bo_selection,act_hamming+zero,7,740,38721,1.0000000116860974e-07,1.9999999949504854e-06,3.190000057220459,98.45999670028687,-95.2699966430664,False,28,1,28,196,4000,44348,10,20
almanac,LOX IMVI,bo_selection,act_hamming+zero,8,740,38721,1.0000000116860974e-07,1.9999999949504854e-06,3.190000057220459,98.45999670028687,-95.2699966430664,False,28,1,28,196,4000,44348,10,20
almanac,LOX IMVI,bo_selection,act_hamming+zero,9,740,38721,1.0000000116860974e-07,1.9999999949504854e-06,3.190000057220459,98.45999670028687,-95.2699966430664,False,28,1,28,196,4000,44348,10,20
almanac,LOX IMVI,bo_selection,hamming+zero,0,24559,362856,9.999999974752427e-07,1.9999999949504854e-06,-84.88999938964844,10.379997253417969,-95.2699966430664,False,5,1,1125,12472,4000,44348,10,20
almanac,LOX IMVI,bo_selection,hamming+zero,1,755,609699,1.9999999949504854e-06,9.999999717180685e-10,0.5,95.7699966430664,-95.2699966430664,False,8,1,281,3039,4000,44348,10,20
almanac,LOX IMVI,bo_selection,hamming+zero,2,740,38721,1.0000000116860974e-07,1.9999999949504854e-06,3.190000057220459,98.45999670028687,-95.2699966430664,False,28,1,28,196,4000,44348,10,20
almanac,LOX IMVI,bo_selection,hamming+zero,3,752,279836,9.999999747378752e-06,5.000000058430487e-08,0.6370000243186951,95.9069966673851,-95.2699966430664,False,0,1,205,2149,4000,44348,10,20
almanac,LOX IMVI,bo_selection,hamming+zero,4,123127,246131,4.999999969612645e-09,1.9999999494757503e-05,-84.08000183105469,11.189994812011719,-95.2699966430664,False,4,1,2699,29747,4000,44348,10,20
almanac,LOX IMVI,bo_selection,hamming+zero,5,755,713563,2.0000000233721948e-07,9.999999747378752e-05,0.09700000286102295,95.36699664592743,-95.2699966430664,False,7,1,293,3119,4000,44348,10,20
almanac,LOX IMVI,bo_selection,hamming+zero,6,740,38721,1.0000000116860974e-07,1.9999999949504854e-06,3.190000057220459,98.45999670028687,-95.2699966430664,False,28,1,28,196,4000,44348,10,20
almanac,LOX IMVI,bo_selection,hamming+zero,7,740,38721,1.0000000116860974e-07,1.9999999949504854e-06,3.190000057220459,98.45999670028687,-95.2699966430664,False,28,1,28,196,4000,44348,10,20
almanac,LOX IMVI,bo_selection,hamming+zero,8,740,38721,1.0000000116860974e-07,1.9999999949504854e-06,3.190000057220459,98.45999670028687,-95.2699966430664,False,28,1,28,196,4000,44348,10,20
almanac,LOX IMVI,bo_selection,hamming+zero,9,740,38721,1.0000000116860974e-07,1.9999999949504854e-06,3.190000057220459,98.45999670028687,-95.2699966430664,False,28,1,28,196,4000,44348,10,20
almanac,LOX IMVI,bo_selection,linear_curve,0,24559,362856,9.999999974752427e-07,1.9999999949504854e-06,-84.88999938964844,10.379997253417969,-95.2699966430664,False,5,1,1125,12472,4000,44348,10,20
almanac,LOX IMVI,bo_selection,linear_curve,1,24559,109724,9.999999974752427e-07,9.999999747378752e-06,-86.68000030517578,8.589996337890625,-95.2699966430664,False,26,1,1110,12301,4000,44348,10,20
almanac,LOX IMVI,bo_selection,linear_curve,2,24559,127716,9.999999974752427e-07,2.999999892949745e-08,-89.4000015258789,5.8699951171875,-95.2699966430664,False,29,1,1116,12373,4000,44348,10,20
almanac,LOX IMVI,bo_selection,linear_curve,3,24559,701852,9.999999974752427e-07,1.0000000116860974e-07,-84.0199966430664,11.25,-95.2699966430664,False,24,1,1137,12580,4000,44348,10,20
almanac,LOX IMVI,bo_selection,linear_curve,4,45923,681239,5.99999978589949e-08,3.000000106112566e-07,-87.19999694824219,8.069999694824219,-95.2699966430664,False,12,1,1729,19010,4000,44348,10,20
almanac,LOX IMVI,bo_selection,linear_curve,5,45923,681239,5.99999978589949e-08,3.000000106112566e-07,-87.19999694824219,8.069999694824219,-95.2699966430664,False,19,1,1729,19010,4000,44348,10,20
almanac,LOX IMVI,bo_selection,linear_curve,6,24559,127716,9.999999974752427e-07,2.999999892949745e-08,-89.4000015258789,5.8699951171875,-95.2699966430664,False,20,1,1116,12373,4000,44348,10,20
almanac,LOX IMVI,bo_selection,linear_curve,7,14229,754143,2.999999892949745e-08,9.99999993922529e-09,-90.62999725341797,4.6399993896484375,-95.2699966430664,False,26,1,947,10523,4000,44348,10,20
almanac,LOX IMVI,bo_selection,linear_curve,8,45923,681239,5.99999978589949e-08,3.000000106112566e-07,-87.19999694824219,8.069999694824219,-95.2699966430664,False,20,1,1729,19010,4000,44348,10,20
almanac,LOX IMVI,bo_selection,linear_curve,9,24559,109724,9.999999974752427e-07,9.999999747378752e-06,-86.68000030517578,8.589996337890625,-95.2699966430664,False,25,1,1110,12301,4000,44348,10,20
almanac,LOX IMVI,bo_selection,ours+zero,0,24559,362856,9.999999974752427e-07,1.9999999949504854e-06,-84.88999938964844,10.379997253417969,-95.2699966430664,False,5,1,1125,12472,4000,44348,10,20
almanac,LOX IMVI,bo_selection,ours+zero,1,740,761432,3.000000106112566e-07,4.999999969612645e-09,-56.17399978637695,39.09599685668945,-95.2699966430664,False,10,1,74,853,4000,44348,10,20
almanac,LOX IMVI,bo_selection,ours+zero,2,740,761432,3.000000106112566e-07,4.999999969612645e-09,-56.17399978637695,39.09599685668945,-95.2699966430664,False,19,1,74,853,4000,44348,10,20
almanac,LOX IMVI,bo_selection,ours+zero,3,608210,713563,9.999999974752427e-07,9.999999747378752e-05,-53.8120002746582,41.4579963684082,-95.2699966430664,False,13,1,3447,37978,4000,44348,10,20
almanac,LOX IMVI,bo_selection,ours+zero,4,123127,246131,4.999999969612645e-09,1.9999999494757503e-05,-84.08000183105469,11.189994812011719,-95.2699966430664,False,4,1,2699,29747,4000,44348,10,20
almanac,LOX IMVI,bo_selection,ours+zero,5,14229,713563,3.000000106112566e-06,9.999999747378752e-05,-63.972999572753906,31.2969970703125,-95.2699966430664,False,14,1,933,10349,4000,44348,10,20
almanac,LOX IMVI,bo_selection,ours+zero,6,24559,701852,9.999999974752427e-07,1.0000000116860974e-07,-84.0199966430664,11.25,-95.2699966430664,False,10,1,1137,12580,4000,44348,10,20
almanac,LOX IMVI,bo_selection,ours+zero,7,27640,761432,6.999999868639861e-07,4.999999969612645e-09,-63.09700012207031,32.172996520996094,-95.2699966430664,False,10,1,1430,15757,4000,44348,10,20
almanac,LOX IMVI,bo_selection,ours+zero,8,24559,701852,9.999999974752427e-07,1.0000000116860974e-07,-84.0199966430664,11.25,-95.2699966430664,False,10,1,1137,12580,4000,44348,10,20
almanac,LOX IMVI,bo_selection,ours+zero,9,701852,713563,9.999999974752427e-07,9.999999747378752e-05,-37.17599868774414,58.093997955322266,-95.2699966430664,False,20,1,3632,40111,4000,44348,10,20
almanac,LOX IMVI,bo_selection,random,0,24559,362856,9.999999974752427e-07,1.9999999949504854e-06,-84.88999938964844,10.379997253417969,-95.2699966430664,False,5,1,1125,12472,4000,44348,10,20
almanac,LOX IMVI,bo_selection,random,1,755,609699,1.9999999949504854e-06,9.999999717180685e-10,0.5,95.7699966430664,-95.2699966430664,False,8,1,281,3039,4000,44348,10,20
almanac,LOX IMVI,bo_selection,random,2,713563,719344,9.999999747378752e-05,3.000000026176508e-09,10.220999717712402,105.49099731445312,-95.2699966430664,False,14,1,3689,40865,4000,44348,10,20
almanac,LOX IMVI,bo_selection,random,3,752,279836,9.999999747378752e-06,5.000000058430487e-08,0.6370000243186951,95.90699768066406,-95.2699966430664,False,0,1,205,2149,4000,44348,10,20
almanac,LOX IMVI,bo_selection,random,4,123127,246131,4.999999969612645e-09,1.9999999494757503e-05,-84.08000183105469,11.189994812011719,-95.2699966430664,False,4,1,2699,29747,4000,44348,10,20
almanac,LOX IMVI,bo_selection,random,5,755,713563,2.0000000233721948e-07,9.999999747378752e-05,0.09700000286102295,95.36699676513672,-95.2699966430664,False,7,1,293,3119,4000,44348,10,20
almanac,LOX IMVI,bo_selection,random,6,125973,719627,3.000000106112566e-07,4.999999873689376e-06,11.760000228881836,107.02999877929688,-95.2699966430664,False,20,1,2802,30887,4000,44348,10,20
almanac,LOX IMVI,bo_selection,random,7,34462,606869,4.999999873689376e-05,9.999999974752427e-07,5.49399995803833,100.76399993896484,-95.2699966430664,False,16,1,1522,16865,4000,44348,10,20
almanac,LOX IMVI,bo_selection,random,8,19893,279836,9.999999747378752e-06,4.999999987376214e-07,8.786999702453613,104.05699920654297,-95.2699966430664,False,16,1,1065,11696,4000,44348,10,20
almanac,LOX IMVI,bo_selection,random,9,92859,733504,6.000000212225132e-07,1.0000000116860974e-07,-30.079999923706055,65.18999481201172,-95.2699966430664,False,19,1,2309,25547,4000,44348,10,20
almanac,LOX IMVI,bo_selection,tanimoto+zero,0,24559,362856,9.999999974752427e-07,1.9999999949504854e-06,-84.88999938964844,10.379997253417969,-95.2699966430664,False,5,1,1125,12472,4000,44348,10,20
almanac,LOX IMVI,bo_selection,tanimoto+zero,1,755,609699,1.9999999949504854e-06,9.999999717180685e-10,0.5,95.7699966430664,-95.2699966430664,False,8,1,281,3039,4000,44348,10,20
almanac,LOX IMVI,bo_selection,tanimoto+zero,2,754143,754230,1.000000013351432e-10,5.999999802552836e-11,-10.260000228881836,85.00999641418457,-95.2699966430664,False,12,1,3973,44043,4000,44348,10,20
almanac,LOX IMVI,bo_selection,tanimoto+zero,3,752,279836,9.999999747378752e-06,5.000000058430487e-08,0.6370000243186951,95.9069966673851,-95.2699966430664,False,0,1,205,2149,4000,44348,10,20
almanac,LOX IMVI,bo_selection,tanimoto+zero,4,123127,246131,4.999999969612645e-09,1.9999999494757503e-05,-84.08000183105469,11.189994812011719,-95.2699966430664,False,4,1,2699,29747,4000,44348,10,20
almanac,LOX IMVI,bo_selection,tanimoto+zero,5,362856,713563,2.9999999242136255e-05,9.999999747378752e-05,-29.299999237060547,65.96999740600586,-95.2699966430664,False,24,1,3349,36826,4000,44348,10,20
almanac,LOX IMVI,bo_selection,tanimoto+zero,6,752,1390,9.999999747378752e-06,0.00019999999494757503,2.6389999389648438,97.90899658203125,-95.2699966430664,False,21,1,166,1718,4000,44348,10,20
almanac,LOX IMVI,bo_selection,tanimoto+zero,7,752,1390,9.999999747378752e-06,0.00019999999494757503,2.6389999389648438,97.90899658203125,-95.2699966430664,False,12,1,166,1718,4000,44348,10,20
almanac,LOX IMVI,bo_selection,tanimoto+zero,8,754143,754230,1.000000013351432e-10,5.999999802552836e-11,-10.260000228881836,85.00999641418457,-95.2699966430664,False,15,1,3973,44043,4000,44348,10,20
almanac,LOX IMVI,bo_selection,tanimoto+zero,9,608210,713563,9.999999974752427e-07,9.999999747378752e-05,-53.8120002746582,41.4579963684082,-95.2699966430664,False,25,1,3447,37978,4000,44348,10,20
almanac,LOX IMVI,pool_optimum,pool_optimum,-1,3053,92859,1.0000000116860974e-07,6.000000212225132e-07,-95.2699966430664,0.0,-95.2699966430664,True,-1,1,494,5254,4000,44348,10,20
almanac,M14,bo_selection,act_hamming+zero,0,24559,246131,9.999999974752427e-07,1.9999999949504854e-06,-93.41000366210938,3.279998779296875,-96.69000244140625,False,5,1,1125,12904,4000,46148,10,20
almanac,M14,bo_selection,act_hamming+zero,1,755,218321,1.9999999949504854e-06,9.99999993922529e-09,18.729999542236328,115.42000198364258,-96.69000244140625,False,8,1,281,3102,4000,46148,10,20
almanac,M14,bo_selection,act_hamming+zero,2,747971,753082,1.0000000116860974e-07,4.999999873689376e-06,-3.115999937057495,93.57400250434875,-96.69000244140625,False,5,1,3914,45169,4000,46148,10,20
almanac,M14,bo_selection,act_hamming+zero,3,85998,761432,9.999999747378752e-05,5.000000058430487e-08,-42.24399948120117,54.44600296020508,-96.69000244140625,False,9,1,2253,25703,4000,46148,10,20
almanac,M14,bo_selection,act_hamming+zero,4,25154,119875,3.000000106112566e-07,1.9999999494757503e-05,26.59000015258789,123.28000259399414,-96.69000244140625,False,7,1,1173,13529,4000,46148,10,20
almanac,M14,bo_selection,act_hamming+zero,5,740,26271,1.0000000116860974e-07,9.999999747378752e-05,34.970001220703125,131.66000366210938,-96.69000244140625,False,24,1,20,143,4000,46148,10,20
almanac,M14,bo_selection,act_hamming+zero,6,226080,608210,4.999999969612645e-09,9.999999974752427e-07,-12.531000137329102,84.15900230407715,-96.69000244140625,False,3,1,3026,34619,4000,46148,10,20
almanac,M14,bo_selection,act_hamming+zero,7,740,26271,1.0000000116860974e-07,9.999999747378752e-05,34.970001220703125,131.66000366210938,-96.69000244140625,False,24,1,20,143,4000,46148,10,20
almanac,M14,bo_selection,act_hamming+zero,8,740,26271,1.0000000116860974e-07,9.999999747378752e-05,34.970001220703125,131.66000366210938,-96.69000244140625,False,24,1,20,143,4000,46148,10,20
almanac,M14,bo_selection,act_hamming+zero,9,241240,246131,1.9999999949504854e-06,1.9999999494757503e-05,11.369999885559082,108.06000232696533,-96.69000244140625,False,5,1,3050,34952,4000,46148,10,20
almanac,M14,bo_selection,hamming+zero,0,24559,246131,9.999999974752427e-07,1.9999999949504854e-06,-93.41000366210938,3.279998779296875,-96.69000244140625,False,5,1,1125,12904,4000,46148,10,20
almanac,M14,bo_selection,hamming+zero,1,755,218321,1.9999999949504854e-06,9.99999993922529e-09,18.729999542236328,115.42000198364258,-96.69000244140625,False,8,1,281,3102,4000,46148,10,20
almanac,M14,bo_selection,hamming+zero,2,747971,753082,1.0000000116860974e-07,4.999999873689376e-06,-3.115999937057495,93.57400250434875,-96.69000244140625,False,5,1,3914,45169,4000,46148,10,20
almanac,M14,bo_selection,hamming+zero,3,85998,761432,9.999999747378752e-05,5.000000058430487e-08,-42.24399948120117,54.44600296020508,-96.69000244140625,False,9,1,2253,25703,4000,46148,10,20
almanac,M14,bo_selection,hamming+zero,4,25154,119875,3.000000106112566e-07,1.9999999494757503e-05,26.59000015258789,123.28000259399414,-96.69000244140625,False,7,1,1173,13529,4000,46148,10,20
almanac,M14,bo_selection,hamming+zero,5,740,26271,1.0000000116860974e-07,9.999999747378752e-05,34.970001220703125,131.66000366210938,-96.69000244140625,False,24,1,20,143,4000,46148,10,20
almanac,M14,bo_selection,hamming+zero,6,226080,608210,4.999999969612645e-09,9.999999974752427e-07,-12.531000137329102,84.15900230407715,-96.69000244140625,False,3,1,3026,34619,4000,46148,10,20
almanac,M14,bo_selection,hamming+zero,7,740,26271,1.0000000116860974e-07,9.999999747378752e-05,34.970001220703125,131.66000366210938,-96.69000244140625,False,24,1,20,143,4000,46148,10,20
almanac,M14,bo_selection,hamming+zero,8,740,26271,1.0000000116860974e-07,9.999999747378752e-05,34.970001220703125,131.66000366210938,-96.69000244140625,False,24,1,20,143,4000,46148,10,20
almanac,M14,bo_selection,hamming+zero,9,241240,246131,1.9999999949504854e-06,1.9999999494757503e-05,11.369999885559082,108.06000232696533,-96.69000244140625,False,5,1,3050,34952,4000,46148,10,20
almanac,M14,bo_selection,linear_curve,0,609699,681239,1.0000000116860974e-07,3.000000106112566e-07,-96.5999984741211,0.09000396728515625,-96.69000244140625,False,22,1,3451,39643,4000,46148,10,20
almanac,M14,bo_selection,linear_curve,1,609699,681239,1.0000000116860974e-07,3.000000106112566e-07,-96.5999984741211,0.09000396728515625,-96.69000244140625,False,20,1,3451,39643,4000,46148,10,20
almanac,M14,bo_selection,linear_curve,2,609699,681239,1.0000000116860974e-07,3.000000106112566e-07,-96.5999984741211,0.09000396728515625,-96.69000244140625,False,18,1,3451,39643,4000,46148,10,20
almanac,M14,bo_selection,linear_curve,3,63878,681239,9.999999974752427e-07,3.000000106112566e-07,-95.62999725341797,1.0600051879882812,-96.69000244140625,False,10,1,1835,20942,4000,46148,10,20
almanac,M14,bo_selection,linear_curve,4,609699,681239,1.0000000116860974e-07,3.000000106112566e-07,-96.5999984741211,0.09000396728515625,-96.69000244140625,False,28,1,3451,39643,4000,46148,10,20
almanac,M14,bo_selection,linear_curve,5,609699,681239,1.0000000116860974e-07,3.000000106112566e-07,-96.5999984741211,0.09000396728515625,-96.69000244140625,False,10,1,3451,39643,4000,46148,10,20
almanac,M14,bo_selection,linear_curve,6,609699,681239,1.0000000116860974e-07,3.000000106112566e-07,-96.5999984741211,0.09000396728515625,-96.69000244140625,False,15,1,3451,39643,4000,46148,10,20
almanac,M14,bo_selection,linear_curve,7,681239,701852,3.000000106112566e-07,9.99999993922529e-09,-92.19000244140625,4.5,-96.69000244140625,False,28,1,3551,40874,4000,46148,10,20
almanac,M14,bo_selection,linear_curve,8,609699,681239,1.0000000116860974e-07,3.000000106112566e-07,-96.5999984741211,0.09000396728515625,-96.69000244140625,False,21,1,3451,39643,4000,46148,10,20
almanac,M14,bo_selection,linear_curve,9,609699,681239,1.0000000116860974e-07,3.000000106112566e-07,-96.5999984741211,0.09000396728515625,-96.69000244140625,False,22,1,3451,39643,4000,46148,10,20
almanac,M14,bo_selection,ours+zero,0,24559,246131,9.999999974752427e-07,1.9999999949504854e-06,-93.41000366210938,3.279998779296875,-96.69000244140625,False,5,1,1125,12904,4000,46148,10,20
almanac,M14,bo_selection,ours+zero,1,85998,761432,9.999999747378752e-05,5.000000058430487e-08,-42.24399948120117,54.44600296020508,-96.69000244140625,False,19,1,2253,25703,4000,46148,10,20
almanac,M14,bo_selection,ours+zero,2,609699,754143,1.0000000116860974e-07,9.99999993922529e-09,-58.2599983215332,38.43000411987305,-96.69000244140625,False,10,1,3469,39886,4000,46148,10,20
almanac,M14,bo_selection,ours+zero,3,85998,761432,9.999999747378752e-05,5.000000058430487e-08,-42.24399948120117,54.44600296020508,-96.69000244140625,False,9,1,2253,25703,4000,46148,10,20
almanac,M14,bo_selection,ours+zero,4,719344,761432,3.000000026176508e-09,5.000000058430487e-08,-45.691001892089844,50.999000549316406,-96.69000244140625,False,12,1,3784,43603,4000,46148,10,20
almanac,M14,bo_selection,ours+zero,5,628503,761432,2.999999970665357e-10,5.000000058430487e-08,-36.68000030517578,60.01000213623047,-96.69000244140625,False,27,1,3526,40537,4000,46148,10,20
almanac,M14,bo_selection,ours+zero,6,123127,747973,4.999999987376214e-07,3.000000106112566e-07,-65.08000183105469,31.610000610351562,-96.69000244140625,False,12,1,2678,30617,4000,46148,10,20
almanac,M14,bo_selection,ours+zero,7,77213,761432,2.0000000233721948e-07,5.000000058430487e-08,-48.61000061035156,48.08000183105469,-96.69000244140625,False,12,1,2091,23843,4000,46148,10,20
almanac,M14,bo_selection,ours+zero,8,719345,761432,2.999999892949745e-08,5.000000058430487e-08,-50.64899826049805,46.0410041809082,-96.69000244140625,False,25,1,3802,43801,4000,46148,10,20
almanac,M14,bo_selection,ours+zero,9,125973,761432,5.99999978589949e-08,4.999999969612645e-09,-27.8700008392334,68.82000160217285,-96.69000244140625,False,12,1,2760,31606,4000,46148,10,20
almanac,M14,bo_selection,random,0,24559,246131,9.999999974752427e-07,1.9999999949504854e-06,-93.41000366210938,3.279998779296875,-96.69000244140625,False,5,1,1125,12904,4000,46148,10,20
almanac,M14,bo_selection,random,1,218321,747973,9.99999993922529e-09,3.000000106112566e-07,-64.83999633789062,31.850006103515625,-96.69000244140625,False,21,1,3010,34400,4000,46148,10,20
almanac,M14,bo_selection,random,2,49842,747973,3.000000026176508e-09,3.000000106112566e-07,-75.01000213623047,21.68000030517578,-96.69000244140625,False,28,1,1804,20453,4000,46148,10,20
almanac,M14,bo_selection,random,3,85998,761432,9.999999747378752e-05,5.000000058430487e-08,-42.24399948120117,54.44600296020508,-96.69000244140625,False,9,1,2253,25703,4000,46148,10,20
almanac,M14,bo_selection,random,4,125973,246131,3.000000106112566e-07,1.9999999494757503e-05,-2.259999990463257,94.43000030517578,-96.69000244140625,False,13,1,2726,31238,4000,46148,10,20
almanac,M14,bo_selection,random,5,26980,180973,4.999999987376214e-07,6.999999868639861e-08,21.690000534057617,118.3800048828125,-96.69000244140625,False,27,1,1316,15117,4000,46148,10,20
almanac,M14,bo_selection,random,6,226080,608210,4.999999969612645e-09,9.999999974752427e-07,-12.531000137329102,84.15900421142578,-96.69000244140625,False,3,1,3026,34619,4000,46148,10,20
almanac,M14,bo_selection,random,7,63878,681239,9.999999974752427e-07,3.000000106112566e-07,-95.62999725341797,1.0600051879882812,-96.69000244140625,False,18,1,1835,20942,4000,46148,10,20
almanac,M14,bo_selection,random,8,740,26271,1.0000000116860974e-07,9.999999747378752e-05,34.970001220703125,131.66000366210938,-96.69000244140625,False,13,1,20,143,4000,46148,10,20
almanac,M14,bo_selection,random,9,681239,750690,3.000000106112566e-07,9.999999974752427e-07,-92.5999984741211,4.090003967285156,-96.69000244140625,False,26,1,3568,41065,4000,46148,10,20
almanac,M14,bo_selection,tanimoto+zero,0,24559,246131,9.999999974752427e-07,1.9999999949504854e-06,-93.41000366210938,3.279998779296875,-96.69000244140625,False,5,1,1125,12904,4000,46148,10,20
almanac,M14,bo_selection,tanimoto+zero,1,1390,753082,0.00019999999494757503,4.999999873689376e-06,-4.0920000076293945,92.59800243377686,-96.69000244140625,False,18,1,469,5219,4000,46148,10,20
almanac,M14,bo_selection,tanimoto+zero,2,24559,713563,1.0000000116860974e-07,9.999999747378752e-05,-33.92300033569336,62.76700210571289,-96.69000244140625,False,23,1,1139,13076,4000,46148,10,20
almanac,M14,bo_selection,tanimoto+zero,3,109724,761432,9.999999747378752e-05,5.000000058430487e-08,-48.90299987792969,47.78700256347656,-96.69000244140625,False,10,1,2436,28016,4000,46148,10,20
almanac,M14,bo_selection,tanimoto+zero,4,1390,753082,0.00019999999494757503,4.999999873689376e-06,-4.0920000076293945,92.59800243377686,-96.69000244140625,False,15,1,469,5219,4000,46148,10,20
almanac,M14,bo_selection,tanimoto+zero,5,719344,753082,2.999999892949745e-08,4.999999873689376e-06,-6.129000186920166,90.56100225448608,-96.69000244140625,False,21,1,3775,43543,4000,46148,10,20
almanac,M14,bo_selection,tanimoto+zero,6,226080,753082,4.999999858590343e-10,4.999999873689376e-06,-21.517000198364258,75.17300224304199,-96.69000244140625,False,11,1,3043,34877,4000,46148,10,20
almanac,M14,bo_selection,tanimoto+zero,7,38721,753082,2.0000000233721948e-07,4.999999873689376e-06,-2.3369998931884766,94.35300254821777,-96.69000244140625,False,22,1,1615,18389,4000,46148,10,20
almanac,M14,bo_selection,tanimoto+zero,8,38721,753082,2.0000000233721948e-07,4.999999873689376e-06,-2.3369998931884766,94.35300254821777,-96.69000244140625,False,28,1,1615,18389,4000,46148,10,20
almanac,M14,bo_selection,tanimoto+zero,9,747973,753082,2.999999901276418e-11,4.999999873689376e-06,0.21400000154972076,96.90400244295597,-96.69000244140625,False,20,1,3933,45394,4000,46148,10,20
almanac,M14,pool_optimum,pool_optimum,-1,24559,733504,9.999999974752427e-07,1.0000000116860974e-07,-96.69000244140625,0.0,-96.69000244140625,True,-1,1,1146,13157,4000,46148,10,20
almanac,MALME-3M,bo_selection,act_hamming+zero,0,24559,226080,9.999999974752427e-07,1.0000000116860974e-07,-99.31999969482422,0.0,-99.31999969482422,True,5,1,1125,12887,4000,46167,10,20
almanac,MALME-3M,bo_selection,act_hamming+zero,1,118218,246131,5.99999978589949e-08,1.9999999494757503e-05,-95.47000122070312,3.8499984741210938,-99.31999969482422,False,7,1,2454,28190,4000,46167,10,20
almanac,MALME-3M,bo_selection,act_hamming+zero,2,6396,713563,1.0000000116860974e-07,9.999999747378752e-05,-53.112998962402344,46.207000732421875,-99.31999969482422,False,1,1,688,7598,4000,46167,10,20
almanac,MALME-3M,bo_selection,act_hamming+zero,3,279836,750690,4.999999987376214e-07,6.999999868639861e-08,2.555999994277954,101.87599968910217,-99.31999969482422,False,2,1,3257,37195,4000,46167,10,20
almanac,MALME-3M,bo_selection,act_hamming+zero,4,13875,279836,7.500000265281415e-07,4.999999987376214e-07,26.61400032043457,125.93400001525879,-99.31999969482422,False,0,1,877,9812,4000,46167,10,20
almanac,MALME-3M,bo_selection,act_hamming+zero,5,3053,105014,1.0000000116860974e-07,9.999999974752427e-07,22.81999969482422,122.13999938964844,-99.31999969482422,False,2,1,515,5588,4000,46167,10,20
almanac,MALME-3M,bo_selection,act_hamming+zero,6,34462,125973,4.999999987376214e-07,5.99999978589949e-08,21.20199966430664,120.52199935913086,-99.31999969482422,False,9,1,1508,17264,4000,46167,10,20
almanac,MALME-3M,bo_selection,act_hamming+zero,7,606869,737754,9.999999974752427e-07,9.999999747378752e-06,-2.802999973297119,96.5169997215271,-99.31999969482422,False,1,1,3412,38996,4000,46167,10,20
almanac,MALME-3M,bo_selection,act_hamming+zero,8,92859,122758,6.000000212225132e-06,4.0000000467443897e-07,-89.91999816894531,9.400001525878906,-99.31999969482422,False,9,1,2267,25756,4000,46167,10,20
almanac,MALME-3M,bo_selection,act_hamming+zero,9,762,713563,1.999999987845058e-08,9.999999747378752e-05,-46.808998107910156,52.51100158691406,-99.31999969482422,False,0,1,378,4196,4000,46167,10,20
almanac,MALME-3M,bo_selection,hamming+zero,0,24559,226080,9.999999974752427e-07,1.0000000116860974e-07,-99.31999969482422,0.0,-99.31999969482422,True,5,1,1125,12887,4000,46167,10,20
almanac,MALME-3M,bo_selection,hamming+zero,1,118218,246131,5.99999978589949e-08,1.9999999494757503e-05,-95.47000122070312,3.8499984741210938,-99.31999969482422,False,7,1,2454,28190,4000,46167,10,20
almanac,MALME-3M,bo_selection,hamming+zero,2,6396,713563,1.0000000116860974e-07,9.999999747378752e-05,-53.112998962402344,46.207000732421875,-99.31999969482422,False,1,1,688,7598,4000,46167,10,20
almanac,MALME-3M,bo_selection,hamming+zero,3,279836,750690,4.999999987376214e-07,6.999999868639861e-08,2.555999994277954,101.87599968910217,-99.31999969482422,False,2,1,3257,37195,4000,46167,10,20
almanac,MALME-3M,bo_selection,hamming+zero,4,13875,279836,7.500000265281415e-07,4.999999987376214e-07,26.61400032043457,125.93400001525879,-99.31999969482422,False,0,1,877,9812,4000,46167,10,20
almanac,MALME-3M,bo_selection,hamming+zero,5,3053,105014,1.0000000116860974e-07,9.999999974752427e-07,22.81999969482422,122.13999938964844,-99.31999969482422,False,2,1,515,5588,4000,46167,10,20
almanac,MALME-3M,bo_selection,hamming+zero,6,34462,125973,4.999999987376214e-07,5.99999978589949e-08,21.20199966430664,120.52199935913086,-99.31999969482422,False,9,1,1508,17264,4000,46167,10,20
almanac,MALME-3M,bo_selection,hamming+zero,7,606869,737754,9.999999974752427e-07,9.999999747378752e-06,-2.802999973297119,96.5169997215271,-99.31999969482422,False,1,1,3412,38996,4000,46167,10,20
almanac,MALME-3M,bo_selection,hamming+zero,8,92859,122758,6.000000212225132e-06,4.0000000467443897e-07,-89.91999816894531,9.400001525878906,-99.31999969482422,False,9,1,2267,25756,4000,46167,10,20
almanac,MALME-3M,bo_selection,hamming+zero,9,762,713563,1.999999987845058e-08,9.999999747378752e-05,-46.808998107910156,52.51100158691406,-99.31999969482422,False,0,1,378,4196,4000,46167,10,20
almanac,MALME-3M,bo_selection,linear_curve,0,24559,226080,9.999999974752427e-07,1.0000000116860974e-07,-99.31999969482422,0.0,-99.31999969482422,True,5,1,1125,12887,4000,46167,10,20
almanac,MALME-3M,bo_selection,linear_curve,1,118218,246131,5.99999978589949e-08,1.9999999494757503e-05,-95.47000122070312,3.8499984741210938,-99.31999969482422,False,7,1,2454,28190,4000,46167,10,20
almanac,MALME-3M,bo_selection,linear_curve,2,119875,754143,1.9999999494757503e-05,9.99999993922529e-09,-96.73999786376953,2.5800018310546875,-99.31999969482422,False,20,1,2544,29114,4000,46167,10,20
almanac,MALME-3M,bo_selection,linear_curve,3,246131,681239,1.9999999494757503e-05,3.000000106112566e-07,-97.0,2.3199996948242188,-99.31999969482422,False,28,1,3124,35630,4000,46167,10,20
almanac,MALME-3M,bo_selection,linear_curve,4,246131,681239,1.9999999494757503e-05,3.000000106112566e-07,-97.0,2.3199996948242188,-99.31999969482422,False,26,1,3124,35630,4000,46167,10,20
almanac,MALME-3M,bo_selection,linear_curve,5,119875,754143,1.9999999494757503e-05,9.99999993922529e-09,-96.73999786376953,2.5800018310546875,-99.31999969482422,False,14,1,2544,29114,4000,46167,10,20
almanac,MALME-3M,bo_selection,linear_curve,6,92859,119875,6.000000212225132e-06,1.9999999494757503e-05,-94.97000122070312,4.349998474121094,-99.31999969482422,False,13,1,2266,25748,4000,46167,10,20
almanac,MALME-3M,bo_selection,linear_curve,7,246131,681239,1.9999999494757503e-05,3.000000106112566e-07,-97.0,2.3199996948242188,-99.31999969482422,False,15,1,3124,35630,4000,46167,10,20
almanac,MALME-3M,bo_selection,linear_curve,8,246131,681239,1.9999999494757503e-05,3.000000106112566e-07,-97.0,2.3199996948242188,-99.31999969482422,False,10,1,3124,35630,4000,46167,10,20
almanac,MALME-3M,bo_selection,linear_curve,9,246131,681239,1.9999999494757503e-05,3.000000106112566e-07,-97.0,2.3199996948242188,-99.31999969482422,False,14,1,3124,35630,4000,46167,10,20
almanac,MALME-3M,bo_selection,ours+zero,0,24559,226080,9.999999974752427e-07,1.0000000116860974e-07,-99.31999969482422,0.0,-99.31999969482422,True,5,1,1125,12887,4000,46167,10,20
almanac,MALME-3M,bo_selection,ours+zero,1,118218,246131,5.99999978589949e-08,1.9999999494757503e-05,-95.47000122070312,3.8499984741210938,-99.31999969482422,False,7,1,2454,28190,4000,46167,10,20
almanac,MALME-3M,bo_selection,ours+zero,2,6396,713563,1.0000000116860974e-07,9.999999747378752e-05,-53.112998962402344,46.207000732421875,-99.31999969482422,False,1,1,688,7598,4000,46167,10,20
almanac,MALME-3M,bo_selection,ours+zero,3,608210,754143,9.999999974752427e-07,9.999999717180685e-10,-56.207000732421875,43.112998962402344,-99.31999969482422,False,12,1,3443,39445,4000,46167,10,20
almanac,MALME-3M,bo_selection,ours+zero,4,246131,681239,1.9999999494757503e-05,3.000000106112566e-07,-97.0,2.3199996948242188,-99.31999969482422,False,11,1,3124,35630,4000,46167,10,20
almanac,MALME-3M,bo_selection,ours+zero,5,246131,681239,1.9999999494757503e-05,3.000000106112566e-07,-97.0,2.3199996948242188,-99.31999969482422,False,11,1,3124,35630,4000,46167,10,20
almanac,MALME-3M,bo_selection,ours+zero,6,92859,119875,6.000000212225132e-06,1.9999999494757503e-05,-94.97000122070312,4.349998474121094,-99.31999969482422,False,13,1,2266,25748,4000,46167,10,20
almanac,MALME-3M,bo_selection,ours+zero,7,246131,681239,1.9999999494757503e-05,3.000000106112566e-07,-97.0,2.3199996948242188,-99.31999969482422,False,11,1,3124,35630,4000,46167,10,20
almanac,MALME-3M,bo_selection,ours+zero,8,92859,122758,6.000000212225132e-06,4.0000000467443897e-07,-89.91999816894531,9.400001525878906,-99.31999969482422,False,9,1,2267,25756,4000,46167,10,20
almanac,MALME-3M,bo_selection,ours+zero,9,762,713563,1.999999987845058e-08,9.999999747378752e-05,-46.808998107910156,52.51100158691406,-99.31999969482422,False,0,1,378,4196,4000,46167,10,20
almanac,MALME-3M,bo_selection,random,0,24559,226080,9.999999974752427e-07,1.0000000116860974e-07,-99.31999969482422,0.0,-99.31999969482422,True,5,1,1125,12887,4000,46167,10,20
almanac,MALME-3M,bo_selection,random,1,118218,246131,5.99999978589949e-08,1.9999999494757503e-05,-95.47000122070312,3.8499984741210938,-99.31999969482422,False,7,1,2454,28190,4000,46167,10,20
almanac,MALME-3M,bo_selection,random,2,122819,754143,1.0000000116860974e-07,9.99999993922529e-09,-88.09200286865234,11.227996826171875,-99.31999969482422,False,13,1,2654,30200,4000,46167,10,20
almanac,MALME-3M,bo_selection,random,3,77213,713563,2.0000000233721948e-07,9.999999747378752e-05,-51.02299880981445,48.297000885009766,-99.31999969482422,False,28,1,2070,23573,4000,46167,10,20
almanac,MALME-3M,bo_selection,random,4,26980,701852,4.999999987376214e-07,9.999999974752427e-07,9.229999542236328,108.55000305175781,-99.31999969482422,False,16,1,1342,15308,4000,46167,10,20
almanac,MALME-3M,bo_selection,random,5,118218,246131,5.99999978589949e-08,1.9999999494757503e-05,-95.47000122070312,3.8499984741210938,-99.31999969482422,False,20,1,2454,28190,4000,46167,10,20
almanac,MALME-3M,bo_selection,random,6,105014,719627,9.999999974752427e-07,5.000000058430487e-08,-1.0499999523162842,98.2699966430664,-99.31999969482422,False,27,1,2389,27294,4000,46167,10,20
almanac,MALME-3M,bo_selection,random,7,24559,102816,9.999999974752427e-07,2.999999892949745e-08,-88.11000061035156,11.209999084472656,-99.31999969482422,False,27,1,1115,12741,4000,46167,10,20
almanac,MALME-3M,bo_selection,random,8,92859,122758,6.000000212225132e-06,4.0000000467443897e-07,-89.91999816894531,9.400001525878906,-99.31999969482422,False,9,1,2267,25756,4000,46167,10,20
almanac,MALME-3M,bo_selection,random,9,747599,753082,7.999999951380232e-08,4.999999873689376e-06,-65.59200286865234,33.727996826171875,-99.31999969482422,False,29,1,3908,45056,4000,46167,10,20
almanac,MALME-3M,bo_selection,tanimoto+zero,0,24559,226080,9.999999974752427e-07,1.0000000116860974e-07,-99.31999969482422,0.0,-99.31999969482422,True,5,1,1125,12887,4000,46167,10,20
almanac,MALME-3M,bo_selection,tanimoto+zero,1,118218,246131,5.99999978589949e-08,1.9999999494757503e-05,-95.47000122070312,3.8499984741210938,-99.31999969482422,False,7,1,2454,28190,4000,46167,10,20
almanac,MALME-3M,bo_selection,tanimoto+zero,2,6396,713563,1.0000000116860974e-07,9.999999747378752e-05,-53.112998962402344,46.207000732421875,-99.31999969482422,False,1,1,688,7598,4000,46167,10,20
almanac,MALME-3M,bo_selection,tanimoto+zero,3,92859,119875,5.99999978589949e-08,1.9999999494757503e-05,-80.37999725341797,18.94000244140625,-99.31999969482422,False,11,1,2264,25742,4000,46167,10,20
almanac,MALME-3M,bo_selection,tanimoto+zero,4,92859,119875,5.99999978589949e-08,1.9999999494757503e-05,-80.37999725341797,18.94000244140625,-99.31999969482422,False,11,1,2264,25742,4000,46167,10,20
almanac,MALME-3M,bo_selection,tanimoto+zero,5,226080,713563,4.999999858590343e-10,9.999999747378752e-05,-41.69900131225586,57.62099838256836,-99.31999969482422,False,10,1,3055,34832,4000,46167,10,20
almanac,MALME-3M,bo_selection,tanimoto+zero,6,92859,119875,6.000000212225132e-06,1.9999999494757503e-05,-94.97000122070312,4.349998474121094,-99.31999969482422,False,12,1,2266,25748,4000,46167,10,20
almanac,MALME-3M,bo_selection,tanimoto+zero,7,92859,119875,5.99999978589949e-08,1.9999999494757503e-05,-80.37999725341797,18.94000244140625,-99.31999969482422,False,13,1,2264,25742,4000,46167,10,20
almanac,MALME-3M,bo_selection,tanimoto+zero,8,92859,122758,6.000000212225132e-06,4.0000000467443897e-07,-89.91999816894531,9.400001525878906,-99.31999969482422,False,9,1,2267,25756,4000,46167,10,20
almanac,MALME-3M,bo_selection,tanimoto+zero,9,762,713563,1.999999987845058e-08,9.999999747378752e-05,-46.808998107910156,52.51100158691406,-99.31999969482422,False,0,1,378,4196,4000,46167,10,20
almanac,MALME-3M,pool_optimum,pool_optimum,-1,24559,226080,9.999999974752427e-07,1.0000000116860974e-07,-99.31999969482422,0.0,-99.31999969482422,True,-1,1,1125,12887,4000,46167,10,20
almanac,MCF7,bo_selection,act_hamming+zero,0,740,24559,9.999999717180685e-10,9.999999974752427e-07,17.559999465942383,67.39000129699707,-49.83000183105469,False,23,1,19,128,4000,46805,10,20
almanac,MCF7,bo_selection,act_hamming+zero,1,67574,754143,9.99999993922529e-09,9.99999993922529e-09,-36.290000915527344,13.540000915527344,-49.83000183105469,False,5,1,1947,22613,4000,46805,10,20
almanac,MCF7,bo_selection,act_hamming+zero,2,740,24559,9.999999717180685e-10,9.999999974752427e-07,17.559999465942383,67.39000129699707,-49.83000183105469,False,23,1,19,128,4000,46805,10,20
almanac,MCF7,bo_selection,act_hamming+zero,3,740,24559,9.999999717180685e-10,9.999999974752427e-07,17.559999465942383,67.39000129699707,-49.83000183105469,False,23,1,19,128,4000,46805,10,20
almanac,MCF7,bo_selection,act_hamming+zero,4,740,24559,9.999999717180685e-10,9.999999974752427e-07,17.559999465942383,67.39000129699707,-49.83000183105469,False,23,1,19,128,4000,46805,10,20
almanac,MCF7,bo_selection,act_hamming+zero,5,226080,279836,5.000000058430487e-08,4.999999987376214e-07,9.111000061035156,58.941001892089844,-49.83000183105469,False,3,1,3030,34937,4000,46805,10,20
almanac,MCF7,bo_selection,act_hamming+zero,6,740,24559,9.999999717180685e-10,9.999999974752427e-07,17.559999465942383,67.39000129699707,-49.83000183105469,False,23,1,19,128,4000,46805,10,20
almanac,MCF7,bo_selection,act_hamming+zero,7,740,24559,9.999999717180685e-10,9.999999974752427e-07,17.559999465942383,67.39000129699707,-49.83000183105469,False,23,1,19,128,4000,46805,10,20
almanac,MCF7,bo_selection,act_hamming+zero,8,740,24559,9.999999717180685e-10,9.999999974752427e-07,17.559999465942383,67.39000129699707,-49.83000183105469,False,23,1,19,128,4000,46805,10,20
almanac,MCF7,bo_selection,act_hamming+zero,9,740,24559,9.999999717180685e-10,9.999999974752427e-07,17.559999465942383,67.39000129699707,-49.83000183105469,False,23,1,19,128,4000,46805,10,20
almanac,MCF7,bo_selection,hamming+zero,0,740,24559,9.999999717180685e-10,9.999999974752427e-07,17.559999465942383,67.39000129699707,-49.83000183105469,False,23,1,19,128,4000,46805,10,20
almanac,MCF7,bo_selection,hamming+zero,1,67574,754143,9.99999993922529e-09,9.99999993922529e-09,-36.290000915527344,13.540000915527344,-49.83000183105469,False,5,1,1947,22613,4000,46805,10,20
almanac,MCF7,bo_selection,hamming+zero,2,740,24559,9.999999717180685e-10,9.999999974752427e-07,17.559999465942383,67.39000129699707,-49.83000183105469,False,23,1,19,128,4000,46805,10,20
almanac,MCF7,bo_selection,hamming+zero,3,740,24559,9.999999717180685e-10,9.999999974752427e-07,17.559999465942383,67.39000129699707,-49.83000183105469,False,23,1,19,128,4000,46805,10,20
almanac,MCF7,bo_selection,hamming+zero,4,740,24559,9.999999717180685e-10,9.999999974752427e-07,17.559999465942383,67.39000129699707,-49.83000183105469,False,23,1,19,128,4000,46805,10,20
almanac,MCF7,bo_selection,hamming+zero,5,226080,279836,5.000000058430487e-08,4.999999987376214e-07,9.111000061035156,58.941001892089844,-49.83000183105469,False,3,1,3030,34937,4000,46805,10,20
almanac,MCF7,bo_selection,hamming+zero,6,740,24559,9.999999717180685e-10,9.999999974752427e-07,17.559999465942383,67.39000129699707,-49.83000183105469,False,23,1,19,128,4000,46805,10,20
almanac,MCF7,bo_selection,hamming+zero,7,740,24559,9.999999717180685e-10,9.999999974752427e-07,17.559999465942383,67.39000129699707,-49.83000183105469,False,23,1,19,128,4000,46805,10,20
almanac,MCF7,bo_selection,hamming+zero,8,740,24559,9.999999717180685e-10,9.999999974752427e-07,17.559999465942383,67.39000129699707,-49.83000183105469,False,23,1,19,128,4000,46805,10,20
almanac,MCF7,bo_selection,hamming+zero,9,740,24559,9.999999717180685e-10,9.999999974752427e-07,17.559999465942383,67.39000129699707,-49.83000183105469,False,23,1,19,128,4000,46805,10,20
almanac,MCF7,bo_selection,linear_curve,0,118218,754143,6.000000212225132e-06,9.99999993922529e-09,-33.86000061035156,15.970001220703125,-49.83000183105469,False,13,1,2463,28718,4000,46805,10,20
almanac,MCF7,bo_selection,linear_curve,1,67574,754143,9.99999993922529e-09,9.99999993922529e-09,-36.290000915527344,13.540000915527344,-49.83000183105469,False,5,1,1947,22613,4000,46805,10,20
almanac,MCF7,bo_selection,linear_curve,2,24559,733504,9.999999974752427e-07,1.0000000116860974e-07,-49.83000183105469,0.0,-49.83000183105469,True,20,1,1135,13220,4000,46805,10,20
almanac,MCF7,bo_selection,linear_curve,3,24559,733504,9.999999974752427e-07,1.0000000116860974e-07,-49.83000183105469,0.0,-49.83000183105469,True,26,1,1135,13220,4000,46805,10,20
almanac,MCF7,bo_selection,linear_curve,4,24559,733504,9.999999974752427e-07,1.0000000116860974e-07,-49.83000183105469,0.0,-49.83000183105469,True,26,1,1135,13220,4000,46805,10,20
almanac,MCF7,bo_selection,linear_curve,5,105014,754143,1.0000000116860974e-07,9.99999993922529e-09,-30.299999237060547,19.53000259399414,-49.83000183105469,False,18,1,2375,27581,4000,46805,10,20
almanac,MCF7,bo_selection,linear_curve,6,24559,733504,9.999999974752427e-07,1.0000000116860974e-07,-49.83000183105469,0.0,-49.83000183105469,True,29,1,1135,13220,4000,46805,10,20
almanac,MCF7,bo_selection,linear_curve,7,24559,733504,9.999999974752427e-07,1.0000000116860974e-07,-49.83000183105469,0.0,-49.83000183105469,True,27,1,1135,13220,4000,46805,10,20
almanac,MCF7,bo_selection,linear_curve,8,24559,733504,9.999999974752427e-07,1.0000000116860974e-07,-49.83000183105469,0.0,-49.83000183105469,True,25,1,1135,13220,4000,46805,10,20
almanac,MCF7,bo_selection,linear_curve,9,118218,754143,6.000000212225132e-06,9.99999993922529e-09,-33.86000061035156,15.970001220703125,-49.83000183105469,False,23,1,2463,28718,4000,46805,10,20
almanac,MCF7,bo_selection,ours+zero,0,606869,761432,1.0000000116860974e-07,5.000000058430487e-08,7.9730000495910645,57.80300188064575,-49.83000183105469,False,23,1,3424,39757,4000,46805,10,20
almanac,MCF7,bo_selection,ours+zero,1,67574,754143,9.99999993922529e-09,9.99999993922529e-09,-36.290000915527344,13.540000915527344,-49.83000183105469,False,5,1,1947,22613,4000,46805,10,20
almanac,MCF7,bo_selection,ours+zero,2,733504,754143,9.99999993922529e-09,9.99999993922529e-09,-20.290000915527344,29.540000915527344,-49.83000183105469,False,17,1,3862,45100,4000,46805,10,20
almanac,MCF7,bo_selection,ours+zero,3,125973,761432,5.99999978589949e-08,4.999999969612645e-09,15.538999557495117,65.3690013885498,-49.83000183105469,False,23,1,2767,31948,4000,46805,10,20
almanac,MCF7,bo_selection,ours+zero,4,733504,754143,9.99999993922529e-09,9.99999993922529e-09,-20.290000915527344,29.540000915527344,-49.83000183105469,False,22,1,3862,45100,4000,46805,10,20
almanac,MCF7,bo_selection,ours+zero,5,67574,754143,9.99999993922529e-09,9.99999993922529e-09,-36.290000915527344,13.540000915527344,-49.83000183105469,False,20,1,1947,22613,4000,46805,10,20
almanac,MCF7,bo_selection,ours+zero,6,6396,701852,9.999999747378752e-06,9.999999974752427e-07,14.029999732971191,63.86000156402588,-49.83000183105469,False,16,1,673,7577,4000,46805,10,20
almanac,MCF7,bo_selection,ours+zero,7,733504,754143,9.99999993922529e-09,9.99999993922529e-09,-20.290000915527344,29.540000915527344,-49.83000183105469,False,21,1,3862,45100,4000,46805,10,20
almanac,MCF7,bo_selection,ours+zero,8,67574,754143,9.99999993922529e-09,9.99999993922529e-09,-36.290000915527344,13.540000915527344,-49.83000183105469,False,20,1,1947,22613,4000,46805,10,20
almanac,MCF7,bo_selection,ours+zero,9,606869,761432,1.0000000116860974e-07,5.000000058430487e-08,7.9730000495910645,57.80300188064575,-49.83000183105469,False,17,1,3424,39757,4000,46805,10,20
almanac,MCF7,bo_selection,random,0,608210,747971,9.999999974752427e-07,9.999999747378752e-06,11.458999633789062,61.28900146484375,-49.83000183105469,False,12,1,3440,39994,4000,46805,10,20
almanac,MCF7,bo_selection,random,1,67574,754143,9.99999993922529e-09,9.99999993922529e-09,-36.290000915527344,13.540000915527344,-49.83000183105469,False,5,1,1947,22613,4000,46805,10,20
almanac,MCF7,bo_selection,random,2,762,24559,4.999999873689376e-06,9.999999974752427e-07,7.949999809265137,57.78000259399414,-49.83000183105469,False,29,1,324,3671,4000,46805,10,20
almanac,MCF7,bo_selection,random,3,296961,608210,9.999999747378752e-05,9.999999974752427e-07,17.77899932861328,67.60900115966797,-49.83000183105469,False,21,1,3281,37951,4000,46805,10,20
almanac,MCF7,bo_selection,random,4,125973,256942,1.0000000116860974e-07,9.999999717180685e-10,16.472000122070312,66.302001953125,-49.83000183105469,False,28,1,2734,31533,4000,46805,10,20
almanac,MCF7,bo_selection,random,5,762,24559,4.999999873689376e-06,9.999999974752427e-07,7.949999809265137,57.78000259399414,-49.83000183105469,False,22,1,324,3671,4000,46805,10,20
almanac,MCF7,bo_selection,random,6,63878,256942,1.0000000116860974e-07,1.0000000116860974e-07,23.10300064086914,72.93299865722656,-49.83000183105469,False,8,1,1809,20909,4000,46805,10,20
almanac,MCF7,bo_selection,random,7,67574,754143,9.99999993922529e-09,9.99999993922529e-09,-36.290000915527344,13.540000915527344,-49.83000183105469,False,22,1,1947,22613,4000,46805,10,20
almanac,MCF7,bo_selection,random,8,733504,754143,9.99999993922529e-09,9.99999993922529e-09,-20.290000915527344,29.540000915527344,-49.83000183105469,False,14,1,3862,45100,4000,46805,10,20
almanac,MCF7,bo_selection,random,9,3053,749226,9.99999993922529e-09,5.000000058430487e-08,18.298999786376953,68.12899780273438,-49.83000183105469,False,11,1,540,6072,4000,46805,10,20
almanac,MCF7,bo_selection,tanimoto+zero,0,713563,753082,9.999999747378752e-05,4.999999873689376e-06,15.227499008178711,65.0575008392334,-49.83000183105469,False,27,2,3709,43255,4000,46805,10,20
almanac,MCF7,bo_selection,tanimoto+zero,1,67574,754143,9.99999993922529e-09,9.99999993922529e-09,-36.290000915527344,13.540000915527344,-49.83000183105469,False,5,1,1947,22613,4000,46805,10,20
almanac,MCF7,bo_selection,tanimoto+zero,2,713563,754143,9.999999747378752e-05,1.000000013351432e-10,15.847000122070312,65.677001953125,-49.83000183105469,False,20,1,3710,43262,4000,46805,10,20
almanac,MCF7,bo_selection,tanimoto+zero,3,19893,754143,9.999999747378752e-05,9.999999717180685e-10,1.8459999561309814,51.67600178718567,-49.83000183105469,False,26,1,1089,12562,4000,46805,10,20
almanac,MCF7,bo_selection,tanimoto+zero,4,713563,753082,9.999999747378752e-05,4.999999873689376e-06,15.227499008178711,65.0575008392334,-49.83000183105469,False,19,2,3709,43255,4000,46805,10,20
almanac,MCF7,bo_selection,tanimoto+zero,5,19893,754143,9.999999747378752e-05,9.999999717180685e-10,1.8459999561309814,51.67600178718567,-49.83000183105469,False,17,1,1089,12562,4000,46805,10,20
almanac,MCF7,bo_selection,tanimoto+zero,6,19893,754143,9.999999747378752e-05,9.999999717180685e-10,1.8459999561309814,51.67600178718567,-49.83000183105469,False,28,1,1089,12562,4000,46805,10,20
almanac,MCF7,bo_selection,tanimoto+zero,7,19893,754143,9.999999747378752e-05,9.999999717180685e-10,1.8459999561309814,51.67600178718567,-49.83000183105469,False,29,1,1089,12562,4000,46805,10,20
almanac,MCF7,bo_selection,tanimoto+zero,8,754143,754230,1.000000013351432e-10,5.999999802552836e-11,3.4800000190734863,53.310001850128174,-49.83000183105469,False,10,1,3969,46500,4000,46805,10,20
almanac,MCF7,bo_selection,tanimoto+zero,9,750,754143,4.999999873689376e-05,9.99999993922529e-09,-16.299999237060547,33.53000259399414,-49.83000183105469,False,25,1,160,1727,4000,46805,10,20
almanac,MCF7,pool_optimum,pool_optimum,-1,24559,733504,9.999999974752427e-07,1.0000000116860974e-07,-49.83000183105469,0.0,-49.83000183105469,True,-1,1,1135,13220,4000,46805,10,20
almanac,MDA-MB-231/ATCC,bo_selection,act_hamming+zero,0,740,24559,9.999999717180685e-10,9.999999974752427e-07,-47.369998931884766,46.60000228881836,-93.97000122070312,False,23,1,19,128,4000,46715,10,20
almanac,MDA-MB-231/ATCC,bo_selection,act_hamming+zero,1,740,24559,9.999999717180685e-10,9.999999974752427e-07,-47.369998931884766,46.60000228881836,-93.97000122070312,False,23,1,19,128,4000,46715,10,20
almanac,MDA-MB-231/ATCC,bo_selection,act_hamming+zero,2,740,24559,9.999999717180685e-10,9.999999974752427e-07,-47.369998931884766,46.60000228881836,-93.97000122070312,False,23,1,19,128,4000,46715,10,20
almanac,MDA-MB-231/ATCC,bo_selection,act_hamming+zero,3,740,24559,9.999999717180685e-10,9.999999974752427e-07,-47.369998931884766,46.60000228881836,-93.97000122070312,False,23,1,19,128,4000,46715,10,20
almanac,MDA-MB-231/ATCC,bo_selection,act_hamming+zero,4,27640,754143,7.000000135093387e-09,9.99999993922529e-09,-80.41999816894531,13.550003051757812,-93.97000122070312,False,1,1,1408,16340,4000,46715,10,20
almanac,MDA-MB-231/ATCC,bo_selection,act_hamming+zero,5,740,24559,9.999999717180685e-10,9.999999974752427e-07,-47.369998931884766,46.60000228881836,-93.97000122070312,False,23,1,19,128,4000,46715,10,20
almanac,MDA-MB-231/ATCC,bo_selection,act_hamming+zero,6,740,24559,9.999999717180685e-10,9.999999974752427e-07,-47.369998931884766,46.60000228881836,-93.97000122070312,False,23,1,19,128,4000,46715,10,20
almanac,MDA-MB-231/ATCC,bo_selection,act_hamming+zero,7,82151,713563,1.999999987845058e-08,9.999999747378752e-05,-54.54100036621094,39.42900085449219,-93.97000122070312,False,0,1,2157,24953,4000,46715,10,20
almanac,MDA-MB-231/ATCC,bo_selection,act_hamming+zero,8,740,24559,9.999999717180685e-10,9.999999974752427e-07,-47.369998931884766,46.60000228881836,-93.97000122070312,False,23,1,19,128,4000,46715,10,20
almanac,MDA-MB-231/ATCC,bo_selection,act_hamming+zero,9,740,24559,9.999999717180685e-10,9.999999974752427e-07,-47.369998931884766,46.60000228881836,-93.97000122070312,False,23,1,19,128,4000,46715,10,20
almanac,MDA-MB-231/ATCC,bo_selection,hamming+zero,0,740,24559,9.999999717180685e-10,9.999999974752427e-07,-47.369998931884766,46.60000228881836,-93.97000122070312,False,23,1,19,128,4000,46715,10,20
almanac,MDA-MB-231/ATCC,bo_selection,hamming+zero,1,740,24559,9.999999717180685e-10,9.999999974752427e-07,-47.369998931884766,46.60000228881836,-93.97000122070312,False,23,1,19,128,4000,46715,10,20
almanac,MDA-MB-231/ATCC,bo_selection,hamming+zero,2,740,24559,9.999999717180685e-10,9.999999974752427e-07,-47.369998931884766,46.60000228881836,-93.97000122070312,False,23,1,19,128,4000,46715,10,20
almanac,MDA-MB-231/ATCC,bo_selection,hamming+zero,3,740,24559,9.999999717180685e-10,9.999999974752427e-07,-47.369998931884766,46.60000228881836,-93.97000122070312,False,23,1,19,128,4000,46715,10,20
almanac,MDA-MB-231/ATCC,bo_selection,hamming+zero,4,27640,754143,7.000000135093387e-09,9.99999993922529e-09,-80.41999816894531,13.550003051757812,-93.97000122070312,False,1,1,1408,16340,4000,46715,10,20
almanac,MDA-MB-231/ATCC,bo_selection,hamming+zero,5,740,24559,9.999999717180685e-10,9.999999974752427e-07,-47.369998931884766,46.60000228881836,-93.97000122070312,False,23,1,19,128,4000,46715,10,20
almanac,MDA-MB-231/ATCC,bo_selection,hamming+zero,6,740,24559,9.999999717180685e-10,9.999999974752427e-07,-47.369998931884766,46.60000228881836,-93.97000122070312,False,23,1,19,128,4000,46715,10,20
almanac,MDA-MB-231/ATCC,bo_selection,hamming+zero,7,82151,713563,1.999999987845058e-08,9.999999747378752e-05,-54.54100036621094,39.42900085449219,-93.97000122070312,False,0,1,2157,24953,4000,46715,10,20
almanac,MDA-MB-231/ATCC,bo_selection,hamming+zero,8,740,24559,9.999999717180685e-10,9.999999974752427e-07,-47.369998931884766,46.60000228881836,-93.97000122070312,False,23,1,19,128,4000,46715,10,20
almanac,MDA-MB-231/ATCC,bo_selection,hamming+zero,9,740,24559,9.999999717180685e-10,9.999999974752427e-07,-47.369998931884766,46.60000228881836,-93.97000122070312,False,23,1,19,128,4000,46715,10,20
almanac,MDA-MB-231/ATCC,bo_selection,linear_curve,0,681239,754143,3.000000106112566e-07,9.99999993922529e-09,-93.95999908447266,0.01000213623046875,-93.97000122070312,False,10,1,3571,41515,4000,46715,10,20
almanac,MDA-MB-231/ATCC,bo_selection,linear_curve,1,26271,681239,9.999999747378752e-06,3.000000106112566e-07,-87.94999694824219,6.0200042724609375,-93.97000122070312,False,23,1,1243,14594,4000,46715,10,20
almanac,MDA-MB-231/ATCC,bo_selection,linear_curve,2,102816,754143,3.000000106112566e-06,9.99999993922529e-09,-93.97000122070312,0.0,-93.97000122070312,True,22,1,2330,26945,4000,46715,10,20
almanac,MDA-MB-231/ATCC,bo_selection,linear_curve,3,102816,754143,3.000000106112566e-06,9.99999993922529e-09,-93.97000122070312,0.0,-93.97000122070312,True,27,1,2330,26945,4000,46715,10,20
almanac,MDA-MB-231/ATCC,bo_selection,linear_curve,4,102816,754143,3.000000106112566e-06,9.99999993922529e-09,-93.97000122070312,0.0,-93.97000122070312,True,23,1,2330,26945,4000,46715,10,20
almanac,MDA-MB-231/ATCC,bo_selection,linear_curve,5,102816,754143,3.000000106112566e-06,9.99999993922529e-09,-93.97000122070312,0.0,-93.97000122070312,True,29,1,2330,26945,4000,46715,10,20
almanac,MDA-MB-231/ATCC,bo_selection,linear_curve,6,681239,754143,3.000000106112566e-07,9.99999993922529e-09,-93.95999908447266,0.01000213623046875,-93.97000122070312,False,13,1,3571,41515,4000,46715,10,20
almanac,MDA-MB-231/ATCC,bo_selection,linear_curve,7,102816,754143,3.000000106112566e-06,9.99999993922529e-09,-93.97000122070312,0.0,-93.97000122070312,True,21,1,2330,26945,4000,46715,10,20
almanac,MDA-MB-231/ATCC,bo_selection,linear_curve,8,102816,754143,3.000000106112566e-06,9.99999993922529e-09,-93.97000122070312,0.0,-93.97000122070312,True,28,1,2330,26945,4000,46715,10,20
almanac,MDA-MB-231/ATCC,bo_selection,linear_curve,9,102816,754143,3.000000106112566e-06,9.99999993922529e-09,-93.97000122070312,0.0,-93.97000122070312,True,29,1,2330,26945,4000,46715,10,20
almanac,MDA-MB-231/ATCC,bo_selection,ours+zero,0,681239,754143,3.000000106112566e-07,9.99999993922529e-09,-93.95999908447266,0.01000213623046875,-93.97000122070312,False,10,1,3571,41515,4000,46715,10,20
almanac,MDA-MB-231/ATCC,bo_selection,ours+zero,1,681239,754143,3.000000106112566e-07,9.99999993922529e-09,-93.95999908447266,0.01000213623046875,-93.97000122070312,False,11,1,3571,41515,4000,46715,10,20
almanac,MDA-MB-231/ATCC,bo_selection,ours+zero,2,681239,754143,3.000000106112566e-07,9.99999993922529e-09,-93.95999908447266,0.01000213623046875,-93.97000122070312,False,10,1,3571,41515,4000,46715,10,20
almanac,MDA-MB-231/ATCC,bo_selection,ours+zero,3,733504,754143,1.0000000116860974e-07,9.99999993922529e-09,-79.94999694824219,14.020004272460938,-93.97000122070312,False,10,1,3850,45013,4000,46715,10,20
almanac,MDA-MB-231/ATCC,bo_selection,ours+zero,4,27640,754143,7.000000135093387e-09,9.99999993922529e-09,-80.41999816894531,13.550003051757812,-93.97000122070312,False,1,1,1408,16340,4000,46715,10,20
almanac,MDA-MB-231/ATCC,bo_selection,ours+zero,5,681239,754143,3.000000106112566e-07,9.99999993922529e-09,-93.95999908447266,0.01000213623046875,-93.97000122070312,False,10,1,3571,41515,4000,46715,10,20
almanac,MDA-MB-231/ATCC,bo_selection,ours+zero,6,613327,754143,9.99999993922529e-09,9.99999993922529e-09,-90.0999984741211,3.8700027465820312,-93.97000122070312,False,14,1,3494,40579,4000,46715,10,20
almanac,MDA-MB-231/ATCC,bo_selection,ours+zero,7,82151,713563,1.999999987845058e-08,9.999999747378752e-05,-54.54100036621094,39.42900085449219,-93.97000122070312,False,0,1,2157,24953,4000,46715,10,20
almanac,MDA-MB-231/ATCC,bo_selection,ours+zero,8,119875,713563,4.999999873689376e-06,9.999999747378752e-05,-42.95500183105469,51.01499938964844,-93.97000122070312,False,20,1,2504,29051,4000,46715,10,20
almanac,MDA-MB-231/ATCC,bo_selection,ours+zero,9,409962,681239,1.9999999949504854e-06,3.000000106112566e-07,-82.02999877929688,11.94000244140625,-93.97000122070312,False,10,1,3358,38956,4000,46715,10,20
almanac,MDA-MB-231/ATCC,bo_selection,random,0,14229,125066,3.000000106112566e-06,1.0000000116860974e-07,52.4900016784668,146.4600067138672,-93.97000122070312,False,21,1,911,10492,4000,46715,10,20
almanac,MDA-MB-231/ATCC,bo_selection,random,1,750,92859,4.999999987376214e-07,6.000000212225132e-06,10.649999618530273,104.62000274658203,-93.97000122070312,False,14,1,108,1199,4000,46715,10,20
almanac,MDA-MB-231/ATCC,bo_selection,random,2,246131,686673,1.9999999494757503e-05,2.0000000233721948e-07,-27.8799991607666,66.09000396728516,-93.97000122070312,False,10,1,3097,35817,4000,46715,10,20
almanac,MDA-MB-231/ATCC,bo_selection,random,3,701852,712807,9.999999974752427e-07,2.0000000233721948e-07,39.880001068115234,133.85000610351562,-93.97000122070312,False,16,1,3630,42179,4000,46715,10,20
almanac,MDA-MB-231/ATCC,bo_selection,random,4,27640,754143,7.000000135093387e-09,9.99999993922529e-09,-80.41999816894531,13.550003051757812,-93.97000122070312,False,1,1,1408,16340,4000,46715,10,20
almanac,MDA-MB-231/ATCC,bo_selection,random,5,755,762,1.9999999949504854e-06,4.999999873689376e-06,-7.139999866485596,86.83000183105469,-93.97000122070312,False,15,1,249,2717,4000,46715,10,20
almanac,MDA-MB-231/ATCC,bo_selection,random,6,125973,737754,5.99999978589949e-08,9.999999747378752e-06,25.70599937438965,119.6760025024414,-93.97000122070312,False,2,1,2745,31688,4000,46715,10,20
almanac,MDA-MB-231/ATCC,bo_selection,random,7,82151,713563,1.999999987845058e-08,9.999999747378752e-05,-54.54100036621094,39.42900085449219,-93.97000122070312,False,0,1,2157,24953,4000,46715,10,20
almanac,MDA-MB-231/ATCC,bo_selection,random,8,24559,409962,9.999999974752427e-07,2.0000000233721948e-07,-40.54999923706055,53.42000198364258,-93.97000122070312,False,12,1,1115,13011,4000,46715,10,20
almanac,MDA-MB-231/ATCC,bo_selection,random,9,3053,755986,9.99999993922529e-09,2.499999936844688e-05,9.197999954223633,103.16799926757812,-93.97000122070312,False,11,1,540,6119,4000,46715,10,20
almanac,MDA-MB-231/ATCC,bo_selection,tanimoto+zero,0,105014,713563,2.0000000233721948e-07,9.999999747378752e-05,-43.54999923706055,50.42000198364258,-93.97000122070312,False,28,1,2362,27350,4000,46715,10,20
almanac,MDA-MB-231/ATCC,bo_selection,tanimoto+zero,1,38721,713563,1.9999999494757503e-05,9.999999747378752e-05,-10.204000473022461,83.76600074768066,-93.97000122070312,False,16,1,1579,18332,4000,46715,10,20
almanac,MDA-MB-231/ATCC,bo_selection,tanimoto+zero,2,49842,713563,4.999999858590343e-10,9.999999747378752e-05,-22.812000274658203,71.15800094604492,-93.97000122070312,False,21,1,1777,20423,4000,46715,10,20
almanac,MDA-MB-231/ATCC,bo_selection,tanimoto+zero,3,49842,713563,4.999999858590343e-10,9.999999747378752e-05,-22.812000274658203,71.15800094604492,-93.97000122070312,False,28,1,1777,20423,4000,46715,10,20
almanac,MDA-MB-231/ATCC,bo_selection,tanimoto+zero,4,27640,754143,7.000000135093387e-09,9.99999993922529e-09,-80.41999816894531,13.550003051757812,-93.97000122070312,False,1,1,1408,16340,4000,46715,10,20
almanac,MDA-MB-231/ATCC,bo_selection,tanimoto+zero,5,49842,713563,4.999999858590343e-10,9.999999747378752e-05,-22.812000274658203,71.15800094604492,-93.97000122070312,False,17,1,1777,20423,4000,46715,10,20
almanac,MDA-MB-231/ATCC,bo_selection,tanimoto+zero,6,38721,713563,1.9999999494757503e-05,9.999999747378752e-05,-10.204000473022461,83.76600074768066,-93.97000122070312,False,21,1,1579,18332,4000,46715,10,20
almanac,MDA-MB-231/ATCC,bo_selection,tanimoto+zero,7,82151,713563,1.999999987845058e-08,9.999999747378752e-05,-54.54100036621094,39.42900085449219,-93.97000122070312,False,0,1,2157,24953,4000,46715,10,20
almanac,MDA-MB-231/ATCC,bo_selection,tanimoto+zero,8,49842,713563,4.999999858590343e-10,9.999999747378752e-05,-22.812000274658203,71.15800094604492,-93.97000122070312,False,15,1,1777,20423,4000,46715,10,20
almanac,MDA-MB-231/ATCC,bo_selection,tanimoto+zero,9,119875,713563,4.999999873689376e-06,9.999999747378752e-05,-42.95500183105469,51.01499938964844,-93.97000122070312,False,22,1,2504,29051,4000,46715,10,20
almanac,MDA-MB-231/ATCC,pool_optimum,pool_optimum,-1,102816,754143,3.000000106112566e-06,9.99999993922529e-09,-93.97000122070312,0.0,-93.97000122070312,True,-1,1,2330,26945,4000,46715,10,20
almanac,MDA-MB-435,bo_selection,act_hamming+zero,0,740,24559,1.0000000116860974e-07,9.999999974752427e-07,-92.08999633789062,1.3600006103515625,-93.44999694824219,False,26,1,16,107,4000,45599,10,20
almanac,MDA-MB-435,bo_selection,act_hamming+zero,1,740,24559,1.0000000116860974e-07,9.999999974752427e-07,-92.08999633789062,1.3600006103515625,-93.44999694824219,False,20,1,16,107,4000,45599,10,20
almanac,MDA-MB-435,bo_selection,act_hamming+zero,2,740,24559,1.0000000116860974e-07,9.999999974752427e-07,-92.08999633789062,1.3600006103515625,-93.44999694824219,False,20,1,16,107,4000,45599,10,20
almanac,MDA-MB-435,bo_selection,act_hamming+zero,3,740,24559,1.0000000116860974e-07,9.999999974752427e-07,-92.08999633789062,1.3600006103515625,-93.44999694824219,False,20,1,16,107,4000,45599,10,20
almanac,MDA-MB-435,bo_selection,act_hamming+zero,4,740,24559,1.0000000116860974e-07,9.999999974752427e-07,-92.08999633789062,1.3600006103515625,-93.44999694824219,False,26,1,16,107,4000,45599,10,20
almanac,MDA-MB-435,bo_selection,act_hamming+zero,5,740,24559,1.0000000116860974e-07,9.999999974752427e-07,-92.08999633789062,1.3600006103515625,-93.44999694824219,False,20,1,16,107,4000,45599,10,20
almanac,MDA-MB-435,bo_selection,act_hamming+zero,6,740,24559,1.0000000116860974e-07,9.999999974752427e-07,-92.08999633789062,1.3600006103515625,-93.44999694824219,False,20,1,16,107,4000,45599,10,20
almanac,MDA-MB-435,bo_selection,act_hamming+zero,7,740,24559,1.0000000116860974e-07,9.999999974752427e-07,-92.08999633789062,1.3600006103515625,-93.44999694824219,False,26,1,16,107,4000,45599,10,20
almanac,MDA-MB-435,bo_selection,act_hamming+zero,8,740,24559,1.0000000116860974e-07,9.999999974752427e-07,-92.08999633789062,1.3600006103515625,-93.44999694824219,False,20,1,16,107,4000,45599,10,20
almanac,MDA-MB-435,bo_selection,act_hamming+zero,9,740,24559,1.0000000116860974e-07,9.999999974752427e-07,-92.08999633789062,1.3600006103515625,-93.44999694824219,False,20,1,16,107,4000,45599,10,20
almanac,MDA-MB-435,bo_selection,hamming+zero,0,740,24559,1.0000000116860974e-07,9.999999974752427e-07,-92.08999633789062,1.3600006103515625,-93.44999694824219,False,26,1,16,107,4000,45599,10,20
almanac,MDA-MB-435,bo_selection,hamming+zero,1,740,24559,1.0000000116860974e-07,9.999999974752427e-07,-92.08999633789062,1.3600006103515625,-93.44999694824219,False,20,1,16,107,4000,45599,10,20
almanac,MDA-MB-435,bo_selection,hamming+zero,2,740,24559,1.0000000116860974e-07,9.999999974752427e-07,-92.08999633789062,1.3600006103515625,-93.44999694824219,False,20,1,16,107,4000,45599,10,20
almanac,MDA-MB-435,bo_selection,hamming+zero,3,740,24559,1.0000000116860974e-07,9.999999974752427e-07,-92.08999633789062,1.3600006103515625,-93.44999694824219,False,20,1,16,107,4000,45599,10,20
almanac,MDA-MB-435,bo_selection,hamming+zero,4,740,24559,1.0000000116860974e-07,9.999999974752427e-07,-92.08999633789062,1.3600006103515625,-93.44999694824219,False,26,1,16,107,4000,45599,10,20
almanac,MDA-MB-435,bo_selection,hamming+zero,5,740,24559,1.0000000116860974e-07,9.999999974752427e-07,-92.08999633789062,1.3600006103515625,-93.44999694824219,False,20,1,16,107,4000,45599,10,20
almanac,MDA-MB-435,bo_selection,hamming+zero,6,740,24559,1.0000000116860974e-07,9.999999974752427e-07,-92.08999633789062,1.3600006103515625,-93.44999694824219,False,20,1,16,107,4000,45599,10,20
almanac,MDA-MB-435,bo_selection,hamming+zero,7,740,24559,1.0000000116860974e-07,9.999999974752427e-07,-92.08999633789062,1.3600006103515625,-93.44999694824219,False,26,1,16,107,4000,45599,10,20
almanac,MDA-MB-435,bo_selection,hamming+zero,8,740,24559,1.0000000116860974e-07,9.999999974752427e-07,-92.08999633789062,1.3600006103515625,-93.44999694824219,False,20,1,16,107,4000,45599,10,20
almanac,MDA-MB-435,bo_selection,hamming+zero,9,740,24559,1.0000000116860974e-07,9.999999974752427e-07,-92.08999633789062,1.3600006103515625,-93.44999694824219,False,20,1,16,107,4000,45599,10,20
almanac,MDA-MB-435,bo_selection,linear_curve,0,24559,712807,9.999999974752427e-07,2.0000000233721948e-07,-89.3499984741211,4.099998474121094,-93.44999694824219,False,5,1,1125,12885,4000,45599,10,20
almanac,MDA-MB-435,bo_selection,linear_curve,1,122758,681239,3.999999989900971e-06,3.000000106112566e-07,-92.12999725341797,1.3199996948242188,-93.44999694824219,False,23,1,2537,28871,4000,45599,10,20
almanac,MDA-MB-435,bo_selection,linear_curve,2,24559,719276,9.999999974752427e-07,4.0000000467443897e-07,-86.4000015258789,7.049995422363281,-93.44999694824219,False,14,1,1129,12922,4000,45599,10,20
almanac,MDA-MB-435,bo_selection,linear_curve,3,125973,681239,2.999999892949745e-08,3.000000106112566e-07,-91.73999786376953,1.7099990844726562,-93.44999694824219,False,10,1,2713,30758,4000,45599,10,20
almanac,MDA-MB-435,bo_selection,linear_curve,4,740,24559,1.0000000116860974e-07,9.999999974752427e-07,-92.08999633789062,1.3600006103515625,-93.44999694824219,False,14,1,16,107,4000,45599,10,20
almanac,MDA-MB-435,bo_selection,linear_curve,5,125973,681239,2.999999892949745e-08,3.000000106112566e-07,-91.73999786376953,1.7099990844726562,-93.44999694824219,False,11,1,2713,30758,4000,45599,10,20
almanac,MDA-MB-435,bo_selection,linear_curve,6,122758,681239,3.999999989900971e-06,3.000000106112566e-07,-92.12999725341797,1.3199996948242188,-93.44999694824219,False,28,1,2537,28871,4000,45599,10,20
almanac,MDA-MB-435,bo_selection,linear_curve,7,122758,681239,3.999999989900971e-06,3.000000106112566e-07,-92.12999725341797,1.3199996948242188,-93.44999694824219,False,24,1,2537,28871,4000,45599,10,20
almanac,MDA-MB-435,bo_selection,linear_curve,8,122758,681239,3.999999989900971e-06,3.000000106112566e-07,-92.12999725341797,1.3199996948242188,-93.44999694824219,False,14,1,2537,28871,4000,45599,10,20
almanac,MDA-MB-435,bo_selection,linear_curve,9,745750,747973,2.999999892949745e-08,3.000000106112566e-07,-89.86000061035156,3.589996337890625,-93.44999694824219,False,23,1,3876,44314,4000,45599,10,20
almanac,MDA-MB-435,bo_selection,ours+zero,0,740,24559,1.0000000116860974e-07,9.999999974752427e-07,-92.08999633789062,1.3600006103515625,-93.44999694824219,False,26,1,16,107,4000,45599,10,20
almanac,MDA-MB-435,bo_selection,ours+zero,1,279836,754143,4.999999987376214e-07,9.99999993922529e-09,-79.33200073242188,14.117996215820312,-93.44999694824219,False,13,1,3237,36763,4000,45599,10,20
almanac,MDA-MB-435,bo_selection,ours+zero,2,740,24559,1.0000000116860974e-07,9.999999974752427e-07,-92.08999633789062,1.3600006103515625,-93.44999694824219,False,27,1,16,107,4000,45599,10,20
almanac,MDA-MB-435,bo_selection,ours+zero,3,740,24559,1.0000000116860974e-07,9.999999974752427e-07,-92.08999633789062,1.3600006103515625,-93.44999694824219,False,28,1,16,107,4000,45599,10,20
almanac,MDA-MB-435,bo_selection,ours+zero,4,740,24559,1.0000000116860974e-07,9.999999974752427e-07,-92.08999633789062,1.3600006103515625,-93.44999694824219,False,26,1,16,107,4000,45599,10,20
almanac,MDA-MB-435,bo_selection,ours+zero,5,740,24559,1.0000000116860974e-07,9.999999974752427e-07,-92.08999633789062,1.3600006103515625,-93.44999694824219,False,27,1,16,107,4000,45599,10,20
almanac,MDA-MB-435,bo_selection,ours+zero,6,125973,681239,2.999999892949745e-08,3.000000106112566e-07,-91.73999786376953,1.7099990844726562,-93.44999694824219,False,18,1,2713,30758,4000,45599,10,20
almanac,MDA-MB-435,bo_selection,ours+zero,7,740,24559,1.0000000116860974e-07,9.999999974752427e-07,-92.08999633789062,1.3600006103515625,-93.44999694824219,False,26,1,16,107,4000,45599,10,20
almanac,MDA-MB-435,bo_selection,ours+zero,8,740,24559,1.0000000116860974e-07,9.999999974752427e-07,-92.08999633789062,1.3600006103515625,-93.44999694824219,False,27,1,16,107,4000,45599,10,20
almanac,MDA-MB-435,bo_selection,ours+zero,9,740,24559,1.0000000116860974e-07,9.999999974752427e-07,-92.08999633789062,1.3600006103515625,-93.44999694824219,False,27,1,16,107,4000,45599,10,20
almanac,MDA-MB-435,bo_selection,random,0,24559,712807,9.999999974752427e-07,2.0000000233721948e-07,-89.3499984741211,4.099998474121094,-93.44999694824219,False,5,1,1125,12885,4000,45599,10,20
almanac,MDA-MB-435,bo_selection,random,1,743414,761432,4.999999873689376e-06,4.999999969612645e-09,-52.07500076293945,41.374996185302734,-93.44999694824219,False,25,1,3873,44274,4000,45599,10,20
almanac,MDA-MB-435,bo_selection,random,2,8806,754143,9.999999974752427e-07,9.99999993922529e-09,-61.45100021362305,31.99899673461914,-93.44999694824219,False,27,1,753,8384,4000,45599,10,20
almanac,MDA-MB-435,bo_selection,random,3,38721,761432,2.0000000233721948e-07,5.000000058430487e-08,-39.5890007019043,53.86099624633789,-93.44999694824219,False,20,1,1607,18245,4000,45599,10,20
almanac,MDA-MB-435,bo_selection,random,4,27640,754143,7.000000135093387e-09,9.99999993922529e-09,-62.209999084472656,31.23999786376953,-93.44999694824219,False,1,1,1408,16061,4000,45599,10,20
almanac,MDA-MB-435,bo_selection,random,5,740,49842,1.0000000116860974e-07,2.999999892949745e-08,-20.739999771118164,72.70999908447266,-93.44999694824219,False,18,1,24,179,4000,45599,10,20
almanac,MDA-MB-435,bo_selection,random,6,13875,761432,7.499999810534064e-06,4.999999969612645e-09,-48.78200149536133,44.66799545288086,-93.44999694824219,False,28,1,877,9967,4000,45599,10,20
almanac,MDA-MB-435,bo_selection,random,7,747971,754143,2.0000000233721948e-07,9.99999993922529e-09,-61.970001220703125,31.479995727539062,-93.44999694824219,False,9,1,3906,44620,4000,45599,10,20
almanac,MDA-MB-435,bo_selection,random,8,49842,608210,4.999999858590343e-10,9.999999974752427e-07,-64.16600036621094,29.28399658203125,-93.44999694824219,False,21,1,1763,19910,4000,45599,10,20
almanac,MDA-MB-435,bo_selection,random,9,24559,105014,9.999999974752427e-07,9.99999993922529e-09,-86.18000030517578,7.269996643066406,-93.44999694824219,False,24,1,1094,12561,4000,45599,10,20
almanac,MDA-MB-435,bo_selection,tanimoto+zero,0,740,24559,1.0000000116860974e-07,9.999999974752427e-07,-92.08999633789062,1.3600006103515625,-93.44999694824219,False,26,1,16,107,4000,45599,10,20
almanac,MDA-MB-435,bo_selection,tanimoto+zero,1,713563,753082,9.999999747378752e-05,4.999999987376214e-07,2.67549991607666,96.12549686431885,-93.44999694824219,False,23,2,3675,42057,4000,45599,10,20
almanac,MDA-MB-435,bo_selection,tanimoto+zero,2,19893,713563,9.999999747378752e-05,9.999999747378752e-05,8.550000190734863,101.99999713897705,-93.44999694824219,False,24,1,1063,12122,4000,45599,10,20
almanac,MDA-MB-435,bo_selection,tanimoto+zero,3,713563,747973,9.999999747378752e-05,2.999999901276418e-11,9.119000434875488,102.56899738311768,-93.44999694824219,False,29,1,3669,42017,4000,45599,10,20
almanac,MDA-MB-435,bo_selection,tanimoto+zero,4,740,24559,1.0000000116860974e-07,9.999999974752427e-07,-92.08999633789062,1.3600006103515625,-93.44999694824219,False,26,1,16,107,4000,45599,10,20
almanac,MDA-MB-435,bo_selection,tanimoto+zero,5,713563,754230,9.999999747378752e-05,5.999999976025183e-12,9.029999732971191,102.47999668121338,-93.44999694824219,False,12,1,3679,42074,4000,45599,10,20
almanac,MDA-MB-435,bo_selection,tanimoto+zero,6,241240,713563,4.999999873689376e-06,9.999999747378752e-05,6.627999782562256,100.07799673080444,-93.44999694824219,False,21,1,3045,34556,4000,45599,10,20
almanac,MDA-MB-435,bo_selection,tanimoto+zero,7,740,24559,1.0000000116860974e-07,9.999999974752427e-07,-92.08999633789062,1.3600006103515625,-93.44999694824219,False,26,1,16,107,4000,45599,10,20
almanac,MDA-MB-435,bo_selection,tanimoto+zero,8,19893,713563,9.999999747378752e-05,9.999999747378752e-05,8.550000190734863,101.99999713897705,-93.44999694824219,False,21,1,1063,12122,4000,45599,10,20
almanac,MDA-MB-435,bo_selection,tanimoto+zero,9,713563,747973,9.999999747378752e-05,3.000000026176508e-09,8.026000022888184,101.47599697113037,-93.44999694824219,False,28,1,3670,42019,4000,45599,10,20
almanac,MDA-MB-435,pool_optimum,pool_optimum,-1,24559,701852,9.999999974752427e-07,9.999999974752427e-07,-93.44999694824219,0.0,-93.44999694824219,True,-1,1,1124,12878,4000,45599,10,20
almanac,MDA-MB-468,bo_selection,act_hamming+zero,0,246131,686673,1.9999999494757503e-05,1.9999999494757503e-05,-69.98999786376953,26.970001220703125,-96.95999908447266,False,6,1,3077,35369,4000,46184,10,20
almanac,MDA-MB-468,bo_selection,act_hamming+zero,1,740,762,1.0000000116860974e-07,4.999999987376214e-07,-14.220000267028809,82.73999881744385,-96.95999908447266,False,13,1,3,34,4000,46184,10,20
almanac,MDA-MB-468,bo_selection,act_hamming+zero,2,740,762,1.0000000116860974e-07,4.999999987376214e-07,-14.220000267028809,82.73999881744385,-96.95999908447266,False,12,1,3,34,4000,46184,10,20
almanac,MDA-MB-468,bo_selection,act_hamming+zero,3,92859,123127,6.000000212225132e-06,4.999999969612645e-09,-59.4900016784668,37.46999740600586,-96.95999908447266,False,7,1,2237,25575,4000,46184,10,20
almanac,MDA-MB-468,bo_selection,act_hamming+zero,4,740,762,1.0000000116860974e-07,4.999999987376214e-07,-14.220000267028809,82.73999881744385,-96.95999908447266,False,12,1,3,34,4000,46184,10,20
almanac,MDA-MB-468,bo_selection,act_hamming+zero,5,740,762,1.0000000116860974e-07,4.999999987376214e-07,-14.220000267028809,82.73999881744385,-96.95999908447266,False,12,1,3,34,4000,46184,10,20
almanac,MDA-MB-468,bo_selection,act_hamming+zero,6,740,9706,9.99999993922529e-09,4.999999873689376e-06,-49.209999084472656,47.75,-96.95999908447266,False,24,1,13,86,4000,46184,10,20
almanac,MDA-MB-468,bo_selection,act_hamming+zero,7,740,762,1.0000000116860974e-07,4.999999987376214e-07,-14.220000267028809,82.73999881744385,-96.95999908447266,False,13,1,3,34,4000,46184,10,20
almanac,MDA-MB-468,bo_selection,act_hamming+zero,8,740,762,1.0000000116860974e-07,4.999999987376214e-07,-14.220000267028809,82.73999881744385,-96.95999908447266,False,12,1,3,34,4000,46184,10,20
almanac,MDA-MB-468,bo_selection,act_hamming+zero,9,740,762,1.0000000116860974e-07,4.999999987376214e-07,-14.220000267028809,82.73999881744385,-96.95999908447266,False,12,1,3,34,4000,46184,10,20
almanac,MDA-MB-468,bo_selection,hamming+zero,0,246131,686673,1.9999999494757503e-05,1.9999999494757503e-05,-69.98999786376953,26.970001220703125,-96.95999908447266,False,6,1,3077,35369,4000,46184,10,20
almanac,MDA-MB-468,bo_selection,hamming+zero,1,740,762,1.0000000116860974e-07,4.999999987376214e-07,-14.220000267028809,82.73999881744385,-96.95999908447266,False,13,1,3,34,4000,46184,10,20
almanac,MDA-MB-468,bo_selection,hamming+zero,2,740,762,1.0000000116860974e-07,4.999999987376214e-07,-14.220000267028809,82.73999881744385,-96.95999908447266,False,12,1,3,34,4000,46184,10,20
almanac,MDA-MB-468,bo_selection,hamming+zero,3,92859,123127,6.000000212225132e-06,4.999999969612645e-09,-59.4900016784668,37.46999740600586,-96.95999908447266,False,7,1,2237,25575,4000,46184,10,20
almanac,MDA-MB-468,bo_selection,hamming+zero,4,740,762,1.0000000116860974e-07,4.999999987376214e-07,-14.220000267028809,82.73999881744385,-96.95999908447266,False,12,1,3,34,4000,46184,10,20
almanac,MDA-MB-468,bo_selection,hamming+zero,5,740,762,1.0000000116860974e-07,4.999999987376214e-07,-14.220000267028809,82.73999881744385,-96.95999908447266,False,12,1,3,34,4000,46184,10,20
almanac,MDA-MB-468,bo_selection,hamming+zero,6,740,9706,9.99999993922529e-09,4.999999873689376e-06,-49.209999084472656,47.75,-96.95999908447266,False,24,1,13,86,4000,46184,10,20
almanac,MDA-MB-468,bo_selection,hamming+zero,7,740,762,1.0000000116860974e-07,4.999999987376214e-07,-14.220000267028809,82.73999881744385,-96.95999908447266,False,13,1,3,34,4000,46184,10,20
almanac,MDA-MB-468,bo_selection,hamming+zero,8,740,762,1.0000000116860974e-07,4.999999987376214e-07,-14.220000267028809,82.73999881744385,-96.95999908447266,False,12,1,3,34,4000,46184,10,20
almanac,MDA-MB-468,bo_selection,hamming+zero,9,740,762,1.0000000116860974e-07,4.999999987376214e-07,-14.220000267028809,82.73999881744385,-96.95999908447266,False,12,1,3,34,4000,46184,10,20
almanac,MDA-MB-468,bo_selection,linear_curve,0,241240,681239,1.9999999494757503e-05,3.000000106112566e-07,-96.95999908447266,0.0,-96.95999908447266,True,27,1,3036,34937,4000,46184,10,20
almanac,MDA-MB-468,bo_selection,linear_curve,1,681239,747973,3.000000106112566e-07,2.999999892949745e-08,-96.0,0.9599990844726562,-96.95999908447266,False,19,1,3554,40992,4000,46184,10,20
almanac,MDA-MB-468,bo_selection,linear_curve,2,246131,681239,1.9999999494757503e-05,3.000000106112566e-07,-95.81999969482422,1.1399993896484375,-96.95999908447266,False,24,1,3076,35360,4000,46184,10,20
almanac,MDA-MB-468,bo_selection,linear_curve,3,241240,681239,1.9999999494757503e-05,3.000000106112566e-07,-96.95999908447266,0.0,-96.95999908447266,True,13,1,3036,34937,4000,46184,10,20
almanac,MDA-MB-468,bo_selection,linear_curve,4,241240,681239,1.9999999494757503e-05,3.000000106112566e-07,-96.95999908447266,0.0,-96.95999908447266,True,17,1,3036,34937,4000,46184,10,20
almanac,MDA-MB-468,bo_selection,linear_curve,5,241240,681239,1.9999999494757503e-05,3.000000106112566e-07,-96.95999908447266,0.0,-96.95999908447266,True,20,1,3036,34937,4000,46184,10,20
almanac,MDA-MB-468,bo_selection,linear_curve,6,246131,681239,1.9999999494757503e-05,3.000000106112566e-07,-95.81999969482422,1.1399993896484375,-96.95999908447266,False,13,1,3076,35360,4000,46184,10,20
almanac,MDA-MB-468,bo_selection,linear_curve,7,681239,747973,3.000000106112566e-07,2.999999892949745e-08,-96.0,0.9599990844726562,-96.95999908447266,False,21,1,3554,40992,4000,46184,10,20
almanac,MDA-MB-468,bo_selection,linear_curve,8,681239,747973,3.000000106112566e-07,2.999999892949745e-08,-96.0,0.9599990844726562,-96.95999908447266,False,27,1,3554,40992,4000,46184,10,20
almanac,MDA-MB-468,bo_selection,linear_curve,9,762,119875,4.999999873689376e-06,1.9999999494757503e-05,-93.19999694824219,3.7600021362304688,-96.95999908447266,False,20,1,342,3833,4000,46184,10,20
almanac,MDA-MB-468,bo_selection,ours+zero,0,246131,686673,1.9999999494757503e-05,1.9999999494757503e-05,-69.98999786376953,26.970001220703125,-96.95999908447266,False,6,1,3077,35369,4000,46184,10,20
almanac,MDA-MB-468,bo_selection,ours+zero,1,24559,67574,9.999999974752427e-07,1.0000000116860974e-07,-82.12999725341797,14.830001831054688,-96.95999908447266,False,11,1,1099,12599,4000,46184,10,20
almanac,MDA-MB-468,bo_selection,ours+zero,2,609699,754143,1.0000000116860974e-07,9.99999993922529e-09,-81.29000091552734,15.669998168945312,-96.95999908447266,False,12,1,3451,39778,4000,46184,10,20
almanac,MDA-MB-468,bo_selection,ours+zero,3,92859,123127,6.000000212225132e-06,4.999999969612645e-09,-59.4900016784668,37.46999740600586,-96.95999908447266,False,7,1,2237,25575,4000,46184,10,20
almanac,MDA-MB-468,bo_selection,ours+zero,4,27640,92859,6.999999868639861e-08,6.000000212225132e-06,-59.5,37.459999084472656,-96.95999908447266,False,12,1,1364,15596,4000,46184,10,20
almanac,MDA-MB-468,bo_selection,ours+zero,5,740,9706,9.99999993922529e-09,4.999999873689376e-06,-49.209999084472656,47.75,-96.95999908447266,False,26,1,13,86,4000,46184,10,20
almanac,MDA-MB-468,bo_selection,ours+zero,6,740,9706,9.99999993922529e-09,4.999999873689376e-06,-49.209999084472656,47.75,-96.95999908447266,False,24,1,13,86,4000,46184,10,20
almanac,MDA-MB-468,bo_selection,ours+zero,7,25154,713563,1.9999999949504854e-06,9.999999747378752e-05,-61.625,35.334999084472656,-96.95999908447266,False,21,1,1189,13739,4000,46184,10,20
almanac,MDA-MB-468,bo_selection,ours+zero,8,27640,92859,6.999999868639861e-08,6.000000212225132e-06,-59.5,37.459999084472656,-96.95999908447266,False,13,1,1364,15596,4000,46184,10,20
almanac,MDA-MB-468,bo_selection,ours+zero,9,609699,673596,1.0000000116860974e-07,9.99999993922529e-09,-75.30999755859375,21.650001525878906,-96.95999908447266,False,10,1,3430,39526,4000,46184,10,20
almanac,MDA-MB-468,bo_selection,random,0,246131,686673,1.9999999494757503e-05,1.9999999494757503e-05,-69.98999786376953,26.970001220703125,-96.95999908447266,False,6,1,3077,35369,4000,46184,10,20
almanac,MDA-MB-468,bo_selection,random,1,92859,609699,5.99999978589949e-08,1.0000000116860974e-07,-26.549999237060547,70.41000366210938,-96.95999908447266,False,28,1,2252,25751,4000,46184,10,20
almanac,MDA-MB-468,bo_selection,random,2,1390,754230,9.999999747378752e-06,5.999999941330714e-10,1.75,98.70999908447266,-96.95999908447266,False,0,1,458,5183,4000,46184,10,20
almanac,MDA-MB-468,bo_selection,random,3,127716,241240,3.000000106112566e-07,1.9999999494757503e-05,-79.23999786376953,17.720001220703125,-96.95999908447266,False,10,1,2755,31571,4000,46184,10,20
almanac,MDA-MB-468,bo_selection,random,4,26980,747973,4.999999987376214e-07,3.000000106112566e-07,-18.270000457763672,78.69000244140625,-96.95999908447266,False,16,1,1342,15353,4000,46184,10,20
almanac,MDA-MB-468,bo_selection,random,5,26980,673596,5.000000058430487e-08,9.99999993922529e-09,-50.0,46.959999084472656,-96.95999908447266,False,27,1,1316,15161,4000,46184,10,20
almanac,MDA-MB-468,bo_selection,random,6,34462,241240,4.999999873689376e-06,4.999999873689376e-05,-62.57899856567383,34.38100051879883,-96.95999908447266,False,22,1,1495,17204,4000,46184,10,20
almanac,MDA-MB-468,bo_selection,random,7,24559,266046,9.999999974752427e-07,5.000000058430487e-08,-89.48999786376953,7.470001220703125,-96.95999908447266,False,27,1,1115,12849,4000,46184,10,20
almanac,MDA-MB-468,bo_selection,random,8,24559,266046,9.999999974752427e-07,5.000000058430487e-08,-89.48999786376953,7.470001220703125,-96.95999908447266,False,12,1,1115,12849,4000,46184,10,20
almanac,MDA-MB-468,bo_selection,random,9,9706,19893,4.999999873689376e-06,9.999999974752427e-07,-39.130001068115234,57.82999801635742,-96.95999908447266,False,21,1,773,8610,4000,46184,10,20
almanac,MDA-MB-468,bo_selection,tanimoto+zero,0,246131,686673,1.9999999494757503e-05,1.9999999494757503e-05,-69.98999786376953,26.970001220703125,-96.95999908447266,False,6,1,3077,35369,4000,46184,10,20
almanac,MDA-MB-468,bo_selection,tanimoto+zero,1,38721,713563,1.9999999494757503e-05,9.999999747378752e-05,-47.22700119018555,49.73299789428711,-96.95999908447266,False,18,1,1574,18107,4000,46184,10,20
almanac,MDA-MB-468,bo_selection,tanimoto+zero,2,9706,13875,4.999999873689376e-06,1.000000013351432e-10,-53.369998931884766,43.59000015258789,-96.95999908447266,False,16,1,772,8601,4000,46184,10,20
almanac,MDA-MB-468,bo_selection,tanimoto+zero,3,92859,123127,6.000000212225132e-06,4.999999969612645e-09,-59.4900016784668,37.46999740600586,-96.95999908447266,False,7,1,2237,25575,4000,46184,10,20
almanac,MDA-MB-468,bo_selection,tanimoto+zero,4,713563,747973,9.999999747378752e-05,2.999999901276418e-11,-65.5199966430664,31.44000244140625,-96.95999908447266,False,17,1,3684,42602,4000,46184,10,20
almanac,MDA-MB-468,bo_selection,tanimoto+zero,5,9706,13875,4.999999873689376e-06,1.000000013351432e-10,-53.369998931884766,43.59000015258789,-96.95999908447266,False,17,1,772,8601,4000,46184,10,20
almanac,MDA-MB-468,bo_selection,tanimoto+zero,6,740,9706,9.99999993922529e-09,4.999999873689376e-06,-49.209999084472656,47.75,-96.95999908447266,False,24,1,13,86,4000,46184,10,20
almanac,MDA-MB-468,bo_selection,tanimoto+zero,7,9706,13875,4.999999873689376e-06,1.000000013351432e-10,-53.369998931884766,43.59000015258789,-96.95999908447266,False,17,1,772,8601,4000,46184,10,20
almanac,MDA-MB-468,bo_selection,tanimoto+zero,8,673596,713563,2.999999970665357e-10,9.999999747378752e-05,-65.47599792480469,31.48400115966797,-96.95999908447266,False,14,1,3520,40546,4000,46184,10,20
almanac,MDA-MB-468,bo_selection,tanimoto+zero,9,9706,13875,4.999999873689376e-06,1.000000013351432e-10,-53.369998931884766,43.59000015258789,-96.95999908447266,False,12,1,772,8601,4000,46184,10,20
almanac,MDA-MB-468,pool_optimum,pool_optimum,-1,241240,681239,1.9999999494757503e-05,3.000000106112566e-07,-96.95999908447266,0.0,-96.95999908447266,True,-1,1,3036,34937,4000,46184,10,20
almanac,MOLT-4,bo_selection,act_hamming+zero,0,27640,673596,6.999999868639861e-08,9.99999993922529e-09,-99.33000183105469,0.5800018310546875,-99.91000366210938,False,7,1,1403,15560,4000,44924,10,20
almanac,MOLT-4,bo_selection,act_hamming+zero,1,740,6396,1.0000000116860974e-07,1.0000000116860974e-07,-99.08999633789062,0.82000732421875,-99.91000366210938,False,20,1,10,69,4000,44924,10,20
almanac,MOLT-4,bo_selection,act_hamming+zero,2,740,6396,1.0000000116860974e-07,1.0000000116860974e-07,-99.08999633789062,0.82000732421875,-99.91000366210938,False,20,1,10,69,4000,44924,10,20
almanac,MOLT-4,bo_selection,act_hamming+zero,3,63878,105014,9.99999993922529e-09,1.0000000116860974e-07,-99.70999908447266,0.20000457763671875,-99.91000366210938,False,4,1,1810,19990,4000,44924,10,20
almanac,MOLT-4,bo_selection,act_hamming+zero,4,740,6396,1.0000000116860974e-07,1.0000000116860974e-07,-99.08999633789062,0.82000732421875,-99.91000366210938,False,20,1,10,69,4000,44924,10,20
almanac,MOLT-4,bo_selection,act_hamming+zero,5,740,6396,1.0000000116860974e-07,1.0000000116860974e-07,-99.08999633789062,0.82000732421875,-99.91000366210938,False,21,1,10,69,4000,44924,10,20
almanac,MOLT-4,bo_selection,act_hamming+zero,6,740,6396,1.0000000116860974e-07,1.0000000116860974e-07,-99.08999633789062,0.82000732421875,-99.91000366210938,False,20,1,10,69,4000,44924,10,20
almanac,MOLT-4,bo_selection,act_hamming+zero,7,740,6396,1.0000000116860974e-07,1.0000000116860974e-07,-99.08999633789062,0.82000732421875,-99.91000366210938,False,20,1,10,69,4000,44924,10,20
almanac,MOLT-4,bo_selection,act_hamming+zero,8,740,6396,1.0000000116860974e-07,1.0000000116860974e-07,-99.08999633789062,0.82000732421875,-99.91000366210938,False,20,1,10,69,4000,44924,10,20
almanac,MOLT-4,bo_selection,act_hamming+zero,9,740,6396,1.0000000116860974e-07,1.0000000116860974e-07,-99.08999633789062,0.82000732421875,-99.91000366210938,False,20,1,10,69,4000,44924,10,20
almanac,MOLT-4,bo_selection,hamming+zero,0,27640,673596,6.999999868639861e-08,9.99999993922529e-09,-99.33000183105469,0.5800018310546875,-99.91000366210938,False,7,1,1403,15560,4000,44924,10,20
almanac,MOLT-4,bo_selection,hamming+zero,1,740,6396,1.0000000116860974e-07,1.0000000116860974e-07,-99.08999633789062,0.82000732421875,-99.91000366210938,False,20,1,10,69,4000,44924,10,20
almanac,MOLT-4,bo_selection,hamming+zero,2,740,6396,1.0000000116860974e-07,1.0000000116860974e-07,-99.08999633789062,0.82000732421875,-99.91000366210938,False,20,1,10,69,4000,44924,10,20
almanac,MOLT-4,bo_selection,hamming+zero,3,63878,105014,9.99999993922529e-09,1.0000000116860974e-07,-99.70999908447266,0.20000457763671875,-99.91000366210938,False,4,1,1810,19990,4000,44924,10,20
almanac,MOLT-4,bo_selection,hamming+zero,4,740,6396,1.0000000116860974e-07,1.0000000116860974e-07,-99.08999633789062,0.82000732421875,-99.91000366210938,False,20,1,10,69,4000,44924,10,20
almanac,MOLT-4,bo_selection,hamming+zero,5,740,6396,1.0000000116860974e-07,1.0000000116860974e-07,-99.08999633789062,0.82000732421875,-99.91000366210938,False,20,1,10,69,4000,44924,10,20
almanac,MOLT-4,bo_selection,hamming+zero,6,740,6396,1.0000000116860974e-07,1.0000000116860974e-07,-99.08999633789062,0.82000732421875,-99.91000366210938,False,20,1,10,69,4000,44924,10,20
almanac,MOLT-4,bo_selection,hamming+zero,7,740,6396,1.0000000116860974e-07,1.0000000116860974e-07,-99.08999633789062,0.82000732421875,-99.91000366210938,False,20,1,10,69,4000,44924,10,20
almanac,MOLT-4,bo_selection,hamming+zero,8,740,6396,1.0000000116860974e-07,1.0000000116860974e-07,-99.08999633789062,0.82000732421875,-99.91000366210938,False,20,1,10,69,4000,44924,10,20
almanac,MOLT-4,bo_selection,hamming+zero,9,740,6396,1.0000000116860974e-07,1.0000000116860974e-07,-99.08999633789062,0.82000732421875,-99.91000366210938,False,20,1,10,69,4000,44924,10,20
almanac,MOLT-4,bo_selection,linear_curve,0,27640,673596,6.999999868639861e-08,9.99999993922529e-09,-99.33000183105469,0.5800018310546875,-99.91000366210938,False,7,1,1403,15560,4000,44924,10,20
almanac,MOLT-4,bo_selection,linear_curve,1,6396,63878,9.999999747378752e-06,9.999999974752427e-07,-99.9000015258789,0.01000213623046875,-99.91000366210938,False,16,1,643,6929,4000,44924,10,20
almanac,MOLT-4,bo_selection,linear_curve,2,105014,118218,9.999999974752427e-07,6.000000212225132e-06,-99.51000213623047,0.40000152587890625,-99.91000366210938,False,28,1,2343,25982,4000,44924,10,20
almanac,MOLT-4,bo_selection,linear_curve,3,6396,63878,9.999999974752427e-07,1.0000000116860974e-07,-99.87999725341797,0.03000640869140625,-99.91000366210938,False,24,1,642,6925,4000,44924,10,20
almanac,MOLT-4,bo_selection,linear_curve,4,14229,686673,3.000000106112566e-06,1.9999999494757503e-05,-98.38999938964844,1.5200042724609375,-99.91000366210938,False,22,1,927,10349,4000,44924,10,20
almanac,MOLT-4,bo_selection,linear_curve,5,3053,6396,1.0000000116860974e-07,9.999999974752427e-07,-99.0,0.910003662109375,-99.91000366210938,False,29,1,478,5155,4000,44924,10,20
almanac,MOLT-4,bo_selection,linear_curve,6,6396,63878,9.999999747378752e-06,9.999999974752427e-07,-99.9000015258789,0.01000213623046875,-99.91000366210938,False,10,1,643,6929,4000,44924,10,20
almanac,MOLT-4,bo_selection,linear_curve,7,6396,63878,9.999999747378752e-06,9.999999974752427e-07,-99.9000015258789,0.01000213623046875,-99.91000366210938,False,20,1,643,6929,4000,44924,10,20
almanac,MOLT-4,bo_selection,linear_curve,8,6396,63878,9.999999747378752e-06,9.999999974752427e-07,-99.9000015258789,0.01000213623046875,-99.91000366210938,False,18,1,643,6929,4000,44924,10,20
almanac,MOLT-4,bo_selection,linear_curve,9,63878,719345,9.999999974752427e-07,3.999999975690116e-08,-99.4800033569336,0.43000030517578125,-99.91000366210938,False,10,1,1838,20374,4000,44924,10,20
almanac,MOLT-4,bo_selection,ours+zero,0,27640,673596,6.999999868639861e-08,9.99999993922529e-09,-99.33000183105469,0.5800018310546875,-99.91000366210938,False,7,1,1403,15560,4000,44924,10,20
almanac,MOLT-4,bo_selection,ours+zero,1,740,762,1.0000000116860974e-07,5.000000058430487e-08,-98.19000244140625,1.720001220703125,-99.91000366210938,False,13,1,3,33,4000,44924,10,20
almanac,MOLT-4,bo_selection,ours+zero,2,740,6396,1.0000000116860974e-07,1.0000000116860974e-07,-99.08999633789062,0.82000732421875,-99.91000366210938,False,24,1,10,69,4000,44924,10,20
almanac,MOLT-4,bo_selection,ours+zero,3,63878,105014,9.99999993922529e-09,1.0000000116860974e-07,-99.70999908447266,0.20000457763671875,-99.91000366210938,False,4,1,1810,19990,4000,44924,10,20
almanac,MOLT-4,bo_selection,ours+zero,4,740,6396,1.0000000116860974e-07,1.0000000116860974e-07,-99.08999633789062,0.82000732421875,-99.91000366210938,False,20,1,10,69,4000,44924,10,20
almanac,MOLT-4,bo_selection,ours+zero,5,740,6396,1.0000000116860974e-07,1.0000000116860974e-07,-99.08999633789062,0.82000732421875,-99.91000366210938,False,20,1,10,69,4000,44924,10,20
almanac,MOLT-4,bo_selection,ours+zero,6,63878,102816,9.999999974752427e-07,3.000000106112566e-06,-98.20999908447266,1.7000045776367188,-99.91000366210938,False,8,1,1809,19988,4000,44924,10,20
almanac,MOLT-4,bo_selection,ours+zero,7,740,762,1.0000000116860974e-07,5.000000058430487e-08,-98.19000244140625,1.720001220703125,-99.91000366210938,False,13,1,3,33,4000,44924,10,20
almanac,MOLT-4,bo_selection,ours+zero,8,740,762,1.0000000116860974e-07,5.000000058430487e-08,-98.19000244140625,1.720001220703125,-99.91000366210938,False,13,1,3,33,4000,44924,10,20
almanac,MOLT-4,bo_selection,ours+zero,9,740,6396,1.0000000116860974e-07,1.0000000116860974e-07,-99.08999633789062,0.82000732421875,-99.91000366210938,False,20,1,10,69,4000,44924,10,20
almanac,MOLT-4,bo_selection,random,0,63878,719627,9.999999974752427e-07,4.999999987376214e-07,-99.58000183105469,0.3300018310546875,-99.91000366210938,False,26,1,1839,20383,4000,44924,10,20
almanac,MOLT-4,bo_selection,random,1,102816,609699,3.000000106112566e-06,1.0000000116860974e-07,-98.33000183105469,1.5800018310546875,-99.91000366210938,False,20,1,2316,25649,4000,44924,10,20
almanac,MOLT-4,bo_selection,random,2,241240,747973,1.9999999494757503e-05,3.000000106112566e-07,-91.01000213623047,8.900001525878906,-99.91000366210938,False,10,1,3097,34343,4000,44924,10,20
almanac,MOLT-4,bo_selection,random,3,63878,105014,9.99999993922529e-09,1.0000000116860974e-07,-99.70999908447266,0.20000457763671875,-99.91000366210938,False,4,1,1810,19990,4000,44924,10,20
almanac,MOLT-4,bo_selection,random,4,613327,719627,9.99999993922529e-09,4.999999987376214e-07,-97.11000061035156,2.8000030517578125,-99.91000366210938,False,25,1,3482,38841,4000,44924,10,20
almanac,MOLT-4,bo_selection,random,5,9706,712807,4.999999987376214e-07,2.0000000233721948e-07,-94.7300033569336,5.180000305175781,-99.91000366210938,False,24,1,814,8895,4000,44924,10,20
almanac,MOLT-4,bo_selection,random,6,63878,102816,9.999999974752427e-07,3.000000106112566e-06,-98.20999908447266,1.7000045776367188,-99.91000366210938,False,8,1,1809,19988,4000,44924,10,20
almanac,MOLT-4,bo_selection,random,7,266046,606869,4.999999873689376e-06,9.99999993922529e-09,-96.16999816894531,3.7400054931640625,-99.91000366210938,False,12,1,3212,35619,4000,44924,10,20
almanac,MOLT-4,bo_selection,random,8,740,25154,9.99999993922529e-09,2.9999999242136255e-05,-97.44999694824219,2.4600067138671875,-99.91000366210938,False,13,1,20,140,4000,44924,10,20
almanac,MOLT-4,bo_selection,random,9,102816,266046,3.000000106112566e-07,4.999999873689376e-06,-94.61000061035156,5.3000030517578125,-99.91000366210938,False,19,1,2309,25574,4000,44924,10,20
almanac,MOLT-4,bo_selection,tanimoto+zero,0,27640,673596,6.999999868639861e-08,9.99999993922529e-09,-99.33000183105469,0.5800018310546875,-99.91000366210938,False,7,1,1403,15560,4000,44924,10,20
almanac,MOLT-4,bo_selection,tanimoto+zero,1,740,6396,1.0000000116860974e-07,1.0000000116860974e-07,-99.08999633789062,0.82000732421875,-99.91000366210938,False,20,1,10,69,4000,44924,10,20
almanac,MOLT-4,bo_selection,tanimoto+zero,2,740,6396,1.0000000116860974e-07,1.0000000116860974e-07,-99.08999633789062,0.82000732421875,-99.91000366210938,False,20,1,10,69,4000,44924,10,20
almanac,MOLT-4,bo_selection,tanimoto+zero,3,63878,105014,9.99999993922529e-09,1.0000000116860974e-07,-99.70999908447266,0.20000457763671875,-99.91000366210938,False,4,1,1810,19990,4000,44924,10,20
almanac,MOLT-4,bo_selection,tanimoto+zero,4,740,6396,1.0000000116860974e-07,1.0000000116860974e-07,-99.08999633789062,0.82000732421875,-99.91000366210938,False,20,1,10,69,4000,44924,10,20
almanac,MOLT-4,bo_selection,tanimoto+zero,5,740,6396,1.0000000116860974e-07,1.0000000116860974e-07,-99.08999633789062,0.82000732421875,-99.91000366210938,False,20,1,10,69,4000,44924,10,20
almanac,MOLT-4,bo_selection,tanimoto+zero,6,740,6396,1.0000000116860974e-07,1.0000000116860974e-07,-99.08999633789062,0.82000732421875,-99.91000366210938,False,20,1,10,69,4000,44924,10,20
almanac,MOLT-4,bo_selection,tanimoto+zero,7,740,6396,1.0000000116860974e-07,1.0000000116860974e-07,-99.08999633789062,0.82000732421875,-99.91000366210938,False,20,1,10,69,4000,44924,10,20
almanac,MOLT-4,bo_selection,tanimoto+zero,8,740,6396,1.0000000116860974e-07,1.0000000116860974e-07,-99.08999633789062,0.82000732421875,-99.91000366210938,False,20,1,10,69,4000,44924,10,20
almanac,MOLT-4,bo_selection,tanimoto+zero,9,740,6396,1.0000000116860974e-07,1.0000000116860974e-07,-99.08999633789062,0.82000732421875,-99.91000366210938,False,20,1,10,69,4000,44924,10,20
almanac,MOLT-4,pool_optimum,pool_optimum,-1,27640,63878,7.000000135093387e-09,9.999999974752427e-07,-99.91000366210938,0.0,-99.91000366210938,True,-1,1,1369,15188,4000,44924,10,20
almanac,NCI-H226,bo_selection,act_hamming+zero,0,3053,713563,9.99999993922529e-09,9.999999747378752e-05,-76.66300201416016,11.957000732421875,-88.62000274658203,False,9,1,531,5858,4000,46418,10,20
almanac,NCI-H226,bo_selection,act_hamming+zero,1,750690,761432,7.000000135093387e-09,4.999999969612645e-09,26.618000030517578,115.23800277709961,-88.62000274658203,False,2,1,3972,46032,4000,46418,10,20
almanac,NCI-H226,bo_selection,act_hamming+zero,2,19893,712807,9.999999747378752e-05,9.999999747378752e-05,35.00299835205078,123.62300109863281,-88.62000274658203,False,3,1,1080,12302,4000,46418,10,20
almanac,NCI-H226,bo_selection,act_hamming+zero,3,712807,747973,2.0000000233721948e-07,3.000000106112566e-07,-42.79999923706055,45.820003509521484,-88.62000274658203,False,10,1,3689,42616,4000,46418,10,20
almanac,NCI-H226,bo_selection,act_hamming+zero,4,740,762,1.0000000116860974e-07,4.999999987376214e-07,48.060001373291016,136.68000411987305,-88.62000274658203,False,12,1,3,34,4000,46418,10,20
almanac,NCI-H226,bo_selection,act_hamming+zero,5,740,762,1.0000000116860974e-07,4.999999987376214e-07,48.060001373291016,136.68000411987305,-88.62000274658203,False,12,1,3,34,4000,46418,10,20
almanac,NCI-H226,bo_selection,act_hamming+zero,6,218321,673596,9.999999974752427e-07,9.99999993922529e-09,38.150001525878906,126.77000427246094,-88.62000274658203,False,7,1,3008,34370,4000,46418,10,20
almanac,NCI-H226,bo_selection,act_hamming+zero,7,745750,754230,3.000000106112566e-06,5.999999802552836e-11,0.9399999976158142,89.56000274419785,-88.62000274658203,False,9,1,3906,45210,4000,46418,10,20
almanac,NCI-H226,bo_selection,act_hamming+zero,8,85998,409962,9.999999747378752e-05,2.0000000233721948e-07,-64.19000244140625,24.43000030517578,-88.62000274658203,False,8,1,2209,25323,4000,46418,10,20
almanac,NCI-H226,bo_selection,act_hamming+zero,9,740,762,1.0000000116860974e-07,4.999999987376214e-07,48.060001373291016,136.68000411987305,-88.62000274658203,False,12,1,3,34,4000,46418,10,20
almanac,NCI-H226,bo_selection,hamming+zero,0,3053,713563,9.99999993922529e-09,9.999999747378752e-05,-76.66300201416016,11.957000732421875,-88.62000274658203,False,9,1,531,5858,4000,46418,10,20
almanac,NCI-H226,bo_selection,hamming+zero,1,750690,761432,7.000000135093387e-09,4.999999969612645e-09,26.618000030517578,115.23800277709961,-88.62000274658203,False,2,1,3972,46032,4000,46418,10,20
almanac,NCI-H226,bo_selection,hamming+zero,2,19893,712807,9.999999747378752e-05,9.999999747378752e-05,35.00299835205078,123.62300109863281,-88.62000274658203,False,3,1,1080,12302,4000,46418,10,20
almanac,NCI-H226,bo_selection,hamming+zero,3,712807,747973,2.0000000233721948e-07,3.000000106112566e-07,-42.79999923706055,45.820003509521484,-88.62000274658203,False,10,1,3689,42616,4000,46418,10,20
almanac,NCI-H226,bo_selection,hamming+zero,4,740,762,1.0000000116860974e-07,4.999999987376214e-07,48.060001373291016,136.68000411987305,-88.62000274658203,False,12,1,3,34,4000,46418,10,20
almanac,NCI-H226,bo_selection,hamming+zero,5,740,762,1.0000000116860974e-07,4.999999987376214e-07,48.060001373291016,136.68000411987305,-88.62000274658203,False,12,1,3,34,4000,46418,10,20
almanac,NCI-H226,bo_selection,hamming+zero,6,218321,673596,9.999999974752427e-07,9.99999993922529e-09,38.150001525878906,126.77000427246094,-88.62000274658203,False,7,1,3008,34370,4000,46418,10,20
almanac,NCI-H226,bo_selection,hamming+zero,7,745750,754230,3.000000106112566e-06,5.999999802552836e-11,0.9399999976158142,89.56000274419785,-88.62000274658203,False,9,1,3906,45210,4000,46418,10,20
almanac,NCI-H226,bo_selection,hamming+zero,8,85998,409962,9.999999747378752e-05,2.0000000233721948e-07,-64.19000244140625,24.43000030517578,-88.62000274658203,False,8,1,2209,25323,4000,46418,10,20
almanac,NCI-H226,bo_selection,hamming+zero,9,740,762,1.0000000116860974e-07,4.999999987376214e-07,48.060001373291016,136.68000411987305,-88.62000274658203,False,12,1,3,34,4000,46418,10,20
almanac,NCI-H226,bo_selection,linear_curve,0,3053,713563,9.99999993922529e-09,9.999999747378752e-05,-76.66300201416016,11.957000732421875,-88.62000274658203,False,9,1,531,5858,4000,46418,10,20
almanac,NCI-H226,bo_selection,linear_curve,1,138783,681239,1.9999999494757503e-05,3.000000106112566e-07,-85.86000061035156,2.7600021362304688,-88.62000274658203,False,29,1,2830,32462,4000,46418,10,20
almanac,NCI-H226,bo_selection,linear_curve,2,713563,754143,9.999999747378752e-05,9.99999993922529e-09,-85.0979995727539,3.522003173828125,-88.62000274658203,False,18,1,3721,42922,4000,46418,10,20
almanac,NCI-H226,bo_selection,linear_curve,3,26271,681239,9.999999747378752e-05,3.000000106112566e-07,-87.33000183105469,1.2900009155273438,-88.62000274658203,False,27,1,1263,14552,4000,46418,10,20
almanac,NCI-H226,bo_selection,linear_curve,4,82151,123127,9.999999974752427e-07,5.000000058430487e-08,-85.47000122070312,3.1500015258789062,-88.62000274658203,False,18,1,2135,24532,4000,46418,10,20
almanac,NCI-H226,bo_selection,linear_curve,5,24559,226080,9.999999974752427e-07,9.999999717180685e-10,-85.66000366210938,2.9599990844726562,-88.62000274658203,False,16,1,1120,12885,4000,46418,10,20
almanac,NCI-H226,bo_selection,linear_curve,6,713563,754143,9.999999747378752e-05,9.99999993922529e-09,-85.0979995727539,3.522003173828125,-88.62000274658203,False,14,1,3721,42922,4000,46418,10,20
almanac,NCI-H226,bo_selection,linear_curve,7,24559,226080,9.999999974752427e-07,9.999999717180685e-10,-85.66000366210938,2.9599990844726562,-88.62000274658203,False,11,1,1120,12885,4000,46418,10,20
almanac,NCI-H226,bo_selection,linear_curve,8,138783,681239,1.9999999494757503e-05,3.000000106112566e-07,-85.86000061035156,2.7600021362304688,-88.62000274658203,False,29,1,2830,32462,4000,46418,10,20
almanac,NCI-H226,bo_selection,linear_curve,9,24559,409962,9.999999974752427e-07,1.9999999949504854e-06,-57.310001373291016,31.310001373291016,-88.62000274658203,False,25,1,1129,12976,4000,46418,10,20
almanac,NCI-H226,bo_selection,ours+zero,0,3053,713563,9.99999993922529e-09,9.999999747378752e-05,-76.66300201416016,11.957000732421875,-88.62000274658203,False,9,1,531,5858,4000,46418,10,20
almanac,NCI-H226,bo_selection,ours+zero,1,9706,681239,5.000000058430487e-08,3.000000106112566e-07,-77.81999969482422,10.800003051757812,-88.62000274658203,False,25,1,814,9146,4000,46418,10,20
almanac,NCI-H226,bo_selection,ours+zero,2,49842,279836,5.000000058430487e-08,4.999999987376214e-07,-29.003000259399414,59.61700248718262,-88.62000274658203,False,10,1,1769,20141,4000,46418,10,20
almanac,NCI-H226,bo_selection,ours+zero,3,712807,747973,2.0000000233721948e-07,3.000000106112566e-07,-42.79999923706055,45.820003509521484,-88.62000274658203,False,10,1,3689,42616,4000,46418,10,20
almanac,NCI-H226,bo_selection,ours+zero,4,266046,681239,4.999999987376214e-07,3.000000106112566e-07,-88.19999694824219,0.42000579833984375,-88.62000274658203,False,25,1,3220,36904,4000,46418,10,20
almanac,NCI-H226,bo_selection,ours+zero,5,49842,279836,5.000000058430487e-08,4.999999987376214e-07,-29.003000259399414,59.61700248718262,-88.62000274658203,False,19,1,1769,20141,4000,46418,10,20
almanac,NCI-H226,bo_selection,ours+zero,6,125973,747973,3.000000106112566e-07,3.000000106112566e-07,-24.959999084472656,63.660003662109375,-88.62000274658203,False,28,1,2760,31652,4000,46418,10,20
almanac,NCI-H226,bo_selection,ours+zero,7,125973,747973,3.000000106112566e-07,3.000000106112566e-07,-24.959999084472656,63.660003662109375,-88.62000274658203,False,23,1,2760,31652,4000,46418,10,20
almanac,NCI-H226,bo_selection,ours+zero,8,85998,409962,9.999999747378752e-05,2.0000000233721948e-07,-64.19000244140625,24.43000030517578,-88.62000274658203,False,8,1,2209,25323,4000,46418,10,20
almanac,NCI-H226,bo_selection,ours+zero,9,49842,279836,5.000000058430487e-08,4.999999987376214e-07,-29.003000259399414,59.61700248718262,-88.62000274658203,False,10,1,1769,20141,4000,46418,10,20
almanac,NCI-H226,bo_selection,random,0,3053,713563,9.99999993922529e-09,9.999999747378752e-05,-76.66300201416016,11.957000732421875,-88.62000274658203,False,9,1,531,5858,4000,46418,10,20
almanac,NCI-H226,bo_selection,random,1,608210,747972,9.999999974752427e-07,2.9999999242136255e-05,-6.124000072479248,82.49600219726562,-88.62000274658203,False,27,1,3454,39715,4000,46418,10,20
almanac,NCI-H226,bo_selection,random,2,712807,747973,2.0000000233721948e-07,3.000000106112566e-07,-42.79999923706055,45.820003509521484,-88.62000274658203,False,14,1,3689,42616,4000,46418,10,20
almanac,NCI-H226,bo_selection,random,3,77213,754143,9.999999747378752e-06,9.99999993922529e-09,-61.5,27.12000274658203,-88.62000274658203,False,28,1,2070,23741,4000,46418,10,20
almanac,NCI-H226,bo_selection,random,4,755,79037,1.999999987845058e-08,4.999999873689376e-05,32.180999755859375,120.8010025024414,-88.62000274658203,False,23,1,268,2936,4000,46418,10,20
almanac,NCI-H226,bo_selection,random,5,9706,681239,5.000000058430487e-08,3.000000106112566e-07,-77.81999969482422,10.800003051757812,-88.62000274658203,False,24,1,814,9146,4000,46418,10,20
almanac,NCI-H226,bo_selection,random,6,26980,127716,4.999999987376214e-07,3.000000026176508e-09,32.34000015258789,120.96000671386719,-88.62000274658203,False,25,1,1314,15099,4000,46418,10,20
almanac,NCI-H226,bo_selection,random,7,745750,754230,3.000000106112566e-06,5.999999802552836e-11,0.9399999976158142,89.56000518798828,-88.62000274658203,False,9,1,3906,45210,4000,46418,10,20
almanac,NCI-H226,bo_selection,random,8,85998,409962,9.999999747378752e-05,2.0000000233721948e-07,-64.19000244140625,24.43000030517578,-88.62000274658203,False,8,1,2209,25323,4000,46418,10,20
almanac,NCI-H226,bo_selection,random,9,673596,749226,2.999999892949745e-08,4.999999873689376e-06,37.89099884033203,126.51100158691406,-88.62000274658203,False,26,1,3568,41029,4000,46418,10,20
almanac,NCI-H226,bo_selection,tanimoto+zero,0,3053,713563,9.99999993922529e-09,9.999999747378752e-05,-76.66300201416016,11.957000732421875,-88.62000274658203,False,9,1,531,5858,4000,46418,10,20
almanac,NCI-H226,bo_selection,tanimoto+zero,1,713563,733504,9.999999747378752e-05,5.999999941330714e-10,11.045999526977539,99.66600227355957,-88.62000274658203,False,20,1,3707,42809,4000,46418,10,20
almanac,NCI-H226,bo_selection,tanimoto+zero,2,141540,713563,4.999999873689376e-06,9.999999747378752e-05,15.595000267028809,104.21500301361084,-88.62000274658203,False,29,1,2869,33011,4000,46418,10,20
almanac,NCI-H226,bo_selection,tanimoto+zero,3,712807,747973,2.0000000233721948e-07,3.000000106112566e-07,-42.79999923706055,45.820003509521484,-88.62000274658203,False,10,1,3689,42616,4000,46418,10,20
almanac,NCI-H226,bo_selection,tanimoto+zero,4,713563,747973,9.999999747378752e-05,2.999999901276418e-11,17.774999618530273,106.3950023651123,-88.62000274658203,False,23,1,3714,42872,4000,46418,10,20
almanac,NCI-H226,bo_selection,tanimoto+zero,5,141540,713563,4.999999873689376e-06,9.999999747378752e-05,15.595000267028809,104.21500301361084,-88.62000274658203,False,29,1,2869,33011,4000,46418,10,20
almanac,NCI-H226,bo_selection,tanimoto+zero,6,713563,733504,9.999999747378752e-05,5.999999941330714e-10,11.045999526977539,99.66600227355957,-88.62000274658203,False,20,1,3707,42809,4000,46418,10,20
almanac,NCI-H226,bo_selection,tanimoto+zero,7,745750,754230,3.000000106112566e-06,5.999999802552836e-11,0.9399999976158142,89.56000274419785,-88.62000274658203,False,9,1,3906,45210,4000,46418,10,20
almanac,NCI-H226,bo_selection,tanimoto+zero,8,85998,409962,9.999999747378752e-05,2.0000000233721948e-07,-64.19000244140625,24.43000030517578,-88.62000274658203,False,8,1,2209,25323,4000,46418,10,20
almanac,NCI-H226,bo_selection,tanimoto+zero,9,141540,713563,4.999999873689376e-06,9.999999747378752e-05,15.595000267028809,104.21500301361084,-88.62000274658203,False,26,1,2869,33011,4000,46418,10,20
almanac,NCI-H226,pool_optimum,pool_optimum,-1,218321,681239,9.99999993922529e-09,3.000000106112566e-07,-88.62000274658203,0.0,-88.62000274658203,True,-1,1,3009,34373,4000,46418,10,20
almanac,NCI-H23,bo_selection,act_hamming+zero,0,740,24559,9.999999717180685e-10,9.999999974752427e-07,-92.4800033569336,1.7699966430664062,-94.25,False,23,1,19,128,4000,46679,10,20
almanac,NCI-H23,bo_selection,act_hamming+zero,1,740,24559,9.999999717180685e-10,9.999999974752427e-07,-92.4800033569336,1.7699966430664062,-94.25,False,23,1,19,128,4000,46679,10,20
almanac,NCI-H23,bo_selection,act_hamming+zero,2,740,24559,9.999999717180685e-10,9.999999974752427e-07,-92.4800033569336,1.7699966430664062,-94.25,False,23,1,19,128,4000,46679,10,20
almanac,NCI-H23,bo_selection,act_hamming+zero,3,740,24559,9.999999717180685e-10,9.999999974752427e-07,-92.4800033569336,1.7699966430664062,-94.25,False,23,1,19,128,4000,46679,10,20
almanac,NCI-H23,bo_selection,act_hamming+zero,4,740,24559,9.999999717180685e-10,9.999999974752427e-07,-92.4800033569336,1.7699966430664062,-94.25,False,23,1,19,128,4000,46679,10,20
almanac,NCI-H23,bo_selection,act_hamming+zero,5,740,24559,9.999999717180685e-10,9.999999974752427e-07,-92.4800033569336,1.7699966430664062,-94.25,False,23,1,19,128,4000,46679,10,20
almanac,NCI-H23,bo_selection,act_hamming+zero,6,740,24559,9.999999717180685e-10,9.999999974752427e-07,-92.4800033569336,1.7699966430664062,-94.25,False,24,1,19,128,4000,46679,10,20
almanac,NCI-H23,bo_selection,act_hamming+zero,7,740,24559,9.999999717180685e-10,9.999999974752427e-07,-92.4800033569336,1.7699966430664062,-94.25,False,29,1,19,128,4000,46679,10,20
almanac,NCI-H23,bo_selection,act_hamming+zero,8,740,24559,9.999999717180685e-10,9.999999974752427e-07,-92.4800033569336,1.7699966430664062,-94.25,False,29,1,19,128,4000,46679,10,20
almanac,NCI-H23,bo_selection,act_hamming+zero,9,740,24559,9.999999717180685e-10,9.999999974752427e-07,-92.4800033569336,1.7699966430664062,-94.25,False,23,1,19,128,4000,46679,10,20
almanac,NCI-H23,bo_selection,hamming+zero,0,740,24559,9.999999717180685e-10,9.999999974752427e-07,-92.4800033569336,1.7699966430664062,-94.25,False,23,1,19,128,4000,46679,10,20
almanac,NCI-H23,bo_selection,hamming+zero,1,740,24559,9.999999717180685e-10,9.999999974752427e-07,-92.4800033569336,1.7699966430664062,-94.25,False,23,1,19,128,4000,46679,10,20
almanac,NCI-H23,bo_selection,hamming+zero,2,740,24559,9.999999717180685e-10,9.999999974752427e-07,-92.4800033569336,1.7699966430664062,-94.25,False,23,1,19,128,4000,46679,10,20
almanac,NCI-H23,bo_selection,hamming+zero,3,740,24559,9.999999717180685e-10,9.999999974752427e-07,-92.4800033569336,1.7699966430664062,-94.25,False,23,1,19,128,4000,46679,10,20
almanac,NCI-H23,bo_selection,hamming+zero,4,740,24559,9.999999717180685e-10,9.999999974752427e-07,-92.4800033569336,1.7699966430664062,-94.25,False,23,1,19,128,4000,46679,10,20
almanac,NCI-H23,bo_selection,hamming+zero,5,740,24559,9.999999717180685e-10,9.999999974752427e-07,-92.4800033569336,1.7699966430664062,-94.25,False,23,1,19,128,4000,46679,10,20
almanac,NCI-H23,bo_selection,hamming+zero,6,740,24559,9.999999717180685e-10,9.999999974752427e-07,-92.4800033569336,1.7699966430664062,-94.25,False,24,1,19,128,4000,46679,10,20
almanac,NCI-H23,bo_selection,hamming+zero,7,740,24559,9.999999717180685e-10,9.999999974752427e-07,-92.4800033569336,1.7699966430664062,-94.25,False,29,1,19,128,4000,46679,10,20
almanac,NCI-H23,bo_selection,hamming+zero,8,740,24559,9.999999717180685e-10,9.999999974752427e-07,-92.4800033569336,1.7699966430664062,-94.25,False,29,1,19,128,4000,46679,10,20
almanac,NCI-H23,bo_selection,hamming+zero,9,740,24559,9.999999717180685e-10,9.999999974752427e-07,-92.4800033569336,1.7699966430664062,-94.25,False,23,1,19,128,4000,46679,10,20
almanac,NCI-H23,bo_selection,linear_curve,0,122819,241240,9.999999974752427e-07,4.999999873689376e-05,-61.08300018310547,33.16699981689453,-94.25,False,24,1,2589,29888,4000,46679,10,20
almanac,NCI-H23,bo_selection,linear_curve,1,246131,681239,1.9999999949504854e-06,3.000000106112566e-07,-91.7300033569336,2.5199966430664062,-94.25,False,27,1,3103,35789,4000,46679,10,20
almanac,NCI-H23,bo_selection,linear_curve,2,26980,246131,4.999999987376214e-07,1.9999999494757503e-05,-94.25,0.0,-94.25,True,22,1,1309,15209,4000,46679,10,20
almanac,NCI-H23,bo_selection,linear_curve,3,26980,246131,4.999999987376214e-07,1.9999999494757503e-05,-94.25,0.0,-94.25,True,15,1,1309,15209,4000,46679,10,20
almanac,NCI-H23,bo_selection,linear_curve,4,26980,246131,4.999999987376214e-07,1.9999999494757503e-05,-94.25,0.0,-94.25,True,25,1,1309,15209,4000,46679,10,20
almanac,NCI-H23,bo_selection,linear_curve,5,26980,745750,4.999999987376214e-07,3.000000106112566e-06,-68.66999816894531,25.580001831054688,-94.25,False,25,1,1336,15488,4000,46679,10,20
almanac,NCI-H23,bo_selection,linear_curve,6,26980,246131,4.999999987376214e-07,1.9999999494757503e-05,-94.25,0.0,-94.25,True,22,1,1309,15209,4000,46679,10,20
almanac,NCI-H23,bo_selection,linear_curve,7,681239,747973,3.000000106112566e-07,2.999999892949745e-08,-92.63999938964844,1.6100006103515625,-94.25,False,13,1,3567,41460,4000,46679,10,20
almanac,NCI-H23,bo_selection,linear_curve,8,26980,246131,4.999999987376214e-07,1.9999999494757503e-05,-94.25,0.0,-94.25,True,15,1,1309,15209,4000,46679,10,20
almanac,NCI-H23,bo_selection,linear_curve,9,26980,246131,4.999999987376214e-07,1.9999999494757503e-05,-94.25,0.0,-94.25,True,12,1,1309,15209,4000,46679,10,20
almanac,NCI-H23,bo_selection,ours+zero,0,14229,681239,3.000000106112566e-06,3.000000106112566e-07,-74.69999694824219,19.550003051757812,-94.25,False,12,1,918,10718,4000,46679,10,20
almanac,NCI-H23,bo_selection,ours+zero,1,26980,754143,4.999999987376214e-07,9.999999717180685e-10,-80.55000305175781,13.699996948242188,-94.25,False,12,1,1349,15568,4000,46679,10,20
almanac,NCI-H23,bo_selection,ours+zero,2,762,713563,2.0000000233721948e-07,9.999999747378752e-05,-46.97200012207031,47.27799987792969,-94.25,False,21,1,366,4181,4000,46679,10,20
almanac,NCI-H23,bo_selection,ours+zero,3,141540,761432,4.999999873689376e-06,4.999999969612645e-09,-46.40700149536133,47.84299850463867,-94.25,False,23,1,2869,33325,4000,46679,10,20
almanac,NCI-H23,bo_selection,ours+zero,4,755,681239,1.999999987845058e-08,3.000000106112566e-07,-90.37999725341797,3.8700027465820312,-94.25,False,11,1,291,3269,4000,46679,10,20
almanac,NCI-H23,bo_selection,ours+zero,5,19893,241240,9.999999747378752e-05,4.999999873689376e-05,-32.67100143432617,61.57899856567383,-94.25,False,10,1,1049,12158,4000,46679,10,20
almanac,NCI-H23,bo_selection,ours+zero,6,26980,745750,4.999999987376214e-07,3.000000106112566e-06,-68.66999816894531,25.580001831054688,-94.25,False,19,1,1336,15488,4000,46679,10,20
almanac,NCI-H23,bo_selection,ours+zero,7,24559,681239,1.0000000116860974e-07,3.000000106112566e-07,-80.83000183105469,13.419998168945312,-94.25,False,10,1,1122,13082,4000,46679,10,20
almanac,NCI-H23,bo_selection,ours+zero,8,740,24559,9.999999717180685e-10,9.999999974752427e-07,-92.4800033569336,1.7699966430664062,-94.25,False,29,1,19,128,4000,46679,10,20
almanac,NCI-H23,bo_selection,ours+zero,9,14229,681239,3.000000106112566e-06,3.000000106112566e-07,-74.69999694824219,19.550003051757812,-94.25,False,12,1,918,10718,4000,46679,10,20
almanac,NCI-H23,bo_selection,random,0,608210,756645,9.999999974752427e-07,9.999999974752427e-07,-32.04450225830078,62.20549774169922,-94.25,False,12,2,3440,39922,4000,46679,10,20
almanac,NCI-H23,bo_selection,random,1,125973,754230,2.999999892949745e-08,5.999999941330714e-10,5.840000152587891,100.08999633789062,-94.25,False,10,1,2747,31775,4000,46679,10,20
almanac,NCI-H23,bo_selection,random,2,26980,718781,4.999999987376214e-07,1.999999987845058e-08,-36.93000030517578,57.31999969482422,-94.25,False,15,1,1328,15405,4000,46679,10,20
almanac,NCI-H23,bo_selection,random,3,755,613327,1.999999987845058e-08,9.99999993922529e-09,-40.88999938964844,53.36000061035156,-94.25,False,13,1,287,3242,4000,46679,10,20
almanac,NCI-H23,bo_selection,random,4,613327,712807,9.99999993922529e-09,1.9999999949504854e-06,-39.900001525878906,54.349998474121094,-94.25,False,25,1,3482,40371,4000,46679,10,20
almanac,NCI-H23,bo_selection,random,5,26980,628503,4.999999987376214e-07,3.999999886872274e-09,-44.93000030517578,49.31999969482422,-94.25,False,27,1,1316,15316,4000,46679,10,20
almanac,NCI-H23,bo_selection,random,6,26980,702294,4.999999987376214e-07,9.999999747378752e-06,-16.200000762939453,78.05000305175781,-94.25,False,6,1,1325,15370,4000,46679,10,20
almanac,NCI-H23,bo_selection,random,7,45923,747973,5.99999978589949e-08,3.000000106112566e-07,-46.5099983215332,47.7400016784668,-94.25,False,28,1,1724,19820,4000,46679,10,20
almanac,NCI-H23,bo_selection,random,8,26980,747599,4.999999987376214e-07,1.0000000116860974e-07,-63.02000045776367,31.229999542236328,-94.25,False,10,1,1337,15496,4000,46679,10,20
almanac,NCI-H23,bo_selection,random,9,24559,66847,9.999999974752427e-07,1.0000000116860974e-07,-88.69000244140625,5.55999755859375,-94.25,False,24,1,1094,12714,4000,46679,10,20
almanac,NCI-H23,bo_selection,tanimoto+zero,0,3053,713563,1.000000013351432e-10,9.999999747378752e-05,-35.35300064086914,58.89699935913086,-94.25,False,19,1,522,5888,4000,46679,10,20
almanac,NCI-H23,bo_selection,tanimoto+zero,1,109724,713563,9.999999747378752e-05,9.999999747378752e-05,-38.49399948120117,55.75600051879883,-94.25,False,16,1,2400,27854,4000,46679,10,20
almanac,NCI-H23,bo_selection,tanimoto+zero,2,673596,713563,2.999999970665357e-10,9.999999747378752e-05,-42.41600036621094,51.83399963378906,-94.25,False,16,1,3537,41014,4000,46679,10,20
almanac,NCI-H23,bo_selection,tanimoto+zero,3,3053,713563,1.000000013351432e-10,9.999999747378752e-05,-35.35300064086914,58.89699935913086,-94.25,False,13,1,522,5888,4000,46679,10,20
almanac,NCI-H23,bo_selection,tanimoto+zero,4,3053,713563,1.000000013351432e-10,9.999999747378752e-05,-35.35300064086914,58.89699935913086,-94.25,False,14,1,522,5888,4000,46679,10,20
almanac,NCI-H23,bo_selection,tanimoto+zero,5,673596,713563,2.999999970665357e-10,9.999999747378752e-05,-42.41600036621094,51.83399963378906,-94.25,False,13,1,3537,41014,4000,46679,10,20
almanac,NCI-H23,bo_selection,tanimoto+zero,6,3053,713563,1.000000013351432e-10,9.999999747378752e-05,-35.35300064086914,58.89699935913086,-94.25,False,20,1,522,5888,4000,46679,10,20
almanac,NCI-H23,bo_selection,tanimoto+zero,7,606869,761432,9.999999974752427e-07,4.999999858590343e-10,-34.24700164794922,60.00299835205078,-94.25,False,1,1,3412,39605,4000,46679,10,20
almanac,NCI-H23,bo_selection,tanimoto+zero,8,740,24559,9.999999717180685e-10,9.999999974752427e-07,-92.4800033569336,1.7699966430664062,-94.25,False,29,1,19,128,4000,46679,10,20
almanac,NCI-H23,bo_selection,tanimoto+zero,9,3053,713563,1.000000013351432e-10,9.999999747378752e-05,-35.35300064086914,58.89699935913086,-94.25,False,16,1,522,5888,4000,46679,10,20
almanac,NCI-H23,pool_optimum,pool_optimum,-1,26980,246131,4.999999987376214e-07,1.9999999494757503e-05,-94.25,0.0,-94.25,True,-1,1,1309,15209,4000,46679,10,20
almanac,NCI-H322M,bo_selection,act_hamming+zero,0,740,6396,1.0000000116860974e-07,9.999999974752427e-07,-56.81999969482422,23.529998779296875,-80.3499984741211,False,18,1,8,61,4000,46130,10,20
almanac,NCI-H322M,bo_selection,act_hamming+zero,1,740,6396,1.0000000116860974e-07,9.999999974752427e-07,-56.81999969482422,23.529998779296875,-80.3499984741211,False,18,1,8,61,4000,46130,10,20
almanac,NCI-H322M,bo_selection,act_hamming+zero,2,740,6396,1.0000000116860974e-07,9.999999974752427e-07,-56.81999969482422,23.529998779296875,-80.3499984741211,False,18,1,8,61,4000,46130,10,20
almanac,NCI-H322M,bo_selection,act_hamming+zero,3,740,6396,1.0000000116860974e-07,9.999999974752427e-07,-56.81999969482422,23.529998779296875,-80.3499984741211,False,18,1,8,61,4000,46130,10,20
almanac,NCI-H322M,bo_selection,act_hamming+zero,4,740,6396,1.0000000116860974e-07,9.999999974752427e-07,-56.81999969482422,23.529998779296875,-80.3499984741211,False,18,1,8,61,4000,46130,10,20
almanac,NCI-H322M,bo_selection,act_hamming+zero,5,740,6396,1.0000000116860974e-07,9.999999974752427e-07,-56.81999969482422,23.529998779296875,-80.3499984741211,False,18,1,8,61,4000,46130,10,20
almanac,NCI-H322M,bo_selection,act_hamming+zero,6,740,6396,1.0000000116860974e-07,9.999999974752427e-07,-56.81999969482422,23.529998779296875,-80.3499984741211,False,18,1,8,61,4000,46130,10,20
almanac,NCI-H322M,bo_selection,act_hamming+zero,7,740,6396,1.0000000116860974e-07,9.999999974752427e-07,-56.81999969482422,23.529998779296875,-80.3499984741211,False,18,1,8,61,4000,46130,10,20
almanac,NCI-H322M,bo_selection,act_hamming+zero,8,740,6396,1.0000000116860974e-07,9.999999974752427e-07,-56.81999969482422,23.529998779296875,-80.3499984741211,False,18,1,8,61,4000,46130,10,20
almanac,NCI-H322M,bo_selection,act_hamming+zero,9,740,6396,1.0000000116860974e-07,9.999999974752427e-07,-56.81999969482422,23.529998779296875,-80.3499984741211,False,18,1,8,61,4000,46130,10,20
almanac,NCI-H322M,bo_selection,hamming+zero,0,740,6396,1.0000000116860974e-07,9.999999974752427e-07,-56.81999969482422,23.529998779296875,-80.3499984741211,False,18,1,8,61,4000,46130,10,20
almanac,NCI-H322M,bo_selection,hamming+zero,1,740,6396,1.0000000116860974e-07,9.999999974752427e-07,-56.81999969482422,23.529998779296875,-80.3499984741211,False,18,1,8,61,4000,46130,10,20
almanac,NCI-H322M,bo_selection,hamming+zero,2,740,6396,1.0000000116860974e-07,9.999999974752427e-07,-56.81999969482422,23.529998779296875,-80.3499984741211,False,18,1,8,61,4000,46130,10,20
almanac,NCI-H322M,bo_selection,hamming+zero,3,740,6396,1.0000000116860974e-07,9.999999974752427e-07,-56.81999969482422,23.529998779296875,-80.3499984741211,False,18,1,8,61,4000,46130,10,20
almanac,NCI-H322M,bo_selection,hamming+zero,4,740,6396,1.0000000116860974e-07,9.999999974752427e-07,-56.81999969482422,23.529998779296875,-80.3499984741211,False,18,1,8,61,4000,46130,10,20
almanac,NCI-H322M,bo_selection,hamming+zero,5,740,6396,1.0000000116860974e-07,9.999999974752427e-07,-56.81999969482422,23.529998779296875,-80.3499984741211,False,18,1,8,61,4000,46130,10,20
almanac,NCI-H322M,bo_selection,hamming+zero,6,740,6396,1.0000000116860974e-07,9.999999974752427e-07,-56.81999969482422,23.529998779296875,-80.3499984741211,False,18,1,8,61,4000,46130,10,20
almanac,NCI-H322M,bo_selection,hamming+zero,7,740,6396,1.0000000116860974e-07,9.999999974752427e-07,-56.81999969482422,23.529998779296875,-80.3499984741211,False,18,1,8,61,4000,46130,10,20
almanac,NCI-H322M,bo_selection,hamming+zero,8,740,6396,1.0000000116860974e-07,9.999999974752427e-07,-56.81999969482422,23.529998779296875,-80.3499984741211,False,18,1,8,61,4000,46130,10,20
almanac,NCI-H322M,bo_selection,hamming+zero,9,740,6396,1.0000000116860974e-07,9.999999974752427e-07,-56.81999969482422,23.529998779296875,-80.3499984741211,False,18,1,8,61,4000,46130,10,20
almanac,NCI-H322M,bo_selection,linear_curve,0,24559,719627,9.999999974752427e-07,4.999999873689376e-06,-54.54999923706055,25.799999237060547,-80.3499984741211,False,22,1,1146,13022,4000,46130,10,20
almanac,NCI-H322M,bo_selection,linear_curve,1,82151,715055,1.999999987845058e-08,9.999999747378752e-06,-37.888999938964844,42.46099853515625,-80.3499984741211,False,24,1,2159,24647,4000,46130,10,20
almanac,NCI-H322M,bo_selection,linear_curve,2,755,24559,1.9999999949504854e-06,9.999999974752427e-07,-56.720001220703125,23.62999725341797,-80.3499984741211,False,25,1,262,2744,4000,46130,10,20
almanac,NCI-H322M,bo_selection,linear_curve,3,24559,296961,9.999999974752427e-07,9.999999747378752e-05,-23.770000457763672,56.57999801635742,-80.3499984741211,False,16,1,1129,12833,4000,46130,10,20
almanac,NCI-H322M,bo_selection,linear_curve,4,755,24559,1.9999999949504854e-06,9.999999974752427e-07,-56.720001220703125,23.62999725341797,-80.3499984741211,False,27,1,262,2744,4000,46130,10,20
almanac,NCI-H322M,bo_selection,linear_curve,5,713563,715055,9.999999974752427e-07,9.999999747378752e-06,-33.05699920654297,47.292999267578125,-80.3499984741211,False,19,1,3679,42484,4000,46130,10,20
almanac,NCI-H322M,bo_selection,linear_curve,6,24559,719627,9.999999974752427e-07,4.999999873689376e-06,-54.54999923706055,25.799999237060547,-80.3499984741211,False,26,1,1146,13022,4000,46130,10,20
almanac,NCI-H322M,bo_selection,linear_curve,7,755,24559,1.9999999949504854e-06,9.999999974752427e-07,-56.720001220703125,23.62999725341797,-80.3499984741211,False,19,1,262,2744,4000,46130,10,20
almanac,NCI-H322M,bo_selection,linear_curve,8,755,24559,1.9999999949504854e-06,9.999999974752427e-07,-56.720001220703125,23.62999725341797,-80.3499984741211,False,25,1,262,2744,4000,46130,10,20
almanac,NCI-H322M,bo_selection,linear_curve,9,122819,715055,1.0000000116860974e-07,9.999999747378752e-06,-33.638999938964844,46.71099853515625,-80.3499984741211,False,19,1,2615,29849,4000,46130,10,20
almanac,NCI-H322M,bo_selection,ours+zero,0,740,6396,1.0000000116860974e-07,9.999999974752427e-07,-56.81999969482422,23.529998779296875,-80.3499984741211,False,22,1,8,61,4000,46130,10,20
almanac,NCI-H322M,bo_selection,ours+zero,1,14229,24559,3.000000106112566e-06,9.999999974752427e-07,-61.189998626708984,19.15999984741211,-80.3499984741211,False,15,1,902,10079,4000,46130,10,20
almanac,NCI-H322M,bo_selection,ours+zero,2,740,67574,1.0000000116860974e-07,9.999999717180685e-10,-51.54999923706055,28.799999237060547,-80.3499984741211,False,21,1,31,222,4000,46130,10,20
almanac,NCI-H322M,bo_selection,ours+zero,3,740,67574,1.0000000116860974e-07,9.999999717180685e-10,-51.54999923706055,28.799999237060547,-80.3499984741211,False,24,1,31,222,4000,46130,10,20
almanac,NCI-H322M,bo_selection,ours+zero,4,740,119875,1.0000000116860974e-07,2.0000000233721948e-07,-47.310001373291016,33.03999710083008,-80.3499984741211,False,28,1,37,321,4000,46130,10,20
almanac,NCI-H322M,bo_selection,ours+zero,5,14229,24559,3.000000106112566e-06,9.999999974752427e-07,-61.189998626708984,19.15999984741211,-80.3499984741211,False,12,1,902,10079,4000,46130,10,20
almanac,NCI-H322M,bo_selection,ours+zero,6,740,67574,1.0000000116860974e-07,9.999999717180685e-10,-51.54999923706055,28.799999237060547,-80.3499984741211,False,25,1,31,222,4000,46130,10,20
almanac,NCI-H322M,bo_selection,ours+zero,7,755,747973,1.9999999949504854e-06,2.999999892949745e-08,-20.420000076293945,59.92999839782715,-80.3499984741211,False,15,1,313,3382,4000,46130,10,20
almanac,NCI-H322M,bo_selection,ours+zero,8,740,6396,1.0000000116860974e-07,9.999999974752427e-07,-56.81999969482422,23.529998779296875,-80.3499984741211,False,29,1,8,61,4000,46130,10,20
almanac,NCI-H322M,bo_selection,ours+zero,9,740,67574,1.0000000116860974e-07,9.999999717180685e-10,-51.54999923706055,28.799999237060547,-80.3499984741211,False,25,1,31,222,4000,46130,10,20
almanac,NCI-H322M,bo_selection,random,0,740,226080,1.0000000116860974e-07,9.999999717180685e-10,-50.595001220703125,29.75499725341797,-80.3499984741211,False,4,2,46,429,4000,46130,10,20
almanac,NCI-H322M,bo_selection,random,1,125973,745750,2.999999892949745e-08,3.000000106112566e-06,-49.02000045776367,31.329998016357422,-80.3499984741211,False,10,1,2747,31433,4000,46130,10,20
almanac,NCI-H322M,bo_selection,random,2,1390,608210,0.00019999999494757503,9.999999974752427e-07,-3.9070000648498535,76.44300079345703,-80.3499984741211,False,25,1,430,4859,4000,46130,10,20
almanac,NCI-H322M,bo_selection,random,3,125973,747974,5.99999978589949e-08,1.0000000116860974e-07,10.003000259399414,90.35299682617188,-80.3499984741211,False,10,1,2755,31471,4000,46130,10,20
almanac,NCI-H322M,bo_selection,random,4,125973,218321,3.000000106112566e-07,1.0000000116860974e-07,14.680000305175781,95.02999877929688,-80.3499984741211,False,13,1,2726,31138,4000,46130,10,20
almanac,NCI-H322M,bo_selection,random,5,32065,760766,9.999999747378752e-05,1.9999999949504854e-06,14.109999656677246,94.45999908447266,-80.3499984741211,False,25,1,1488,16928,4000,46130,10,20
almanac,NCI-H322M,bo_selection,random,6,125973,749226,5.99999978589949e-08,4.999999873689376e-06,5.301000118255615,85.6510009765625,-80.3499984741211,False,0,1,2757,31481,4000,46130,10,20
almanac,NCI-H322M,bo_selection,random,7,24559,119875,9.999999974752427e-07,1.9999999949504854e-06,-47.939998626708984,32.40999984741211,-80.3499984741211,False,27,1,1115,12661,4000,46130,10,20
almanac,NCI-H322M,bo_selection,random,8,24559,119875,9.999999974752427e-07,1.9999999949504854e-06,-47.939998626708984,32.40999984741211,-80.3499984741211,False,12,1,1115,12661,4000,46130,10,20
almanac,NCI-H322M,bo_selection,random,9,18509,760766,9.999999974752427e-07,1.9999999949504854e-06,10.201000213623047,90.55099487304688,-80.3499984741211,False,28,1,1035,11630,4000,46130,10,20
almanac,NCI-H322M,bo_selection,tanimoto+zero,0,740,6396,1.0000000116860974e-07,9.999999974752427e-07,-56.81999969482422,23.529998779296875,-80.3499984741211,False,18,1,8,61,4000,46130,10,20
almanac,NCI-H322M,bo_selection,tanimoto+zero,1,754143,754230,1.000000013351432e-10,5.999999802552836e-11,-56.779998779296875,23.56999969482422,-80.3499984741211,False,22,1,3980,45825,4000,46130,10,20
almanac,NCI-H322M,bo_selection,tanimoto+zero,2,740,6396,1.0000000116860974e-07,9.999999974752427e-07,-56.81999969482422,23.529998779296875,-80.3499984741211,False,29,1,8,61,4000,46130,10,20
almanac,NCI-H322M,bo_selection,tanimoto+zero,3,740,6396,1.0000000116860974e-07,9.999999974752427e-07,-56.81999969482422,23.529998779296875,-80.3499984741211,False,25,1,8,61,4000,46130,10,20
almanac,NCI-H322M,bo_selection,tanimoto+zero,4,713563,747973,9.999999747378752e-05,2.999999970665357e-10,17.851999282836914,98.20199775695801,-80.3499984741211,False,25,1,3696,42621,4000,46130,10,20
almanac,NCI-H322M,bo_selection,tanimoto+zero,5,740,6396,1.0000000116860974e-07,9.999999974752427e-07,-56.81999969482422,23.529998779296875,-80.3499984741211,False,27,1,8,61,4000,46130,10,20
almanac,NCI-H322M,bo_selection,tanimoto+zero,6,125973,749226,5.99999978589949e-08,4.999999873689376e-06,5.301000118255615,85.65099859237671,-80.3499984741211,False,0,1,2757,31481,4000,46130,10,20
almanac,NCI-H322M,bo_selection,tanimoto+zero,7,608210,681239,9.999999974752427e-07,5.00000006675716e-11,-5.24399995803833,75.10599851608276,-80.3499984741211,False,1,1,3412,39254,4000,46130,10,20
almanac,NCI-H322M,bo_selection,tanimoto+zero,8,740,6396,1.0000000116860974e-07,9.999999974752427e-07,-56.81999969482422,23.529998779296875,-80.3499984741211,False,18,1,8,61,4000,46130,10,20
almanac,NCI-H322M,bo_selection,tanimoto+zero,9,754143,754230,1.000000013351432e-10,5.999999802552836e-11,-56.779998779296875,23.56999969482422,-80.3499984741211,False,21,1,3980,45825,4000,46130,10,20
almanac,NCI-H322M,pool_optimum,pool_optimum,-1,3053,747599,1.0000000116860974e-07,9.999999974752427e-07,-80.3499984741211,0.0,-80.3499984741211,True,-1,1,544,5930,4000,46130,10,20
almanac,NCI-H460,bo_selection,act_hamming+zero,0,740,24559,9.999999717180685e-10,9.999999974752427e-07,-33.970001220703125,62.849998474121094,-96.81999969482422,False,23,1,17,119,4000,46121,10,20
almanac,NCI-H460,bo_selection,act_hamming+zero,1,740,24559,9.999999717180685e-10,9.999999974752427e-07,-33.970001220703125,62.849998474121094,-96.81999969482422,False,22,1,17,119,4000,46121,10,20
almanac,NCI-H460,bo_selection,act_hamming+zero,2,740,24559,9.999999717180685e-10,9.999999974752427e-07,-33.970001220703125,62.849998474121094,-96.81999969482422,False,22,1,17,119,4000,46121,10,20
almanac,NCI-H460,bo_selection,act_hamming+zero,3,740,24559,9.999999717180685e-10,9.999999974752427e-07,-33.970001220703125,62.849998474121094,-96.81999969482422,False,22,1,17,119,4000,46121,10,20
almanac,NCI-H460,bo_selection,act_hamming+zero,4,740,24559,9.999999717180685e-10,9.999999974752427e-07,-33.970001220703125,62.849998474121094,-96.81999969482422,False,22,1,17,119,4000,46121,10,20
almanac,NCI-H460,bo_selection,act_hamming+zero,5,362856,747973,1.9999999494757503e-05,3.000000106112566e-07,-62.650001525878906,34.16999816894531,-96.81999969482422,False,9,1,3316,37942,4000,46121,10,20
almanac,NCI-H460,bo_selection,act_hamming+zero,6,740,24559,9.999999717180685e-10,9.999999974752427e-07,-33.970001220703125,62.849998474121094,-96.81999969482422,False,22,1,17,119,4000,46121,10,20
almanac,NCI-H460,bo_selection,act_hamming+zero,7,740,24559,9.999999717180685e-10,9.999999974752427e-07,-33.970001220703125,62.849998474121094,-96.81999969482422,False,22,1,17,119,4000,46121,10,20
almanac,NCI-H460,bo_selection,act_hamming+zero,8,92859,719344,6.000000212225132e-06,9.99999993922529e-09,-70.26000213623047,26.55999755859375,-96.81999969482422,False,9,1,2267,25738,4000,46121,10,20
almanac,NCI-H460,bo_selection,act_hamming+zero,9,740,24559,9.999999717180685e-10,9.999999974752427e-07,-33.970001220703125,62.849998474121094,-96.81999969482422,False,22,1,17,119,4000,46121,10,20
almanac,NCI-H460,bo_selection,hamming+zero,0,740,24559,9.999999717180685e-10,9.999999974752427e-07,-33.970001220703125,62.849998474121094,-96.81999969482422,False,23,1,17,119,4000,46121,10,20
almanac,NCI-H460,bo_selection,hamming+zero,1,740,24559,9.999999717180685e-10,9.999999974752427e-07,-33.970001220703125,62.849998474121094,-96.81999969482422,False,22,1,17,119,4000,46121,10,20
almanac,NCI-H460,bo_selection,hamming+zero,2,740,24559,9.999999717180685e-10,9.999999974752427e-07,-33.970001220703125,62.849998474121094,-96.81999969482422,False,22,1,17,119,4000,46121,10,20
almanac,NCI-H460,bo_selection,hamming+zero,3,740,24559,9.999999717180685e-10,9.999999974752427e-07,-33.970001220703125,62.849998474121094,-96.81999969482422,False,22,1,17,119,4000,46121,10,20
almanac,NCI-H460,bo_selection,hamming+zero,4,740,24559,9.999999717180685e-10,9.999999974752427e-07,-33.970001220703125,62.849998474121094,-96.81999969482422,False,22,1,17,119,4000,46121,10,20
almanac,NCI-H460,bo_selection,hamming+zero,5,362856,747973,1.9999999494757503e-05,3.000000106112566e-07,-62.650001525878906,34.16999816894531,-96.81999969482422,False,9,1,3316,37942,4000,46121,10,20
almanac,NCI-H460,bo_selection,hamming+zero,6,740,24559,9.999999717180685e-10,9.999999974752427e-07,-33.970001220703125,62.849998474121094,-96.81999969482422,False,22,1,17,119,4000,46121,10,20
almanac,NCI-H460,bo_selection,hamming+zero,7,740,24559,9.999999717180685e-10,9.999999974752427e-07,-33.970001220703125,62.849998474121094,-96.81999969482422,False,22,1,17,119,4000,46121,10,20
almanac,NCI-H460,bo_selection,hamming+zero,8,92859,719344,6.000000212225132e-06,9.99999993922529e-09,-70.26000213623047,26.55999755859375,-96.81999969482422,False,9,1,2267,25738,4000,46121,10,20
almanac,NCI-H460,bo_selection,hamming+zero,9,740,24559,9.999999717180685e-10,9.999999974752427e-07,-33.970001220703125,62.849998474121094,-96.81999969482422,False,22,1,17,119,4000,46121,10,20
almanac,NCI-H460,bo_selection,linear_curve,0,24559,754143,9.999999974752427e-07,9.99999993922529e-09,-75.5999984741211,21.220001220703125,-96.81999969482422,False,17,1,1134,12977,4000,46121,10,20
almanac,NCI-H460,bo_selection,linear_curve,1,27640,92859,6.999999868639861e-08,6.000000212225132e-06,-93.8499984741211,2.970001220703125,-96.81999969482422,False,29,1,1360,15443,4000,46121,10,20
almanac,NCI-H460,bo_selection,linear_curve,2,246131,701852,1.9999999494757503e-05,1.0000000116860974e-07,-96.81999969482422,0.0,-96.81999969482422,True,25,1,3095,35341,4000,46121,10,20
almanac,NCI-H460,bo_selection,linear_curve,3,24559,754143,9.999999974752427e-07,9.99999993922529e-09,-75.5999984741211,21.220001220703125,-96.81999969482422,False,14,1,1134,12977,4000,46121,10,20
almanac,NCI-H460,bo_selection,linear_curve,4,24559,754143,9.999999974752427e-07,9.99999993922529e-09,-75.5999984741211,21.220001220703125,-96.81999969482422,False,19,1,1134,12977,4000,46121,10,20
almanac,NCI-H460,bo_selection,linear_curve,5,246131,701852,1.9999999494757503e-05,1.0000000116860974e-07,-96.81999969482422,0.0,-96.81999969482422,True,10,1,3095,35341,4000,46121,10,20
almanac,NCI-H460,bo_selection,linear_curve,6,27640,92859,6.999999868639861e-08,6.000000212225132e-06,-93.8499984741211,2.970001220703125,-96.81999969482422,False,25,1,1360,15443,4000,46121,10,20
almanac,NCI-H460,bo_selection,linear_curve,7,755,745750,2.0000000233721948e-07,3.000000106112566e-06,-17.299999237060547,79.52000045776367,-96.81999969482422,False,14,1,302,3362,4000,46121,10,20
almanac,NCI-H460,bo_selection,linear_curve,8,27640,92859,6.999999868639861e-08,6.000000212225132e-06,-93.8499984741211,2.970001220703125,-96.81999969482422,False,16,1,1360,15443,4000,46121,10,20
almanac,NCI-H460,bo_selection,linear_curve,9,246131,701852,1.9999999494757503e-05,1.0000000116860974e-07,-96.81999969482422,0.0,-96.81999969482422,True,20,1,3095,35341,4000,46121,10,20
almanac,NCI-H460,bo_selection,ours+zero,0,27640,701852,6.999999868639861e-08,1.0000000116860974e-07,-45.880001068115234,50.939998626708984,-96.81999969482422,False,14,1,1386,15766,4000,46121,10,20
almanac,NCI-H460,bo_selection,ours+zero,1,122758,761432,1.999999987845058e-08,5.000000058430487e-08,0.9449999928474426,97.76499968767166,-96.81999969482422,False,10,1,2573,29360,4000,46121,10,20
almanac,NCI-H460,bo_selection,ours+zero,2,609699,754143,1.0000000116860974e-07,9.99999993922529e-09,-53.25,43.56999969482422,-96.81999969482422,False,22,1,3465,39760,4000,46121,10,20
almanac,NCI-H460,bo_selection,ours+zero,3,740,6396,1.0000000116860974e-07,9.999999747378752e-06,-30.719999313354492,66.10000038146973,-96.81999969482422,False,13,1,10,71,4000,46121,10,20
almanac,NCI-H460,bo_selection,ours+zero,4,27640,92859,6.999999868639861e-08,6.000000212225132e-06,-93.8499984741211,2.970001220703125,-96.81999969482422,False,23,1,1360,15443,4000,46121,10,20
almanac,NCI-H460,bo_selection,ours+zero,5,362856,747973,1.9999999494757503e-05,3.000000106112566e-07,-62.650001525878906,34.16999816894531,-96.81999969482422,False,9,1,3316,37942,4000,46121,10,20
almanac,NCI-H460,bo_selection,ours+zero,6,27640,701852,6.999999868639861e-08,1.0000000116860974e-07,-45.880001068115234,50.939998626708984,-96.81999969482422,False,18,1,1386,15766,4000,46121,10,20
almanac,NCI-H460,bo_selection,ours+zero,7,26980,125973,4.999999987376214e-07,3.000000106112566e-07,-21.31999969482422,75.5,-96.81999969482422,False,25,1,1296,14795,4000,46121,10,20
almanac,NCI-H460,bo_selection,ours+zero,8,92859,719344,6.000000212225132e-06,9.99999993922529e-09,-70.26000213623047,26.55999755859375,-96.81999969482422,False,9,1,2267,25738,4000,46121,10,20
almanac,NCI-H460,bo_selection,ours+zero,9,609699,754143,1.0000000116860974e-07,9.99999993922529e-09,-53.25,43.56999969482422,-96.81999969482422,False,19,1,3465,39760,4000,46121,10,20
almanac,NCI-H460,bo_selection,random,0,24559,743414,9.999999974752427e-07,4.999999873689376e-06,-21.440000534057617,75.37999725341797,-96.81999969482422,False,5,1,1125,12887,4000,46121,10,20
almanac,NCI-H460,bo_selection,random,1,750,119875,4.999999873689376e-06,1.9999999949504854e-06,-6.510000228881836,90.30999755859375,-96.81999969482422,False,14,1,108,1183,4000,46121,10,20
almanac,NCI-H460,bo_selection,random,2,762,32065,4.999999873689376e-06,1.9999999949504854e-06,2.6500000953674316,99.47000122070312,-96.81999969482422,False,29,1,324,3643,4000,46121,10,20
almanac,NCI-H460,bo_selection,random,3,762,119875,5.000000058430487e-08,1.9999999949504854e-06,-25.549999237060547,71.27000427246094,-96.81999969482422,False,17,1,341,3808,4000,46121,10,20
almanac,NCI-H460,bo_selection,random,4,755,119875,1.999999987845058e-08,1.9999999494757503e-05,-90.27999877929688,6.540000915527344,-96.81999969482422,False,23,1,268,2945,4000,46121,10,20
almanac,NCI-H460,bo_selection,random,5,362856,747973,1.9999999494757503e-05,3.000000106112566e-07,-62.650001525878906,34.16999816894531,-96.81999969482422,False,9,1,3316,37942,4000,46121,10,20
almanac,NCI-H460,bo_selection,random,6,733504,747973,9.99999993922529e-09,2.999999892949745e-08,-16.200000762939453,80.6199951171875,-96.81999969482422,False,21,1,3854,44379,4000,46121,10,20
almanac,NCI-H460,bo_selection,random,7,752,49842,9.999999747378752e-06,5.000000058430487e-08,-16.2549991607666,80.56500244140625,-96.81999969482422,False,21,1,184,1943,4000,46121,10,20
almanac,NCI-H460,bo_selection,random,8,92859,719344,6.000000212225132e-06,9.99999993922529e-09,-70.26000213623047,26.55999755859375,-96.81999969482422,False,9,1,2267,25738,4000,46121,10,20
almanac,NCI-H460,bo_selection,random,9,762,92859,4.999999873689376e-06,5.99999978589949e-08,3.990000009536743,100.80999755859375,-96.81999969482422,False,17,1,334,3768,4000,46121,10,20
almanac,NCI-H460,bo_selection,tanimoto+zero,0,24559,138783,9.999999974752427e-07,1.9999999494757503e-05,-49.04999923706055,47.77000045776367,-96.81999969482422,False,11,1,1103,12581,4000,46121,10,20
almanac,NCI-H460,bo_selection,tanimoto+zero,1,750,92859,4.999999873689376e-05,6.000000212225132e-06,-94.70999908447266,2.1100006103515625,-96.81999969482422,False,11,1,101,1142,4000,46121,10,20
almanac,NCI-H460,bo_selection,tanimoto+zero,2,750,92859,4.999999873689376e-05,6.000000212225132e-06,-94.70999908447266,2.1100006103515625,-96.81999969482422,False,18,1,101,1142,4000,46121,10,20
almanac,NCI-H460,bo_selection,tanimoto+zero,3,6396,119875,1.0000000116860974e-07,1.9999999494757503e-05,-86.87999725341797,9.94000244140625,-96.81999969482422,False,11,1,637,7076,4000,46121,10,20
almanac,NCI-H460,bo_selection,tanimoto+zero,4,6396,119875,1.0000000116860974e-07,1.9999999494757503e-05,-86.87999725341797,9.94000244140625,-96.81999969482422,False,10,1,637,7076,4000,46121,10,20
almanac,NCI-H460,bo_selection,tanimoto+zero,5,362856,747973,1.9999999494757503e-05,3.000000106112566e-07,-62.650001525878906,34.16999816894531,-96.81999969482422,False,9,1,3316,37942,4000,46121,10,20
almanac,NCI-H460,bo_selection,tanimoto+zero,6,19893,241240,9.999999747378752e-05,4.999999873689376e-05,1.2339999675750732,98.05399966239929,-96.81999969482422,False,22,1,1042,11852,4000,46121,10,20
almanac,NCI-H460,bo_selection,tanimoto+zero,7,6396,119875,1.0000000116860974e-07,1.9999999494757503e-05,-86.87999725341797,9.94000244140625,-96.81999969482422,False,10,1,637,7076,4000,46121,10,20
almanac,NCI-H460,bo_selection,tanimoto+zero,8,92859,719344,6.000000212225132e-06,9.99999993922529e-09,-70.26000213623047,26.55999755859375,-96.81999969482422,False,9,1,2267,25738,4000,46121,10,20
almanac,NCI-H460,bo_selection,tanimoto+zero,9,6396,119875,1.0000000116860974e-07,1.9999999494757503e-05,-86.87999725341797,9.94000244140625,-96.81999969482422,False,10,1,637,7076,4000,46121,10,20
almanac,NCI-H460,pool_optimum,pool_optimum,-1,246131,701852,1.9999999494757503e-05,1.0000000116860974e-07,-96.81999969482422,0.0,-96.81999969482422,True,-1,1,3095,35341,4000,46121,10,20
almanac,NCI-H522,bo_selection,act_hamming+zero,0,740,24559,1.0000000116860974e-07,9.999999974752427e-07,-73.4800033569336,23.889999389648438,-97.37000274658203,False,22,1,12,80,4000,45473,10,20
almanac,NCI-H522,bo_selection,act_hamming+zero,1,740,24559,1.0000000116860974e-07,9.999999974752427e-07,-73.4800033569336,23.889999389648438,-97.37000274658203,False,29,1,12,80,4000,45473,10,20
almanac,NCI-H522,bo_selection,act_hamming+zero,2,24559,85998,9.999999974752427e-07,9.999999974752427e-07,-75.55000305175781,21.81999969482422,-97.37000274658203,False,3,1,1080,12201,4000,45473,10,20
almanac,NCI-H522,bo_selection,act_hamming+zero,3,740,24559,1.0000000116860974e-07,9.999999974752427e-07,-73.4800033569336,23.889999389648438,-97.37000274658203,False,29,1,12,80,4000,45473,10,20
almanac,NCI-H522,bo_selection,act_hamming+zero,4,701852,754143,9.999999974752427e-07,9.99999993922529e-09,-86.43000030517578,10.94000244140625,-97.37000274658203,False,9,1,3624,41173,4000,45473,10,20
almanac,NCI-H522,bo_selection,act_hamming+zero,5,740,24559,1.0000000116860974e-07,9.999999974752427e-07,-73.4800033569336,23.889999389648438,-97.37000274658203,False,24,1,12,80,4000,45473,10,20
almanac,NCI-H522,bo_selection,act_hamming+zero,6,740,24559,1.0000000116860974e-07,9.999999974752427e-07,-73.4800033569336,23.889999389648438,-97.37000274658203,False,29,1,12,80,4000,45473,10,20
almanac,NCI-H522,bo_selection,act_hamming+zero,7,750,92859,4.999999873689376e-06,6.000000212225132e-06,-88.30999755859375,9.060005187988281,-97.37000274658203,False,8,1,86,977,4000,45473,10,20
almanac,NCI-H522,bo_selection,act_hamming+zero,8,740,24559,1.0000000116860974e-07,9.999999974752427e-07,-73.4800033569336,23.889999389648438,-97.37000274658203,False,22,1,12,80,4000,45473,10,20
almanac,NCI-H522,bo_selection,act_hamming+zero,9,740,24559,1.0000000116860974e-07,9.999999974752427e-07,-73.4800033569336,23.889999389648438,-97.37000274658203,False,29,1,12,80,4000,45473,10,20
almanac,NCI-H522,bo_selection,hamming+zero,0,740,24559,1.0000000116860974e-07,9.999999974752427e-07,-73.4800033569336,23.889999389648438,-97.37000274658203,False,22,1,12,80,4000,45473,10,20
almanac,NCI-H522,bo_selection,hamming+zero,1,740,24559,1.0000000116860974e-07,9.999999974752427e-07,-73.4800033569336,23.889999389648438,-97.37000274658203,False,29,1,12,80,4000,45473,10,20
almanac,NCI-H522,bo_selection,hamming+zero,2,24559,85998,9.999999974752427e-07,9.999999974752427e-07,-75.55000305175781,21.81999969482422,-97.37000274658203,False,3,1,1080,12201,4000,45473,10,20
almanac,NCI-H522,bo_selection,hamming+zero,3,740,24559,1.0000000116860974e-07,9.999999974752427e-07,-73.4800033569336,23.889999389648438,-97.37000274658203,False,29,1,12,80,4000,45473,10,20
almanac,NCI-H522,bo_selection,hamming+zero,4,701852,754143,9.999999974752427e-07,9.99999993922529e-09,-86.43000030517578,10.94000244140625,-97.37000274658203,False,9,1,3624,41173,4000,45473,10,20
almanac,NCI-H522,bo_selection,hamming+zero,5,740,24559,1.0000000116860974e-07,9.999999974752427e-07,-73.4800033569336,23.889999389648438,-97.37000274658203,False,24,1,12,80,4000,45473,10,20
almanac,NCI-H522,bo_selection,hamming+zero,6,740,24559,1.0000000116860974e-07,9.999999974752427e-07,-73.4800033569336,23.889999389648438,-97.37000274658203,False,29,1,12,80,4000,45473,10,20
almanac,NCI-H522,bo_selection,hamming+zero,7,750,92859,4.999999873689376e-06,6.000000212225132e-06,-88.30999755859375,9.060005187988281,-97.37000274658203,False,8,1,86,977,4000,45473,10,20
almanac,NCI-H522,bo_selection,hamming+zero,8,740,24559,1.0000000116860974e-07,9.999999974752427e-07,-73.4800033569336,23.889999389648438,-97.37000274658203,False,22,1,12,80,4000,45473,10,20
almanac,NCI-H522,bo_selection,hamming+zero,9,740,24559,1.0000000116860974e-07,9.999999974752427e-07,-73.4800033569336,23.889999389648438,-97.37000274658203,False,29,1,12,80,4000,45473,10,20
almanac,NCI-H522,bo_selection,linear_curve,0,119875,681239,1.9999999494757503e-05,2.999999892949745e-08,-96.55999755859375,0.8100051879882812,-97.37000274658203,False,22,1,2462,27970,4000,45473,10,20
almanac,NCI-H522,bo_selection,linear_curve,1,681239,750690,3.000000106112566e-07,1.0000000116860974e-07,-96.68000030517578,0.69000244140625,-97.37000274658203,False,17,1,3549,40299,4000,45473,10,20
almanac,NCI-H522,bo_selection,linear_curve,2,24559,681239,9.999999974752427e-07,3.000000106112566e-07,-95.66999816894531,1.7000045776367188,-97.37000274658203,False,22,1,1096,12491,4000,45473,10,20
almanac,NCI-H522,bo_selection,linear_curve,3,24559,92859,9.999999974752427e-07,6.000000212225132e-06,-91.66000366210938,5.709999084472656,-97.37000274658203,False,26,1,1081,12212,4000,45473,10,20
almanac,NCI-H522,bo_selection,linear_curve,4,119875,246131,1.9999999494757503e-05,1.9999999494757503e-05,-97.37000274658203,0.0,-97.37000274658203,True,11,1,2449,27845,4000,45473,10,20
almanac,NCI-H522,bo_selection,linear_curve,5,18509,754143,9.999999974752427e-07,9.99999993922529e-09,-61.38999938964844,35.980003356933594,-97.37000274658203,False,25,1,989,11216,4000,45473,10,20
almanac,NCI-H522,bo_selection,linear_curve,6,119875,702294,1.9999999494757503e-05,9.999999747378752e-06,-95.45999908447266,1.910003662109375,-97.37000274658203,False,20,1,2464,28006,4000,45473,10,20
almanac,NCI-H522,bo_selection,linear_curve,7,119875,246131,1.9999999494757503e-05,1.9999999494757503e-05,-97.37000274658203,0.0,-97.37000274658203,True,21,1,2449,27845,4000,45473,10,20
almanac,NCI-H522,bo_selection,linear_curve,8,673596,681239,9.999999717180685e-10,3.000000106112566e-07,-95.94000244140625,1.4300003051757812,-97.37000274658203,False,28,1,3514,39811,4000,45473,10,20
almanac,NCI-H522,bo_selection,linear_curve,9,119875,681239,1.9999999494757503e-05,2.999999892949745e-08,-96.55999755859375,0.8100051879882812,-97.37000274658203,False,29,1,2462,27970,4000,45473,10,20
almanac,NCI-H522,bo_selection,ours+zero,0,740,24559,1.0000000116860974e-07,9.999999974752427e-07,-73.4800033569336,23.889999389648438,-97.37000274658203,False,24,1,12,80,4000,45473,10,20
almanac,NCI-H522,bo_selection,ours+zero,1,698037,761432,9.999999974752427e-07,5.000000058430487e-08,-50.46200180053711,46.90800094604492,-97.37000274658203,False,29,1,3606,40948,4000,45473,10,20
almanac,NCI-H522,bo_selection,ours+zero,2,24559,85998,9.999999974752427e-07,9.999999974752427e-07,-75.55000305175781,21.81999969482422,-97.37000274658203,False,3,1,1080,12201,4000,45473,10,20
almanac,NCI-H522,bo_selection,ours+zero,3,740,24559,1.0000000116860974e-07,9.999999974752427e-07,-73.4800033569336,23.889999389648438,-97.37000274658203,False,27,1,12,80,4000,45473,10,20
almanac,NCI-H522,bo_selection,ours+zero,4,701852,754143,9.999999974752427e-07,9.99999993922529e-09,-86.43000030517578,10.94000244140625,-97.37000274658203,False,9,1,3624,41173,4000,45473,10,20
almanac,NCI-H522,bo_selection,ours+zero,5,740,24559,1.0000000116860974e-07,9.999999974752427e-07,-73.4800033569336,23.889999389648438,-97.37000274658203,False,25,1,12,80,4000,45473,10,20
almanac,NCI-H522,bo_selection,ours+zero,6,740,24559,1.0000000116860974e-07,9.999999974752427e-07,-73.4800033569336,23.889999389648438,-97.37000274658203,False,25,1,12,80,4000,45473,10,20
almanac,NCI-H522,bo_selection,ours+zero,7,750,92859,4.999999873689376e-06,6.000000212225132e-06,-88.30999755859375,9.060005187988281,-97.37000274658203,False,8,1,86,977,4000,45473,10,20
almanac,NCI-H522,bo_selection,ours+zero,8,740,24559,1.0000000116860974e-07,9.999999974752427e-07,-73.4800033569336,23.889999389648438,-97.37000274658203,False,22,1,12,80,4000,45473,10,20
almanac,NCI-H522,bo_selection,ours+zero,9,740,24559,1.0000000116860974e-07,9.999999974752427e-07,-73.4800033569336,23.889999389648438,-97.37000274658203,False,26,1,12,80,4000,45473,10,20
almanac,NCI-H522,bo_selection,random,0,63878,119875,1.0000000116860974e-07,1.9999999494757503e-05,-84.16000366210938,13.209999084472656,-97.37000274658203,False,27,1,1775,19967,4000,45473,10,20
almanac,NCI-H522,bo_selection,random,1,122758,713563,1.999999987845058e-08,9.999999747378752e-05,-52.630001068115234,44.7400016784668,-97.37000274658203,False,11,1,2524,28577,4000,45473,10,20
almanac,NCI-H522,bo_selection,random,2,24559,85998,9.999999974752427e-07,9.999999974752427e-07,-75.55000305175781,21.81999969482422,-97.37000274658203,False,3,1,1080,12201,4000,45473,10,20
almanac,NCI-H522,bo_selection,random,3,754143,760766,9.99999993922529e-09,2.0000000233721948e-07,-70.01100158691406,27.35900115966797,-97.37000274658203,False,24,1,3979,45210,4000,45473,10,20
almanac,NCI-H522,bo_selection,random,4,118218,681239,6.000000212225132e-07,3.000000106112566e-07,-95.12999725341797,2.2400054931640625,-97.37000274658203,False,14,1,2415,27437,4000,45473,10,20
almanac,NCI-H522,bo_selection,random,5,122758,608210,1.999999987845058e-08,9.999999974752427e-07,-34.56999969482422,62.80000305175781,-97.37000274658203,False,4,1,2512,28478,4000,45473,10,20
almanac,NCI-H522,bo_selection,random,6,127716,606869,3.000000106112566e-07,1.0000000116860974e-07,36.470001220703125,133.83999633789062,-97.37000274658203,False,2,1,2745,30977,4000,45473,10,20
almanac,NCI-H522,bo_selection,random,7,750,92859,4.999999873689376e-06,6.000000212225132e-06,-88.30999755859375,9.060005187988281,-97.37000274658203,False,8,1,86,977,4000,45473,10,20
almanac,NCI-H522,bo_selection,random,8,715055,754143,9.999999747378752e-06,9.99999993922529e-09,-72.71099853515625,24.65900421142578,-97.37000274658203,False,7,1,3708,42178,4000,45473,10,20
almanac,NCI-H522,bo_selection,random,9,119875,747973,1.9999999494757503e-05,2.999999892949745e-08,-89.56999969482422,7.8000030517578125,-97.37000274658203,False,12,1,2483,28168,4000,45473,10,20
almanac,NCI-H522,bo_selection,tanimoto+zero,0,740,24559,1.0000000116860974e-07,9.999999974752427e-07,-73.4800033569336,23.889999389648438,-97.37000274658203,False,22,1,12,80,4000,45473,10,20
almanac,NCI-H522,bo_selection,tanimoto+zero,1,740,24559,1.0000000116860974e-07,9.999999974752427e-07,-73.4800033569336,23.889999389648438,-97.37000274658203,False,28,1,12,80,4000,45473,10,20
almanac,NCI-H522,bo_selection,tanimoto+zero,2,24559,85998,9.999999974752427e-07,9.999999974752427e-07,-75.55000305175781,21.81999969482422,-97.37000274658203,False,3,1,1080,12201,4000,45473,10,20
almanac,NCI-H522,bo_selection,tanimoto+zero,3,740,18509,1.0000000116860974e-07,9.999999747378752e-06,-51.380001068115234,45.9900016784668,-97.37000274658203,False,29,1,10,70,4000,45473,10,20
almanac,NCI-H522,bo_selection,tanimoto+zero,4,701852,754143,9.999999974752427e-07,9.99999993922529e-09,-86.43000030517578,10.94000244140625,-97.37000274658203,False,9,1,3624,41173,4000,45473,10,20
almanac,NCI-H522,bo_selection,tanimoto+zero,5,127716,608210,9.99999993922529e-09,9.999999974752427e-07,-39.15599822998047,58.21400451660156,-97.37000274658203,False,15,1,2746,30980,4000,45473,10,20
almanac,NCI-H522,bo_selection,tanimoto+zero,6,740,18509,1.0000000116860974e-07,9.999999747378752e-06,-51.380001068115234,45.9900016784668,-97.37000274658203,False,29,1,10,70,4000,45473,10,20
almanac,NCI-H522,bo_selection,tanimoto+zero,7,750,92859,4.999999873689376e-06,6.000000212225132e-06,-88.30999755859375,9.060005187988281,-97.37000274658203,False,8,1,86,977,4000,45473,10,20
almanac,NCI-H522,bo_selection,tanimoto+zero,8,740,24559,1.0000000116860974e-07,9.999999974752427e-07,-73.4800033569336,23.889999389648438,-97.37000274658203,False,22,1,12,80,4000,45473,10,20
almanac,NCI-H522,bo_selection,tanimoto+zero,9,122758,713563,1.999999987845058e-08,9.999999747378752e-05,-52.630001068115234,44.7400016784668,-97.37000274658203,False,21,1,2524,28577,4000,45473,10,20
almanac,NCI-H522,pool_optimum,pool_optimum,-1,119875,246131,1.9999999494757503e-05,1.9999999494757503e-05,-97.37000274658203,0.0,-97.37000274658203,True,-1,1,2449,27845,4000,45473,10,20
almanac,NCI/ADR-RES,bo_selection,act_hamming+zero,0,740,9706,9.999999717180685e-10,4.999999873689376e-06,17.100000381469727,103.6100025177002,-86.51000213623047,False,18,1,12,83,4000,46904,10,20
almanac,NCI/ADR-RES,bo_selection,act_hamming+zero,1,740,9706,9.999999717180685e-10,4.999999873689376e-06,17.100000381469727,103.6100025177002,-86.51000213623047,False,18,1,12,83,4000,46904,10,20
almanac,NCI/ADR-RES,bo_selection,act_hamming+zero,2,740,9706,9.999999717180685e-10,4.999999873689376e-06,17.100000381469727,103.6100025177002,-86.51000213623047,False,18,1,12,83,4000,46904,10,20
almanac,NCI/ADR-RES,bo_selection,act_hamming+zero,3,713563,719345,9.999999747378752e-05,3.000000106112566e-07,-22.96500015258789,63.54500198364258,-86.51000213623047,False,6,1,3690,43188,4000,46904,10,20
almanac,NCI/ADR-RES,bo_selection,act_hamming+zero,4,740,9706,9.999999717180685e-10,4.999999873689376e-06,17.100000381469727,103.6100025177002,-86.51000213623047,False,18,1,12,83,4000,46904,10,20
almanac,NCI/ADR-RES,bo_selection,act_hamming+zero,5,740,9706,9.999999717180685e-10,4.999999873689376e-06,17.100000381469727,103.6100025177002,-86.51000213623047,False,18,1,12,83,4000,46904,10,20
almanac,NCI/ADR-RES,bo_selection,act_hamming+zero,6,740,9706,9.999999717180685e-10,4.999999873689376e-06,17.100000381469727,103.6100025177002,-86.51000213623047,False,18,1,12,83,4000,46904,10,20
almanac,NCI/ADR-RES,bo_selection,act_hamming+zero,7,66847,613327,9.999999974752427e-07,9.99999993922529e-09,13.460000038146973,99.97000217437744,-86.51000213623047,False,6,1,1888,21776,4000,46904,10,20
almanac,NCI/ADR-RES,bo_selection,act_hamming+zero,8,740,9706,9.999999717180685e-10,4.999999873689376e-06,17.100000381469727,103.6100025177002,-86.51000213623047,False,18,1,12,83,4000,46904,10,20
almanac,NCI/ADR-RES,bo_selection,act_hamming+zero,9,740,9706,9.999999717180685e-10,4.999999873689376e-06,17.100000381469727,103.6100025177002,-86.51000213623047,False,18,1,12,83,4000,46904,10,20
almanac,NCI/ADR-RES,bo_selection,hamming+zero,0,740,9706,9.999999717180685e-10,4.999999873689376e-06,17.100000381469727,103.6100025177002,-86.51000213623047,False,18,1,12,83,4000,46904,10,20
almanac,NCI/ADR-RES,bo_selection,hamming+zero,1,740,9706,9.999999717180685e-10,4.999999873689376e-06,17.100000381469727,103.6100025177002,-86.51000213623047,False,18,1,12,83,4000,46904,10,20
almanac,NCI/ADR-RES,bo_selection,hamming+zero,2,740,9706,9.999999717180685e-10,4.999999873689376e-06,17.100000381469727,103.6100025177002,-86.51000213623047,False,18,1,12,83,4000,46904,10,20
almanac,NCI/ADR-RES,bo_selection,hamming+zero,3,713563,719345,9.999999747378752e-05,3.000000106112566e-07,-22.96500015258789,63.54500198364258,-86.51000213623047,False,6,1,3690,43188,4000,46904,10,20
almanac,NCI/ADR-RES,bo_selection,hamming+zero,4,740,9706,9.999999717180685e-10,4.999999873689376e-06,17.100000381469727,103.6100025177002,-86.51000213623047,False,18,1,12,83,4000,46904,10,20
almanac,NCI/ADR-RES,bo_selection,hamming+zero,5,740,9706,9.999999717180685e-10,4.999999873689376e-06,17.100000381469727,103.6100025177002,-86.51000213623047,False,18,1,12,83,4000,46904,10,20
almanac,NCI/ADR-RES,bo_selection,hamming+zero,6,740,9706,9.999999717180685e-10,4.999999873689376e-06,17.100000381469727,103.6100025177002,-86.51000213623047,False,18,1,12,83,4000,46904,10,20
almanac,NCI/ADR-RES,bo_selection,hamming+zero,7,66847,613327,9.999999974752427e-07,9.99999993922529e-09,13.460000038146973,99.97000217437744,-86.51000213623047,False,6,1,1888,21776,4000,46904,10,20
almanac,NCI/ADR-RES,bo_selection,hamming+zero,8,740,9706,9.999999717180685e-10,4.999999873689376e-06,17.100000381469727,103.6100025177002,-86.51000213623047,False,18,1,12,83,4000,46904,10,20
almanac,NCI/ADR-RES,bo_selection,hamming+zero,9,740,9706,9.999999717180685e-10,4.999999873689376e-06,17.100000381469727,103.6100025177002,-86.51000213623047,False,18,1,12,83,4000,46904,10,20
almanac,NCI/ADR-RES,bo_selection,linear_curve,0,125066,681239,9.999999974752427e-07,3.000000106112566e-07,-86.51000213623047,0.0,-86.51000213623047,True,15,1,2711,31229,4000,46904,10,20
almanac,NCI/ADR-RES,bo_selection,linear_curve,1,713563,747971,9.999999747378752e-05,9.999999747378752e-06,-58.292999267578125,28.217002868652344,-86.51000213623047,False,17,1,3699,43270,4000,46904,10,20
almanac,NCI/ADR-RES,bo_selection,linear_curve,2,125066,681239,9.999999974752427e-07,3.000000106112566e-07,-86.51000213623047,0.0,-86.51000213623047,True,13,1,2711,31229,4000,46904,10,20
almanac,NCI/ADR-RES,bo_selection,linear_curve,3,125066,681239,9.999999974752427e-07,3.000000106112566e-07,-86.51000213623047,0.0,-86.51000213623047,True,19,1,2711,31229,4000,46904,10,20
almanac,NCI/ADR-RES,bo_selection,linear_curve,4,125066,681239,9.999999974752427e-07,3.000000106112566e-07,-86.51000213623047,0.0,-86.51000213623047,True,14,1,2711,31229,4000,46904,10,20
almanac,NCI/ADR-RES,bo_selection,linear_curve,5,125066,681239,9.999999974752427e-07,3.000000106112566e-07,-86.51000213623047,0.0,-86.51000213623047,True,18,1,2711,31229,4000,46904,10,20
almanac,NCI/ADR-RES,bo_selection,linear_curve,6,125066,681239,9.999999974752427e-07,3.000000106112566e-07,-86.51000213623047,0.0,-86.51000213623047,True,17,1,2711,31229,4000,46904,10,20
almanac,NCI/ADR-RES,bo_selection,linear_curve,7,125066,681239,9.999999974752427e-07,3.000000106112566e-07,-86.51000213623047,0.0,-86.51000213623047,True,10,1,2711,31229,4000,46904,10,20
almanac,NCI/ADR-RES,bo_selection,linear_curve,8,125066,681239,9.999999974752427e-07,3.000000106112566e-07,-86.51000213623047,0.0,-86.51000213623047,True,13,1,2711,31229,4000,46904,10,20
almanac,NCI/ADR-RES,bo_selection,linear_curve,9,125066,681239,9.999999974752427e-07,3.000000106112566e-07,-86.51000213623047,0.0,-86.51000213623047,True,12,1,2711,31229,4000,46904,10,20
almanac,NCI/ADR-RES,bo_selection,ours+zero,0,105014,701852,9.999999974752427e-07,9.999999974752427e-07,-45.849998474121094,40.660003662109375,-86.51000213623047,False,11,1,2368,27467,4000,46904,10,20
almanac,NCI/ADR-RES,bo_selection,ours+zero,1,125066,681239,9.999999974752427e-07,3.000000106112566e-07,-86.51000213623047,0.0,-86.51000213623047,True,11,1,2711,31229,4000,46904,10,20
almanac,NCI/ADR-RES,bo_selection,ours+zero,2,125066,606869,9.999999974752427e-07,1.0000000116860974e-07,-33.2599983215332,53.250003814697266,-86.51000213623047,False,12,1,2706,31175,4000,46904,10,20
almanac,NCI/ADR-RES,bo_selection,ours+zero,3,609699,713563,5.000000058430487e-08,9.999999747378752e-05,-47.446998596191406,39.06300354003906,-86.51000213623047,False,13,1,3458,40237,4000,46904,10,20
almanac,NCI/ADR-RES,bo_selection,ours+zero,4,125066,606869,9.999999974752427e-07,1.0000000116860974e-07,-33.2599983215332,53.250003814697266,-86.51000213623047,False,10,1,2706,31175,4000,46904,10,20
almanac,NCI/ADR-RES,bo_selection,ours+zero,5,125066,606869,9.999999974752427e-07,1.0000000116860974e-07,-33.2599983215332,53.250003814697266,-86.51000213623047,False,10,1,2706,31175,4000,46904,10,20
almanac,NCI/ADR-RES,bo_selection,ours+zero,6,105014,701852,9.999999974752427e-07,9.999999974752427e-07,-45.849998474121094,40.660003662109375,-86.51000213623047,False,10,1,2368,27467,4000,46904,10,20
almanac,NCI/ADR-RES,bo_selection,ours+zero,7,125066,681239,9.999999974752427e-07,3.000000106112566e-07,-86.51000213623047,0.0,-86.51000213623047,True,10,1,2711,31229,4000,46904,10,20
almanac,NCI/ADR-RES,bo_selection,ours+zero,8,105014,701852,9.999999974752427e-07,9.999999974752427e-07,-45.849998474121094,40.660003662109375,-86.51000213623047,False,13,1,2368,27467,4000,46904,10,20
almanac,NCI/ADR-RES,bo_selection,ours+zero,9,125066,606869,9.999999974752427e-07,1.0000000116860974e-07,-33.2599983215332,53.250003814697266,-86.51000213623047,False,11,1,2706,31175,4000,46904,10,20
almanac,NCI/ADR-RES,bo_selection,random,0,105014,701852,9.999999974752427e-07,9.999999974752427e-07,-45.849998474121094,40.660003662109375,-86.51000213623047,False,23,1,2368,27467,4000,46904,10,20
almanac,NCI/ADR-RES,bo_selection,random,1,92859,127716,6.000000212225132e-06,3.000000026176508e-09,12.90999984741211,99.41999816894531,-86.51000213623047,False,28,1,2252,26034,4000,46904,10,20
almanac,NCI/ADR-RES,bo_selection,random,2,713563,719345,9.999999747378752e-05,2.999999892949745e-08,-11.708000183105469,74.802001953125,-86.51000213623047,False,14,1,3689,43187,4000,46904,10,20
almanac,NCI/ADR-RES,bo_selection,random,3,713563,719345,9.999999747378752e-05,3.000000106112566e-07,-22.96500015258789,63.54500198364258,-86.51000213623047,False,6,1,3690,43188,4000,46904,10,20
almanac,NCI/ADR-RES,bo_selection,random,4,613327,628503,9.99999993922529e-09,3.999999886872274e-09,1.7599999904632568,88.27000427246094,-86.51000213623047,False,25,1,3482,40497,4000,46904,10,20
almanac,NCI/ADR-RES,bo_selection,random,5,715055,761432,9.999999747378752e-06,5.000000058430487e-08,-71.16100311279297,15.3489990234375,-86.51000213623047,False,28,1,3737,43636,4000,46904,10,20
almanac,NCI/ADR-RES,bo_selection,random,6,686673,713563,4.999999873689376e-06,9.999999747378752e-05,-30.069000244140625,56.441001892089844,-86.51000213623047,False,10,1,3593,41809,4000,46904,10,20
almanac,NCI/ADR-RES,bo_selection,random,7,266046,606869,5.000000058430487e-08,1.0000000116860974e-07,10.84000015258789,97.35000610351562,-86.51000213623047,False,12,1,3212,37144,4000,46904,10,20
almanac,NCI/ADR-RES,bo_selection,random,8,77213,118218,9.999999747378752e-06,6.000000212225132e-06,22.700000762939453,109.21000671386719,-86.51000213623047,False,25,1,2031,23498,4000,46904,10,20
almanac,NCI/ADR-RES,bo_selection,random,9,119875,125973,1.9999999494757503e-05,2.999999892949745e-08,27.049999237060547,113.55999755859375,-86.51000213623047,False,12,1,2483,28933,4000,46904,10,20
almanac,NCI/ADR-RES,bo_selection,tanimoto+zero,0,750,713563,9.999999747378752e-05,9.999999747378752e-05,-26.857999801635742,59.65200233459473,-86.51000213623047,False,17,1,145,1565,4000,46904,10,20
almanac,NCI/ADR-RES,bo_selection,tanimoto+zero,1,6396,713563,9.999999974752427e-07,9.999999747378752e-05,-47.83300018310547,38.677001953125,-86.51000213623047,False,21,1,674,7655,4000,46904,10,20
almanac,NCI/ADR-RES,bo_selection,tanimoto+zero,2,6396,713563,9.999999974752427e-07,9.999999747378752e-05,-47.83300018310547,38.677001953125,-86.51000213623047,False,28,1,674,7655,4000,46904,10,20
almanac,NCI/ADR-RES,bo_selection,tanimoto+zero,3,713563,753082,9.999999747378752e-05,4.999999987376214e-07,-48.053001403808594,38.457000732421875,-86.51000213623047,False,11,2,3704,43326,4000,46904,10,20
almanac,NCI/ADR-RES,bo_selection,tanimoto+zero,4,6396,713563,9.999999974752427e-07,9.999999747378752e-05,-47.83300018310547,38.677001953125,-86.51000213623047,False,24,1,674,7655,4000,46904,10,20
almanac,NCI/ADR-RES,bo_selection,tanimoto+zero,5,9706,13875,4.999999873689376e-06,1.000000013351432e-10,22.68000030517578,109.19000244140625,-86.51000213623047,False,15,1,774,8754,4000,46904,10,20
almanac,NCI/ADR-RES,bo_selection,tanimoto+zero,6,6396,713563,9.999999974752427e-07,9.999999747378752e-05,-47.83300018310547,38.677001953125,-86.51000213623047,False,20,1,674,7655,4000,46904,10,20
almanac,NCI/ADR-RES,bo_selection,tanimoto+zero,7,686673,713563,4.999999873689376e-06,9.999999747378752e-05,-30.069000244140625,56.441001892089844,-86.51000213623047,False,25,1,3593,41809,4000,46904,10,20
almanac,NCI/ADR-RES,bo_selection,tanimoto+zero,8,9706,13875,4.999999873689376e-06,1.000000013351432e-10,22.68000030517578,109.19000244140625,-86.51000213623047,False,13,1,774,8754,4000,46904,10,20
almanac,NCI/ADR-RES,bo_selection,tanimoto+zero,9,750,713563,9.999999747378752e-05,9.999999747378752e-05,-26.857999801635742,59.65200233459473,-86.51000213623047,False,13,1,145,1565,4000,46904,10,20
almanac,NCI/ADR-RES,pool_optimum,pool_optimum,-1,125066,681239,9.999999974752427e-07,3.000000106112566e-07,-86.51000213623047,0.0,-86.51000213623047,True,-1,1,2711,31229,4000,46904,10,20
almanac,OVCAR-3,bo_selection,act_hamming+zero,0,740,762,1.0000000116860974e-07,5.000000058430487e-08,-12.970000267028809,83.40999698638916,-96.37999725341797,False,12,1,3,33,4000,45023,10,20
almanac,OVCAR-3,bo_selection,act_hamming+zero,1,740,762,1.0000000116860974e-07,5.000000058430487e-08,-12.970000267028809,83.40999698638916,-96.37999725341797,False,12,1,3,33,4000,45023,10,20
almanac,OVCAR-3,bo_selection,act_hamming+zero,2,740,762,1.0000000116860974e-07,5.000000058430487e-08,-12.970000267028809,83.40999698638916,-96.37999725341797,False,12,1,3,33,4000,45023,10,20
almanac,OVCAR-3,bo_selection,act_hamming+zero,3,296961,754143,9.999999747378752e-06,9.99999993922529e-09,-67.51000213623047,28.8699951171875,-96.37999725341797,False,2,1,3257,36562,4000,45023,10,20
almanac,OVCAR-3,bo_selection,act_hamming+zero,4,125973,127716,2.999999892949745e-08,3.000000026176508e-09,-35.470001220703125,60.909996032714844,-96.37999725341797,False,4,1,2699,30225,4000,45023,10,20
almanac,OVCAR-3,bo_selection,act_hamming+zero,5,26271,754143,9.999999747378752e-05,9.99999993922529e-09,-79.5,16.87999725341797,-96.37999725341797,False,6,1,1268,14390,4000,45023,10,20
almanac,OVCAR-3,bo_selection,act_hamming+zero,6,740,762,1.0000000116860974e-07,5.000000058430487e-08,-12.970000267028809,83.40999698638916,-96.37999725341797,False,12,1,3,33,4000,45023,10,20
almanac,OVCAR-3,bo_selection,act_hamming+zero,7,67574,369100,1.0000000116860974e-07,7.000000135093387e-09,-62.2400016784668,34.13999557495117,-96.37999725341797,False,6,1,1888,21355,4000,45023,10,20
almanac,OVCAR-3,bo_selection,act_hamming+zero,8,740,762,1.0000000116860974e-07,5.000000058430487e-08,-12.970000267028809,83.40999698638916,-96.37999725341797,False,12,1,3,33,4000,45023,10,20
almanac,OVCAR-3,bo_selection,act_hamming+zero,9,752,9706,3.000000106112566e-06,4.999999987376214e-07,-46.150001525878906,50.22999572753906,-96.37999725341797,False,3,1,174,1798,4000,45023,10,20
almanac,OVCAR-3,bo_selection,hamming+zero,0,740,762,1.0000000116860974e-07,5.000000058430487e-08,-12.970000267028809,83.40999698638916,-96.37999725341797,False,12,1,3,33,4000,45023,10,20
almanac,OVCAR-3,bo_selection,hamming+zero,1,740,762,1.0000000116860974e-07,5.000000058430487e-08,-12.970000267028809,83.40999698638916,-96.37999725341797,False,12,1,3,33,4000,45023,10,20
almanac,OVCAR-3,bo_selection,hamming+zero,2,740,762,1.0000000116860974e-07,5.000000058430487e-08,-12.970000267028809,83.40999698638916,-96.37999725341797,False,12,1,3,33,4000,45023,10,20
almanac,OVCAR-3,bo_selection,hamming+zero,3,296961,754143,9.999999747378752e-06,9.99999993922529e-09,-67.51000213623047,28.8699951171875,-96.37999725341797,False,2,1,3257,36562,4000,45023,10,20
almanac,OVCAR-3,bo_selection,hamming+zero,4,125973,127716,2.999999892949745e-08,3.000000026176508e-09,-35.470001220703125,60.909996032714844,-96.37999725341797,False,4,1,2699,30225,4000,45023,10,20
almanac,OVCAR-3,bo_selection,hamming+zero,5,26271,754143,9.999999747378752e-05,9.99999993922529e-09,-79.5,16.87999725341797,-96.37999725341797,False,6,1,1268,14390,4000,45023,10,20
almanac,OVCAR-3,bo_selection,hamming+zero,6,740,762,1.0000000116860974e-07,5.000000058430487e-08,-12.970000267028809,83.40999698638916,-96.37999725341797,False,12,1,3,33,4000,45023,10,20
almanac,OVCAR-3,bo_selection,hamming+zero,7,67574,369100,1.0000000116860974e-07,7.000000135093387e-09,-62.2400016784668,34.13999557495117,-96.37999725341797,False,6,1,1888,21355,4000,45023,10,20
almanac,OVCAR-3,bo_selection,hamming+zero,8,740,762,1.0000000116860974e-07,5.000000058430487e-08,-12.970000267028809,83.40999698638916,-96.37999725341797,False,12,1,3,33,4000,45023,10,20
almanac,OVCAR-3,bo_selection,hamming+zero,9,752,9706,3.000000106112566e-06,4.999999987376214e-07,-46.150001525878906,50.22999572753906,-96.37999725341797,False,3,1,174,1798,4000,45023,10,20
almanac,OVCAR-3,bo_selection,linear_curve,0,628503,681239,3.999999975690116e-08,3.000000106112566e-07,-95.23999786376953,1.1399993896484375,-96.37999725341797,False,17,1,3475,39067,4000,45023,10,20
almanac,OVCAR-3,bo_selection,linear_curve,1,24559,681239,1.0000000116860974e-07,3.000000106112566e-07,-96.37999725341797,0.0,-96.37999725341797,True,26,1,1120,12695,4000,45023,10,20
almanac,OVCAR-3,bo_selection,linear_curve,2,628503,681239,3.999999975690116e-08,3.000000106112566e-07,-95.23999786376953,1.1399993896484375,-96.37999725341797,False,14,1,3475,39067,4000,45023,10,20
almanac,OVCAR-3,bo_selection,linear_curve,3,755,681239,1.9999999949504854e-06,3.000000106112566e-07,-95.61000061035156,0.7699966430664062,-96.37999725341797,False,28,1,285,3131,4000,45023,10,20
almanac,OVCAR-3,bo_selection,linear_curve,4,628503,681239,3.999999975690116e-08,3.000000106112566e-07,-95.23999786376953,1.1399993896484375,-96.37999725341797,False,28,1,3475,39067,4000,45023,10,20
almanac,OVCAR-3,bo_selection,linear_curve,5,9706,681239,4.999999987376214e-07,3.000000106112566e-07,-96.16999816894531,0.20999908447265625,-96.37999725341797,False,27,1,796,8861,4000,45023,10,20
almanac,OVCAR-3,bo_selection,linear_curve,6,755,681239,1.9999999949504854e-06,3.000000106112566e-07,-95.61000061035156,0.7699966430664062,-96.37999725341797,False,21,1,285,3131,4000,45023,10,20
almanac,OVCAR-3,bo_selection,linear_curve,7,628503,681239,3.999999975690116e-08,3.000000106112566e-07,-95.23999786376953,1.1399993896484375,-96.37999725341797,False,13,1,3475,39067,4000,45023,10,20
almanac,OVCAR-3,bo_selection,linear_curve,8,109724,754143,9.999999974752427e-07,9.99999993922529e-09,-73.68000030517578,22.699996948242188,-96.37999725341797,False,23,1,2394,27002,4000,45023,10,20
almanac,OVCAR-3,bo_selection,linear_curve,9,628503,681239,3.999999975690116e-08,3.000000106112566e-07,-95.23999786376953,1.1399993896484375,-96.37999725341797,False,22,1,3475,39067,4000,45023,10,20
almanac,OVCAR-3,bo_selection,ours+zero,0,24559,719345,9.999999974752427e-07,4.0000000467443897e-07,-39.91999816894531,56.459999084472656,-96.37999725341797,False,14,1,1129,12788,4000,45023,10,20
almanac,OVCAR-3,bo_selection,ours+zero,1,747971,761432,9.999999747378752e-06,4.999999969612645e-09,-46.28200149536133,50.09799575805664,-96.37999725341797,False,10,1,3911,44103,4000,45023,10,20
almanac,OVCAR-3,bo_selection,ours+zero,2,125973,628503,3.000000106112566e-07,3.999999975690116e-08,-57.13999938964844,39.23999786376953,-96.37999725341797,False,10,1,2713,30347,4000,45023,10,20
almanac,OVCAR-3,bo_selection,ours+zero,3,296961,754143,9.999999747378752e-06,9.99999993922529e-09,-67.51000213623047,28.8699951171875,-96.37999725341797,False,2,1,3257,36562,4000,45023,10,20
almanac,OVCAR-3,bo_selection,ours+zero,4,125973,719345,3.000000106112566e-07,4.0000000467443897e-07,-41.16999816894531,55.209999084472656,-96.37999725341797,False,10,1,2723,30455,4000,45023,10,20
almanac,OVCAR-3,bo_selection,ours+zero,5,26271,754143,9.999999747378752e-05,9.99999993922529e-09,-79.5,16.87999725341797,-96.37999725341797,False,6,1,1268,14390,4000,45023,10,20
almanac,OVCAR-3,bo_selection,ours+zero,6,698037,761432,1.0000000116860974e-07,5.000000058430487e-08,-49.91899871826172,46.46099853515625,-96.37999725341797,False,10,1,3595,40504,4000,45023,10,20
almanac,OVCAR-3,bo_selection,ours+zero,7,67574,369100,1.0000000116860974e-07,7.000000135093387e-09,-62.2400016784668,34.13999557495117,-96.37999725341797,False,6,1,1888,21355,4000,45023,10,20
almanac,OVCAR-3,bo_selection,ours+zero,8,19893,49842,9.999999747378752e-05,5.000000058430487e-08,-57.63399887084961,38.74599838256836,-96.37999725341797,False,11,1,1028,11564,4000,45023,10,20
almanac,OVCAR-3,bo_selection,ours+zero,9,752,9706,3.000000106112566e-06,4.999999987376214e-07,-46.150001525878906,50.22999572753906,-96.37999725341797,False,3,1,174,1798,4000,45023,10,20
almanac,OVCAR-3,bo_selection,random,0,13875,628503,7.499999810534064e-06,2.999999892949745e-08,-42.715999603271484,53.663997650146484,-96.37999725341797,False,22,1,853,9563,4000,45023,10,20
almanac,OVCAR-3,bo_selection,random,1,752,266046,9.999999747378752e-06,9.999999974752427e-07,-22.81999969482422,73.55999755859375,-96.37999725341797,False,12,1,205,2186,4000,45023,10,20
almanac,OVCAR-3,bo_selection,random,2,19893,719276,9.999999747378752e-05,1.0000000116860974e-07,11.081000328063965,107.46099853515625,-96.37999725341797,False,23,1,1069,12013,4000,45023,10,20
almanac,OVCAR-3,bo_selection,random,3,296961,754143,9.999999747378752e-06,9.99999993922529e-09,-67.51000213623047,28.8699951171875,-96.37999725341797,False,2,1,3257,36562,4000,45023,10,20
almanac,OVCAR-3,bo_selection,random,4,125973,127716,2.999999892949745e-08,3.000000026176508e-09,-35.470001220703125,60.909996032714844,-96.37999725341797,False,4,1,2699,30225,4000,45023,10,20
almanac,OVCAR-3,bo_selection,random,5,26271,754143,9.999999747378752e-05,9.99999993922529e-09,-79.5,16.87999725341797,-96.37999725341797,False,6,1,1268,14390,4000,45023,10,20
almanac,OVCAR-3,bo_selection,random,6,138783,713563,4.999999873689376e-06,9.999999747378752e-05,-66.68599700927734,29.694000244140625,-96.37999725341797,False,20,1,2802,31370,4000,45023,10,20
almanac,OVCAR-3,bo_selection,random,7,67574,369100,1.0000000116860974e-07,7.000000135093387e-09,-62.2400016784668,34.13999557495117,-96.37999725341797,False,6,1,1888,21355,4000,45023,10,20
almanac,OVCAR-3,bo_selection,random,8,721517,761432,5.000000058430487e-08,5.000000058430487e-08,-58.59400177001953,37.78599548339844,-96.37999725341797,False,18,1,3803,43018,4000,45023,10,20
almanac,OVCAR-3,bo_selection,random,9,119875,718781,1.9999999494757503e-05,1.999999987845058e-08,-59.38999938964844,36.98999786376953,-96.37999725341797,False,12,1,2483,27942,4000,45023,10,20
almanac,OVCAR-3,bo_selection,tanimoto+zero,0,750,19893,9.999999747378752e-05,9.999999747378752e-05,1.1239999532699585,97.50399720668793,-96.37999725341797,False,21,1,89,980,4000,45023,10,20
almanac,OVCAR-3,bo_selection,tanimoto+zero,1,92859,296961,6.000000212225132e-06,9.999999747378752e-05,-81.12000274658203,15.259994506835938,-96.37999725341797,False,22,1,2229,24974,4000,45023,10,20
almanac,OVCAR-3,bo_selection,tanimoto+zero,2,226080,246131,9.999999717180685e-10,1.9999999494757503e-05,1.2699999809265137,97.64999723434448,-96.37999725341797,False,24,1,3000,33509,4000,45023,10,20
almanac,OVCAR-3,bo_selection,tanimoto+zero,3,296961,754143,9.999999747378752e-06,9.99999993922529e-09,-67.51000213623047,28.8699951171875,-96.37999725341797,False,2,1,3257,36562,4000,45023,10,20
almanac,OVCAR-3,bo_selection,tanimoto+zero,4,125973,127716,2.999999892949745e-08,3.000000026176508e-09,-35.470001220703125,60.909996032714844,-96.37999725341797,False,4,1,2699,30225,4000,45023,10,20
almanac,OVCAR-3,bo_selection,tanimoto+zero,5,26271,754143,9.999999747378752e-05,9.99999993922529e-09,-79.5,16.87999725341797,-96.37999725341797,False,6,1,1268,14390,4000,45023,10,20
almanac,OVCAR-3,bo_selection,tanimoto+zero,6,71423,713563,2.9999999242136255e-05,9.999999747378752e-05,-79.38700103759766,16.992996215820312,-96.37999725341797,False,26,1,1972,22112,4000,45023,10,20
almanac,OVCAR-3,bo_selection,tanimoto+zero,7,67574,369100,1.0000000116860974e-07,7.000000135093387e-09,-62.2400016784668,34.13999557495117,-96.37999725341797,False,6,1,1888,21355,4000,45023,10,20
almanac,OVCAR-3,bo_selection,tanimoto+zero,8,71423,713563,2.9999999242136255e-05,9.999999747378752e-05,-79.38700103759766,16.992996215820312,-96.37999725341797,False,24,1,1972,22112,4000,45023,10,20
almanac,OVCAR-3,bo_selection,tanimoto+zero,9,752,9706,3.000000106112566e-06,4.999999987376214e-07,-46.150001525878906,50.22999572753906,-96.37999725341797,False,3,1,174,1798,4000,45023,10,20
almanac,OVCAR-3,pool_optimum,pool_optimum,-1,24559,681239,1.0000000116860974e-07,3.000000106112566e-07,-96.37999725341797,0.0,-96.37999725341797,True,-1,1,1120,12695,4000,45023,10,20
almanac,OVCAR-4,bo_selection,act_hamming+zero,0,740,606869,1.0000000116860974e-07,9.999999717180685e-10,-80.43000030517578,15.489997863769531,-95.91999816894531,False,4,1,46,447,4000,46076,10,20
almanac,OVCAR-4,bo_selection,act_hamming+zero,1,740,755,1.0000000116860974e-07,1.999999987845058e-08,-77.62000274658203,18.29999542236328,-95.91999816894531,False,13,1,2,24,4000,46076,10,20
almanac,OVCAR-4,bo_selection,act_hamming+zero,2,740,755,1.0000000116860974e-07,1.999999987845058e-08,-77.62000274658203,18.29999542236328,-95.91999816894531,False,13,1,2,24,4000,46076,10,20
almanac,OVCAR-4,bo_selection,act_hamming+zero,3,740,755,1.0000000116860974e-07,1.999999987845058e-08,-77.62000274658203,18.29999542236328,-95.91999816894531,False,13,1,2,24,4000,46076,10,20
almanac,OVCAR-4,bo_selection,act_hamming+zero,4,740,755,1.0000000116860974e-07,1.999999987845058e-08,-77.62000274658203,18.29999542236328,-95.91999816894531,False,13,1,2,24,4000,46076,10,20
almanac,OVCAR-4,bo_selection,act_hamming+zero,5,740,755,1.0000000116860974e-07,1.999999987845058e-08,-77.62000274658203,18.29999542236328,-95.91999816894531,False,12,1,2,24,4000,46076,10,20
almanac,OVCAR-4,bo_selection,act_hamming+zero,6,740,755,1.0000000116860974e-07,1.999999987845058e-08,-77.62000274658203,18.29999542236328,-95.91999816894531,False,13,1,2,24,4000,46076,10,20
almanac,OVCAR-4,bo_selection,act_hamming+zero,7,740,755,1.0000000116860974e-07,1.999999987845058e-08,-77.62000274658203,18.29999542236328,-95.91999816894531,False,13,1,2,24,4000,46076,10,20
almanac,OVCAR-4,bo_selection,act_hamming+zero,8,740,755,1.0000000116860974e-07,1.999999987845058e-08,-77.62000274658203,18.29999542236328,-95.91999816894531,False,13,1,2,24,4000,46076,10,20
almanac,OVCAR-4,bo_selection,act_hamming+zero,9,740,755,1.0000000116860974e-07,1.999999987845058e-08,-77.62000274658203,18.29999542236328,-95.91999816894531,False,13,1,2,24,4000,46076,10,20
almanac,OVCAR-4,bo_selection,hamming+zero,0,740,606869,1.0000000116860974e-07,9.999999717180685e-10,-80.43000030517578,15.489997863769531,-95.91999816894531,False,4,1,46,447,4000,46076,10,20
almanac,OVCAR-4,bo_selection,hamming+zero,1,740,755,1.0000000116860974e-07,1.999999987845058e-08,-77.62000274658203,18.29999542236328,-95.91999816894531,False,13,1,2,24,4000,46076,10,20
almanac,OVCAR-4,bo_selection,hamming+zero,2,740,755,1.0000000116860974e-07,1.999999987845058e-08,-77.62000274658203,18.29999542236328,-95.91999816894531,False,13,1,2,24,4000,46076,10,20
almanac,OVCAR-4,bo_selection,hamming+zero,3,740,755,1.0000000116860974e-07,1.999999987845058e-08,-77.62000274658203,18.29999542236328,-95.91999816894531,False,13,1,2,24,4000,46076,10,20
almanac,OVCAR-4,bo_selection,hamming+zero,4,740,755,1.0000000116860974e-07,1.999999987845058e-08,-77.62000274658203,18.29999542236328,-95.91999816894531,False,13,1,2,24,4000,46076,10,20
almanac,OVCAR-4,bo_selection,hamming+zero,5,740,755,1.0000000116860974e-07,1.999999987845058e-08,-77.62000274658203,18.29999542236328,-95.91999816894531,False,12,1,2,24,4000,46076,10,20
almanac,OVCAR-4,bo_selection,hamming+zero,6,740,755,1.0000000116860974e-07,1.999999987845058e-08,-77.62000274658203,18.29999542236328,-95.91999816894531,False,13,1,2,24,4000,46076,10,20
almanac,OVCAR-4,bo_selection,hamming+zero,7,740,755,1.0000000116860974e-07,1.999999987845058e-08,-77.62000274658203,18.29999542236328,-95.91999816894531,False,13,1,2,24,4000,46076,10,20
almanac,OVCAR-4,bo_selection,hamming+zero,8,740,755,1.0000000116860974e-07,1.999999987845058e-08,-77.62000274658203,18.29999542236328,-95.91999816894531,False,13,1,2,24,4000,46076,10,20
almanac,OVCAR-4,bo_selection,hamming+zero,9,740,755,1.0000000116860974e-07,1.999999987845058e-08,-77.62000274658203,18.29999542236328,-95.91999816894531,False,13,1,2,24,4000,46076,10,20
almanac,OVCAR-4,bo_selection,linear_curve,0,24559,681239,9.999999974752427e-07,3.000000106112566e-07,-95.55000305175781,0.3699951171875,-95.91999816894531,False,28,1,1113,12734,4000,46076,10,20
almanac,OVCAR-4,bo_selection,linear_curve,1,24559,681239,9.999999974752427e-07,3.000000106112566e-07,-95.55000305175781,0.3699951171875,-95.91999816894531,False,10,1,1113,12734,4000,46076,10,20
almanac,OVCAR-4,bo_selection,linear_curve,2,24559,681239,9.999999974752427e-07,3.000000106112566e-07,-95.55000305175781,0.3699951171875,-95.91999816894531,False,22,1,1113,12734,4000,46076,10,20
almanac,OVCAR-4,bo_selection,linear_curve,3,24559,681239,9.999999974752427e-07,3.000000106112566e-07,-95.55000305175781,0.3699951171875,-95.91999816894531,False,14,1,1113,12734,4000,46076,10,20
almanac,OVCAR-4,bo_selection,linear_curve,4,24559,681239,9.999999974752427e-07,3.000000106112566e-07,-95.55000305175781,0.3699951171875,-95.91999816894531,False,15,1,1113,12734,4000,46076,10,20
almanac,OVCAR-4,bo_selection,linear_curve,5,681239,712807,3.000000106112566e-07,1.9999999494757503e-05,-95.08999633789062,0.8300018310546875,-95.91999816894531,False,11,1,3555,40741,4000,46076,10,20
almanac,OVCAR-4,bo_selection,linear_curve,6,24559,681239,9.999999974752427e-07,3.000000106112566e-07,-95.55000305175781,0.3699951171875,-95.91999816894531,False,14,1,1113,12734,4000,46076,10,20
almanac,OVCAR-4,bo_selection,linear_curve,7,180973,681239,7.000000096013537e-06,3.000000106112566e-07,-95.91999816894531,0.0,-95.91999816894531,True,28,1,2929,33497,4000,46076,10,20
almanac,OVCAR-4,bo_selection,linear_curve,8,180973,681239,7.000000096013537e-06,3.000000106112566e-07,-95.91999816894531,0.0,-95.91999816894531,True,16,1,2929,33497,4000,46076,10,20
almanac,OVCAR-4,bo_selection,linear_curve,9,180973,681239,7.000000096013537e-06,3.000000106112566e-07,-95.91999816894531,0.0,-95.91999816894531,True,25,1,2929,33497,4000,46076,10,20
almanac,OVCAR-4,bo_selection,ours+zero,0,740,606869,1.0000000116860974e-07,9.999999717180685e-10,-80.43000030517578,15.489997863769531,-95.91999816894531,False,4,1,46,447,4000,46076,10,20
almanac,OVCAR-4,bo_selection,ours+zero,1,740,755,1.0000000116860974e-07,1.999999987845058e-08,-77.62000274658203,18.29999542236328,-95.91999816894531,False,15,1,2,24,4000,46076,10,20
almanac,OVCAR-4,bo_selection,ours+zero,2,740,755,1.0000000116860974e-07,1.999999987845058e-08,-77.62000274658203,18.29999542236328,-95.91999816894531,False,11,1,2,24,4000,46076,10,20
almanac,OVCAR-4,bo_selection,ours+zero,3,24559,681239,9.999999974752427e-07,3.000000106112566e-07,-95.55000305175781,0.3699951171875,-95.91999816894531,False,10,1,1113,12734,4000,46076,10,20
almanac,OVCAR-4,bo_selection,ours+zero,4,24559,681239,9.999999974752427e-07,3.000000106112566e-07,-95.55000305175781,0.3699951171875,-95.91999816894531,False,13,1,1113,12734,4000,46076,10,20
almanac,OVCAR-4,bo_selection,ours+zero,5,740,755,1.0000000116860974e-07,1.999999987845058e-08,-77.62000274658203,18.29999542236328,-95.91999816894531,False,12,1,2,24,4000,46076,10,20
almanac,OVCAR-4,bo_selection,ours+zero,6,740,755,1.0000000116860974e-07,1.999999987845058e-08,-77.62000274658203,18.29999542236328,-95.91999816894531,False,16,1,2,24,4000,46076,10,20
almanac,OVCAR-4,bo_selection,ours+zero,7,740,755,1.0000000116860974e-07,1.999999987845058e-08,-77.62000274658203,18.29999542236328,-95.91999816894531,False,15,1,2,24,4000,46076,10,20
almanac,OVCAR-4,bo_selection,ours+zero,8,740,755,1.0000000116860974e-07,1.999999987845058e-08,-77.62000274658203,18.29999542236328,-95.91999816894531,False,18,1,2,24,4000,46076,10,20
almanac,OVCAR-4,bo_selection,ours+zero,9,24559,681239,9.999999974752427e-07,3.000000106112566e-07,-95.55000305175781,0.3699951171875,-95.91999816894531,False,10,1,1113,12734,4000,46076,10,20
almanac,OVCAR-4,bo_selection,random,0,740,606869,1.0000000116860974e-07,9.999999717180685e-10,-80.43000030517578,15.489997863769531,-95.91999816894531,False,4,1,46,447,4000,46076,10,20
almanac,OVCAR-4,bo_selection,random,1,85998,698037,9.999999747378752e-05,9.999999974752427e-07,14.96500015258789,110.88499450683594,-95.91999816894531,False,0,1,2200,25046,4000,46076,10,20
almanac,OVCAR-4,bo_selection,random,2,246131,681239,1.9999999494757503e-05,3.000000106112566e-07,-93.94999694824219,1.970001220703125,-95.91999816894531,False,10,1,3097,35297,4000,46076,10,20
almanac,OVCAR-4,bo_selection,random,3,754143,755986,9.99999993922529e-09,2.499999936844688e-06,27.988000869750977,123.90799713134766,-95.91999816894531,False,24,1,3979,45786,4000,46076,10,20
almanac,OVCAR-4,bo_selection,random,4,755,218321,1.9999999949504854e-06,9.999999974752427e-07,-57.150001525878906,38.769996643066406,-95.91999816894531,False,23,1,268,2942,4000,46076,10,20
almanac,OVCAR-4,bo_selection,random,5,755,745750,1.9999999949504854e-06,3.000000106112566e-06,-74.44999694824219,21.470001220703125,-95.91999816894531,False,7,1,293,3230,4000,46076,10,20
almanac,OVCAR-4,bo_selection,random,6,127716,266046,2.999999892949745e-08,4.999999987376214e-07,46.275001525878906,142.19500732421875,-95.91999816894531,False,0,2,2757,31441,4000,46076,10,20
almanac,OVCAR-4,bo_selection,random,7,740,698037,3.000000106112566e-07,1.0000000116860974e-07,16.836999893188477,112.75699615478516,-95.91999816894531,False,20,1,51,511,4000,46076,10,20
almanac,OVCAR-4,bo_selection,random,8,740,38721,1.0000000116860974e-07,1.9999999494757503e-05,-77.12999725341797,18.790000915527344,-95.91999816894531,False,13,1,20,143,4000,46076,10,20
almanac,OVCAR-4,bo_selection,random,9,119875,701852,1.9999999494757503e-05,9.999999974752427e-07,-94.27999877929688,1.6399993896484375,-95.91999816894531,False,12,1,2483,28520,4000,46076,10,20
almanac,OVCAR-4,bo_selection,tanimoto+zero,0,740,606869,1.0000000116860974e-07,9.999999717180685e-10,-80.43000030517578,15.489997863769531,-95.91999816894531,False,4,1,46,447,4000,46076,10,20
almanac,OVCAR-4,bo_selection,tanimoto+zero,1,740,755,1.0000000116860974e-07,1.999999987845058e-08,-77.62000274658203,18.29999542236328,-95.91999816894531,False,24,1,2,24,4000,46076,10,20
almanac,OVCAR-4,bo_selection,tanimoto+zero,2,740,755,1.0000000116860974e-07,1.999999987845058e-08,-77.62000274658203,18.29999542236328,-95.91999816894531,False,19,1,2,24,4000,46076,10,20
almanac,OVCAR-4,bo_selection,tanimoto+zero,3,13875,713563,7.499999810534064e-06,9.999999747378752e-05,-61.154998779296875,34.76499938964844,-95.91999816894531,False,27,1,852,9644,4000,46076,10,20
almanac,OVCAR-4,bo_selection,tanimoto+zero,4,740,755,1.0000000116860974e-07,1.999999987845058e-08,-77.62000274658203,18.29999542236328,-95.91999816894531,False,23,1,2,24,4000,46076,10,20
almanac,OVCAR-4,bo_selection,tanimoto+zero,5,740,755,1.0000000116860974e-07,1.999999987845058e-08,-77.62000274658203,18.29999542236328,-95.91999816894531,False,12,1,2,24,4000,46076,10,20
almanac,OVCAR-4,bo_selection,tanimoto+zero,6,740,755,1.0000000116860974e-07,1.999999987845058e-08,-77.62000274658203,18.29999542236328,-95.91999816894531,False,20,1,2,24,4000,46076,10,20
almanac,OVCAR-4,bo_selection,tanimoto+zero,7,740,755,1.0000000116860974e-07,1.999999987845058e-08,-77.62000274658203,18.29999542236328,-95.91999816894531,False,24,1,2,24,4000,46076,10,20
almanac,OVCAR-4,bo_selection,tanimoto+zero,8,740,755,1.0000000116860974e-07,1.999999987845058e-08,-77.62000274658203,18.29999542236328,-95.91999816894531,False,23,1,2,24,4000,46076,10,20
almanac,OVCAR-4,bo_selection,tanimoto+zero,9,740,755,1.0000000116860974e-07,1.999999987845058e-08,-77.62000274658203,18.29999542236328,-95.91999816894531,False,18,1,2,24,4000,46076,10,20
almanac,OVCAR-4,pool_optimum,pool_optimum,-1,180973,681239,7.000000096013537e-06,3.000000106112566e-07,-95.91999816894531,0.0,-95.91999816894531,True,-1,1,2929,33497,4000,46076,10,20
almanac,OVCAR-5,bo_selection,act_hamming+zero,0,686673,754143,2.0000000233721948e-07,9.99999993922529e-09,-89.33000183105469,6.989997863769531,-96.31999969482422,False,3,1,3611,41869,4000,46778,10,20
almanac,OVCAR-5,bo_selection,act_hamming+zero,1,45923,761432,5.99999978589949e-08,5.000000058430487e-08,6.6479997634887695,102.96799945831299,-96.31999969482422,False,1,1,1734,19973,4000,46778,10,20
almanac,OVCAR-5,bo_selection,act_hamming+zero,2,747971,754143,1.9999999949504854e-06,9.99999993922529e-09,-66.12999725341797,30.19000244140625,-96.31999969482422,False,5,1,3914,45802,4000,46778,10,20
almanac,OVCAR-5,bo_selection,act_hamming+zero,3,750,681239,4.999999987376214e-07,3.000000106112566e-07,-56.79999923706055,39.52000045776367,-96.31999969482422,False,3,1,134,1478,4000,46778,10,20
almanac,OVCAR-5,bo_selection,act_hamming+zero,4,27640,754230,6.999999868639861e-08,5.999999802552836e-11,0.009999999776482582,96.3299996946007,-96.31999969482422,False,1,1,1408,16351,4000,46778,10,20
almanac,OVCAR-5,bo_selection,act_hamming+zero,5,3053,246131,1.0000000116860974e-07,1.9999999949504854e-06,-79.7300033569336,16.589996337890625,-96.31999969482422,False,2,1,515,5722,4000,46778,10,20
almanac,OVCAR-5,bo_selection,act_hamming+zero,6,740,762,1.0000000116860974e-07,4.999999873689376e-06,8.989999771118164,105.30999946594238,-96.31999969482422,False,12,1,3,35,4000,46778,10,20
almanac,OVCAR-5,bo_selection,act_hamming+zero,7,740,762,1.0000000116860974e-07,4.999999873689376e-06,8.989999771118164,105.30999946594238,-96.31999969482422,False,12,1,3,35,4000,46778,10,20
almanac,OVCAR-5,bo_selection,act_hamming+zero,8,740,762,1.0000000116860974e-07,4.999999873689376e-06,8.989999771118164,105.30999946594238,-96.31999969482422,False,12,1,3,35,4000,46778,10,20
almanac,OVCAR-5,bo_selection,act_hamming+zero,9,681239,750690,3.000000106112566e-07,9.99999993922529e-09,-47.63999938964844,48.68000030517578,-96.31999969482422,False,7,1,3576,41558,4000,46778,10,20
almanac,OVCAR-5,bo_selection,hamming+zero,0,686673,754143,2.0000000233721948e-07,9.99999993922529e-09,-89.33000183105469,6.989997863769531,-96.31999969482422,False,3,1,3611,41869,4000,46778,10,20
almanac,OVCAR-5,bo_selection,hamming+zero,1,45923,761432,5.99999978589949e-08,5.000000058430487e-08,6.6479997634887695,102.96799945831299,-96.31999969482422,False,1,1,1734,19973,4000,46778,10,20
almanac,OVCAR-5,bo_selection,hamming+zero,2,747971,754143,1.9999999949504854e-06,9.99999993922529e-09,-66.12999725341797,30.19000244140625,-96.31999969482422,False,5,1,3914,45802,4000,46778,10,20
almanac,OVCAR-5,bo_selection,hamming+zero,3,750,681239,4.999999987376214e-07,3.000000106112566e-07,-56.79999923706055,39.52000045776367,-96.31999969482422,False,3,1,134,1478,4000,46778,10,20
almanac,OVCAR-5,bo_selection,hamming+zero,4,27640,754230,6.999999868639861e-08,5.999999802552836e-11,0.009999999776482582,96.3299996946007,-96.31999969482422,False,1,1,1408,16351,4000,46778,10,20
almanac,OVCAR-5,bo_selection,hamming+zero,5,3053,246131,1.0000000116860974e-07,1.9999999949504854e-06,-79.7300033569336,16.589996337890625,-96.31999969482422,False,2,1,515,5722,4000,46778,10,20
almanac,OVCAR-5,bo_selection,hamming+zero,6,740,762,1.0000000116860974e-07,4.999999873689376e-06,8.989999771118164,105.30999946594238,-96.31999969482422,False,12,1,3,35,4000,46778,10,20
almanac,OVCAR-5,bo_selection,hamming+zero,7,740,762,1.0000000116860974e-07,4.999999873689376e-06,8.989999771118164,105.30999946594238,-96.31999969482422,False,12,1,3,35,4000,46778,10,20
almanac,OVCAR-5,bo_selection,hamming+zero,8,740,762,1.0000000116860974e-07,4.999999873689376e-06,8.989999771118164,105.30999946594238,-96.31999969482422,False,12,1,3,35,4000,46778,10,20
almanac,OVCAR-5,bo_selection,hamming+zero,9,681239,750690,3.000000106112566e-07,9.99999993922529e-09,-47.63999938964844,48.68000030517578,-96.31999969482422,False,7,1,3576,41558,4000,46778,10,20
almanac,OVCAR-5,bo_selection,linear_curve,0,747973,754143,3.000000106112566e-07,9.99999993922529e-09,-90.48999786376953,5.8300018310546875,-96.31999969482422,False,11,1,3931,46030,4000,46778,10,20
almanac,OVCAR-5,bo_selection,linear_curve,1,673596,754143,1.000000013351432e-10,9.99999993922529e-09,-96.31999969482422,0.0,-96.31999969482422,True,23,1,3556,41293,4000,46778,10,20
almanac,OVCAR-5,bo_selection,linear_curve,2,673596,754143,1.000000013351432e-10,9.99999993922529e-09,-96.31999969482422,0.0,-96.31999969482422,True,13,1,3556,41293,4000,46778,10,20
almanac,OVCAR-5,bo_selection,linear_curve,3,673596,754143,1.000000013351432e-10,9.99999993922529e-09,-96.31999969482422,0.0,-96.31999969482422,True,16,1,3556,41293,4000,46778,10,20
almanac,OVCAR-5,bo_selection,linear_curve,4,63878,754143,9.999999974752427e-07,9.99999993922529e-09,-92.01000213623047,4.30999755859375,-96.31999969482422,False,28,1,1837,21284,4000,46778,10,20
almanac,OVCAR-5,bo_selection,linear_curve,5,63878,754143,9.999999974752427e-07,9.99999993922529e-09,-92.01000213623047,4.30999755859375,-96.31999969482422,False,29,1,1837,21284,4000,46778,10,20
almanac,OVCAR-5,bo_selection,linear_curve,6,673596,754143,1.000000013351432e-10,9.99999993922529e-09,-96.31999969482422,0.0,-96.31999969482422,True,12,1,3556,41293,4000,46778,10,20
almanac,OVCAR-5,bo_selection,linear_curve,7,747973,754143,3.000000106112566e-07,9.99999993922529e-09,-90.48999786376953,5.8300018310546875,-96.31999969482422,False,10,1,3931,46030,4000,46778,10,20
almanac,OVCAR-5,bo_selection,linear_curve,8,102816,754143,3.000000106112566e-07,9.99999993922529e-09,-96.13999938964844,0.18000030517578125,-96.31999969482422,False,21,1,2324,26978,4000,46778,10,20
almanac,OVCAR-5,bo_selection,linear_curve,9,63878,754143,9.999999974752427e-07,9.99999993922529e-09,-92.01000213623047,4.30999755859375,-96.31999969482422,False,23,1,1837,21284,4000,46778,10,20
almanac,OVCAR-5,bo_selection,ours+zero,0,686673,754143,2.0000000233721948e-07,9.99999993922529e-09,-89.33000183105469,6.989997863769531,-96.31999969482422,False,3,1,3611,41869,4000,46778,10,20
almanac,OVCAR-5,bo_selection,ours+zero,1,747973,754143,3.000000106112566e-07,9.99999993922529e-09,-90.48999786376953,5.8300018310546875,-96.31999969482422,False,15,1,3931,46030,4000,46778,10,20
almanac,OVCAR-5,bo_selection,ours+zero,2,747971,754143,1.9999999949504854e-06,9.99999993922529e-09,-66.12999725341797,30.19000244140625,-96.31999969482422,False,5,1,3914,45802,4000,46778,10,20
almanac,OVCAR-5,bo_selection,ours+zero,3,750,681239,4.999999987376214e-07,3.000000106112566e-07,-56.79999923706055,39.52000045776367,-96.31999969482422,False,3,1,134,1478,4000,46778,10,20
almanac,OVCAR-5,bo_selection,ours+zero,4,740,1390,1.0000000116860974e-07,1.0000000116860974e-07,-44.79999923706055,51.52000045776367,-96.31999969482422,False,18,1,5,42,4000,46778,10,20
almanac,OVCAR-5,bo_selection,ours+zero,5,3053,246131,1.0000000116860974e-07,1.9999999949504854e-06,-79.7300033569336,16.589996337890625,-96.31999969482422,False,2,1,515,5722,4000,46778,10,20
almanac,OVCAR-5,bo_selection,ours+zero,6,608210,754143,9.999999974752427e-07,9.99999993922529e-09,-70.56099700927734,25.759002685546875,-96.31999969482422,False,11,1,3443,40012,4000,46778,10,20
almanac,OVCAR-5,bo_selection,ours+zero,7,628503,754143,3.999999975690116e-08,9.99999993922529e-09,-88.0,8.319999694824219,-96.31999969482422,False,10,1,3534,41002,4000,46778,10,20
almanac,OVCAR-5,bo_selection,ours+zero,8,747973,754143,3.000000106112566e-07,9.99999993922529e-09,-90.48999786376953,5.8300018310546875,-96.31999969482422,False,10,1,3931,46030,4000,46778,10,20
almanac,OVCAR-5,bo_selection,ours+zero,9,681239,750690,3.000000106112566e-07,9.99999993922529e-09,-47.63999938964844,48.68000030517578,-96.31999969482422,False,7,1,3576,41558,4000,46778,10,20
almanac,OVCAR-5,bo_selection,random,0,686673,754143,2.0000000233721948e-07,9.99999993922529e-09,-89.33000183105469,6.989997863769531,-96.31999969482422,False,3,1,3611,41869,4000,46778,10,20
almanac,OVCAR-5,bo_selection,random,1,45923,761432,5.99999978589949e-08,5.000000058430487e-08,6.6479997634887695,102.96800231933594,-96.31999969482422,False,1,1,1734,19973,4000,46778,10,20
almanac,OVCAR-5,bo_selection,random,2,747971,754143,1.9999999949504854e-06,9.99999993922529e-09,-66.12999725341797,30.19000244140625,-96.31999969482422,False,5,1,3914,45802,4000,46778,10,20
almanac,OVCAR-5,bo_selection,random,3,750,681239,4.999999987376214e-07,3.000000106112566e-07,-56.79999923706055,39.52000045776367,-96.31999969482422,False,3,1,134,1478,4000,46778,10,20
almanac,OVCAR-5,bo_selection,random,4,180973,628503,7.000000096013537e-06,3.999999886872274e-09,-61.81999969482422,34.5,-96.31999969482422,False,19,1,2937,34072,4000,46778,10,20
almanac,OVCAR-5,bo_selection,random,5,3053,246131,1.0000000116860974e-07,1.9999999949504854e-06,-79.7300033569336,16.589996337890625,-96.31999969482422,False,2,1,515,5722,4000,46778,10,20
almanac,OVCAR-5,bo_selection,random,6,218321,608210,1.500000053056283e-06,9.999999974752427e-07,12.666999816894531,108.98699951171875,-96.31999969482422,False,23,1,2991,34493,4000,46778,10,20
almanac,OVCAR-5,bo_selection,random,7,45923,747973,5.99999978589949e-08,2.999999892949745e-08,-32.5099983215332,63.810001373291016,-96.31999969482422,False,17,1,1723,19873,4000,46778,10,20
almanac,OVCAR-5,bo_selection,random,8,24559,613327,9.999999974752427e-07,1.000000013351432e-10,-20.8799991607666,75.44000244140625,-96.31999969482422,False,12,1,1115,13065,4000,46778,10,20
almanac,OVCAR-5,bo_selection,random,9,681239,750690,3.000000106112566e-07,9.99999993922529e-09,-47.63999938964844,48.68000030517578,-96.31999969482422,False,7,1,3576,41558,4000,46778,10,20
almanac,OVCAR-5,bo_selection,tanimoto+zero,0,686673,754143,2.0000000233721948e-07,9.99999993922529e-09,-89.33000183105469,6.989997863769531,-96.31999969482422,False,3,1,3611,41869,4000,46778,10,20
almanac,OVCAR-5,bo_selection,tanimoto+zero,1,3088,713563,9.999999747378752e-05,9.999999747378752e-05,-14.168999671936035,82.15100002288818,-96.31999969482422,False,14,1,592,6749,4000,46778,10,20
almanac,OVCAR-5,bo_selection,tanimoto+zero,2,747971,754143,1.9999999949504854e-06,9.99999993922529e-09,-66.12999725341797,30.19000244140625,-96.31999969482422,False,5,1,3914,45802,4000,46778,10,20
almanac,OVCAR-5,bo_selection,tanimoto+zero,3,750,681239,4.999999987376214e-07,3.000000106112566e-07,-56.79999923706055,39.52000045776367,-96.31999969482422,False,3,1,134,1478,4000,46778,10,20
almanac,OVCAR-5,bo_selection,tanimoto+zero,4,27640,754230,6.999999868639861e-08,5.999999802552836e-11,0.009999999776482582,96.3299996946007,-96.31999969482422,False,1,1,1408,16351,4000,46778,10,20
almanac,OVCAR-5,bo_selection,tanimoto+zero,5,3053,246131,1.0000000116860974e-07,1.9999999949504854e-06,-79.7300033569336,16.589996337890625,-96.31999969482422,False,2,1,515,5722,4000,46778,10,20
almanac,OVCAR-5,bo_selection,tanimoto+zero,6,34462,713563,4.999999873689376e-05,9.999999747378752e-05,-11.206000328063965,85.11399936676025,-96.31999969482422,False,22,1,1505,17612,4000,46778,10,20
almanac,OVCAR-5,bo_selection,tanimoto+zero,7,713563,747972,9.999999747378752e-05,2.9999999242136255e-05,-6.328999996185303,89.99099969863892,-96.31999969482422,False,28,1,3704,43162,4000,46778,10,20
almanac,OVCAR-5,bo_selection,tanimoto+zero,8,34462,713563,4.999999873689376e-05,9.999999747378752e-05,-11.206000328063965,85.11399936676025,-96.31999969482422,False,26,1,1505,17612,4000,46778,10,20
almanac,OVCAR-5,bo_selection,tanimoto+zero,9,681239,750690,3.000000106112566e-07,9.99999993922529e-09,-47.63999938964844,48.68000030517578,-96.31999969482422,False,7,1,3576,41558,4000,46778,10,20
almanac,OVCAR-5,pool_optimum,pool_optimum,-1,673596,754143,1.000000013351432e-10,9.99999993922529e-09,-96.31999969482422,0.0,-96.31999969482422,True,-1,1,3556,41293,4000,46778,10,20
almanac,OVCAR-8,bo_selection,act_hamming+zero,0,740,3053,1.0000000116860974e-07,9.99999993922529e-09,-26.979999542236328,66.25000381469727,-93.2300033569336,False,12,1,3,34,4000,46436,10,20
almanac,OVCAR-8,bo_selection,act_hamming+zero,1,740,3053,1.0000000116860974e-07,9.99999993922529e-09,-26.979999542236328,66.25000381469727,-93.2300033569336,False,12,1,3,34,4000,46436,10,20
almanac,OVCAR-8,bo_selection,act_hamming+zero,2,740,3053,1.0000000116860974e-07,9.99999993922529e-09,-26.979999542236328,66.25000381469727,-93.2300033569336,False,12,1,3,34,4000,46436,10,20
almanac,OVCAR-8,bo_selection,act_hamming+zero,3,740,3053,1.0000000116860974e-07,9.99999993922529e-09,-26.979999542236328,66.25000381469727,-93.2300033569336,False,12,1,3,34,4000,46436,10,20
almanac,OVCAR-8,bo_selection,act_hamming+zero,4,740,3053,1.0000000116860974e-07,9.99999993922529e-09,-26.979999542236328,66.25000381469727,-93.2300033569336,False,12,1,3,34,4000,46436,10,20
almanac,OVCAR-8,bo_selection,act_hamming+zero,5,740,3053,1.0000000116860974e-07,9.99999993922529e-09,-26.979999542236328,66.25000381469727,-93.2300033569336,False,12,1,3,34,4000,46436,10,20
almanac,OVCAR-8,bo_selection,act_hamming+zero,6,740,3053,1.0000000116860974e-07,9.99999993922529e-09,-26.979999542236328,66.25000381469727,-93.2300033569336,False,12,1,3,34,4000,46436,10,20
almanac,OVCAR-8,bo_selection,act_hamming+zero,7,740,3053,1.0000000116860974e-07,9.99999993922529e-09,-26.979999542236328,66.25000381469727,-93.2300033569336,False,12,1,3,34,4000,46436,10,20
almanac,OVCAR-8,bo_selection,act_hamming+zero,8,740,3053,1.0000000116860974e-07,9.99999993922529e-09,-26.979999542236328,66.25000381469727,-93.2300033569336,False,13,1,3,34,4000,46436,10,20
almanac,OVCAR-8,bo_selection,act_hamming+zero,9,740,3053,1.0000000116860974e-07,9.99999993922529e-09,-26.979999542236328,66.25000381469727,-93.2300033569336,False,12,1,3,34,4000,46436,10,20
almanac,OVCAR-8,bo_selection,hamming+zero,0,740,3053,1.0000000116860974e-07,9.99999993922529e-09,-26.979999542236328,66.25000381469727,-93.2300033569336,False,12,1,3,34,4000,46436,10,20
almanac,OVCAR-8,bo_selection,hamming+zero,1,740,3053,1.0000000116860974e-07,9.99999993922529e-09,-26.979999542236328,66.25000381469727,-93.2300033569336,False,12,1,3,34,4000,46436,10,20
almanac,OVCAR-8,bo_selection,hamming+zero,2,740,3053,1.0000000116860974e-07,9.99999993922529e-09,-26.979999542236328,66.25000381469727,-93.2300033569336,False,12,1,3,34,4000,46436,10,20
almanac,OVCAR-8,bo_selection,hamming+zero,3,740,3053,1.0000000116860974e-07,9.99999993922529e-09,-26.979999542236328,66.25000381469727,-93.2300033569336,False,12,1,3,34,4000,46436,10,20
almanac,OVCAR-8,bo_selection,hamming+zero,4,740,3053,1.0000000116860974e-07,9.99999993922529e-09,-26.979999542236328,66.25000381469727,-93.2300033569336,False,12,1,3,34,4000,46436,10,20
almanac,OVCAR-8,bo_selection,hamming+zero,5,740,3053,1.0000000116860974e-07,9.99999993922529e-09,-26.979999542236328,66.25000381469727,-93.2300033569336,False,12,1,3,34,4000,46436,10,20
almanac,OVCAR-8,bo_selection,hamming+zero,6,740,3053,1.0000000116860974e-07,9.99999993922529e-09,-26.979999542236328,66.25000381469727,-93.2300033569336,False,12,1,3,34,4000,46436,10,20
almanac,OVCAR-8,bo_selection,hamming+zero,7,740,3053,1.0000000116860974e-07,9.99999993922529e-09,-26.979999542236328,66.25000381469727,-93.2300033569336,False,12,1,3,34,4000,46436,10,20
almanac,OVCAR-8,bo_selection,hamming+zero,8,740,3053,1.0000000116860974e-07,9.99999993922529e-09,-26.979999542236328,66.25000381469727,-93.2300033569336,False,13,1,3,34,4000,46436,10,20
almanac,OVCAR-8,bo_selection,hamming+zero,9,740,3053,1.0000000116860974e-07,9.99999993922529e-09,-26.979999542236328,66.25000381469727,-93.2300033569336,False,12,1,3,34,4000,46436,10,20
almanac,OVCAR-8,bo_selection,linear_curve,0,125066,681239,9.999999974752427e-07,3.000000106112566e-07,-93.2300033569336,0.0,-93.2300033569336,True,16,1,2697,30896,4000,46436,10,20
almanac,OVCAR-8,bo_selection,linear_curve,1,125066,681239,9.999999974752427e-07,3.000000106112566e-07,-93.2300033569336,0.0,-93.2300033569336,True,19,1,2697,30896,4000,46436,10,20
almanac,OVCAR-8,bo_selection,linear_curve,2,681239,747973,3.000000106112566e-07,3.000000026176508e-09,-92.73999786376953,0.4900054931640625,-93.2300033569336,False,21,1,3568,41243,4000,46436,10,20
almanac,OVCAR-8,bo_selection,linear_curve,3,125066,681239,9.999999974752427e-07,3.000000106112566e-07,-93.2300033569336,0.0,-93.2300033569336,True,17,1,2697,30896,4000,46436,10,20
almanac,OVCAR-8,bo_selection,linear_curve,4,125066,681239,9.999999974752427e-07,3.000000106112566e-07,-93.2300033569336,0.0,-93.2300033569336,True,23,1,2697,30896,4000,46436,10,20
almanac,OVCAR-8,bo_selection,linear_curve,5,681239,745750,3.000000106112566e-07,3.000000106112566e-06,-86.1500015258789,7.0800018310546875,-93.2300033569336,False,29,1,3566,41218,4000,46436,10,20
almanac,OVCAR-8,bo_selection,linear_curve,6,606869,713563,9.999999974752427e-07,9.999999747378752e-05,-65.0770034790039,28.152999877929688,-93.2300033569336,False,15,1,3403,39166,4000,46436,10,20
almanac,OVCAR-8,bo_selection,linear_curve,7,125066,681239,9.999999974752427e-07,3.000000106112566e-07,-93.2300033569336,0.0,-93.2300033569336,True,15,1,2697,30896,4000,46436,10,20
almanac,OVCAR-8,bo_selection,linear_curve,8,606869,713563,9.999999974752427e-07,9.999999747378752e-05,-65.0770034790039,28.152999877929688,-93.2300033569336,False,12,1,3403,39166,4000,46436,10,20
almanac,OVCAR-8,bo_selection,linear_curve,9,102816,246131,3.000000106112566e-06,1.9999999494757503e-05,-67.0999984741211,26.1300048828125,-93.2300033569336,False,21,1,2290,26414,4000,46436,10,20
almanac,OVCAR-8,bo_selection,ours+zero,0,125066,681239,9.999999974752427e-07,3.000000106112566e-07,-93.2300033569336,0.0,-93.2300033569336,True,26,1,2697,30896,4000,46436,10,20
almanac,OVCAR-8,bo_selection,ours+zero,1,27640,681239,6.999999868639861e-08,3.000000106112566e-07,-82.62999725341797,10.600006103515625,-93.2300033569336,False,14,1,1381,15902,4000,46436,10,20
almanac,OVCAR-8,bo_selection,ours+zero,2,125066,681239,9.999999974752427e-07,3.000000106112566e-07,-93.2300033569336,0.0,-93.2300033569336,True,12,1,2697,30896,4000,46436,10,20
almanac,OVCAR-8,bo_selection,ours+zero,3,49842,681239,2.999999970665357e-10,3.000000106112566e-07,-88.36000061035156,4.870002746582031,-93.2300033569336,False,13,1,1760,20162,4000,46436,10,20
almanac,OVCAR-8,bo_selection,ours+zero,4,747973,754143,3.000000106112566e-07,9.99999993922529e-09,-63.0,30.230003356933594,-93.2300033569336,False,10,1,3942,45706,4000,46436,10,20
almanac,OVCAR-8,bo_selection,ours+zero,5,125066,681239,9.999999974752427e-07,3.000000106112566e-07,-93.2300033569336,0.0,-93.2300033569336,True,12,1,2697,30896,4000,46436,10,20
almanac,OVCAR-8,bo_selection,ours+zero,6,733504,747973,1.0000000116860974e-07,3.000000106112566e-07,-83.73999786376953,9.490005493164062,-93.2300033569336,False,11,1,3858,44743,4000,46436,10,20
almanac,OVCAR-8,bo_selection,ours+zero,7,125066,681239,9.999999974752427e-07,3.000000106112566e-07,-93.2300033569336,0.0,-93.2300033569336,True,11,1,2697,30896,4000,46436,10,20
almanac,OVCAR-8,bo_selection,ours+zero,8,125066,681239,9.999999974752427e-07,3.000000106112566e-07,-93.2300033569336,0.0,-93.2300033569336,True,14,1,2697,30896,4000,46436,10,20
almanac,OVCAR-8,bo_selection,ours+zero,9,125066,681239,9.999999974752427e-07,3.000000106112566e-07,-93.2300033569336,0.0,-93.2300033569336,True,19,1,2697,30896,4000,46436,10,20
almanac,OVCAR-8,bo_selection,random,0,63878,719345,9.999999974752427e-07,3.999999975690116e-08,17.010000228881836,110.24000549316406,-93.2300033569336,False,2,1,1819,20950,4000,46436,10,20
almanac,OVCAR-8,bo_selection,random,1,67574,122758,1.0000000116860974e-07,4.0000000467443897e-07,-6.849999904632568,86.3800048828125,-93.2300033569336,False,16,1,1898,21922,4000,46436,10,20
almanac,OVCAR-8,bo_selection,random,2,8806,754143,1.0000000116860974e-07,9.99999993922529e-09,12.972000122070312,106.2020034790039,-93.2300033569336,False,27,1,753,8471,4000,46436,10,20
almanac,OVCAR-8,bo_selection,random,3,752,673596,9.999999747378752e-06,2.999999892949745e-08,14.072999954223633,107.3030014038086,-93.2300033569336,False,0,1,205,2204,4000,46436,10,20
almanac,OVCAR-8,bo_selection,random,4,180973,713563,3.000000106112566e-07,9.999999747378752e-05,-18.326000213623047,74.90400695800781,-93.2300033569336,False,19,1,2937,33854,4000,46436,10,20
almanac,OVCAR-8,bo_selection,random,5,125973,760766,5.99999978589949e-08,1.9999999949504854e-06,-10.64900016784668,82.58100128173828,-93.2300033569336,False,19,1,2752,31661,4000,46436,10,20
almanac,OVCAR-8,bo_selection,random,6,125973,749226,5.99999978589949e-08,4.999999873689376e-06,-16.78499984741211,76.44500732421875,-93.2300033569336,False,2,1,2745,31598,4000,46436,10,20
almanac,OVCAR-8,bo_selection,random,7,606869,757441,9.999999974752427e-07,9.999999974752427e-07,12.82800006866455,106.0580062866211,-93.2300033569336,False,1,1,3412,39391,4000,46436,10,20
almanac,OVCAR-8,bo_selection,random,8,85998,713563,9.999999747378752e-05,9.999999747378752e-05,-19.92300033569336,73.3070068359375,-93.2300033569336,False,8,1,2209,25397,4000,46436,10,20
almanac,OVCAR-8,bo_selection,random,9,681239,747973,3.000000106112566e-07,3.000000026176508e-09,-92.73999786376953,0.4900054931640625,-93.2300033569336,False,26,1,3568,41243,4000,46436,10,20
almanac,OVCAR-8,bo_selection,tanimoto+zero,0,713563,761432,9.999999747378752e-05,4.999999858590343e-10,-62.40599822998047,30.824005126953125,-93.2300033569336,False,20,1,3707,42977,4000,46436,10,20
almanac,OVCAR-8,bo_selection,tanimoto+zero,1,1390,713563,0.00019999999494757503,9.999999747378752e-05,-43.05500030517578,50.17500305175781,-93.2300033569336,False,23,1,427,4895,4000,46436,10,20
almanac,OVCAR-8,bo_selection,tanimoto+zero,2,1390,713563,0.00019999999494757503,9.999999747378752e-05,-43.05500030517578,50.17500305175781,-93.2300033569336,False,25,1,427,4895,4000,46436,10,20
almanac,OVCAR-8,bo_selection,tanimoto+zero,3,1390,713563,0.00019999999494757503,9.999999747378752e-05,-43.05500030517578,50.17500305175781,-93.2300033569336,False,24,1,427,4895,4000,46436,10,20
almanac,OVCAR-8,bo_selection,tanimoto+zero,4,613327,713563,2.999999970665357e-10,9.999999747378752e-05,-35.17900085449219,58.051002502441406,-93.2300033569336,False,18,1,3485,40186,4000,46436,10,20
almanac,OVCAR-8,bo_selection,tanimoto+zero,5,1390,713563,0.00019999999494757503,9.999999747378752e-05,-43.05500030517578,50.17500305175781,-93.2300033569336,False,16,1,427,4895,4000,46436,10,20
almanac,OVCAR-8,bo_selection,tanimoto+zero,6,1390,713563,0.00019999999494757503,9.999999747378752e-05,-43.05500030517578,50.17500305175781,-93.2300033569336,False,13,1,427,4895,4000,46436,10,20
almanac,OVCAR-8,bo_selection,tanimoto+zero,7,1390,713563,0.00019999999494757503,9.999999747378752e-05,-43.05500030517578,50.17500305175781,-93.2300033569336,False,14,1,427,4895,4000,46436,10,20
almanac,OVCAR-8,bo_selection,tanimoto+zero,8,1390,713563,0.00019999999494757503,9.999999747378752e-05,-43.05500030517578,50.17500305175781,-93.2300033569336,False,11,1,427,4895,4000,46436,10,20
almanac,OVCAR-8,bo_selection,tanimoto+zero,9,613327,713563,2.999999970665357e-10,9.999999747378752e-05,-35.17900085449219,58.051002502441406,-93.2300033569336,False,20,1,3485,40186,4000,46436,10,20
almanac,OVCAR-8,pool_optimum,pool_optimum,-1,125066,681239,9.999999974752427e-07,3.000000106112566e-07,-93.2300033569336,0.0,-93.2300033569336,True,-1,1,2697,30896,4000,46436,10,20
almanac,PC-3,bo_selection,act_hamming+zero,0,740,6396,9.99999993922529e-09,1.0000000116860974e-07,-31.860000610351562,60.040000915527344,-91.9000015258789,False,17,1,9,66,4000,46427,10,20
almanac,PC-3,bo_selection,act_hamming+zero,1,740,6396,9.99999993922529e-09,1.0000000116860974e-07,-31.860000610351562,60.040000915527344,-91.9000015258789,False,16,1,9,66,4000,46427,10,20
almanac,PC-3,bo_selection,act_hamming+zero,2,740,6396,9.99999993922529e-09,1.0000000116860974e-07,-31.860000610351562,60.040000915527344,-91.9000015258789,False,16,1,9,66,4000,46427,10,20
almanac,PC-3,bo_selection,act_hamming+zero,3,740,6396,9.99999993922529e-09,1.0000000116860974e-07,-31.860000610351562,60.040000915527344,-91.9000015258789,False,16,1,9,66,4000,46427,10,20
almanac,PC-3,bo_selection,act_hamming+zero,4,740,6396,9.99999993922529e-09,1.0000000116860974e-07,-31.860000610351562,60.040000915527344,-91.9000015258789,False,16,1,9,66,4000,46427,10,20
almanac,PC-3,bo_selection,act_hamming+zero,5,740,6396,9.99999993922529e-09,1.0000000116860974e-07,-31.860000610351562,60.040000915527344,-91.9000015258789,False,16,1,9,66,4000,46427,10,20
almanac,PC-3,bo_selection,act_hamming+zero,6,740,6396,9.99999993922529e-09,1.0000000116860974e-07,-31.860000610351562,60.040000915527344,-91.9000015258789,False,16,1,9,66,4000,46427,10,20
almanac,PC-3,bo_selection,act_hamming+zero,7,740,6396,9.99999993922529e-09,1.0000000116860974e-07,-31.860000610351562,60.040000915527344,-91.9000015258789,False,18,1,9,66,4000,46427,10,20
almanac,PC-3,bo_selection,act_hamming+zero,8,740,6396,9.99999993922529e-09,1.0000000116860974e-07,-31.860000610351562,60.040000915527344,-91.9000015258789,False,16,1,9,66,4000,46427,10,20
almanac,PC-3,bo_selection,act_hamming+zero,9,681239,750690,3.000000106112566e-07,1.0000000116860974e-07,-37.0,54.900001525878906,-91.9000015258789,False,7,1,3576,41235,4000,46427,10,20
almanac,PC-3,bo_selection,hamming+zero,0,740,6396,9.99999993922529e-09,1.0000000116860974e-07,-31.860000610351562,60.040000915527344,-91.9000015258789,False,17,1,9,66,4000,46427,10,20
almanac,PC-3,bo_selection,hamming+zero,1,740,6396,9.99999993922529e-09,1.0000000116860974e-07,-31.860000610351562,60.040000915527344,-91.9000015258789,False,16,1,9,66,4000,46427,10,20
almanac,PC-3,bo_selection,hamming+zero,2,740,6396,9.99999993922529e-09,1.0000000116860974e-07,-31.860000610351562,60.040000915527344,-91.9000015258789,False,16,1,9,66,4000,46427,10,20
almanac,PC-3,bo_selection,hamming+zero,3,740,6396,9.99999993922529e-09,1.0000000116860974e-07,-31.860000610351562,60.040000915527344,-91.9000015258789,False,16,1,9,66,4000,46427,10,20
almanac,PC-3,bo_selection,hamming+zero,4,740,6396,9.99999993922529e-09,1.0000000116860974e-07,-31.860000610351562,60.040000915527344,-91.9000015258789,False,16,1,9,66,4000,46427,10,20
almanac,PC-3,bo_selection,hamming+zero,5,740,6396,9.99999993922529e-09,1.0000000116860974e-07,-31.860000610351562,60.040000915527344,-91.9000015258789,False,16,1,9,66,4000,46427,10,20
almanac,PC-3,bo_selection,hamming+zero,6,740,6396,9.99999993922529e-09,1.0000000116860974e-07,-31.860000610351562,60.040000915527344,-91.9000015258789,False,16,1,9,66,4000,46427,10,20
almanac,PC-3,bo_selection,hamming+zero,7,740,6396,9.99999993922529e-09,1.0000000116860974e-07,-31.860000610351562,60.040000915527344,-91.9000015258789,False,18,1,9,66,4000,46427,10,20
almanac,PC-3,bo_selection,hamming+zero,8,740,6396,9.99999993922529e-09,1.0000000116860974e-07,-31.860000610351562,60.040000915527344,-91.9000015258789,False,16,1,9,66,4000,46427,10,20
almanac,PC-3,bo_selection,hamming+zero,9,681239,750690,3.000000106112566e-07,1.0000000116860974e-07,-37.0,54.900001525878906,-91.9000015258789,False,7,1,3576,41235,4000,46427,10,20
almanac,PC-3,bo_selection,linear_curve,0,681239,750690,3.000000106112566e-07,1.0000000116860974e-07,-37.0,54.900001525878906,-91.9000015258789,False,24,1,3576,41235,4000,46427,10,20
almanac,PC-3,bo_selection,linear_curve,1,125973,681239,3.000000106112566e-07,3.000000106112566e-07,-91.44999694824219,0.45000457763671875,-91.9000015258789,False,23,1,2743,31472,4000,46427,10,20
almanac,PC-3,bo_selection,linear_curve,2,24559,681239,9.999999974752427e-07,3.000000106112566e-07,-82.56999969482422,9.330001831054688,-91.9000015258789,False,14,1,1128,13031,4000,46427,10,20
almanac,PC-3,bo_selection,linear_curve,3,125973,681239,3.000000106112566e-07,3.000000106112566e-07,-91.44999694824219,0.45000457763671875,-91.9000015258789,False,16,1,2743,31472,4000,46427,10,20
almanac,PC-3,bo_selection,linear_curve,4,24559,681239,9.999999974752427e-07,3.000000106112566e-07,-82.56999969482422,9.330001831054688,-91.9000015258789,False,19,1,1128,13031,4000,46427,10,20
almanac,PC-3,bo_selection,linear_curve,5,681239,747599,3.000000106112566e-07,9.99999993922529e-09,-51.59000015258789,40.310001373291016,-91.9000015258789,False,21,1,3572,41180,4000,46427,10,20
almanac,PC-3,bo_selection,linear_curve,6,369100,681239,7.000000024071085e-10,3.000000106112566e-07,-91.9000015258789,0.0,-91.9000015258789,True,25,1,3345,38422,4000,46427,10,20
almanac,PC-3,bo_selection,linear_curve,7,369100,681239,7.000000024071085e-10,3.000000106112566e-07,-91.9000015258789,0.0,-91.9000015258789,True,27,1,3345,38422,4000,46427,10,20
almanac,PC-3,bo_selection,linear_curve,8,369100,681239,7.000000024071085e-10,3.000000106112566e-07,-91.9000015258789,0.0,-91.9000015258789,True,26,1,3345,38422,4000,46427,10,20
almanac,PC-3,bo_selection,linear_curve,9,125973,681239,3.000000106112566e-07,3.000000106112566e-07,-91.44999694824219,0.45000457763671875,-91.9000015258789,False,24,1,2743,31472,4000,46427,10,20
almanac,PC-3,bo_selection,ours+zero,0,123127,681239,4.999999987376214e-07,3.000000106112566e-07,-91.41999816894531,0.48000335693359375,-91.9000015258789,False,10,1,2655,30509,4000,46427,10,20
almanac,PC-3,bo_selection,ours+zero,1,673596,754143,9.99999993922529e-09,9.99999993922529e-09,-76.30000305175781,15.599998474121094,-91.9000015258789,False,10,1,3561,41047,4000,46427,10,20
almanac,PC-3,bo_selection,ours+zero,2,673596,754143,9.99999993922529e-09,9.99999993922529e-09,-76.30000305175781,15.599998474121094,-91.9000015258789,False,17,1,3561,41047,4000,46427,10,20
almanac,PC-3,bo_selection,ours+zero,3,673596,754143,9.99999993922529e-09,9.99999993922529e-09,-76.30000305175781,15.599998474121094,-91.9000015258789,False,12,1,3561,41047,4000,46427,10,20
almanac,PC-3,bo_selection,ours+zero,4,673596,754143,9.99999993922529e-09,9.99999993922529e-09,-76.30000305175781,15.599998474121094,-91.9000015258789,False,17,1,3561,41047,4000,46427,10,20
almanac,PC-3,bo_selection,ours+zero,5,24559,681239,9.999999974752427e-07,3.000000106112566e-07,-82.56999969482422,9.330001831054688,-91.9000015258789,False,12,1,1128,13031,4000,46427,10,20
almanac,PC-3,bo_selection,ours+zero,6,24559,681239,9.999999974752427e-07,3.000000106112566e-07,-82.56999969482422,9.330001831054688,-91.9000015258789,False,13,1,1128,13031,4000,46427,10,20
almanac,PC-3,bo_selection,ours+zero,7,750,92859,4.999999873689376e-05,6.000000212225132e-06,-39.7599983215332,52.1400032043457,-91.9000015258789,False,12,1,105,1151,4000,46427,10,20
almanac,PC-3,bo_selection,ours+zero,8,24559,681239,9.999999974752427e-07,3.000000106112566e-07,-82.56999969482422,9.330001831054688,-91.9000015258789,False,14,1,1128,13031,4000,46427,10,20
almanac,PC-3,bo_selection,ours+zero,9,123127,681239,4.999999987376214e-07,3.000000106112566e-07,-91.41999816894531,0.48000335693359375,-91.9000015258789,False,10,1,2655,30509,4000,46427,10,20
almanac,PC-3,bo_selection,random,0,24559,606869,9.999999974752427e-07,9.999999717180685e-10,-7.480000019073486,84.41999816894531,-91.9000015258789,False,5,1,1125,12984,4000,46427,10,20
almanac,PC-3,bo_selection,random,1,279836,761432,4.999999987376214e-07,4.999999858590343e-10,28.219999313354492,120.12000274658203,-91.9000015258789,False,19,1,3267,37580,4000,46427,10,20
almanac,PC-3,bo_selection,random,2,713563,719344,9.999999747378752e-05,2.999999892949745e-08,21.389999389648438,113.29000091552734,-91.9000015258789,False,14,1,3689,42720,4000,46427,10,20
almanac,PC-3,bo_selection,random,3,38721,754143,2.0000000233721948e-07,9.99999993922529e-09,-19.3700008392334,72.52999877929688,-91.9000015258789,False,20,1,1607,18434,4000,46427,10,20
almanac,PC-3,bo_selection,random,4,125066,608210,9.99999993922529e-09,9.999999974752427e-07,7.859000205993652,99.75900268554688,-91.9000015258789,False,4,1,2699,30911,4000,46427,10,20
almanac,PC-3,bo_selection,random,5,740,32065,1.0000000116860974e-07,2.0000000233721948e-07,-8.640000343322754,83.26000213623047,-91.9000015258789,False,18,1,24,177,4000,46427,10,20
almanac,PC-3,bo_selection,random,6,279836,737754,4.999999987376214e-07,1.0000000116860974e-07,27.4950008392334,119.39500427246094,-91.9000015258789,False,29,1,3255,37427,4000,46427,10,20
almanac,PC-3,bo_selection,random,7,745750,754230,2.999999892949745e-08,5.999999802552836e-11,-6.289999961853027,85.61000061035156,-91.9000015258789,False,9,1,3906,45195,4000,46427,10,20
almanac,PC-3,bo_selection,random,8,141540,754143,5.000000058430487e-08,9.99999993922529e-09,-4.796000003814697,87.10400390625,-91.9000015258789,False,24,1,2875,33194,4000,46427,10,20
almanac,PC-3,bo_selection,random,9,681239,750690,3.000000106112566e-07,1.0000000116860974e-07,-37.0,54.900001525878906,-91.9000015258789,False,7,1,3576,41235,4000,46427,10,20
almanac,PC-3,bo_selection,tanimoto+zero,0,24559,606869,9.999999974752427e-07,9.999999717180685e-10,-7.480000019073486,84.42000150680542,-91.9000015258789,False,5,1,1125,12984,4000,46427,10,20
almanac,PC-3,bo_selection,tanimoto+zero,1,750,92859,4.999999873689376e-05,6.000000212225132e-06,-39.7599983215332,52.1400032043457,-91.9000015258789,False,11,1,105,1151,4000,46427,10,20
almanac,PC-3,bo_selection,tanimoto+zero,2,754143,754230,1.000000013351432e-10,5.999999976025183e-12,-0.9200000166893005,90.9800015091896,-91.9000015258789,False,11,1,3978,46121,4000,46427,10,20
almanac,PC-3,bo_selection,tanimoto+zero,3,754143,754230,1.000000013351432e-10,5.999999976025183e-12,-0.9200000166893005,90.9800015091896,-91.9000015258789,False,11,1,3978,46121,4000,46427,10,20
almanac,PC-3,bo_selection,tanimoto+zero,4,745750,754230,3.000000106112566e-06,5.999999976025183e-12,-5.880000114440918,86.02000141143799,-91.9000015258789,False,26,1,3908,45200,4000,46427,10,20
almanac,PC-3,bo_selection,tanimoto+zero,5,750,92859,4.999999873689376e-05,6.000000212225132e-06,-39.7599983215332,52.1400032043457,-91.9000015258789,False,24,1,105,1151,4000,46427,10,20
almanac,PC-3,bo_selection,tanimoto+zero,6,750,92859,4.999999873689376e-05,6.000000212225132e-06,-39.7599983215332,52.1400032043457,-91.9000015258789,False,16,1,105,1151,4000,46427,10,20
almanac,PC-3,bo_selection,tanimoto+zero,7,745750,754230,2.999999892949745e-08,5.999999802552836e-11,-6.289999961853027,85.61000156402588,-91.9000015258789,False,9,1,3906,45195,4000,46427,10,20
almanac,PC-3,bo_selection,tanimoto+zero,8,750,92859,4.999999873689376e-05,6.000000212225132e-06,-39.7599983215332,52.1400032043457,-91.9000015258789,False,18,1,105,1151,4000,46427,10,20
almanac,PC-3,bo_selection,tanimoto+zero,9,681239,750690,3.000000106112566e-07,1.0000000116860974e-07,-37.0,54.900001525878906,-91.9000015258789,False,7,1,3576,41235,4000,46427,10,20
almanac,PC-3,pool_optimum,pool_optimum,-1,369100,681239,7.000000024071085e-10,3.000000106112566e-07,-91.9000015258789,0.0,-91.9000015258789,True,-1,1,3345,38422,4000,46427,10,20
almanac,RPMI-8226,bo_selection,act_hamming+zero,0,740,19893,2.999999892949745e-08,9.999999747378752e-05,-71.53700256347656,26.51300048828125,-98.05000305175781,False,29,1,19,122,4000,44699,10,20
almanac,RPMI-8226,bo_selection,act_hamming+zero,1,740,19893,2.999999892949745e-08,9.999999747378752e-05,-71.53700256347656,26.51300048828125,-98.05000305175781,False,29,1,19,122,4000,44699,10,20
almanac,RPMI-8226,bo_selection,act_hamming+zero,2,127716,681239,2.999999892949745e-08,3.000000106112566e-07,-96.44999694824219,1.600006103515625,-98.05000305175781,False,2,1,2777,30758,4000,44699,10,20
almanac,RPMI-8226,bo_selection,act_hamming+zero,3,740,19893,2.999999892949745e-08,9.999999747378752e-05,-71.53700256347656,26.51300048828125,-98.05000305175781,False,29,1,19,122,4000,44699,10,20
almanac,RPMI-8226,bo_selection,act_hamming+zero,4,701852,747973,9.999999974752427e-07,3.000000106112566e-07,-96.80000305175781,1.25,-98.05000305175781,False,9,1,3624,40489,4000,44699,10,20
almanac,RPMI-8226,bo_selection,act_hamming+zero,5,79037,755986,4.999999873689376e-05,2.499999993688107e-07,-80.02799987792969,18.022003173828125,-98.05000305175781,False,1,1,2110,23487,4000,44699,10,20
almanac,RPMI-8226,bo_selection,act_hamming+zero,6,125973,747599,2.999999892949745e-08,9.999999974752427e-07,-85.5199966430664,12.530006408691406,-98.05000305175781,False,2,1,2745,30434,4000,44699,10,20
almanac,RPMI-8226,bo_selection,act_hamming+zero,7,740,19893,2.999999892949745e-08,9.999999747378752e-05,-71.53700256347656,26.51300048828125,-98.05000305175781,False,29,1,19,122,4000,44699,10,20
almanac,RPMI-8226,bo_selection,act_hamming+zero,8,92859,743414,6.000000212225132e-06,4.999999987376214e-07,-85.8499984741211,12.200004577636719,-98.05000305175781,False,9,1,2267,25144,4000,44699,10,20
almanac,RPMI-8226,bo_selection,act_hamming+zero,9,740,19893,2.999999892949745e-08,9.999999747378752e-05,-71.53700256347656,26.51300048828125,-98.05000305175781,False,29,1,19,122,4000,44699,10,20
almanac,RPMI-8226,bo_selection,hamming+zero,0,740,19893,2.999999892949745e-08,9.999999747378752e-05,-71.53700256347656,26.51300048828125,-98.05000305175781,False,29,1,19,122,4000,44699,10,20
almanac,RPMI-8226,bo_selection,hamming+zero,1,740,19893,2.999999892949745e-08,9.999999747378752e-05,-71.53700256347656,26.51300048828125,-98.05000305175781,False,29,1,19,122,4000,44699,10,20
almanac,RPMI-8226,bo_selection,hamming+zero,2,127716,681239,2.999999892949745e-08,3.000000106112566e-07,-96.44999694824219,1.600006103515625,-98.05000305175781,False,2,1,2777,30758,4000,44699,10,20
almanac,RPMI-8226,bo_selection,hamming+zero,3,740,19893,2.999999892949745e-08,9.999999747378752e-05,-71.53700256347656,26.51300048828125,-98.05000305175781,False,29,1,19,122,4000,44699,10,20
almanac,RPMI-8226,bo_selection,hamming+zero,4,701852,747973,9.999999974752427e-07,3.000000106112566e-07,-96.80000305175781,1.25,-98.05000305175781,False,9,1,3624,40489,4000,44699,10,20
almanac,RPMI-8226,bo_selection,hamming+zero,5,79037,755986,4.999999873689376e-05,2.499999993688107e-07,-80.02799987792969,18.022003173828125,-98.05000305175781,False,1,1,2110,23487,4000,44699,10,20
almanac,RPMI-8226,bo_selection,hamming+zero,6,125973,747599,2.999999892949745e-08,9.999999974752427e-07,-85.5199966430664,12.530006408691406,-98.05000305175781,False,2,1,2745,30434,4000,44699,10,20
almanac,RPMI-8226,bo_selection,hamming+zero,7,740,19893,2.999999892949745e-08,9.999999747378752e-05,-71.53700256347656,26.51300048828125,-98.05000305175781,False,29,1,19,122,4000,44699,10,20
almanac,RPMI-8226,bo_selection,hamming+zero,8,92859,743414,6.000000212225132e-06,4.999999987376214e-07,-85.8499984741211,12.200004577636719,-98.05000305175781,False,9,1,2267,25144,4000,44699,10,20
almanac,RPMI-8226,bo_selection,hamming+zero,9,740,19893,2.999999892949745e-08,9.999999747378752e-05,-71.53700256347656,26.51300048828125,-98.05000305175781,False,29,1,19,122,4000,44699,10,20
almanac,RPMI-8226,bo_selection,linear_curve,0,127716,681239,3.000000106112566e-07,3.000000106112566e-07,-98.05000305175781,0.0,-98.05000305175781,True,10,1,2778,30761,4000,44699,10,20
almanac,RPMI-8226,bo_selection,linear_curve,1,14229,82151,3.000000106112566e-06,2.0000000233721948e-07,-93.11900329589844,4.930999755859375,-98.05000305175781,False,26,1,899,9962,4000,44699,10,20
almanac,RPMI-8226,bo_selection,linear_curve,2,127716,681239,3.000000106112566e-07,3.000000106112566e-07,-98.05000305175781,0.0,-98.05000305175781,True,26,1,2778,30761,4000,44699,10,20
almanac,RPMI-8226,bo_selection,linear_curve,3,92859,102816,6.000000212225132e-06,3.000000106112566e-06,-95.23999786376953,2.8100051879882812,-98.05000305175781,False,12,1,2221,24695,4000,44699,10,20
almanac,RPMI-8226,bo_selection,linear_curve,4,701852,747973,9.999999974752427e-07,3.000000106112566e-07,-96.80000305175781,1.25,-98.05000305175781,False,9,1,3624,40489,4000,44699,10,20
almanac,RPMI-8226,bo_selection,linear_curve,5,92859,102816,6.000000212225132e-06,3.000000106112566e-06,-95.23999786376953,2.8100051879882812,-98.05000305175781,False,15,1,2221,24695,4000,44699,10,20
almanac,RPMI-8226,bo_selection,linear_curve,6,279836,750690,4.999999987376214e-07,6.999999868639861e-07,-89.1780014038086,8.872001647949219,-98.05000305175781,False,19,1,3250,36133,4000,44699,10,20
almanac,RPMI-8226,bo_selection,linear_curve,7,740,92859,1.0000000116860974e-07,6.000000212225132e-06,-96.04000091552734,2.0100021362304688,-98.05000305175781,False,22,1,37,305,4000,44699,10,20
almanac,RPMI-8226,bo_selection,linear_curve,8,127716,681239,3.000000106112566e-07,3.000000106112566e-07,-98.05000305175781,0.0,-98.05000305175781,True,27,1,2778,30761,4000,44699,10,20
almanac,RPMI-8226,bo_selection,linear_curve,9,79037,761432,4.999999873689376e-05,4.999999969612645e-09,-93.1050033569336,4.944999694824219,-98.05000305175781,False,12,1,2113,23524,4000,44699,10,20
almanac,RPMI-8226,bo_selection,ours+zero,0,19893,749226,9.999999747378752e-05,4.999999873689376e-06,-76.33100128173828,21.71900177001953,-98.05000305175781,False,12,1,1078,12023,4000,44699,10,20
almanac,RPMI-8226,bo_selection,ours+zero,1,754143,756645,9.99999993922529e-09,9.99999993922529e-09,-53.981998443603516,44.0680046081543,-98.05000305175781,False,2,1,3972,44435,4000,44699,10,20
almanac,RPMI-8226,bo_selection,ours+zero,2,127716,681239,2.999999892949745e-08,3.000000106112566e-07,-96.44999694824219,1.600006103515625,-98.05000305175781,False,2,1,2777,30758,4000,44699,10,20
almanac,RPMI-8226,bo_selection,ours+zero,3,82151,122819,2.0000000233721948e-07,9.999999974752427e-07,-89.31900024414062,8.731002807617188,-98.05000305175781,False,10,1,2123,23615,4000,44699,10,20
almanac,RPMI-8226,bo_selection,ours+zero,4,701852,747973,9.999999974752427e-07,3.000000106112566e-07,-96.80000305175781,1.25,-98.05000305175781,False,9,1,3624,40489,4000,44699,10,20
almanac,RPMI-8226,bo_selection,ours+zero,5,79037,755986,4.999999873689376e-05,2.499999993688107e-07,-80.02799987792969,18.022003173828125,-98.05000305175781,False,1,1,2110,23487,4000,44699,10,20
almanac,RPMI-8226,bo_selection,ours+zero,6,125973,747599,2.999999892949745e-08,9.999999974752427e-07,-85.5199966430664,12.530006408691406,-98.05000305175781,False,2,1,2745,30434,4000,44699,10,20
almanac,RPMI-8226,bo_selection,ours+zero,7,740,19893,2.999999892949745e-08,9.999999747378752e-05,-71.53700256347656,26.51300048828125,-98.05000305175781,False,29,1,19,122,4000,44699,10,20
almanac,RPMI-8226,bo_selection,ours+zero,8,92859,743414,6.000000212225132e-06,4.999999987376214e-07,-85.8499984741211,12.200004577636719,-98.05000305175781,False,9,1,2267,25144,4000,44699,10,20
almanac,RPMI-8226,bo_selection,ours+zero,9,127716,681239,3.000000106112566e-07,3.000000106112566e-07,-98.05000305175781,0.0,-98.05000305175781,True,12,1,2778,30761,4000,44699,10,20
almanac,RPMI-8226,bo_selection,random,0,14229,246131,2.999999892949745e-08,1.9999999494757503e-05,-94.70999908447266,3.3400039672851562,-98.05000305175781,False,21,1,911,10145,4000,44699,10,20
almanac,RPMI-8226,bo_selection,random,1,218321,761432,1.4999999621068127e-05,4.999999969612645e-09,-90.4219970703125,7.6280059814453125,-98.05000305175781,False,21,1,3010,33307,4000,44699,10,20
almanac,RPMI-8226,bo_selection,random,2,127716,681239,2.999999892949745e-08,3.000000106112566e-07,-96.44999694824219,1.600006103515625,-98.05000305175781,False,2,1,2777,30758,4000,44699,10,20
almanac,RPMI-8226,bo_selection,random,3,762,119875,5.000000058430487e-08,1.9999999494757503e-05,-71.7300033569336,26.31999969482422,-98.05000305175781,False,17,1,341,3755,4000,44699,10,20
almanac,RPMI-8226,bo_selection,random,4,701852,747973,9.999999974752427e-07,3.000000106112566e-07,-96.80000305175781,1.25,-98.05000305175781,False,9,1,3624,40489,4000,44699,10,20
almanac,RPMI-8226,bo_selection,random,5,180973,761432,2.999999892949745e-08,4.999999969612645e-09,-90.677001953125,7.3730010986328125,-98.05000305175781,False,23,1,2965,32878,4000,44699,10,20
almanac,RPMI-8226,bo_selection,random,6,125973,747599,2.999999892949745e-08,9.999999974752427e-07,-85.5199966430664,12.530006408691406,-98.05000305175781,False,2,1,2745,30434,4000,44699,10,20
almanac,RPMI-8226,bo_selection,random,7,24559,613327,9.999999974752427e-07,1.000000013351432e-10,-97.19000244140625,0.8600006103515625,-98.05000305175781,False,27,1,1115,12534,4000,44699,10,20
almanac,RPMI-8226,bo_selection,random,8,24559,613327,9.999999974752427e-07,1.000000013351432e-10,-97.19000244140625,0.8600006103515625,-98.05000305175781,False,12,1,1115,12534,4000,44699,10,20
almanac,RPMI-8226,bo_selection,random,9,118218,246131,5.99999978589949e-08,1.9999999494757503e-05,-95.7699966430664,2.2800064086914062,-98.05000305175781,False,16,1,2424,27173,4000,44699,10,20
almanac,RPMI-8226,bo_selection,tanimoto+zero,0,3053,19893,1.000000013351432e-10,9.999999747378752e-05,-76.15699768066406,21.89300537109375,-98.05000305175781,False,13,1,476,5195,4000,44699,10,20
almanac,RPMI-8226,bo_selection,tanimoto+zero,1,740,19893,2.999999892949745e-08,9.999999747378752e-05,-71.53700256347656,26.51300048828125,-98.05000305175781,False,29,1,19,122,4000,44699,10,20
almanac,RPMI-8226,bo_selection,tanimoto+zero,2,127716,681239,2.999999892949745e-08,3.000000106112566e-07,-96.44999694824219,1.600006103515625,-98.05000305175781,False,2,1,2777,30758,4000,44699,10,20
almanac,RPMI-8226,bo_selection,tanimoto+zero,3,3053,19893,1.000000013351432e-10,9.999999747378752e-05,-76.15699768066406,21.89300537109375,-98.05000305175781,False,18,1,476,5195,4000,44699,10,20
almanac,RPMI-8226,bo_selection,tanimoto+zero,4,701852,747973,9.999999974752427e-07,3.000000106112566e-07,-96.80000305175781,1.25,-98.05000305175781,False,9,1,3624,40489,4000,44699,10,20
almanac,RPMI-8226,bo_selection,tanimoto+zero,5,79037,755986,4.999999873689376e-05,2.499999993688107e-07,-80.02799987792969,18.022003173828125,-98.05000305175781,False,1,1,2110,23487,4000,44699,10,20
almanac,RPMI-8226,bo_selection,tanimoto+zero,6,125973,747599,2.999999892949745e-08,9.999999974752427e-07,-85.5199966430664,12.530006408691406,-98.05000305175781,False,2,1,2745,30434,4000,44699,10,20
almanac,RPMI-8226,bo_selection,tanimoto+zero,7,740,19893,2.999999892949745e-08,9.999999747378752e-05,-71.53700256347656,26.51300048828125,-98.05000305175781,False,29,1,19,122,4000,44699,10,20
almanac,RPMI-8226,bo_selection,tanimoto+zero,8,92859,743414,6.000000212225132e-06,4.999999987376214e-07,-85.8499984741211,12.200004577636719,-98.05000305175781,False,9,1,2267,25144,4000,44699,10,20
almanac,RPMI-8226,bo_selection,tanimoto+zero,9,241240,713563,4.999999873689376e-05,9.999999747378752e-05,-91.70099639892578,6.349006652832031,-98.05000305175781,False,13,1,3059,33965,4000,44699,10,20
almanac,RPMI-8226,pool_optimum,pool_optimum,-1,127716,681239,3.000000106112566e-07,3.000000106112566e-07,-98.05000305175781,0.0,-98.05000305175781,True,-1,1,2778,30761,4000,44699,10,20
almanac,RXF 393,bo_selection,act_hamming+zero,0,740,24559,1.0000000116860974e-07,9.999999974752427e-07,-94.9000015258789,3.3600006103515625,-98.26000213623047,False,27,1,17,116,4000,44627,10,20
almanac,RXF 393,bo_selection,act_hamming+zero,1,740,24559,1.0000000116860974e-07,9.999999974752427e-07,-94.9000015258789,3.3600006103515625,-98.26000213623047,False,27,1,17,116,4000,44627,10,20
almanac,RXF 393,bo_selection,act_hamming+zero,2,740,24559,1.0000000116860974e-07,9.999999974752427e-07,-94.9000015258789,3.3600006103515625,-98.26000213623047,False,21,1,17,116,4000,44627,10,20
almanac,RXF 393,bo_selection,act_hamming+zero,3,740,24559,1.0000000116860974e-07,9.999999974752427e-07,-94.9000015258789,3.3600006103515625,-98.26000213623047,False,27,1,17,116,4000,44627,10,20
almanac,RXF 393,bo_selection,act_hamming+zero,4,740,24559,1.0000000116860974e-07,9.999999974752427e-07,-94.9000015258789,3.3600006103515625,-98.26000213623047,False,27,1,17,116,4000,44627,10,20
almanac,RXF 393,bo_selection,act_hamming+zero,5,740,24559,1.0000000116860974e-07,9.999999974752427e-07,-94.9000015258789,3.3600006103515625,-98.26000213623047,False,21,1,17,116,4000,44627,10,20
almanac,RXF 393,bo_selection,act_hamming+zero,6,26980,681239,4.999999987376214e-07,3.000000106112566e-07,-97.5999984741211,0.660003662109375,-98.26000213623047,False,6,1,1325,14759,4000,44627,10,20
almanac,RXF 393,bo_selection,act_hamming+zero,7,740,24559,1.0000000116860974e-07,9.999999974752427e-07,-94.9000015258789,3.3600006103515625,-98.26000213623047,False,27,1,17,116,4000,44627,10,20
almanac,RXF 393,bo_selection,act_hamming+zero,8,740,24559,1.0000000116860974e-07,9.999999974752427e-07,-94.9000015258789,3.3600006103515625,-98.26000213623047,False,21,1,17,116,4000,44627,10,20
almanac,RXF 393,bo_selection,act_hamming+zero,9,740,24559,1.0000000116860974e-07,9.999999974752427e-07,-94.9000015258789,3.3600006103515625,-98.26000213623047,False,21,1,17,116,4000,44627,10,20
almanac,RXF 393,bo_selection,hamming+zero,0,740,24559,1.0000000116860974e-07,9.999999974752427e-07,-94.9000015258789,3.3600006103515625,-98.26000213623047,False,27,1,17,116,4000,44627,10,20
almanac,RXF 393,bo_selection,hamming+zero,1,740,24559,1.0000000116860974e-07,9.999999974752427e-07,-94.9000015258789,3.3600006103515625,-98.26000213623047,False,27,1,17,116,4000,44627,10,20
almanac,RXF 393,bo_selection,hamming+zero,2,740,24559,1.0000000116860974e-07,9.999999974752427e-07,-94.9000015258789,3.3600006103515625,-98.26000213623047,False,21,1,17,116,4000,44627,10,20
almanac,RXF 393,bo_selection,hamming+zero,3,740,24559,1.0000000116860974e-07,9.999999974752427e-07,-94.9000015258789,3.3600006103515625,-98.26000213623047,False,27,1,17,116,4000,44627,10,20
almanac,RXF 393,bo_selection,hamming+zero,4,740,24559,1.0000000116860974e-07,9.999999974752427e-07,-94.9000015258789,3.3600006103515625,-98.26000213623047,False,27,1,17,116,4000,44627,10,20
almanac,RXF 393,bo_selection,hamming+zero,5,740,24559,1.0000000116860974e-07,9.999999974752427e-07,-94.9000015258789,3.3600006103515625,-98.26000213623047,False,21,1,17,116,4000,44627,10,20
almanac,RXF 393,bo_selection,hamming+zero,6,26980,681239,4.999999987376214e-07,3.000000106112566e-07,-97.5999984741211,0.660003662109375,-98.26000213623047,False,6,1,1325,14759,4000,44627,10,20
almanac,RXF 393,bo_selection,hamming+zero,7,740,24559,1.0000000116860974e-07,9.999999974752427e-07,-94.9000015258789,3.3600006103515625,-98.26000213623047,False,27,1,17,116,4000,44627,10,20
almanac,RXF 393,bo_selection,hamming+zero,8,740,24559,1.0000000116860974e-07,9.999999974752427e-07,-94.9000015258789,3.3600006103515625,-98.26000213623047,False,21,1,17,116,4000,44627,10,20
almanac,RXF 393,bo_selection,hamming+zero,9,740,24559,1.0000000116860974e-07,9.999999974752427e-07,-94.9000015258789,3.3600006103515625,-98.26000213623047,False,21,1,17,116,4000,44627,10,20
almanac,RXF 393,bo_selection,linear_curve,0,681239,701852,3.000000106112566e-07,9.999999974752427e-07,-98.26000213623047,0.0,-98.26000213623047,True,16,1,3540,39427,4000,44627,10,20
almanac,RXF 393,bo_selection,linear_curve,1,681239,701852,3.000000106112566e-07,9.999999974752427e-07,-98.26000213623047,0.0,-98.26000213623047,True,18,1,3540,39427,4000,44627,10,20
almanac,RXF 393,bo_selection,linear_curve,2,26271,681239,9.999999747378752e-05,3.000000106112566e-07,-97.69000244140625,0.5699996948242188,-98.26000213623047,False,28,1,1256,14057,4000,44627,10,20
almanac,RXF 393,bo_selection,linear_curve,3,681239,701852,3.000000106112566e-07,9.999999974752427e-07,-98.26000213623047,0.0,-98.26000213623047,True,25,1,3540,39427,4000,44627,10,20
almanac,RXF 393,bo_selection,linear_curve,4,138783,713563,4.999999873689376e-05,9.999999747378752e-05,-88.71600341796875,9.543998718261719,-98.26000213623047,False,19,1,2794,30923,4000,44627,10,20
almanac,RXF 393,bo_selection,linear_curve,5,45923,681239,5.99999978589949e-08,3.000000106112566e-07,-96.69999694824219,1.5600051879882812,-98.26000213623047,False,19,1,1718,18911,4000,44627,10,20
almanac,RXF 393,bo_selection,linear_curve,6,26980,681239,4.999999987376214e-07,3.000000106112566e-07,-97.5999984741211,0.660003662109375,-98.26000213623047,False,6,1,1325,14759,4000,44627,10,20
almanac,RXF 393,bo_selection,linear_curve,7,26271,681239,9.999999747378752e-05,3.000000106112566e-07,-97.69000244140625,0.5699996948242188,-98.26000213623047,False,11,1,1256,14057,4000,44627,10,20
almanac,RXF 393,bo_selection,linear_curve,8,26271,681239,9.999999747378752e-05,3.000000106112566e-07,-97.69000244140625,0.5699996948242188,-98.26000213623047,False,15,1,1256,14057,4000,44627,10,20
almanac,RXF 393,bo_selection,linear_curve,9,138783,713563,4.999999873689376e-05,9.999999747378752e-05,-88.71600341796875,9.543998718261719,-98.26000213623047,False,21,1,2794,30923,4000,44627,10,20
almanac,RXF 393,bo_selection,ours+zero,0,740,24559,1.0000000116860974e-07,9.999999974752427e-07,-94.9000015258789,3.3600006103515625,-98.26000213623047,False,27,1,17,116,4000,44627,10,20
almanac,RXF 393,bo_selection,ours+zero,1,740,24559,1.0000000116860974e-07,9.999999974752427e-07,-94.9000015258789,3.3600006103515625,-98.26000213623047,False,27,1,17,116,4000,44627,10,20
almanac,RXF 393,bo_selection,ours+zero,2,740,24559,1.0000000116860974e-07,9.999999974752427e-07,-94.9000015258789,3.3600006103515625,-98.26000213623047,False,29,1,17,116,4000,44627,10,20
almanac,RXF 393,bo_selection,ours+zero,3,740,24559,1.0000000116860974e-07,9.999999974752427e-07,-94.9000015258789,3.3600006103515625,-98.26000213623047,False,27,1,17,116,4000,44627,10,20
almanac,RXF 393,bo_selection,ours+zero,4,740,24559,1.0000000116860974e-07,9.999999974752427e-07,-94.9000015258789,3.3600006103515625,-98.26000213623047,False,27,1,17,116,4000,44627,10,20
almanac,RXF 393,bo_selection,ours+zero,5,125066,761432,9.99999993922529e-09,5.000000058430487e-08,-34.983001708984375,63.277000427246094,-98.26000213623047,False,11,1,2688,29651,4000,44627,10,20
almanac,RXF 393,bo_selection,ours+zero,6,26980,681239,4.999999987376214e-07,3.000000106112566e-07,-97.5999984741211,0.660003662109375,-98.26000213623047,False,6,1,1325,14759,4000,44627,10,20
almanac,RXF 393,bo_selection,ours+zero,7,740,24559,1.0000000116860974e-07,9.999999974752427e-07,-94.9000015258789,3.3600006103515625,-98.26000213623047,False,27,1,17,116,4000,44627,10,20
almanac,RXF 393,bo_selection,ours+zero,8,180973,761432,2.999999892949745e-08,5.000000058430487e-08,-38.986000061035156,59.27400207519531,-98.26000213623047,False,24,1,2929,32582,4000,44627,10,20
almanac,RXF 393,bo_selection,ours+zero,9,740,24559,1.0000000116860974e-07,9.999999974752427e-07,-94.9000015258789,3.3600006103515625,-98.26000213623047,False,28,1,17,116,4000,44627,10,20
almanac,RXF 393,bo_selection,random,0,246131,719627,1.9999999494757503e-05,5.000000058430487e-08,-88.01000213623047,10.25,-98.26000213623047,False,6,1,3077,34125,4000,44627,10,20
almanac,RXF 393,bo_selection,random,1,119875,712807,1.9999999494757503e-05,2.0000000233721948e-07,-55.16999816894531,43.090003967285156,-98.26000213623047,False,7,1,2454,27366,4000,44627,10,20
almanac,RXF 393,bo_selection,random,2,686673,754143,2.0000000233721948e-07,9.99999993922529e-09,-1.5499999523162842,96.70999908447266,-98.26000213623047,False,18,1,3586,39916,4000,44627,10,20
almanac,RXF 393,bo_selection,random,3,92859,180973,6.000000212225132e-06,6.999999868639861e-08,-78.06999969482422,20.19000244140625,-98.26000213623047,False,9,1,2253,24900,4000,44627,10,20
almanac,RXF 393,bo_selection,random,4,125973,713563,5.999999941330714e-10,9.999999747378752e-05,-82.85600280761719,15.403999328613281,-98.26000213623047,False,4,1,2699,29909,4000,44627,10,20
almanac,RXF 393,bo_selection,random,5,119875,712807,1.9999999494757503e-05,2.0000000233721948e-07,-55.16999816894531,43.090003967285156,-98.26000213623047,False,20,1,2454,27366,4000,44627,10,20
almanac,RXF 393,bo_selection,random,6,26980,681239,4.999999987376214e-07,3.000000106112566e-07,-97.5999984741211,0.660003662109375,-98.26000213623047,False,6,1,1325,14759,4000,44627,10,20
almanac,RXF 393,bo_selection,random,7,747973,754143,3.000000106112566e-07,9.99999993922529e-09,-90.87999725341797,7.3800048828125,-98.26000213623047,False,7,1,3932,43897,4000,44627,10,20
almanac,RXF 393,bo_selection,random,8,49842,246131,2.999999970665357e-10,1.9999999494757503e-05,-91.20999908447266,7.0500030517578125,-98.26000213623047,False,21,1,1763,19406,4000,44627,10,20
almanac,RXF 393,bo_selection,random,9,24559,26271,9.999999974752427e-07,9.999999747378752e-06,-92.87000274658203,5.3899993896484375,-98.26000213623047,False,24,1,1094,12148,4000,44627,10,20
almanac,RXF 393,bo_selection,tanimoto+zero,0,740,24559,1.0000000116860974e-07,9.999999974752427e-07,-94.9000015258789,3.3600006103515625,-98.26000213623047,False,27,1,17,116,4000,44627,10,20
almanac,RXF 393,bo_selection,tanimoto+zero,1,740,24559,1.0000000116860974e-07,9.999999974752427e-07,-94.9000015258789,3.3600006103515625,-98.26000213623047,False,27,1,17,116,4000,44627,10,20
almanac,RXF 393,bo_selection,tanimoto+zero,2,125973,713563,5.999999941330714e-10,9.999999747378752e-05,-82.85600280761719,15.403999328613281,-98.26000213623047,False,16,1,2699,29909,4000,44627,10,20
almanac,RXF 393,bo_selection,tanimoto+zero,3,740,24559,1.0000000116860974e-07,9.999999974752427e-07,-94.9000015258789,3.3600006103515625,-98.26000213623047,False,27,1,17,116,4000,44627,10,20
almanac,RXF 393,bo_selection,tanimoto+zero,4,740,24559,1.0000000116860974e-07,9.999999974752427e-07,-94.9000015258789,3.3600006103515625,-98.26000213623047,False,27,1,17,116,4000,44627,10,20
almanac,RXF 393,bo_selection,tanimoto+zero,5,122819,713563,9.99999993922529e-09,9.999999747378752e-05,-81.64900207519531,16.611000061035156,-98.26000213623047,False,18,1,2577,28451,4000,44627,10,20
almanac,RXF 393,bo_selection,tanimoto+zero,6,26980,681239,4.999999987376214e-07,3.000000106112566e-07,-97.5999984741211,0.660003662109375,-98.26000213623047,False,6,1,1325,14759,4000,44627,10,20
almanac,RXF 393,bo_selection,tanimoto+zero,7,740,24559,1.0000000116860974e-07,9.999999974752427e-07,-94.9000015258789,3.3600006103515625,-98.26000213623047,False,27,1,17,116,4000,44627,10,20
almanac,RXF 393,bo_selection,tanimoto+zero,8,713563,747972,9.999999747378752e-05,2.9999999242136255e-05,-84.85299682617188,13.407005310058594,-98.26000213623047,False,26,1,3683,41128,4000,44627,10,20
almanac,RXF 393,bo_selection,tanimoto+zero,9,92859,296961,6.000000212225132e-06,9.999999747378752e-05,-74.73999786376953,23.520004272460938,-98.26000213623047,False,21,1,2256,24965,4000,44627,10,20
almanac,RXF 393,pool_optimum,pool_optimum,-1,681239,701852,3.000000106112566e-07,9.999999974752427e-07,-98.26000213623047,0.0,-98.26000213623047,True,-1,1,3540,39427,4000,44627,10,20
almanac,SF-268,bo_selection,act_hamming+zero,0,24559,747599,9.999999974752427e-07,9.999999974752427e-07,-23.68000030517578,69.19000244140625,-92.87000274658203,False,5,1,1125,13202,4000,46742,10,20
almanac,SF-268,bo_selection,act_hamming+zero,1,740,14229,1.0000000116860974e-07,3.000000106112566e-06,6.239999771118164,99.1100025177002,-92.87000274658203,False,19,1,14,98,4000,46742,10,20
almanac,SF-268,bo_selection,act_hamming+zero,2,740,14229,1.0000000116860974e-07,3.000000106112566e-06,6.239999771118164,99.1100025177002,-92.87000274658203,False,19,1,14,98,4000,46742,10,20
almanac,SF-268,bo_selection,act_hamming+zero,3,92859,702294,6.000000212225132e-06,9.999999747378752e-06,-47.41999816894531,45.45000457763672,-92.87000274658203,False,9,1,2253,26089,4000,46742,10,20
almanac,SF-268,bo_selection,act_hamming+zero,4,740,14229,1.0000000116860974e-07,3.000000106112566e-06,6.239999771118164,99.1100025177002,-92.87000274658203,False,19,1,14,98,4000,46742,10,20
almanac,SF-268,bo_selection,act_hamming+zero,5,226080,754143,1.0000000116860974e-07,9.99999993922529e-09,-64.04000091552734,28.830001831054688,-92.87000274658203,False,3,1,3030,35171,4000,46742,10,20
almanac,SF-268,bo_selection,act_hamming+zero,6,740,14229,1.0000000116860974e-07,3.000000106112566e-06,6.239999771118164,99.1100025177002,-92.87000274658203,False,19,1,14,98,4000,46742,10,20
almanac,SF-268,bo_selection,act_hamming+zero,7,67574,119875,1.0000000116860974e-07,1.9999999494757503e-05,-60.119998931884766,32.750003814697266,-92.87000274658203,False,6,1,1888,22040,4000,46742,10,20
almanac,SF-268,bo_selection,act_hamming+zero,8,740,14229,1.0000000116860974e-07,3.000000106112566e-06,6.239999771118164,99.1100025177002,-92.87000274658203,False,19,1,14,98,4000,46742,10,20
almanac,SF-268,bo_selection,act_hamming+zero,9,740,14229,1.0000000116860974e-07,3.000000106112566e-06,6.239999771118164,99.1100025177002,-92.87000274658203,False,19,1,14,98,4000,46742,10,20
almanac,SF-268,bo_selection,hamming+zero,0,24559,747599,9.999999974752427e-07,9.999999974752427e-07,-23.68000030517578,69.19000244140625,-92.87000274658203,False,5,1,1125,13202,4000,46742,10,20
almanac,SF-268,bo_selection,hamming+zero,1,740,14229,1.0000000116860974e-07,3.000000106112566e-06,6.239999771118164,99.1100025177002,-92.87000274658203,False,19,1,14,98,4000,46742,10,20
almanac,SF-268,bo_selection,hamming+zero,2,740,14229,1.0000000116860974e-07,3.000000106112566e-06,6.239999771118164,99.1100025177002,-92.87000274658203,False,19,1,14,98,4000,46742,10,20
almanac,SF-268,bo_selection,hamming+zero,3,92859,702294,6.000000212225132e-06,9.999999747378752e-06,-47.41999816894531,45.45000457763672,-92.87000274658203,False,9,1,2253,26089,4000,46742,10,20
almanac,SF-268,bo_selection,hamming+zero,4,740,14229,1.0000000116860974e-07,3.000000106112566e-06,6.239999771118164,99.1100025177002,-92.87000274658203,False,19,1,14,98,4000,46742,10,20
almanac,SF-268,bo_selection,hamming+zero,5,226080,754143,1.0000000116860974e-07,9.99999993922529e-09,-64.04000091552734,28.830001831054688,-92.87000274658203,False,3,1,3030,35171,4000,46742,10,20
almanac,SF-268,bo_selection,hamming+zero,6,740,14229,1.0000000116860974e-07,3.000000106112566e-06,6.239999771118164,99.1100025177002,-92.87000274658203,False,19,1,14,98,4000,46742,10,20
almanac,SF-268,bo_selection,hamming+zero,7,67574,119875,1.0000000116860974e-07,1.9999999494757503e-05,-60.119998931884766,32.750003814697266,-92.87000274658203,False,6,1,1888,22040,4000,46742,10,20
almanac,SF-268,bo_selection,hamming+zero,8,740,14229,1.0000000116860974e-07,3.000000106112566e-06,6.239999771118164,99.1100025177002,-92.87000274658203,False,19,1,14,98,4000,46742,10,20
almanac,SF-268,bo_selection,hamming+zero,9,740,14229,1.0000000116860974e-07,3.000000106112566e-06,6.239999771118164,99.1100025177002,-92.87000274658203,False,19,1,14,98,4000,46742,10,20
almanac,SF-268,bo_selection,linear_curve,0,681239,719627,3.000000106112566e-07,4.999999873689376e-06,-88.02999877929688,4.840003967285156,-92.87000274658203,False,23,1,3550,41425,4000,46742,10,20
almanac,SF-268,bo_selection,linear_curve,1,9706,754143,4.999999873689376e-06,9.99999993922529e-09,-89.5999984741211,3.2700042724609375,-92.87000274658203,False,19,1,817,9386,4000,46742,10,20
almanac,SF-268,bo_selection,linear_curve,2,24559,681239,9.999999974752427e-07,3.000000106112566e-07,-80.83000183105469,12.040000915527344,-92.87000274658203,False,27,1,1110,13058,4000,46742,10,20
almanac,SF-268,bo_selection,linear_curve,3,681239,743414,3.000000106112566e-07,4.999999987376214e-07,-88.68000030517578,4.19000244140625,-92.87000274658203,False,26,1,3552,41469,4000,46742,10,20
almanac,SF-268,bo_selection,linear_curve,4,681239,719344,3.000000106112566e-07,9.99999993922529e-09,-90.68000030517578,2.19000244140625,-92.87000274658203,False,25,1,3549,41406,4000,46742,10,20
almanac,SF-268,bo_selection,linear_curve,5,750,681239,4.999999873689376e-05,3.000000106112566e-07,-89.97000122070312,2.9000015258789062,-92.87000274658203,False,11,1,132,1475,4000,46742,10,20
almanac,SF-268,bo_selection,linear_curve,6,241240,681239,1.9999999494757503e-05,3.000000106112566e-07,-92.16999816894531,0.7000045776367188,-92.87000274658203,False,23,1,3045,35378,4000,46742,10,20
almanac,SF-268,bo_selection,linear_curve,7,24559,681239,9.999999974752427e-07,3.000000106112566e-07,-80.83000183105469,12.040000915527344,-92.87000274658203,False,17,1,1110,13058,4000,46742,10,20
almanac,SF-268,bo_selection,linear_curve,8,241240,681239,1.9999999494757503e-05,3.000000106112566e-07,-92.16999816894531,0.7000045776367188,-92.87000274658203,False,22,1,3045,35378,4000,46742,10,20
almanac,SF-268,bo_selection,linear_curve,9,628503,681239,3.999999886872274e-09,3.000000106112566e-07,-86.58999633789062,6.280006408691406,-92.87000274658203,False,19,1,3495,40702,4000,46742,10,20
almanac,SF-268,bo_selection,ours+zero,0,119875,369100,1.9999999494757503e-05,7.000000135093387e-09,-58.880001068115234,33.9900016784668,-92.87000274658203,False,17,1,2475,28870,4000,46742,10,20
almanac,SF-268,bo_selection,ours+zero,1,241240,681239,1.9999999494757503e-05,3.000000106112566e-07,-92.16999816894531,0.7000045776367188,-92.87000274658203,False,12,1,3045,35378,4000,46742,10,20
almanac,SF-268,bo_selection,ours+zero,2,241240,681239,1.9999999494757503e-05,3.000000106112566e-07,-92.16999816894531,0.7000045776367188,-92.87000274658203,False,12,1,3045,35378,4000,46742,10,20
almanac,SF-268,bo_selection,ours+zero,3,92859,702294,6.000000212225132e-06,9.999999747378752e-06,-47.41999816894531,45.45000457763672,-92.87000274658203,False,9,1,2253,26089,4000,46742,10,20
almanac,SF-268,bo_selection,ours+zero,4,752,713563,9.999999747378752e-06,9.999999747378752e-05,-33.611000061035156,59.259002685546875,-92.87000274658203,False,10,1,222,2411,4000,46742,10,20
almanac,SF-268,bo_selection,ours+zero,5,226080,754143,1.0000000116860974e-07,9.99999993922529e-09,-64.04000091552734,28.830001831054688,-92.87000274658203,False,3,1,3030,35171,4000,46742,10,20
almanac,SF-268,bo_selection,ours+zero,6,628503,754143,3.999999975690116e-08,9.99999993922529e-09,-67.94000244140625,24.93000030517578,-92.87000274658203,False,14,1,3512,40948,4000,46742,10,20
almanac,SF-268,bo_selection,ours+zero,7,67574,119875,1.0000000116860974e-07,1.9999999494757503e-05,-60.119998931884766,32.750003814697266,-92.87000274658203,False,6,1,1888,22040,4000,46742,10,20
almanac,SF-268,bo_selection,ours+zero,8,241240,681239,1.9999999494757503e-05,3.000000106112566e-07,-92.16999816894531,0.7000045776367188,-92.87000274658203,False,16,1,3045,35378,4000,46742,10,20
almanac,SF-268,bo_selection,ours+zero,9,125066,609699,9.999999974752427e-07,1.0000000116860974e-07,-23.31999969482422,69.55000305175781,-92.87000274658203,False,11,1,2679,31004,4000,46742,10,20
almanac,SF-268,bo_selection,random,0,24559,747599,9.999999974752427e-07,9.999999974752427e-07,-23.68000030517578,69.19000244140625,-92.87000274658203,False,5,1,1125,13202,4000,46742,10,20
almanac,SF-268,bo_selection,random,1,750,713563,9.999999974752427e-07,9.999999747378752e-05,-20.503000259399414,72.36700439453125,-92.87000274658203,False,22,1,138,1523,4000,46742,10,20
almanac,SF-268,bo_selection,random,2,686673,747973,1.9999999949504854e-06,3.000000106112566e-07,2.109999895095825,94.9800033569336,-92.87000274658203,False,18,1,3586,41800,4000,46742,10,20
almanac,SF-268,bo_selection,random,3,92859,702294,6.000000212225132e-06,9.999999747378752e-06,-47.41999816894531,45.45000457763672,-92.87000274658203,False,9,1,2253,26089,4000,46742,10,20
almanac,SF-268,bo_selection,random,4,125973,715055,5.99999978589949e-08,1.0000000116860974e-07,1.0290000438690186,93.89900207519531,-92.87000274658203,False,13,1,2726,31623,4000,46742,10,20
almanac,SF-268,bo_selection,random,5,226080,754143,1.0000000116860974e-07,9.99999993922529e-09,-64.04000091552734,28.830001831054688,-92.87000274658203,False,3,1,3030,35171,4000,46742,10,20
almanac,SF-268,bo_selection,random,6,34462,606869,4.999999873689376e-05,9.999999974752427e-07,-3.578000068664551,89.29199981689453,-92.87000274658203,False,22,1,1495,17468,4000,46742,10,20
almanac,SF-268,bo_selection,random,7,79037,754143,4.999999873689376e-06,9.99999993922529e-09,-79.89900207519531,12.971000671386719,-92.87000274658203,False,11,1,2105,24440,4000,46742,10,20
almanac,SF-268,bo_selection,random,8,606869,609699,9.99999993922529e-09,1.0000000116860974e-07,17.110000610351562,109.9800033569336,-92.87000274658203,False,1,1,3374,39316,4000,46742,10,20
almanac,SF-268,bo_selection,random,9,119875,613327,1.9999999494757503e-05,9.99999993922529e-09,-60.79999923706055,32.070003509521484,-92.87000274658203,False,12,1,2483,28916,4000,46742,10,20
almanac,SF-268,bo_selection,tanimoto+zero,0,24559,747599,9.999999974752427e-07,9.999999974752427e-07,-23.68000030517578,69.19000244140625,-92.87000274658203,False,5,1,1125,13202,4000,46742,10,20
almanac,SF-268,bo_selection,tanimoto+zero,1,628503,713563,2.999999970665357e-10,9.999999747378752e-05,-31.59000015258789,61.28000259399414,-92.87000274658203,False,19,1,3500,40753,4000,46742,10,20
almanac,SF-268,bo_selection,tanimoto+zero,2,750,92859,4.999999873689376e-05,6.000000212225132e-06,-56.790000915527344,36.08000183105469,-92.87000274658203,False,20,1,105,1178,4000,46742,10,20
almanac,SF-268,bo_selection,tanimoto+zero,3,92859,702294,6.000000212225132e-06,9.999999747378752e-06,-47.41999816894531,45.45000457763672,-92.87000274658203,False,9,1,2253,26089,4000,46742,10,20
almanac,SF-268,bo_selection,tanimoto+zero,4,609699,713563,5.000000058430487e-08,9.999999747378752e-05,-39.064998626708984,53.80500411987305,-92.87000274658203,False,25,1,3438,40102,4000,46742,10,20
almanac,SF-268,bo_selection,tanimoto+zero,5,226080,754143,1.0000000116860974e-07,9.99999993922529e-09,-64.04000091552734,28.830001831054688,-92.87000274658203,False,3,1,3030,35171,4000,46742,10,20
almanac,SF-268,bo_selection,tanimoto+zero,6,750,92859,4.999999873689376e-05,6.000000212225132e-06,-56.790000915527344,36.08000183105469,-92.87000274658203,False,11,1,105,1178,4000,46742,10,20
almanac,SF-268,bo_selection,tanimoto+zero,7,67574,119875,1.0000000116860974e-07,1.9999999494757503e-05,-60.119998931884766,32.750003814697266,-92.87000274658203,False,6,1,1888,22040,4000,46742,10,20
almanac,SF-268,bo_selection,tanimoto+zero,8,38721,119875,1.9999999494757503e-05,1.9999999494757503e-05,-57.16999816894531,35.70000457763672,-92.87000274658203,False,14,1,1537,17981,4000,46742,10,20
almanac,SF-268,bo_selection,tanimoto+zero,9,628503,713563,2.999999970665357e-10,9.999999747378752e-05,-31.59000015258789,61.28000259399414,-92.87000274658203,False,21,1,3500,40753,4000,46742,10,20
almanac,SF-268,pool_optimum,pool_optimum,-1,102816,754143,3.000000106112566e-06,9.99999993922529e-09,-92.87000274658203,0.0,-92.87000274658203,True,-1,1,2318,26900,4000,46742,10,20
almanac,SF-295,bo_selection,act_hamming+zero,0,740,25154,1.0000000116860974e-07,3.000000106112566e-06,-34.849998474121094,60.27000427246094,-95.12000274658203,False,20,1,16,106,4000,45140,10,20
almanac,SF-295,bo_selection,act_hamming+zero,1,755,681239,1.999999987845058e-08,3.000000106112566e-07,-83.97000122070312,11.150001525878906,-95.12000274658203,False,8,1,281,3044,4000,45140,10,20
almanac,SF-295,bo_selection,act_hamming+zero,2,740,25154,1.0000000116860974e-07,3.000000106112566e-06,-34.849998474121094,60.27000427246094,-95.12000274658203,False,20,1,16,106,4000,45140,10,20
almanac,SF-295,bo_selection,act_hamming+zero,3,740,25154,1.0000000116860974e-07,3.000000106112566e-06,-34.849998474121094,60.27000427246094,-95.12000274658203,False,20,1,16,106,4000,45140,10,20
almanac,SF-295,bo_selection,act_hamming+zero,4,740,25154,1.0000000116860974e-07,3.000000106112566e-06,-34.849998474121094,60.27000427246094,-95.12000274658203,False,21,1,16,106,4000,45140,10,20
almanac,SF-295,bo_selection,act_hamming+zero,5,740,25154,1.0000000116860974e-07,3.000000106112566e-06,-34.849998474121094,60.27000427246094,-95.12000274658203,False,20,1,16,106,4000,45140,10,20
almanac,SF-295,bo_selection,act_hamming+zero,6,85998,218321,9.999999747378752e-05,9.99999993922529e-09,-76.04000091552734,19.080001831054688,-95.12000274658203,False,4,1,2189,24333,4000,45140,10,20
almanac,SF-295,bo_selection,act_hamming+zero,7,740,25154,1.0000000116860974e-07,3.000000106112566e-06,-34.849998474121094,60.27000427246094,-95.12000274658203,False,20,1,16,106,4000,45140,10,20
almanac,SF-295,bo_selection,act_hamming+zero,8,740,25154,1.0000000116860974e-07,3.000000106112566e-06,-34.849998474121094,60.27000427246094,-95.12000274658203,False,20,1,16,106,4000,45140,10,20
almanac,SF-295,bo_selection,act_hamming+zero,9,740,25154,1.0000000116860974e-07,3.000000106112566e-06,-34.849998474121094,60.27000427246094,-95.12000274658203,False,20,1,16,106,4000,45140,10,20
almanac,SF-295,bo_selection,hamming+zero,0,740,25154,1.0000000116860974e-07,3.000000106112566e-06,-34.849998474121094,60.27000427246094,-95.12000274658203,False,20,1,16,106,4000,45140,10,20
almanac,SF-295,bo_selection,hamming+zero,1,755,681239,1.999999987845058e-08,3.000000106112566e-07,-83.97000122070312,11.150001525878906,-95.12000274658203,False,8,1,281,3044,4000,45140,10,20
almanac,SF-295,bo_selection,hamming+zero,2,740,25154,1.0000000116860974e-07,3.000000106112566e-06,-34.849998474121094,60.27000427246094,-95.12000274658203,False,20,1,16,106,4000,45140,10,20
almanac,SF-295,bo_selection,hamming+zero,3,740,25154,1.0000000116860974e-07,3.000000106112566e-06,-34.849998474121094,60.27000427246094,-95.12000274658203,False,20,1,16,106,4000,45140,10,20
almanac,SF-295,bo_selection,hamming+zero,4,740,25154,1.0000000116860974e-07,3.000000106112566e-06,-34.849998474121094,60.27000427246094,-95.12000274658203,False,21,1,16,106,4000,45140,10,20
almanac,SF-295,bo_selection,hamming+zero,5,740,25154,1.0000000116860974e-07,3.000000106112566e-06,-34.849998474121094,60.27000427246094,-95.12000274658203,False,20,1,16,106,4000,45140,10,20
almanac,SF-295,bo_selection,hamming+zero,6,85998,218321,9.999999747378752e-05,9.99999993922529e-09,-76.04000091552734,19.080001831054688,-95.12000274658203,False,4,1,2189,24333,4000,45140,10,20
almanac,SF-295,bo_selection,hamming+zero,7,740,25154,1.0000000116860974e-07,3.000000106112566e-06,-34.849998474121094,60.27000427246094,-95.12000274658203,False,20,1,16,106,4000,45140,10,20
almanac,SF-295,bo_selection,hamming+zero,8,740,25154,1.0000000116860974e-07,3.000000106112566e-06,-34.849998474121094,60.27000427246094,-95.12000274658203,False,21,1,16,106,4000,45140,10,20
almanac,SF-295,bo_selection,hamming+zero,9,740,25154,1.0000000116860974e-07,3.000000106112566e-06,-34.849998474121094,60.27000427246094,-95.12000274658203,False,20,1,16,106,4000,45140,10,20
almanac,SF-295,bo_selection,linear_curve,0,681239,747973,3.000000106112566e-07,3.000000106112566e-07,-94.7699966430664,0.350006103515625,-95.12000274658203,False,19,1,3571,39967,4000,45140,10,20
almanac,SF-295,bo_selection,linear_curve,1,119875,681239,1.9999999494757503e-05,3.000000106112566e-07,-95.12000274658203,0.0,-95.12000274658203,True,12,1,2485,27854,4000,45140,10,20
almanac,SF-295,bo_selection,linear_curve,2,119875,681239,1.9999999494757503e-05,3.000000106112566e-07,-95.12000274658203,0.0,-95.12000274658203,True,13,1,2485,27854,4000,45140,10,20
almanac,SF-295,bo_selection,linear_curve,3,119875,681239,1.9999999494757503e-05,3.000000106112566e-07,-95.12000274658203,0.0,-95.12000274658203,True,15,1,2485,27854,4000,45140,10,20
almanac,SF-295,bo_selection,linear_curve,4,119875,681239,1.9999999494757503e-05,3.000000106112566e-07,-95.12000274658203,0.0,-95.12000274658203,True,21,1,2485,27854,4000,45140,10,20
almanac,SF-295,bo_selection,linear_curve,5,119875,681239,1.9999999494757503e-05,3.000000106112566e-07,-95.12000274658203,0.0,-95.12000274658203,True,11,1,2485,27854,4000,45140,10,20
almanac,SF-295,bo_selection,linear_curve,6,681239,747973,3.000000106112566e-07,3.000000106112566e-07,-94.7699966430664,0.350006103515625,-95.12000274658203,False,29,1,3571,39967,4000,45140,10,20
almanac,SF-295,bo_selection,linear_curve,7,119875,681239,1.9999999494757503e-05,3.000000106112566e-07,-95.12000274658203,0.0,-95.12000274658203,True,20,1,2485,27854,4000,45140,10,20
almanac,SF-295,bo_selection,linear_curve,8,119875,681239,1.9999999494757503e-05,3.000000106112566e-07,-95.12000274658203,0.0,-95.12000274658203,True,26,1,2485,27854,4000,45140,10,20
almanac,SF-295,bo_selection,linear_curve,9,119875,681239,1.9999999494757503e-05,3.000000106112566e-07,-95.12000274658203,0.0,-95.12000274658203,True,20,1,2485,27854,4000,45140,10,20
almanac,SF-295,bo_selection,ours+zero,0,13875,754143,7.500000265281415e-07,9.99999993922529e-09,-35.65399932861328,59.46600341796875,-95.12000274658203,False,21,1,851,9479,4000,45140,10,20
almanac,SF-295,bo_selection,ours+zero,1,755,681239,1.999999987845058e-08,3.000000106112566e-07,-83.97000122070312,11.150001525878906,-95.12000274658203,False,8,1,281,3044,4000,45140,10,20
almanac,SF-295,bo_selection,ours+zero,2,681239,747973,3.000000106112566e-07,3.000000106112566e-07,-94.7699966430664,0.350006103515625,-95.12000274658203,False,11,1,3571,39967,4000,45140,10,20
almanac,SF-295,bo_selection,ours+zero,3,119875,701852,1.9999999494757503e-05,1.0000000116860974e-07,-59.13999938964844,35.980003356933594,-95.12000274658203,False,13,1,2488,27880,4000,45140,10,20
almanac,SF-295,bo_selection,ours+zero,4,681239,747973,3.000000106112566e-07,3.000000106112566e-07,-94.7699966430664,0.350006103515625,-95.12000274658203,False,14,1,3571,39967,4000,45140,10,20
almanac,SF-295,bo_selection,ours+zero,5,681239,747973,3.000000106112566e-07,3.000000106112566e-07,-94.7699966430664,0.350006103515625,-95.12000274658203,False,17,1,3571,39967,4000,45140,10,20
almanac,SF-295,bo_selection,ours+zero,6,85998,218321,9.999999747378752e-05,9.99999993922529e-09,-76.04000091552734,19.080001831054688,-95.12000274658203,False,4,1,2189,24333,4000,45140,10,20
almanac,SF-295,bo_selection,ours+zero,7,752,754143,9.999999974752427e-07,9.99999993922529e-09,-42.465999603271484,52.65400314331055,-95.12000274658203,False,26,1,230,2408,4000,45140,10,20
almanac,SF-295,bo_selection,ours+zero,8,26980,718781,4.999999987376214e-07,2.0000000233721948e-07,-23.579999923706055,71.54000282287598,-95.12000274658203,False,23,1,1315,14731,4000,45140,10,20
almanac,SF-295,bo_selection,ours+zero,9,752,9706,3.000000106112566e-06,4.999999873689376e-06,-55.029998779296875,40.090003967285156,-95.12000274658203,False,27,1,162,1646,4000,45140,10,20
almanac,SF-295,bo_selection,random,0,9706,609699,4.999999987376214e-07,1.0000000116860974e-07,-10.420000076293945,84.70000457763672,-95.12000274658203,False,17,1,787,8600,4000,45140,10,20
almanac,SF-295,bo_selection,random,1,755,681239,1.999999987845058e-08,3.000000106112566e-07,-83.97000122070312,11.150001525878906,-95.12000274658203,False,8,1,281,3044,4000,45140,10,20
almanac,SF-295,bo_selection,random,2,1390,681239,1.0000000116860974e-07,3.000000106112566e-07,-66.69999694824219,28.420005798339844,-95.12000274658203,False,25,1,430,4799,4000,45140,10,20
almanac,SF-295,bo_selection,random,3,754143,756645,9.99999993922529e-09,1.0000000116860974e-07,-14.628000259399414,80.49200439453125,-95.12000274658203,False,24,1,3979,44859,4000,45140,10,20
almanac,SF-295,bo_selection,random,4,613327,681239,9.99999993922529e-09,3.000000106112566e-07,-88.45999908447266,6.660003662109375,-95.12000274658203,False,25,1,3482,38923,4000,45140,10,20
almanac,SF-295,bo_selection,random,5,26980,719344,4.999999987376214e-07,9.999999717180685e-10,-23.059999465942383,72.06000518798828,-95.12000274658203,False,27,1,1316,14748,4000,45140,10,20
almanac,SF-295,bo_selection,random,6,85998,218321,9.999999747378752e-05,9.99999993922529e-09,-76.04000091552734,19.080001831054688,-95.12000274658203,False,4,1,2189,24333,4000,45140,10,20
almanac,SF-295,bo_selection,random,7,26980,369100,4.999999987376214e-07,7.000000135093387e-09,-11.90999984741211,83.21000671386719,-95.12000274658203,False,14,1,1300,14587,4000,45140,10,20
almanac,SF-295,bo_selection,random,8,1390,26980,9.999999974752427e-07,4.999999987376214e-07,-14.729999542236328,80.38999938964844,-95.12000274658203,False,4,1,387,4352,4000,45140,10,20
almanac,SF-295,bo_selection,random,9,119875,681239,1.9999999494757503e-05,3.000000026176508e-09,-27.690000534057617,67.43000030517578,-95.12000274658203,False,12,1,2483,27852,4000,45140,10,20
almanac,SF-295,bo_selection,tanimoto+zero,0,6396,754143,9.999999974752427e-07,9.99999993922529e-09,20.790000915527344,115.91000366210938,-95.12000274658203,False,0,1,672,7367,4000,45140,10,20
almanac,SF-295,bo_selection,tanimoto+zero,1,755,681239,1.999999987845058e-08,3.000000106112566e-07,-83.97000122070312,11.150001525878906,-95.12000274658203,False,8,1,281,3044,4000,45140,10,20
almanac,SF-295,bo_selection,tanimoto+zero,2,3053,713563,1.000000013351432e-10,9.999999747378752e-05,16.709999084472656,111.83000183105469,-95.12000274658203,False,27,1,525,5618,4000,45140,10,20
almanac,SF-295,bo_selection,tanimoto+zero,3,713563,719345,9.999999747378752e-05,3.000000106112566e-07,15.72599983215332,110.84600257873535,-95.12000274658203,False,6,1,3690,41469,4000,45140,10,20
almanac,SF-295,bo_selection,tanimoto+zero,4,3088,141540,9.999999747378752e-05,4.999999873689376e-06,-29.2549991607666,65.86500358581543,-95.12000274658203,False,10,1,573,6218,4000,45140,10,20
almanac,SF-295,bo_selection,tanimoto+zero,5,3053,279836,1.000000013351432e-10,4.999999987376214e-07,2.069000005722046,97.18900275230408,-95.12000274658203,False,2,1,515,5474,4000,45140,10,20
almanac,SF-295,bo_selection,tanimoto+zero,6,85998,218321,9.999999747378752e-05,9.99999993922529e-09,-76.04000091552734,19.080001831054688,-95.12000274658203,False,4,1,2189,24333,4000,45140,10,20
almanac,SF-295,bo_selection,tanimoto+zero,7,3053,713563,1.000000013351432e-10,9.999999747378752e-05,16.709999084472656,111.83000183105469,-95.12000274658203,False,12,1,525,5618,4000,45140,10,20
almanac,SF-295,bo_selection,tanimoto+zero,8,1390,26980,9.999999974752427e-07,4.999999987376214e-07,-14.729999542236328,80.3900032043457,-95.12000274658203,False,4,1,387,4352,4000,45140,10,20
almanac,SF-295,bo_selection,tanimoto+zero,9,71423,141540,2.9999999242136255e-05,4.999999873689376e-06,-5.110000133514404,90.01000261306763,-95.12000274658203,False,26,1,1958,21815,4000,45140,10,20
almanac,SF-295,pool_optimum,pool_optimum,-1,119875,681239,1.9999999494757503e-05,3.000000106112566e-07,-95.12000274658203,0.0,-95.12000274658203,True,-1,1,2485,27854,4000,45140,10,20
almanac,SF-539,bo_selection,act_hamming+zero,0,27640,753082,6.999999868639861e-07,5.000000058430487e-08,-45.74300003051758,52.557003021240234,-98.30000305175781,False,10,1,1402,15837,4000,45716,10,20
almanac,SF-539,bo_selection,act_hamming+zero,1,79037,122819,4.999999873689376e-06,9.999999974752427e-07,-3.9200000762939453,94.38000297546387,-98.30000305175781,False,3,1,2067,23333,4000,45716,10,20
almanac,SF-539,bo_selection,act_hamming+zero,2,740,26271,1.0000000116860974e-07,9.999999747378752e-05,22.15999984741211,120.46000289916992,-98.30000305175781,False,23,1,22,152,4000,45716,10,20
almanac,SF-539,bo_selection,act_hamming+zero,3,750,673596,4.999999873689376e-06,9.99999993922529e-09,5.050000190734863,103.35000324249268,-98.30000305175781,False,3,1,134,1436,4000,45716,10,20
almanac,SF-539,bo_selection,act_hamming+zero,4,27640,755986,6.999999868639861e-08,2.499999993688107e-07,6.9770002365112305,105.27700328826904,-98.30000305175781,False,1,1,1408,15861,4000,45716,10,20
almanac,SF-539,bo_selection,act_hamming+zero,5,755,628503,2.0000000233721948e-07,3.999999886872274e-09,3.9800000190734863,102.2800030708313,-98.30000305175781,False,7,1,293,3181,4000,45716,10,20
almanac,SF-539,bo_selection,act_hamming+zero,6,3088,713563,9.999999747378752e-06,9.999999747378752e-05,-81.13800048828125,17.162002563476562,-98.30000305175781,False,5,1,600,6575,4000,45716,10,20
almanac,SF-539,bo_selection,act_hamming+zero,7,762,79037,2.0000000233721948e-07,4.999999873689376e-05,21.215999603271484,119.5160026550293,-98.30000305175781,False,4,1,338,3740,4000,45716,10,20
almanac,SF-539,bo_selection,act_hamming+zero,8,713563,761432,9.999999747378752e-05,4.999999858590343e-10,-75.9469985961914,22.353004455566406,-98.30000305175781,False,11,1,3709,42239,4000,45716,10,20
almanac,SF-539,bo_selection,act_hamming+zero,9,118218,125973,6.000000212225132e-06,3.000000106112566e-07,-23.56999969482422,74.7300033569336,-98.30000305175781,False,8,1,2411,27422,4000,45716,10,20
almanac,SF-539,bo_selection,hamming+zero,0,27640,753082,6.999999868639861e-07,5.000000058430487e-08,-45.74300003051758,52.557003021240234,-98.30000305175781,False,13,1,1402,15837,4000,45716,10,20
almanac,SF-539,bo_selection,hamming+zero,1,79037,122819,4.999999873689376e-06,9.999999974752427e-07,-3.9200000762939453,94.38000297546387,-98.30000305175781,False,3,1,2067,23333,4000,45716,10,20
almanac,SF-539,bo_selection,hamming+zero,2,740,26271,1.0000000116860974e-07,9.999999747378752e-05,22.15999984741211,120.46000289916992,-98.30000305175781,False,23,1,22,152,4000,45716,10,20
almanac,SF-539,bo_selection,hamming+zero,3,750,673596,4.999999873689376e-06,9.99999993922529e-09,5.050000190734863,103.35000324249268,-98.30000305175781,False,3,1,134,1436,4000,45716,10,20
almanac,SF-539,bo_selection,hamming+zero,4,27640,755986,6.999999868639861e-08,2.499999993688107e-07,6.9770002365112305,105.27700328826904,-98.30000305175781,False,1,1,1408,15861,4000,45716,10,20
almanac,SF-539,bo_selection,hamming+zero,5,755,628503,2.0000000233721948e-07,3.999999886872274e-09,3.9800000190734863,102.2800030708313,-98.30000305175781,False,7,1,293,3181,4000,45716,10,20
almanac,SF-539,bo_selection,hamming+zero,6,3088,713563,9.999999747378752e-06,9.999999747378752e-05,-81.13800048828125,17.162002563476562,-98.30000305175781,False,5,1,600,6575,4000,45716,10,20
almanac,SF-539,bo_selection,hamming+zero,7,762,79037,2.0000000233721948e-07,4.999999873689376e-05,21.215999603271484,119.5160026550293,-98.30000305175781,False,4,1,338,3740,4000,45716,10,20
almanac,SF-539,bo_selection,hamming+zero,8,713563,761432,9.999999747378752e-05,4.999999858590343e-10,-75.9469985961914,22.353004455566406,-98.30000305175781,False,12,1,3709,42239,4000,45716,10,20
almanac,SF-539,bo_selection,hamming+zero,9,118218,125973,6.000000212225132e-06,3.000000106112566e-07,-23.56999969482422,74.7300033569336,-98.30000305175781,False,8,1,2411,27422,4000,45716,10,20
almanac,SF-539,bo_selection,linear_curve,0,92859,609699,6.000000212225132e-06,1.0000000116860974e-07,-94.55000305175781,3.75,-98.30000305175781,False,27,1,2245,25307,4000,45716,10,20
almanac,SF-539,bo_selection,linear_curve,1,92859,609699,6.000000212225132e-06,1.0000000116860974e-07,-94.55000305175781,3.75,-98.30000305175781,False,27,1,2245,25307,4000,45716,10,20
almanac,SF-539,bo_selection,linear_curve,2,246131,681239,1.9999999494757503e-05,3.000000106112566e-07,-96.02999877929688,2.2700042724609375,-98.30000305175781,False,26,1,3093,34901,4000,45716,10,20
almanac,SF-539,bo_selection,linear_curve,3,125973,681239,3.000000106112566e-07,3.000000106112566e-07,-96.1500015258789,2.1500015258789062,-98.30000305175781,False,13,1,2724,30725,4000,45716,10,20
almanac,SF-539,bo_selection,linear_curve,4,24559,613327,9.999999974752427e-07,9.999999717180685e-10,-90.7699966430664,7.530006408691406,-98.30000305175781,False,16,1,1120,12760,4000,45716,10,20
almanac,SF-539,bo_selection,linear_curve,5,125973,681239,3.000000106112566e-07,3.000000106112566e-07,-96.1500015258789,2.1500015258789062,-98.30000305175781,False,29,1,2724,30725,4000,45716,10,20
almanac,SF-539,bo_selection,linear_curve,6,3088,713563,9.999999747378752e-06,9.999999747378752e-05,-81.13800048828125,17.162002563476562,-98.30000305175781,False,5,1,600,6575,4000,45716,10,20
almanac,SF-539,bo_selection,linear_curve,7,246131,754143,1.9999999494757503e-05,9.99999993922529e-09,-89.55500030517578,8.745002746582031,-98.30000305175781,False,29,2,3114,35099,4000,45716,10,20
almanac,SF-539,bo_selection,linear_curve,8,24559,747973,9.999999974752427e-07,3.000000106112566e-07,-93.23999786376953,5.060005187988281,-98.30000305175781,False,22,1,1140,12950,4000,45716,10,20
almanac,SF-539,bo_selection,linear_curve,9,125973,681239,3.000000106112566e-07,3.000000106112566e-07,-96.1500015258789,2.1500015258789062,-98.30000305175781,False,15,1,2724,30725,4000,45716,10,20
almanac,SF-539,bo_selection,ours+zero,0,27640,753082,6.999999868639861e-07,5.000000058430487e-08,-45.74300003051758,52.557003021240234,-98.30000305175781,False,10,1,1402,15837,4000,45716,10,20
almanac,SF-539,bo_selection,ours+zero,1,27640,609699,6.999999868639861e-08,1.0000000116860974e-07,-57.529998779296875,40.77000427246094,-98.30000305175781,False,15,1,1378,15578,4000,45716,10,20
almanac,SF-539,bo_selection,ours+zero,2,698037,761432,9.999999974752427e-07,5.000000058430487e-08,-39.67399978637695,58.62600326538086,-98.30000305175781,False,28,1,3630,41191,4000,45716,10,20
almanac,SF-539,bo_selection,ours+zero,3,673596,754143,9.99999993922529e-09,9.99999993922529e-09,-75.05999755859375,23.240005493164062,-98.30000305175781,False,10,1,3548,40264,4000,45716,10,20
almanac,SF-539,bo_selection,ours+zero,4,755,681239,1.9999999949504854e-06,3.000000106112566e-07,-98.30000305175781,0.0,-98.30000305175781,True,11,1,296,3203,4000,45716,10,20
almanac,SF-539,bo_selection,ours+zero,5,49842,755986,5.000000058430487e-08,2.499999936844688e-05,-72.50700378417969,25.792999267578125,-98.30000305175781,False,10,1,1783,20024,4000,45716,10,20
almanac,SF-539,bo_selection,ours+zero,6,3088,713563,9.999999747378752e-06,9.999999747378752e-05,-81.13800048828125,17.162002563476562,-98.30000305175781,False,5,1,600,6575,4000,45716,10,20
almanac,SF-539,bo_selection,ours+zero,7,125066,609699,1.0000000116860974e-07,1.0000000116860974e-07,-76.86000061035156,21.44000244140625,-98.30000305175781,False,13,1,2681,30209,4000,45716,10,20
almanac,SF-539,bo_selection,ours+zero,8,27640,609699,6.999999868639861e-08,1.0000000116860974e-07,-57.529998779296875,40.77000427246094,-98.30000305175781,False,10,1,1378,15578,4000,45716,10,20
almanac,SF-539,bo_selection,ours+zero,9,24559,628503,9.999999974752427e-07,3.999999975690116e-08,-87.6500015258789,10.650001525878906,-98.30000305175781,False,14,1,1124,12770,4000,45716,10,20
almanac,SF-539,bo_selection,random,0,609699,673596,1.0000000116860974e-07,9.999999717180685e-10,-80.06999969482422,18.230003356933594,-98.30000305175781,False,12,1,3440,39066,4000,45716,10,20
almanac,SF-539,bo_selection,random,1,102816,747973,2.999999892949745e-08,3.000000106112566e-07,-73.30000305175781,25.0,-98.30000305175781,False,20,1,2316,26120,4000,45716,10,20
almanac,SF-539,bo_selection,random,2,26980,732517,4.999999987376214e-07,9.99999993922529e-09,-41.16999816894531,57.1300048828125,-98.30000305175781,False,12,1,1323,15019,4000,45716,10,20
almanac,SF-539,bo_selection,random,3,698037,761432,9.999999974752427e-07,5.000000058430487e-08,-39.67399978637695,58.62600326538086,-98.30000305175781,False,16,1,3630,41191,4000,45716,10,20
almanac,SF-539,bo_selection,random,4,608210,721517,9.999999974752427e-07,4.999999873689376e-06,-53.250999450683594,45.04900360107422,-98.30000305175781,False,15,1,3419,38851,4000,45716,10,20
almanac,SF-539,bo_selection,random,5,762,713563,1.9999999949504854e-06,9.999999747378752e-05,-69.46900177001953,28.83100128173828,-98.30000305175781,False,16,1,373,4094,4000,45716,10,20
almanac,SF-539,bo_selection,random,6,3088,713563,9.999999747378752e-06,9.999999747378752e-05,-81.13800048828125,17.162002563476562,-98.30000305175781,False,5,1,600,6575,4000,45716,10,20
almanac,SF-539,bo_selection,random,7,608210,760766,9.999999974752427e-07,2.0000000233721948e-07,-64.48799896240234,33.81200408935547,-98.30000305175781,False,19,1,3433,39021,4000,45716,10,20
almanac,SF-539,bo_selection,random,8,122819,606869,9.999999974752427e-07,9.999999974752427e-07,-11.97599983215332,86.32400512695312,-98.30000305175781,False,2,1,2589,29213,4000,45716,10,20
almanac,SF-539,bo_selection,random,9,24559,25154,9.999999974752427e-07,2.9999999242136255e-05,-86.55000305175781,11.75,-98.30000305175781,False,24,1,1094,12338,4000,45716,10,20
almanac,SF-539,bo_selection,tanimoto+zero,0,27640,753082,6.999999868639861e-07,4.999999987376214e-07,-42.18299865722656,56.11700439453125,-98.30000305175781,False,7,1,1403,15838,4000,45716,10,20
almanac,SF-539,bo_selection,tanimoto+zero,1,92859,119875,6.000000212225132e-06,2.0000000233721948e-07,-46.619998931884766,51.68000411987305,-98.30000305175781,False,11,1,2229,25080,4000,45716,10,20
almanac,SF-539,bo_selection,tanimoto+zero,2,92859,119875,6.000000212225132e-06,2.0000000233721948e-07,-46.619998931884766,51.68000411987305,-98.30000305175781,False,14,1,2229,25080,4000,45716,10,20
almanac,SF-539,bo_selection,tanimoto+zero,3,92859,119875,6.000000212225132e-06,2.0000000233721948e-07,-46.619998931884766,51.68000411987305,-98.30000305175781,False,21,1,2229,25080,4000,45716,10,20
almanac,SF-539,bo_selection,tanimoto+zero,4,92859,119875,6.000000212225132e-06,2.0000000233721948e-07,-46.619998931884766,51.68000411987305,-98.30000305175781,False,17,1,2229,25080,4000,45716,10,20
almanac,SF-539,bo_selection,tanimoto+zero,5,125973,628503,3.000000106112566e-07,3.999999886872274e-09,-54.65999984741211,43.6400032043457,-98.30000305175781,False,28,1,2721,30706,4000,45716,10,20
almanac,SF-539,bo_selection,tanimoto+zero,6,3088,713563,9.999999747378752e-06,9.999999747378752e-05,-81.13800048828125,17.162002563476562,-98.30000305175781,False,5,1,600,6575,4000,45716,10,20
almanac,SF-539,bo_selection,tanimoto+zero,7,92859,119875,6.000000212225132e-06,2.0000000233721948e-07,-46.619998931884766,51.68000411987305,-98.30000305175781,False,16,1,2229,25080,4000,45716,10,20
almanac,SF-539,bo_selection,tanimoto+zero,8,92859,119875,6.000000212225132e-06,2.0000000233721948e-07,-46.619998931884766,51.68000411987305,-98.30000305175781,False,23,1,2229,25080,4000,45716,10,20
almanac,SF-539,bo_selection,tanimoto+zero,9,92859,119875,6.000000212225132e-06,2.0000000233721948e-07,-46.619998931884766,51.68000411987305,-98.30000305175781,False,12,1,2229,25080,4000,45716,10,20
almanac,SF-539,pool_optimum,pool_optimum,-1,755,681239,1.9999999949504854e-06,3.000000106112566e-07,-98.30000305175781,0.0,-98.30000305175781,True,-1,1,296,3203,4000,45716,10,20
almanac,SK-MEL-2,bo_selection,act_hamming+zero,0,740,92859,9.999999717180685e-10,6.000000212225132e-06,-79.58000183105469,16.669998168945312,-96.25,False,26,1,31,146,4000,30833,10,20
almanac,SK-MEL-2,bo_selection,act_hamming+zero,1,740,92859,9.999999717180685e-10,6.000000212225132e-06,-79.58000183105469,16.669998168945312,-96.25,False,26,1,31,146,4000,30833,10,20
almanac,SK-MEL-2,bo_selection,act_hamming+zero,2,740,92859,9.999999717180685e-10,6.000000212225132e-06,-79.58000183105469,16.669998168945312,-96.25,False,26,1,31,146,4000,30833,10,20
almanac,SK-MEL-2,bo_selection,act_hamming+zero,3,740,92859,9.999999717180685e-10,6.000000212225132e-06,-79.58000183105469,16.669998168945312,-96.25,False,27,1,31,146,4000,30833,10,20
almanac,SK-MEL-2,bo_selection,act_hamming+zero,4,740,92859,9.999999717180685e-10,6.000000212225132e-06,-79.58000183105469,16.669998168945312,-96.25,False,26,1,31,146,4000,30833,10,20
almanac,SK-MEL-2,bo_selection,act_hamming+zero,5,740,92859,9.999999717180685e-10,6.000000212225132e-06,-79.58000183105469,16.669998168945312,-96.25,False,26,1,31,146,4000,30833,10,20
almanac,SK-MEL-2,bo_selection,act_hamming+zero,6,92859,138783,6.000000212225132e-06,2.0000000233721948e-07,-69.69999694824219,26.550003051757812,-96.25,False,4,1,2189,16899,4000,30833,10,20
almanac,SK-MEL-2,bo_selection,act_hamming+zero,7,749226,754143,5.000000058430487e-08,9.99999993922529e-09,-56.17100143432617,40.07899856567383,-96.25,False,7,1,3932,30322,4000,30833,10,20
almanac,SK-MEL-2,bo_selection,act_hamming+zero,8,92859,628503,6.000000212225132e-06,3.999999886872274e-09,-77.66000366210938,18.589996337890625,-96.25,False,8,1,2209,17080,4000,30833,10,20
almanac,SK-MEL-2,bo_selection,act_hamming+zero,9,92859,246131,6.000000212225132e-07,1.9999999494757503e-05,-69.62000274658203,26.62999725341797,-96.25,False,1,1,2198,16961,4000,30833,10,20
almanac,SK-MEL-2,bo_selection,hamming+zero,0,740,92859,9.999999717180685e-10,6.000000212225132e-06,-79.58000183105469,16.669998168945312,-96.25,False,26,1,31,146,4000,30833,10,20
almanac,SK-MEL-2,bo_selection,hamming+zero,1,740,92859,9.999999717180685e-10,6.000000212225132e-06,-79.58000183105469,16.669998168945312,-96.25,False,26,1,31,146,4000,30833,10,20
almanac,SK-MEL-2,bo_selection,hamming+zero,2,740,92859,9.999999717180685e-10,6.000000212225132e-06,-79.58000183105469,16.669998168945312,-96.25,False,26,1,31,146,4000,30833,10,20
almanac,SK-MEL-2,bo_selection,hamming+zero,3,740,92859,9.999999717180685e-10,6.000000212225132e-06,-79.58000183105469,16.669998168945312,-96.25,False,27,1,31,146,4000,30833,10,20
almanac,SK-MEL-2,bo_selection,hamming+zero,4,740,92859,9.999999717180685e-10,6.000000212225132e-06,-79.58000183105469,16.669998168945312,-96.25,False,26,1,31,146,4000,30833,10,20
almanac,SK-MEL-2,bo_selection,hamming+zero,5,740,92859,9.999999717180685e-10,6.000000212225132e-06,-79.58000183105469,16.669998168945312,-96.25,False,26,1,31,146,4000,30833,10,20
almanac,SK-MEL-2,bo_selection,hamming+zero,6,92859,138783,6.000000212225132e-06,2.0000000233721948e-07,-69.69999694824219,26.550003051757812,-96.25,False,4,1,2189,16899,4000,30833,10,20
almanac,SK-MEL-2,bo_selection,hamming+zero,7,749226,754143,5.000000058430487e-08,9.99999993922529e-09,-56.17100143432617,40.07899856567383,-96.25,False,7,1,3932,30322,4000,30833,10,20
almanac,SK-MEL-2,bo_selection,hamming+zero,8,92859,628503,6.000000212225132e-06,3.999999886872274e-09,-77.66000366210938,18.589996337890625,-96.25,False,8,1,2209,17080,4000,30833,10,20
almanac,SK-MEL-2,bo_selection,hamming+zero,9,92859,246131,6.000000212225132e-07,1.9999999494757503e-05,-69.62000274658203,26.62999725341797,-96.25,False,1,1,2198,16961,4000,30833,10,20
almanac,SK-MEL-2,bo_selection,linear_curve,0,681239,747973,3.000000106112566e-07,3.000000106112566e-07,-95.23999786376953,1.0100021362304688,-96.25,False,17,1,3475,26962,4000,30833,10,20
almanac,SK-MEL-2,bo_selection,linear_curve,1,681239,747973,3.000000106112566e-07,3.000000106112566e-07,-95.23999786376953,1.0100021362304688,-96.25,False,11,1,3475,26962,4000,30833,10,20
almanac,SK-MEL-2,bo_selection,linear_curve,2,119875,180973,1.9999999494757503e-05,7.000000096013537e-06,-71.76000213623047,24.48999786376953,-96.25,False,12,1,2385,18485,4000,30833,10,20
almanac,SK-MEL-2,bo_selection,linear_curve,3,24559,719344,9.999999974752427e-07,9.999999717180685e-10,-91.87999725341797,4.370002746582031,-96.25,False,15,1,1156,9060,4000,30833,10,20
almanac,SK-MEL-2,bo_selection,linear_curve,4,24559,719344,9.999999974752427e-07,9.999999717180685e-10,-91.87999725341797,4.370002746582031,-96.25,False,20,1,1156,9060,4000,30833,10,20
almanac,SK-MEL-2,bo_selection,linear_curve,5,750,754143,4.999999873689376e-06,9.99999993922529e-09,-79.48999786376953,16.76000213623047,-96.25,False,23,1,131,923,4000,30833,10,20
almanac,SK-MEL-2,bo_selection,linear_curve,6,24559,719344,9.999999974752427e-07,9.999999717180685e-10,-91.87999725341797,4.370002746582031,-96.25,False,11,1,1156,9060,4000,30833,10,20
almanac,SK-MEL-2,bo_selection,linear_curve,7,681239,754143,3.000000026176508e-09,9.99999993922529e-09,-87.87000274658203,8.379997253417969,-96.25,False,25,1,3479,27001,4000,30833,10,20
almanac,SK-MEL-2,bo_selection,linear_curve,8,681239,747973,3.000000106112566e-07,3.000000106112566e-07,-95.23999786376953,1.0100021362304688,-96.25,False,16,1,3475,26962,4000,30833,10,20
almanac,SK-MEL-2,bo_selection,linear_curve,9,681239,747973,3.000000106112566e-07,3.000000106112566e-07,-95.23999786376953,1.0100021362304688,-96.25,False,10,1,3475,26962,4000,30833,10,20
almanac,SK-MEL-2,bo_selection,ours+zero,0,122819,713563,9.999999974752427e-07,9.999999747378752e-05,-59.446998596191406,36.803001403808594,-96.25,False,14,1,2534,19466,4000,30833,10,20
almanac,SK-MEL-2,bo_selection,ours+zero,1,279836,701852,4.999999987376214e-07,9.999999974752427e-07,-50.86399841308594,45.38600158691406,-96.25,False,10,1,3172,24442,4000,30833,10,20
almanac,SK-MEL-2,bo_selection,ours+zero,2,122819,754143,9.999999974752427e-07,9.99999993922529e-09,-83.28700256347656,12.962997436523438,-96.25,False,10,1,2551,19592,4000,30833,10,20
almanac,SK-MEL-2,bo_selection,ours+zero,3,122819,713563,9.999999974752427e-07,9.999999747378752e-05,-59.446998596191406,36.803001403808594,-96.25,False,11,1,2534,19466,4000,30833,10,20
almanac,SK-MEL-2,bo_selection,ours+zero,4,279836,701852,4.999999987376214e-07,9.999999974752427e-07,-50.86399841308594,45.38600158691406,-96.25,False,17,1,3172,24442,4000,30833,10,20
almanac,SK-MEL-2,bo_selection,ours+zero,5,279836,701852,4.999999987376214e-07,9.999999974752427e-07,-50.86399841308594,45.38600158691406,-96.25,False,13,1,3172,24442,4000,30833,10,20
almanac,SK-MEL-2,bo_selection,ours+zero,6,92859,138783,6.000000212225132e-06,2.0000000233721948e-07,-69.69999694824219,26.550003051757812,-96.25,False,4,1,2189,16899,4000,30833,10,20
almanac,SK-MEL-2,bo_selection,ours+zero,7,749226,754143,5.000000058430487e-08,9.99999993922529e-09,-56.17100143432617,40.07899856567383,-96.25,False,7,1,3932,30322,4000,30833,10,20
almanac,SK-MEL-2,bo_selection,ours+zero,8,92859,628503,6.000000212225132e-06,3.999999886872274e-09,-77.66000366210938,18.589996337890625,-96.25,False,8,1,2209,17080,4000,30833,10,20
almanac,SK-MEL-2,bo_selection,ours+zero,9,92859,246131,6.000000212225132e-07,1.9999999494757503e-05,-69.62000274658203,26.62999725341797,-96.25,False,1,1,2198,16961,4000,30833,10,20
almanac,SK-MEL-2,bo_selection,random,0,740,713563,2.999999892949745e-08,9.999999747378752e-05,-28.417999267578125,67.83200073242188,-96.25,False,4,1,46,275,4000,30833,10,20
almanac,SK-MEL-2,bo_selection,random,1,122819,686673,9.999999974752427e-07,4.999999987376214e-07,2.7760000228881836,99.0260009765625,-96.25,False,11,1,2524,19419,4000,30833,10,20
almanac,SK-MEL-2,bo_selection,random,2,125973,608210,6.000000052353016e-09,9.999999974752427e-07,0.2800000011920929,96.52999877929688,-96.25,False,13,1,2654,20453,4000,30833,10,20
almanac,SK-MEL-2,bo_selection,random,3,34462,256439,9.999999747378752e-05,1.000000013351432e-10,-20.05699920654297,76.19300079345703,-96.25,False,8,1,1490,11571,4000,30833,10,20
almanac,SK-MEL-2,bo_selection,random,4,119875,712807,1.9999999494757503e-05,1.9999999949504854e-06,-43.439998626708984,52.810001373291016,-96.25,False,14,1,2415,18700,4000,30833,10,20
almanac,SK-MEL-2,bo_selection,random,5,122819,606869,9.99999993922529e-09,9.999999974752427e-07,7.818999767303467,104.06900024414062,-96.25,False,4,1,2512,19361,4000,30833,10,20
almanac,SK-MEL-2,bo_selection,random,6,92859,138783,6.000000212225132e-06,2.0000000233721948e-07,-69.69999694824219,26.550003051757812,-96.25,False,4,1,2189,16899,4000,30833,10,20
almanac,SK-MEL-2,bo_selection,random,7,750,754143,4.999999873689376e-06,9.99999993922529e-09,-79.48999786376953,16.76000213623047,-96.25,False,15,1,131,923,4000,30833,10,20
almanac,SK-MEL-2,bo_selection,random,8,92859,628503,6.000000212225132e-06,3.999999886872274e-09,-77.66000366210938,18.589996337890625,-96.25,False,8,1,2209,17080,4000,30833,10,20
almanac,SK-MEL-2,bo_selection,random,9,92859,246131,6.000000212225132e-07,1.9999999494757503e-05,-69.62000274658203,26.62999725341797,-96.25,False,1,1,2198,16961,4000,30833,10,20
almanac,SK-MEL-2,bo_selection,tanimoto+zero,0,109724,119875,9.999999747378752e-05,1.9999999494757503e-05,-46.52000045776367,49.72999954223633,-96.25,False,16,1,2314,17900,4000,30833,10,20
almanac,SK-MEL-2,bo_selection,tanimoto+zero,1,85998,92859,9.999999747378752e-05,6.000000212225132e-06,-62.5,33.75,-96.25,False,15,1,2141,16496,4000,30833,10,20
almanac,SK-MEL-2,bo_selection,tanimoto+zero,2,92859,119875,6.000000212225132e-06,1.9999999494757503e-05,-91.38999938964844,4.8600006103515625,-96.25,False,11,1,2182,16838,4000,30833,10,20
almanac,SK-MEL-2,bo_selection,tanimoto+zero,3,226080,713563,4.999999969612645e-09,9.999999747378752e-05,-29.85700035095215,66.39299964904785,-96.25,False,18,1,2952,22730,4000,30833,10,20
almanac,SK-MEL-2,bo_selection,tanimoto+zero,4,92859,119875,6.000000212225132e-06,1.9999999494757503e-05,-91.38999938964844,4.8600006103515625,-96.25,False,15,1,2182,16838,4000,30833,10,20
almanac,SK-MEL-2,bo_selection,tanimoto+zero,5,92859,119875,6.000000212225132e-06,1.9999999494757503e-05,-91.38999938964844,4.8600006103515625,-96.25,False,10,1,2182,16838,4000,30833,10,20
almanac,SK-MEL-2,bo_selection,tanimoto+zero,6,92859,138783,6.000000212225132e-06,2.0000000233721948e-07,-69.69999694824219,26.550003051757812,-96.25,False,4,1,2189,16899,4000,30833,10,20
almanac,SK-MEL-2,bo_selection,tanimoto+zero,7,749226,754143,5.000000058430487e-08,9.99999993922529e-09,-56.17100143432617,40.07899856567383,-96.25,False,7,1,3932,30322,4000,30833,10,20
almanac,SK-MEL-2,bo_selection,tanimoto+zero,8,92859,628503,6.000000212225132e-06,3.999999886872274e-09,-77.66000366210938,18.589996337890625,-96.25,False,8,1,2209,17080,4000,30833,10,20
almanac,SK-MEL-2,bo_selection,tanimoto+zero,9,92859,246131,6.000000212225132e-07,1.9999999494757503e-05,-69.62000274658203,26.62999725341797,-96.25,False,1,1,2198,16961,4000,30833,10,20
almanac,SK-MEL-2,pool_optimum,pool_optimum,-1,14229,92859,3.000000106112566e-06,6.000000212225132e-06,-96.25,0.0,-96.25,True,-1,1,907,7019,4000,30833,10,20
almanac,SK-MEL-28,bo_selection,act_hamming+zero,0,740,762,1.0000000116860974e-07,4.999999987376214e-07,12.479999542236328,109.2650032043457,-96.78500366210938,False,12,1,3,34,4000,46688,10,20
almanac,SK-MEL-28,bo_selection,act_hamming+zero,1,740,762,1.0000000116860974e-07,4.999999987376214e-07,12.479999542236328,109.2650032043457,-96.78500366210938,False,12,1,3,34,4000,46688,10,20
almanac,SK-MEL-28,bo_selection,act_hamming+zero,2,740,762,1.0000000116860974e-07,4.999999987376214e-07,12.479999542236328,109.2650032043457,-96.78500366210938,False,12,1,3,34,4000,46688,10,20
almanac,SK-MEL-28,bo_selection,act_hamming+zero,3,713563,753082,9.999999747378752e-06,4.999999873689376e-06,6.105999946594238,102.89100360870361,-96.78500366210938,False,6,1,3690,43135,4000,46688,10,20
almanac,SK-MEL-28,bo_selection,act_hamming+zero,4,740,762,1.0000000116860974e-07,4.999999987376214e-07,12.479999542236328,109.2650032043457,-96.78500366210938,False,12,1,3,34,4000,46688,10,20
almanac,SK-MEL-28,bo_selection,act_hamming+zero,5,740,762,1.0000000116860974e-07,4.999999987376214e-07,12.479999542236328,109.2650032043457,-96.78500366210938,False,12,1,3,34,4000,46688,10,20
almanac,SK-MEL-28,bo_selection,act_hamming+zero,6,740,762,1.0000000116860974e-07,4.999999987376214e-07,12.479999542236328,109.2650032043457,-96.78500366210938,False,12,1,3,34,4000,46688,10,20
almanac,SK-MEL-28,bo_selection,act_hamming+zero,7,740,762,1.0000000116860974e-07,4.999999987376214e-07,12.479999542236328,109.2650032043457,-96.78500366210938,False,12,1,3,34,4000,46688,10,20
almanac,SK-MEL-28,bo_selection,act_hamming+zero,8,740,24559,9.99999993922529e-09,9.999999974752427e-07,-92.20999908447266,4.575004577636719,-96.78500366210938,False,28,1,18,122,4000,46688,10,20
almanac,SK-MEL-28,bo_selection,act_hamming+zero,9,740,762,1.0000000116860974e-07,4.999999987376214e-07,12.479999542236328,109.2650032043457,-96.78500366210938,False,12,1,3,34,4000,46688,10,20
almanac,SK-MEL-28,bo_selection,hamming+zero,0,740,762,1.0000000116860974e-07,4.999999987376214e-07,12.479999542236328,109.2650032043457,-96.78500366210938,False,12,1,3,34,4000,46688,10,20
almanac,SK-MEL-28,bo_selection,hamming+zero,1,740,762,1.0000000116860974e-07,4.999999987376214e-07,12.479999542236328,109.2650032043457,-96.78500366210938,False,12,1,3,34,4000,46688,10,20
almanac,SK-MEL-28,bo_selection,hamming+zero,2,740,762,1.0000000116860974e-07,4.999999987376214e-07,12.479999542236328,109.2650032043457,-96.78500366210938,False,12,1,3,34,4000,46688,10,20
almanac,SK-MEL-28,bo_selection,hamming+zero,3,713563,753082,9.999999747378752e-06,4.999999873689376e-06,6.105999946594238,102.89100360870361,-96.78500366210938,False,6,1,3690,43135,4000,46688,10,20
almanac,SK-MEL-28,bo_selection,hamming+zero,4,740,762,1.0000000116860974e-07,4.999999987376214e-07,12.479999542236328,109.2650032043457,-96.78500366210938,False,12,1,3,34,4000,46688,10,20
almanac,SK-MEL-28,bo_selection,hamming+zero,5,740,762,1.0000000116860974e-07,4.999999987376214e-07,12.479999542236328,109.2650032043457,-96.78500366210938,False,12,1,3,34,4000,46688,10,20
almanac,SK-MEL-28,bo_selection,hamming+zero,6,740,762,1.0000000116860974e-07,4.999999987376214e-07,12.479999542236328,109.2650032043457,-96.78500366210938,False,12,1,3,34,4000,46688,10,20
almanac,SK-MEL-28,bo_selection,hamming+zero,7,740,762,1.0000000116860974e-07,4.999999987376214e-07,12.479999542236328,109.2650032043457,-96.78500366210938,False,12,1,3,34,4000,46688,10,20
almanac,SK-MEL-28,bo_selection,hamming+zero,8,740,24559,9.99999993922529e-09,9.999999974752427e-07,-92.20999908447266,4.575004577636719,-96.78500366210938,False,28,1,18,122,4000,46688,10,20
almanac,SK-MEL-28,bo_selection,hamming+zero,9,740,762,1.0000000116860974e-07,4.999999987376214e-07,12.479999542236328,109.2650032043457,-96.78500366210938,False,12,1,3,34,4000,46688,10,20
almanac,SK-MEL-28,bo_selection,linear_curve,0,119875,754143,1.9999999494757503e-05,9.99999993922529e-09,-96.25,0.535003662109375,-96.78500366210938,False,15,1,2515,29231,4000,46688,10,20
almanac,SK-MEL-28,bo_selection,linear_curve,1,127716,681239,3.000000106112566e-07,3.000000106112566e-07,-95.25,1.535003662109375,-96.78500366210938,False,16,1,2780,32102,4000,46688,10,20
almanac,SK-MEL-28,bo_selection,linear_curve,2,127716,681239,3.000000106112566e-07,3.000000106112566e-07,-95.25,1.535003662109375,-96.78500366210938,False,17,1,2780,32102,4000,46688,10,20
almanac,SK-MEL-28,bo_selection,linear_curve,3,119875,754143,1.9999999494757503e-05,9.99999993922529e-09,-96.25,0.535003662109375,-96.78500366210938,False,12,1,2515,29231,4000,46688,10,20
almanac,SK-MEL-28,bo_selection,linear_curve,4,246131,743414,1.9999999494757503e-05,4.999999873689376e-06,-95.72000122070312,1.06500244140625,-96.78500366210938,False,21,1,3104,35927,4000,46688,10,20
almanac,SK-MEL-28,bo_selection,linear_curve,5,119875,754143,1.9999999494757503e-05,9.99999993922529e-09,-96.25,0.535003662109375,-96.78500366210938,False,15,1,2515,29231,4000,46688,10,20
almanac,SK-MEL-28,bo_selection,linear_curve,6,119875,754143,1.9999999494757503e-05,9.99999993922529e-09,-96.25,0.535003662109375,-96.78500366210938,False,14,1,2515,29231,4000,46688,10,20
almanac,SK-MEL-28,bo_selection,linear_curve,7,246131,743414,1.9999999494757503e-05,4.999999873689376e-06,-95.72000122070312,1.06500244140625,-96.78500366210938,False,15,1,3104,35927,4000,46688,10,20
almanac,SK-MEL-28,bo_selection,linear_curve,8,119875,754143,1.9999999494757503e-05,9.99999993922529e-09,-96.25,0.535003662109375,-96.78500366210938,False,11,1,2515,29231,4000,46688,10,20
almanac,SK-MEL-28,bo_selection,linear_curve,9,119875,754143,1.9999999494757503e-05,9.99999993922529e-09,-96.25,0.535003662109375,-96.78500366210938,False,14,1,2515,29231,4000,46688,10,20
almanac,SK-MEL-28,bo_selection,ours+zero,0,740,24559,9.99999993922529e-09,9.999999974752427e-07,-92.20999908447266,4.575004577636719,-96.78500366210938,False,29,1,18,122,4000,46688,10,20
almanac,SK-MEL-28,bo_selection,ours+zero,1,606869,754143,1.0000000116860974e-07,9.99999993922529e-09,-53.720001220703125,43.06500244140625,-96.78500366210938,False,11,1,3397,39571,4000,46688,10,20
almanac,SK-MEL-28,bo_selection,ours+zero,2,122819,754143,9.999999974752427e-07,9.99999993922529e-09,-70.69100189208984,26.09400177001953,-96.78500366210938,False,18,1,2628,30338,4000,46688,10,20
almanac,SK-MEL-28,bo_selection,ours+zero,3,24559,609699,9.999999974752427e-07,1.0000000116860974e-07,-89.51000213623047,7.275001525878906,-96.78500366210938,False,11,1,1111,13040,4000,46688,10,20
almanac,SK-MEL-28,bo_selection,ours+zero,4,740,24559,9.99999993922529e-09,9.999999974752427e-07,-92.20999908447266,4.575004577636719,-96.78500366210938,False,29,1,18,122,4000,46688,10,20
almanac,SK-MEL-28,bo_selection,ours+zero,5,122819,754143,9.999999974752427e-07,9.99999993922529e-09,-70.69100189208984,26.09400177001953,-96.78500366210938,False,11,1,2628,30338,4000,46688,10,20
almanac,SK-MEL-28,bo_selection,ours+zero,6,740,24559,9.99999993922529e-09,9.999999974752427e-07,-92.20999908447266,4.575004577636719,-96.78500366210938,False,29,1,18,122,4000,46688,10,20
almanac,SK-MEL-28,bo_selection,ours+zero,7,24559,628503,9.999999974752427e-07,3.999999975690116e-08,-93.9000015258789,2.8850021362304688,-96.78500366210938,False,19,1,1115,13058,4000,46688,10,20
almanac,SK-MEL-28,bo_selection,ours+zero,8,740,24559,9.99999993922529e-09,9.999999974752427e-07,-92.20999908447266,4.575004577636719,-96.78500366210938,False,28,1,18,122,4000,46688,10,20
almanac,SK-MEL-28,bo_selection,ours+zero,9,24559,628503,9.999999974752427e-07,3.999999975690116e-08,-93.9000015258789,2.8850021362304688,-96.78500366210938,False,10,1,1115,13058,4000,46688,10,20
almanac,SK-MEL-28,bo_selection,random,0,19893,226080,9.999999747378752e-05,5.000000058430487e-08,27.1299991607666,123.91500091552734,-96.78500366210938,False,13,1,1042,12149,4000,46688,10,20
almanac,SK-MEL-28,bo_selection,random,1,67574,92859,9.999999717180685e-10,6.000000212225132e-06,-57.06999969482422,39.715003967285156,-96.78500366210938,False,16,1,1898,22043,4000,46688,10,20
almanac,SK-MEL-28,bo_selection,random,2,45923,246131,6.000000212225132e-06,1.9999999494757503e-05,-95.12000274658203,1.6650009155273438,-96.78500366210938,False,17,1,1687,19502,4000,46688,10,20
almanac,SK-MEL-28,bo_selection,random,3,713563,753082,9.999999747378752e-06,4.999999873689376e-06,6.105999946594238,102.89100646972656,-96.78500366210938,False,6,1,3690,43135,4000,46688,10,20
almanac,SK-MEL-28,bo_selection,random,4,743414,754230,5.000000058430487e-08,5.999999802552836e-11,5.309999942779541,102.09500122070312,-96.78500366210938,False,20,1,3866,45312,4000,46688,10,20
almanac,SK-MEL-28,bo_selection,random,5,180973,754230,6.999999868639861e-07,5.999999941330714e-10,0.1899999976158142,96.97500610351562,-96.78500366210938,False,23,1,2965,34295,4000,46688,10,20
almanac,SK-MEL-28,bo_selection,random,6,266046,747973,4.999999873689376e-06,3.000000106112566e-07,17.299999237060547,114.08500671386719,-96.78500366210938,False,17,1,3215,37231,4000,46688,10,20
almanac,SK-MEL-28,bo_selection,random,7,24559,628503,9.999999974752427e-07,3.999999975690116e-08,-93.9000015258789,2.8850021362304688,-96.78500366210938,False,27,1,1115,13058,4000,46688,10,20
almanac,SK-MEL-28,bo_selection,random,8,24559,628503,9.999999974752427e-07,3.999999975690116e-08,-93.9000015258789,2.8850021362304688,-96.78500366210938,False,12,1,1115,13058,4000,46688,10,20
almanac,SK-MEL-28,bo_selection,random,9,266046,747973,4.999999873689376e-06,3.000000106112566e-07,17.299999237060547,114.08500671386719,-96.78500366210938,False,6,1,3215,37231,4000,46688,10,20
almanac,SK-MEL-28,bo_selection,tanimoto+zero,0,762,119875,4.999999987376214e-07,1.9999999494757503e-05,-29.84000015258789,66.94500350952148,-96.78500366210938,False,29,1,342,3848,4000,46688,10,20
almanac,SK-MEL-28,bo_selection,tanimoto+zero,1,762,119875,4.999999987376214e-07,1.9999999494757503e-05,-29.84000015258789,66.94500350952148,-96.78500366210938,False,14,1,342,3848,4000,46688,10,20
almanac,SK-MEL-28,bo_selection,tanimoto+zero,2,1390,713563,0.00019999999494757503,9.999999747378752e-05,4.056000232696533,100.84100389480591,-96.78500366210938,False,23,1,433,5030,4000,46688,10,20
almanac,SK-MEL-28,bo_selection,tanimoto+zero,3,750,92859,4.999999873689376e-05,6.000000212225132e-06,-59.77000045776367,37.0150032043457,-96.78500366210938,False,20,1,107,1169,4000,46688,10,20
almanac,SK-MEL-28,bo_selection,tanimoto+zero,4,750,92859,4.999999873689376e-05,6.000000212225132e-06,-59.77000045776367,37.0150032043457,-96.78500366210938,False,13,1,107,1169,4000,46688,10,20
almanac,SK-MEL-28,bo_selection,tanimoto+zero,5,750,92859,4.999999873689376e-05,6.000000212225132e-06,-59.77000045776367,37.0150032043457,-96.78500366210938,False,18,1,107,1169,4000,46688,10,20
almanac,SK-MEL-28,bo_selection,tanimoto+zero,6,750,92859,4.999999873689376e-05,6.000000212225132e-06,-59.77000045776367,37.0150032043457,-96.78500366210938,False,12,1,107,1169,4000,46688,10,20
almanac,SK-MEL-28,bo_selection,tanimoto+zero,7,18509,92859,9.999999747378752e-05,6.000000212225132e-06,-64.77999877929688,32.0050048828125,-96.78500366210938,False,22,1,957,11213,4000,46688,10,20
almanac,SK-MEL-28,bo_selection,tanimoto+zero,8,740,24559,9.99999993922529e-09,9.999999974752427e-07,-92.20999908447266,4.575004577636719,-96.78500366210938,False,28,1,18,122,4000,46688,10,20
almanac,SK-MEL-28,bo_selection,tanimoto+zero,9,750,92859,4.999999873689376e-05,6.000000212225132e-06,-59.77000045776367,37.0150032043457,-96.78500366210938,False,20,1,107,1169,4000,46688,10,20
almanac,SK-MEL-28,pool_optimum,pool_optimum,-1,102816,246131,3.000000106112566e-06,1.9999999494757503e-05,-96.78500366210938,0.0,-96.78500366210938,True,-1,2,2298,26567,4000,46688,10,20
almanac,SK-MEL-5,bo_selection,act_hamming+zero,0,24559,713563,9.99999993922529e-09,9.999999747378752e-05,-22.094999313354492,76.9850025177002,-99.08000183105469,False,5,1,1125,12917,4000,46220,10,20
almanac,SK-MEL-5,bo_selection,act_hamming+zero,1,24559,761432,1.0000000116860974e-07,4.999999969612645e-09,-88.83300018310547,10.247001647949219,-99.08000183105469,False,4,1,1149,13147,4000,46220,10,20
almanac,SK-MEL-5,bo_selection,act_hamming+zero,2,740,762,1.0000000116860974e-07,4.999999987376214e-07,1.090000033378601,100.17000186443329,-99.08000183105469,False,12,1,3,34,4000,46220,10,20
almanac,SK-MEL-5,bo_selection,act_hamming+zero,3,279836,761432,4.999999969612645e-09,5.000000058430487e-08,-8.427000045776367,90.65300178527832,-99.08000183105469,False,2,1,3257,37333,4000,46220,10,20
almanac,SK-MEL-5,bo_selection,act_hamming+zero,4,628503,747971,3.999999975690116e-08,1.9999999494757503e-05,-15.380000114440918,83.70000171661377,-99.08000183105469,False,6,1,3521,40426,4000,46220,10,20
almanac,SK-MEL-5,bo_selection,act_hamming+zero,5,3053,246131,1.0000000116860974e-07,1.9999999494757503e-05,-93.62999725341797,5.450004577636719,-99.08000183105469,False,2,1,515,5624,4000,46220,10,20
almanac,SK-MEL-5,bo_selection,act_hamming+zero,6,226080,246131,9.999999717180685e-10,1.9999999494757503e-05,-93.90499877929688,5.1750030517578125,-99.08000183105469,False,7,2,3008,34409,4000,46220,10,20
almanac,SK-MEL-5,bo_selection,act_hamming+zero,7,747973,754230,3.000000106112566e-07,1.000000013351432e-10,-38.7599983215332,60.320003509521484,-99.08000183105469,False,10,1,3933,45490,4000,46220,10,20
almanac,SK-MEL-5,bo_selection,act_hamming+zero,8,740,762,1.0000000116860974e-07,4.999999987376214e-07,1.090000033378601,100.17000186443329,-99.08000183105469,False,12,1,3,34,4000,46220,10,20
almanac,SK-MEL-5,bo_selection,act_hamming+zero,9,740,762,1.0000000116860974e-07,4.999999987376214e-07,1.090000033378601,100.17000186443329,-99.08000183105469,False,12,1,3,34,4000,46220,10,20
almanac,SK-MEL-5,bo_selection,hamming+zero,0,24559,713563,9.99999993922529e-09,9.999999747378752e-05,-22.094999313354492,76.9850025177002,-99.08000183105469,False,5,1,1125,12917,4000,46220,10,20
almanac,SK-MEL-5,bo_selection,hamming+zero,1,24559,761432,1.0000000116860974e-07,4.999999969612645e-09,-88.83300018310547,10.247001647949219,-99.08000183105469,False,4,1,1149,13147,4000,46220,10,20
almanac,SK-MEL-5,bo_selection,hamming+zero,2,740,762,1.0000000116860974e-07,4.999999987376214e-07,1.090000033378601,100.17000186443329,-99.08000183105469,False,12,1,3,34,4000,46220,10,20
almanac,SK-MEL-5,bo_selection,hamming+zero,3,279836,761432,4.999999969612645e-09,5.000000058430487e-08,-8.427000045776367,90.65300178527832,-99.08000183105469,False,2,1,3257,37333,4000,46220,10,20
almanac,SK-MEL-5,bo_selection,hamming+zero,4,628503,747971,3.999999975690116e-08,1.9999999494757503e-05,-15.380000114440918,83.70000171661377,-99.08000183105469,False,6,1,3521,40426,4000,46220,10,20
almanac,SK-MEL-5,bo_selection,hamming+zero,5,3053,246131,1.0000000116860974e-07,1.9999999494757503e-05,-93.62999725341797,5.450004577636719,-99.08000183105469,False,2,1,515,5624,4000,46220,10,20
almanac,SK-MEL-5,bo_selection,hamming+zero,6,226080,246131,9.999999717180685e-10,1.9999999494757503e-05,-93.90499877929688,5.1750030517578125,-99.08000183105469,False,7,2,3008,34409,4000,46220,10,20
almanac,SK-MEL-5,bo_selection,hamming+zero,7,747973,754230,3.000000106112566e-07,1.000000013351432e-10,-38.7599983215332,60.320003509521484,-99.08000183105469,False,19,1,3933,45490,4000,46220,10,20
almanac,SK-MEL-5,bo_selection,hamming+zero,8,740,762,1.0000000116860974e-07,4.999999987376214e-07,1.090000033378601,100.17000186443329,-99.08000183105469,False,12,1,3,34,4000,46220,10,20
almanac,SK-MEL-5,bo_selection,hamming+zero,9,740,762,1.0000000116860974e-07,4.999999987376214e-07,1.090000033378601,100.17000186443329,-99.08000183105469,False,12,1,3,34,4000,46220,10,20
almanac,SK-MEL-5,bo_selection,linear_curve,0,92859,754143,6.000000212225132e-06,9.99999993922529e-09,-98.1500015258789,0.9300003051757812,-99.08000183105469,False,29,1,2274,26000,4000,46220,10,20
almanac,SK-MEL-5,bo_selection,linear_curve,1,24559,92859,9.999999974752427e-07,6.000000212225132e-06,-99.08000183105469,0.0,-99.08000183105469,True,29,1,1096,12572,4000,46220,10,20
almanac,SK-MEL-5,bo_selection,linear_curve,2,246131,701852,1.9999999494757503e-05,9.999999974752427e-07,-97.13999938964844,1.94000244140625,-99.08000183105469,False,25,1,3098,35468,4000,46220,10,20
almanac,SK-MEL-5,bo_selection,linear_curve,3,92859,754143,6.000000212225132e-06,9.99999993922529e-09,-98.1500015258789,0.9300003051757812,-99.08000183105469,False,19,1,2274,26000,4000,46220,10,20
almanac,SK-MEL-5,bo_selection,linear_curve,4,92859,754143,6.000000212225132e-06,9.99999993922529e-09,-98.1500015258789,0.9300003051757812,-99.08000183105469,False,22,1,2274,26000,4000,46220,10,20
almanac,SK-MEL-5,bo_selection,linear_curve,5,92859,754143,6.000000212225132e-06,9.99999993922529e-09,-98.1500015258789,0.9300003051757812,-99.08000183105469,False,26,1,2274,26000,4000,46220,10,20
almanac,SK-MEL-5,bo_selection,linear_curve,6,92859,747973,6.000000212225132e-06,2.999999892949745e-08,-97.72000122070312,1.3600006103515625,-99.08000183105469,False,23,1,2270,25954,4000,46220,10,20
almanac,SK-MEL-5,bo_selection,linear_curve,7,67574,713563,2.999999892949745e-08,9.999999747378752e-05,-46.79600143432617,52.284000396728516,-99.08000183105469,False,23,1,1926,22094,4000,46220,10,20
almanac,SK-MEL-5,bo_selection,linear_curve,8,92859,747973,6.000000212225132e-06,2.999999892949745e-08,-97.72000122070312,1.3600006103515625,-99.08000183105469,False,26,1,2270,25954,4000,46220,10,20
almanac,SK-MEL-5,bo_selection,linear_curve,9,92859,747973,6.000000212225132e-06,2.999999892949745e-08,-97.72000122070312,1.3600006103515625,-99.08000183105469,False,20,1,2270,25954,4000,46220,10,20
almanac,SK-MEL-5,bo_selection,ours+zero,0,24559,747971,9.999999974752427e-07,1.9999999494757503e-05,-94.33000183105469,4.75,-99.08000183105469,False,10,1,1136,13031,4000,46220,10,20
almanac,SK-MEL-5,bo_selection,ours+zero,1,24559,761432,1.0000000116860974e-07,4.999999969612645e-09,-88.83300018310547,10.247001647949219,-99.08000183105469,False,4,1,1149,13147,4000,46220,10,20
almanac,SK-MEL-5,bo_selection,ours+zero,2,9706,19893,4.999999873689376e-06,9.999999747378752e-05,-48.06999969482422,51.01000213623047,-99.08000183105469,False,11,1,771,8567,4000,46220,10,20
almanac,SK-MEL-5,bo_selection,ours+zero,3,67574,745750,1.0000000116860974e-07,3.000000106112566e-06,-42.33000183105469,56.75,-99.08000183105469,False,24,1,1937,22202,4000,46220,10,20
almanac,SK-MEL-5,bo_selection,ours+zero,4,119875,123127,1.9999999494757503e-05,5.000000058430487e-08,-80.23999786376953,18.840003967285156,-99.08000183105469,False,25,1,2467,28375,4000,46220,10,20
almanac,SK-MEL-5,bo_selection,ours+zero,5,3053,246131,1.0000000116860974e-07,1.9999999494757503e-05,-93.62999725341797,5.450004577636719,-99.08000183105469,False,2,1,515,5624,4000,46220,10,20
almanac,SK-MEL-5,bo_selection,ours+zero,6,226080,246131,9.999999717180685e-10,1.9999999494757503e-05,-93.90499877929688,5.1750030517578125,-99.08000183105469,False,7,2,3008,34409,4000,46220,10,20
almanac,SK-MEL-5,bo_selection,ours+zero,7,24559,747973,9.999999974752427e-07,3.000000106112566e-07,-97.54000091552734,1.5400009155273438,-99.08000183105469,False,22,1,1137,13049,4000,46220,10,20
almanac,SK-MEL-5,bo_selection,ours+zero,8,26980,761432,4.999999987376214e-07,5.000000058430487e-08,-33.479000091552734,65.60100173950195,-99.08000183105469,False,14,1,1352,15416,4000,46220,10,20
almanac,SK-MEL-5,bo_selection,ours+zero,9,755,628503,2.0000000233721948e-07,3.999999975690116e-08,-49.15999984741211,49.92000198364258,-99.08000183105469,False,21,1,286,3209,4000,46220,10,20
almanac,SK-MEL-5,bo_selection,random,0,24559,713563,9.99999993922529e-09,9.999999747378752e-05,-22.094999313354492,76.98500061035156,-99.08000183105469,False,5,1,1125,12917,4000,46220,10,20
almanac,SK-MEL-5,bo_selection,random,1,92859,673596,6.000000212225132e-06,1.000000013351432e-10,-96.0999984741211,2.9800033569335938,-99.08000183105469,False,28,1,2252,25746,4000,46220,10,20
almanac,SK-MEL-5,bo_selection,random,2,246131,673596,1.9999999494757503e-05,1.000000013351432e-10,-95.95999908447266,3.1200027465820312,-99.08000183105469,False,10,1,3097,35430,4000,46220,10,20
almanac,SK-MEL-5,bo_selection,random,3,755,628503,1.9999999949504854e-06,3.999999975690116e-08,-45.290000915527344,53.790000915527344,-99.08000183105469,False,13,1,287,3212,4000,46220,10,20
almanac,SK-MEL-5,bo_selection,random,4,628503,747971,3.999999975690116e-08,1.9999999494757503e-05,-15.380000114440918,83.70000457763672,-99.08000183105469,False,6,1,3521,40426,4000,46220,10,20
almanac,SK-MEL-5,bo_selection,random,5,3053,246131,1.0000000116860974e-07,1.9999999494757503e-05,-93.62999725341797,5.450004577636719,-99.08000183105469,False,2,1,515,5624,4000,46220,10,20
almanac,SK-MEL-5,bo_selection,random,6,226080,246131,9.999999717180685e-10,1.9999999494757503e-05,-93.90499877929688,5.1750030517578125,-99.08000183105469,False,7,2,3008,34409,4000,46220,10,20
almanac,SK-MEL-5,bo_selection,random,7,24559,362856,9.999999974752427e-07,1.9999999949504854e-06,-91.62999725341797,7.450004577636719,-99.08000183105469,False,27,1,1115,12796,4000,46220,10,20
almanac,SK-MEL-5,bo_selection,random,8,24559,362856,9.999999974752427e-07,1.9999999949504854e-06,-91.62999725341797,7.450004577636719,-99.08000183105469,False,12,1,1115,12796,4000,46220,10,20
almanac,SK-MEL-5,bo_selection,random,9,180973,628503,7.000000096013537e-06,3.999999975690116e-08,-30.979999542236328,68.10000610351562,-99.08000183105469,False,15,1,2928,33641,4000,46220,10,20
almanac,SK-MEL-5,bo_selection,tanimoto+zero,0,92859,119875,6.000000212225132e-06,1.9999999949504854e-06,-91.94999694824219,7.1300048828125,-99.08000183105469,False,12,1,2233,25495,4000,46220,10,20
almanac,SK-MEL-5,bo_selection,tanimoto+zero,1,24559,761432,1.0000000116860974e-07,4.999999969612645e-09,-88.83300018310547,10.247001647949219,-99.08000183105469,False,4,1,1149,13147,4000,46220,10,20
almanac,SK-MEL-5,bo_selection,tanimoto+zero,2,92859,119875,6.000000212225132e-06,1.9999999949504854e-06,-91.94999694824219,7.1300048828125,-99.08000183105469,False,12,1,2233,25495,4000,46220,10,20
almanac,SK-MEL-5,bo_selection,tanimoto+zero,3,279836,761432,4.999999969612645e-09,5.000000058430487e-08,-8.427000045776367,90.65300178527832,-99.08000183105469,False,2,1,3257,37333,4000,46220,10,20
almanac,SK-MEL-5,bo_selection,tanimoto+zero,4,752,713563,1.0000000116860974e-07,9.999999747378752e-05,-61.43600082397461,37.64400100708008,-99.08000183105469,False,15,1,222,2405,4000,46220,10,20
almanac,SK-MEL-5,bo_selection,tanimoto+zero,5,3053,246131,1.0000000116860974e-07,1.9999999494757503e-05,-93.62999725341797,5.450004577636719,-99.08000183105469,False,2,1,515,5624,4000,46220,10,20
almanac,SK-MEL-5,bo_selection,tanimoto+zero,6,226080,246131,9.999999717180685e-10,1.9999999494757503e-05,-93.90499877929688,5.1750030517578125,-99.08000183105469,False,7,2,3008,34409,4000,46220,10,20
almanac,SK-MEL-5,bo_selection,tanimoto+zero,7,747973,754230,3.000000106112566e-07,9.999999960041972e-13,-36.0,63.08000183105469,-99.08000183105469,False,7,1,3932,45488,4000,46220,10,20
almanac,SK-MEL-5,bo_selection,tanimoto+zero,8,92859,119875,6.000000212225132e-06,1.9999999949504854e-06,-91.94999694824219,7.1300048828125,-99.08000183105469,False,17,1,2233,25495,4000,46220,10,20
almanac,SK-MEL-5,bo_selection,tanimoto+zero,9,92859,119875,6.000000212225132e-06,1.9999999949504854e-06,-91.94999694824219,7.1300048828125,-99.08000183105469,False,10,1,2233,25495,4000,46220,10,20
almanac,SK-MEL-5,pool_optimum,pool_optimum,-1,24559,92859,9.999999974752427e-07,6.000000212225132e-06,-99.08000183105469,0.0,-99.08000183105469,True,-1,1,1096,12572,4000,46220,10,20
almanac,SK-OV-3,bo_selection,act_hamming+zero,0,63878,279836,5.000000058430487e-08,4.999999987376214e-07,-0.7390000224113464,71.92100363969803,-72.66000366210938,False,2,1,1819,20885,4000,46652,10,20
almanac,SK-OV-3,bo_selection,act_hamming+zero,1,740,762,1.0000000116860974e-07,4.999999987376214e-07,5.889999866485596,78.55000352859497,-72.66000366210938,False,12,1,3,34,4000,46652,10,20
almanac,SK-OV-3,bo_selection,act_hamming+zero,2,740,762,1.0000000116860974e-07,4.999999987376214e-07,5.889999866485596,78.55000352859497,-72.66000366210938,False,12,1,3,34,4000,46652,10,20
almanac,SK-OV-3,bo_selection,act_hamming+zero,3,740,762,1.0000000116860974e-07,4.999999987376214e-07,5.889999866485596,78.55000352859497,-72.66000366210938,False,12,1,3,34,4000,46652,10,20
almanac,SK-OV-3,bo_selection,act_hamming+zero,4,740,762,1.0000000116860974e-07,4.999999987376214e-07,5.889999866485596,78.55000352859497,-72.66000366210938,False,12,1,3,34,4000,46652,10,20
almanac,SK-OV-3,bo_selection,act_hamming+zero,5,3053,246131,1.0000000116860974e-07,1.9999999494757503e-05,-63.52000045776367,9.140003204345703,-72.66000366210938,False,2,1,515,5705,4000,46652,10,20
almanac,SK-OV-3,bo_selection,act_hamming+zero,6,740,762,1.0000000116860974e-07,4.999999987376214e-07,5.889999866485596,78.55000352859497,-72.66000366210938,False,12,1,3,34,4000,46652,10,20
almanac,SK-OV-3,bo_selection,act_hamming+zero,7,740,762,1.0000000116860974e-07,4.999999987376214e-07,5.889999866485596,78.55000352859497,-72.66000366210938,False,12,1,3,34,4000,46652,10,20
almanac,SK-OV-3,bo_selection,act_hamming+zero,8,740,762,1.0000000116860974e-07,4.999999987376214e-07,5.889999866485596,78.55000352859497,-72.66000366210938,False,12,1,3,34,4000,46652,10,20
almanac,SK-OV-3,bo_selection,act_hamming+zero,9,740,762,1.0000000116860974e-07,4.999999987376214e-07,5.889999866485596,78.55000352859497,-72.66000366210938,False,12,1,3,34,4000,46652,10,20
almanac,SK-OV-3,bo_selection,hamming+zero,0,63878,279836,5.000000058430487e-08,4.999999987376214e-07,-0.7390000224113464,71.92100363969803,-72.66000366210938,False,2,1,1819,20885,4000,46652,10,20
almanac,SK-OV-3,bo_selection,hamming+zero,1,740,762,1.0000000116860974e-07,4.999999987376214e-07,5.889999866485596,78.55000352859497,-72.66000366210938,False,12,1,3,34,4000,46652,10,20
almanac,SK-OV-3,bo_selection,hamming+zero,2,740,762,1.0000000116860974e-07,4.999999987376214e-07,5.889999866485596,78.55000352859497,-72.66000366210938,False,12,1,3,34,4000,46652,10,20
almanac,SK-OV-3,bo_selection,hamming+zero,3,740,762,1.0000000116860974e-07,4.999999987376214e-07,5.889999866485596,78.55000352859497,-72.66000366210938,False,12,1,3,34,4000,46652,10,20
almanac,SK-OV-3,bo_selection,hamming+zero,4,740,762,1.0000000116860974e-07,4.999999987376214e-07,5.889999866485596,78.55000352859497,-72.66000366210938,False,12,1,3,34,4000,46652,10,20
almanac,SK-OV-3,bo_selection,hamming+zero,5,3053,246131,1.0000000116860974e-07,1.9999999494757503e-05,-63.52000045776367,9.140003204345703,-72.66000366210938,False,2,1,515,5705,4000,46652,10,20
almanac,SK-OV-3,bo_selection,hamming+zero,6,740,762,1.0000000116860974e-07,4.999999987376214e-07,5.889999866485596,78.55000352859497,-72.66000366210938,False,12,1,3,34,4000,46652,10,20
almanac,SK-OV-3,bo_selection,hamming+zero,7,740,762,1.0000000116860974e-07,4.999999987376214e-07,5.889999866485596,78.55000352859497,-72.66000366210938,False,12,1,3,34,4000,46652,10,20
almanac,SK-OV-3,bo_selection,hamming+zero,8,740,762,1.0000000116860974e-07,4.999999987376214e-07,5.889999866485596,78.55000352859497,-72.66000366210938,False,12,1,3,34,4000,46652,10,20
almanac,SK-OV-3,bo_selection,hamming+zero,9,740,762,1.0000000116860974e-07,4.999999987376214e-07,5.889999866485596,78.55000352859497,-72.66000366210938,False,12,1,3,34,4000,46652,10,20
almanac,SK-OV-3,bo_selection,linear_curve,0,747972,754143,3.000000106112566e-07,9.99999993922529e-09,-67.01899719238281,5.6410064697265625,-72.66000366210938,False,26,1,3931,45790,4000,46652,10,20
almanac,SK-OV-3,bo_selection,linear_curve,1,279836,732517,4.999999987376214e-07,1.0000000116860974e-07,-37.433998107910156,35.22600555419922,-72.66000366210938,False,25,1,3267,37528,4000,46652,10,20
almanac,SK-OV-3,bo_selection,linear_curve,2,715055,761432,9.999999747378752e-06,4.999999969612645e-09,-3.3369998931884766,69.3230037689209,-72.66000366210938,False,25,1,3755,43392,4000,46652,10,20
almanac,SK-OV-3,bo_selection,linear_curve,3,721517,754143,9.99999993922529e-09,9.99999993922529e-09,-47.86000061035156,24.800003051757812,-72.66000366210938,False,25,1,3837,44602,4000,46652,10,20
almanac,SK-OV-3,bo_selection,linear_curve,4,279836,732517,4.999999987376214e-07,1.0000000116860974e-07,-37.433998107910156,35.22600555419922,-72.66000366210938,False,27,1,3267,37528,4000,46652,10,20
almanac,SK-OV-3,bo_selection,linear_curve,5,3053,246131,1.0000000116860974e-07,1.9999999494757503e-05,-63.52000045776367,9.140003204345703,-72.66000366210938,False,2,1,515,5705,4000,46652,10,20
almanac,SK-OV-3,bo_selection,linear_curve,6,122758,279836,1.999999987845058e-08,4.999999987376214e-07,-42.1349983215332,30.525005340576172,-72.66000366210938,False,10,1,2550,29387,4000,46652,10,20
almanac,SK-OV-3,bo_selection,linear_curve,7,122758,279836,1.999999987845058e-08,4.999999987376214e-07,-42.1349983215332,30.525005340576172,-72.66000366210938,False,17,1,2550,29387,4000,46652,10,20
almanac,SK-OV-3,bo_selection,linear_curve,8,45923,754143,6.000000212225132e-06,9.99999993922529e-09,-72.66000366210938,0.0,-72.66000366210938,True,27,1,1736,19880,4000,46652,10,20
almanac,SK-OV-3,bo_selection,linear_curve,9,279836,732517,4.999999987376214e-07,1.0000000116860974e-07,-37.433998107910156,35.22600555419922,-72.66000366210938,False,19,1,3267,37528,4000,46652,10,20
almanac,SK-OV-3,bo_selection,ours+zero,0,122758,279836,1.999999987845058e-08,4.999999987376214e-07,-42.1349983215332,30.525005340576172,-72.66000366210938,False,16,1,2550,29387,4000,46652,10,20
almanac,SK-OV-3,bo_selection,ours+zero,1,608210,761432,9.99999993922529e-09,5.000000058430487e-08,-15.343999862670898,57.31600379943848,-72.66000366210938,False,24,1,3462,39925,4000,46652,10,20
almanac,SK-OV-3,bo_selection,ours+zero,2,1390,761432,0.00019999999494757503,5.000000058430487e-08,2.055999994277954,74.71600365638733,-72.66000366210938,False,24,1,469,5282,4000,46652,10,20
almanac,SK-OV-3,bo_selection,ours+zero,3,26980,279836,4.999999987376214e-07,4.999999987376214e-07,-26.83799934387207,45.822004318237305,-72.66000366210938,False,12,1,1317,15254,4000,46652,10,20
almanac,SK-OV-3,bo_selection,ours+zero,4,71423,279836,3.000000106112566e-06,4.999999987376214e-07,-28.389999389648438,44.27000427246094,-72.66000366210938,False,29,1,1996,22865,4000,46652,10,20
almanac,SK-OV-3,bo_selection,ours+zero,5,3053,246131,1.0000000116860974e-07,1.9999999494757503e-05,-63.52000045776367,9.140003204345703,-72.66000366210938,False,2,1,515,5705,4000,46652,10,20
almanac,SK-OV-3,bo_selection,ours+zero,6,82151,713563,2.0000000233721948e-07,9.999999747378752e-05,-43.33300018310547,29.327003479003906,-72.66000366210938,False,14,1,2166,24884,4000,46652,10,20
almanac,SK-OV-3,bo_selection,ours+zero,7,180973,747973,7.000000096013537e-06,3.000000106112566e-07,-43.560001373291016,29.10000228881836,-72.66000366210938,False,14,1,2975,34181,4000,46652,10,20
almanac,SK-OV-3,bo_selection,ours+zero,8,63878,754143,9.999999974752427e-07,9.99999993922529e-09,-48.34000015258789,24.320003509521484,-72.66000366210938,False,10,1,1843,21221,4000,46652,10,20
almanac,SK-OV-3,bo_selection,ours+zero,9,6396,681239,9.999999974752427e-07,3.000000106112566e-07,-1.8300000429153442,70.83000361919403,-72.66000366210938,False,17,1,668,7529,4000,46652,10,20
almanac,SK-OV-3,bo_selection,random,0,26980,279836,4.999999987376214e-07,4.999999987376214e-07,-26.83799934387207,45.82200622558594,-72.66000366210938,False,28,1,1317,15254,4000,46652,10,20
almanac,SK-OV-3,bo_selection,random,1,279836,732517,4.999999987376214e-07,1.0000000116860974e-07,-37.433998107910156,35.22600555419922,-72.66000366210938,False,19,1,3267,37528,4000,46652,10,20
almanac,SK-OV-3,bo_selection,random,2,14229,755986,3.000000106112566e-06,2.499999993688107e-07,32.04399871826172,104.7040023803711,-72.66000366210938,False,9,1,943,10968,4000,46652,10,20
almanac,SK-OV-3,bo_selection,random,3,125973,702294,3.000000106112566e-07,9.999999747378752e-05,-43.720001220703125,28.94000244140625,-72.66000366210938,False,10,1,2755,31562,4000,46652,10,20
almanac,SK-OV-3,bo_selection,random,4,9706,681239,4.999999987376214e-07,3.000000106112566e-07,-13.449999809265137,59.21000289916992,-72.66000366210938,False,22,1,804,9167,4000,46652,10,20
almanac,SK-OV-3,bo_selection,random,5,3053,246131,1.0000000116860974e-07,1.9999999494757503e-05,-63.52000045776367,9.140003204345703,-72.66000366210938,False,2,1,515,5705,4000,46652,10,20
almanac,SK-OV-3,bo_selection,random,6,698037,719344,9.999999974752427e-07,3.000000106112566e-07,14.28600025177002,86.94600677490234,-72.66000366210938,False,12,1,3635,41902,4000,46652,10,20
almanac,SK-OV-3,bo_selection,random,7,24559,180973,9.999999974752427e-07,6.999999868639861e-07,-4.519999980926514,68.14000701904297,-72.66000366210938,False,27,1,1115,12904,4000,46652,10,20
almanac,SK-OV-3,bo_selection,random,8,719345,747973,3.999999886872274e-09,3.000000106112566e-07,-13.279999732971191,59.3800048828125,-72.66000366210938,False,18,1,3803,44170,4000,46652,10,20
almanac,SK-OV-3,bo_selection,random,9,673596,747973,9.999999717180685e-10,3.000000106112566e-07,-33.0,39.660003662109375,-72.66000366210938,False,26,1,3568,41134,4000,46652,10,20
almanac,SK-OV-3,bo_selection,tanimoto+zero,0,63878,279836,5.000000058430487e-08,4.999999987376214e-07,-0.7390000224113464,71.92100363969803,-72.66000366210938,False,2,1,1819,20885,4000,46652,10,20
almanac,SK-OV-3,bo_selection,tanimoto+zero,1,628503,713563,2.999999970665357e-10,9.999999747378752e-05,10.741999626159668,83.40200328826904,-72.66000366210938,False,25,1,3533,40672,4000,46652,10,20
almanac,SK-OV-3,bo_selection,tanimoto+zero,2,628503,713563,2.999999970665357e-10,9.999999747378752e-05,10.741999626159668,83.40200328826904,-72.66000366210938,False,29,1,3533,40672,4000,46652,10,20
almanac,SK-OV-3,bo_selection,tanimoto+zero,3,66847,713563,9.999999974752427e-07,9.999999747378752e-05,7.7820000648498535,80.44200372695923,-72.66000366210938,False,25,1,1893,21704,4000,46652,10,20
almanac,SK-OV-3,bo_selection,tanimoto+zero,4,66847,713563,9.999999974752427e-07,9.999999747378752e-05,7.7820000648498535,80.44200372695923,-72.66000366210938,False,24,1,1893,21704,4000,46652,10,20
almanac,SK-OV-3,bo_selection,tanimoto+zero,5,3053,246131,1.0000000116860974e-07,1.9999999494757503e-05,-63.52000045776367,9.140003204345703,-72.66000366210938,False,2,1,515,5705,4000,46652,10,20
almanac,SK-OV-3,bo_selection,tanimoto+zero,6,3053,713563,1.000000013351432e-10,9.999999747378752e-05,11.184000015258789,83.84400367736816,-72.66000366210938,False,18,1,526,5888,4000,46652,10,20
almanac,SK-OV-3,bo_selection,tanimoto+zero,7,77213,608210,1.9999999494757503e-05,9.999999974752427e-07,16.19300079345703,88.8530044555664,-72.66000366210938,False,3,1,2052,23570,4000,46652,10,20
almanac,SK-OV-3,bo_selection,tanimoto+zero,8,3053,713563,1.000000013351432e-10,9.999999747378752e-05,11.184000015258789,83.84400367736816,-72.66000366210938,False,16,1,526,5888,4000,46652,10,20
almanac,SK-OV-3,bo_selection,tanimoto+zero,9,681239,686673,3.000000106112566e-07,2.0000000233721948e-07,15.5,88.16000366210938,-72.66000366210938,False,7,1,3576,41252,4000,46652,10,20
almanac,SK-OV-3,pool_optimum,pool_optimum,-1,45923,754143,6.000000212225132e-06,9.99999993922529e-09,-72.66000366210938,0.0,-72.66000366210938,True,-1,1,1736,19880,4000,46652,10,20
almanac,SN12C,bo_selection,act_hamming+zero,0,740,24559,9.999999717180685e-10,9.999999974752427e-07,-51.900001525878906,39.06999969482422,-90.97000122070312,False,23,1,19,128,4000,46508,10,20
almanac,SN12C,bo_selection,act_hamming+zero,1,740,24559,9.999999717180685e-10,9.999999974752427e-07,-51.900001525878906,39.06999969482422,-90.97000122070312,False,23,1,19,128,4000,46508,10,20
almanac,SN12C,bo_selection,act_hamming+zero,2,740,24559,9.999999717180685e-10,9.999999974752427e-07,-51.900001525878906,39.06999969482422,-90.97000122070312,False,24,1,19,128,4000,46508,10,20
almanac,SN12C,bo_selection,act_hamming+zero,3,740,24559,9.999999717180685e-10,9.999999974752427e-07,-51.900001525878906,39.06999969482422,-90.97000122070312,False,23,1,19,128,4000,46508,10,20
almanac,SN12C,bo_selection,act_hamming+zero,4,740,24559,9.999999717180685e-10,9.999999974752427e-07,-51.900001525878906,39.06999969482422,-90.97000122070312,False,23,1,19,128,4000,46508,10,20
almanac,SN12C,bo_selection,act_hamming+zero,5,740,24559,9.999999717180685e-10,9.999999974752427e-07,-51.900001525878906,39.06999969482422,-90.97000122070312,False,23,1,19,128,4000,46508,10,20
almanac,SN12C,bo_selection,act_hamming+zero,6,740,24559,9.999999717180685e-10,9.999999974752427e-07,-51.900001525878906,39.06999969482422,-90.97000122070312,False,23,1,19,128,4000,46508,10,20
almanac,SN12C,bo_selection,act_hamming+zero,7,740,24559,9.999999717180685e-10,9.999999974752427e-07,-51.900001525878906,39.06999969482422,-90.97000122070312,False,29,1,19,128,4000,46508,10,20
almanac,SN12C,bo_selection,act_hamming+zero,8,740,24559,9.999999717180685e-10,9.999999974752427e-07,-51.900001525878906,39.06999969482422,-90.97000122070312,False,23,1,19,128,4000,46508,10,20
almanac,SN12C,bo_selection,act_hamming+zero,9,740,24559,9.999999717180685e-10,9.999999974752427e-07,-51.900001525878906,39.06999969482422,-90.97000122070312,False,23,1,19,128,4000,46508,10,20
almanac,SN12C,bo_selection,hamming+zero,0,740,24559,9.999999717180685e-10,9.999999974752427e-07,-51.900001525878906,39.06999969482422,-90.97000122070312,False,23,1,19,128,4000,46508,10,20
almanac,SN12C,bo_selection,hamming+zero,1,740,24559,9.999999717180685e-10,9.999999974752427e-07,-51.900001525878906,39.06999969482422,-90.97000122070312,False,23,1,19,128,4000,46508,10,20
almanac,SN12C,bo_selection,hamming+zero,2,740,24559,9.999999717180685e-10,9.999999974752427e-07,-51.900001525878906,39.06999969482422,-90.97000122070312,False,23,1,19,128,4000,46508,10,20
almanac,SN12C,bo_selection,hamming+zero,3,740,24559,9.999999717180685e-10,9.999999974752427e-07,-51.900001525878906,39.06999969482422,-90.97000122070312,False,23,1,19,128,4000,46508,10,20
almanac,SN12C,bo_selection,hamming+zero,4,740,24559,9.999999717180685e-10,9.999999974752427e-07,-51.900001525878906,39.06999969482422,-90.97000122070312,False,23,1,19,128,4000,46508,10,20
almanac,SN12C,bo_selection,hamming+zero,5,740,24559,9.999999717180685e-10,9.999999974752427e-07,-51.900001525878906,39.06999969482422,-90.97000122070312,False,23,1,19,128,4000,46508,10,20
almanac,SN12C,bo_selection,hamming+zero,6,740,24559,9.999999717180685e-10,9.999999974752427e-07,-51.900001525878906,39.06999969482422,-90.97000122070312,False,23,1,19,128,4000,46508,10,20
almanac,SN12C,bo_selection,hamming+zero,7,740,24559,9.999999717180685e-10,9.999999974752427e-07,-51.900001525878906,39.06999969482422,-90.97000122070312,False,29,1,19,128,4000,46508,10,20
almanac,SN12C,bo_selection,hamming+zero,8,740,24559,9.999999717180685e-10,9.999999974752427e-07,-51.900001525878906,39.06999969482422,-90.97000122070312,False,23,1,19,128,4000,46508,10,20
almanac,SN12C,bo_selection,hamming+zero,9,740,24559,9.999999717180685e-10,9.999999974752427e-07,-51.900001525878906,39.06999969482422,-90.97000122070312,False,23,1,19,128,4000,46508,10,20
almanac,SN12C,bo_selection,linear_curve,0,26271,754143,9.999999747378752e-05,9.99999993922529e-09,-78.77999877929688,12.19000244140625,-90.97000122070312,False,15,1,1277,14822,4000,46508,10,20
almanac,SN12C,bo_selection,linear_curve,1,26271,754143,9.999999747378752e-05,9.99999993922529e-09,-78.77999877929688,12.19000244140625,-90.97000122070312,False,22,1,1277,14822,4000,46508,10,20
almanac,SN12C,bo_selection,linear_curve,2,34462,754143,4.999999873689376e-05,9.99999993922529e-09,-88.677001953125,2.292999267578125,-90.97000122070312,False,21,1,1533,17792,4000,46508,10,20
almanac,SN12C,bo_selection,linear_curve,3,24559,606869,9.999999974752427e-07,1.0000000116860974e-07,-64.94000244140625,26.029998779296875,-90.97000122070312,False,15,1,1122,13031,4000,46508,10,20
almanac,SN12C,bo_selection,linear_curve,4,24559,85998,9.999999974752427e-07,9.999999747378752e-05,-63.2400016784668,27.729999542236328,-90.97000122070312,False,12,1,1098,12770,4000,46508,10,20
almanac,SN12C,bo_selection,linear_curve,5,34462,754143,4.999999873689376e-05,9.99999993922529e-09,-88.677001953125,2.292999267578125,-90.97000122070312,False,29,1,1533,17792,4000,46508,10,20
almanac,SN12C,bo_selection,linear_curve,6,34462,754143,4.999999873689376e-05,9.99999993922529e-09,-88.677001953125,2.292999267578125,-90.97000122070312,False,16,1,1533,17792,4000,46508,10,20
almanac,SN12C,bo_selection,linear_curve,7,34462,754143,4.999999873689376e-05,9.99999993922529e-09,-88.677001953125,2.292999267578125,-90.97000122070312,False,19,1,1533,17792,4000,46508,10,20
almanac,SN12C,bo_selection,linear_curve,8,34462,754143,4.999999873689376e-05,9.99999993922529e-09,-88.677001953125,2.292999267578125,-90.97000122070312,False,12,1,1533,17792,4000,46508,10,20
almanac,SN12C,bo_selection,linear_curve,9,34462,754143,4.999999873689376e-05,9.99999993922529e-09,-88.677001953125,2.292999267578125,-90.97000122070312,False,17,1,1533,17792,4000,46508,10,20
almanac,SN12C,bo_selection,ours+zero,0,123127,246131,4.999999987376214e-07,1.9999999494757503e-05,-62.0,28.970001220703125,-90.97000122070312,False,17,1,2652,30473,4000,46508,10,20
almanac,SN12C,bo_selection,ours+zero,1,256439,754143,9.99999993922529e-09,9.99999993922529e-09,-49.625,41.345001220703125,-90.97000122070312,False,25,1,3170,36438,4000,46508,10,20
almanac,SN12C,bo_selection,ours+zero,2,26980,754143,5.000000058430487e-08,9.99999993922529e-09,-90.97000122070312,0.0,-90.97000122070312,True,12,1,1351,15575,4000,46508,10,20
almanac,SN12C,bo_selection,ours+zero,3,24559,606869,9.999999974752427e-07,1.0000000116860974e-07,-64.94000244140625,26.029998779296875,-90.97000122070312,False,17,1,1122,13031,4000,46508,10,20
almanac,SN12C,bo_selection,ours+zero,4,256439,754143,9.99999993922529e-09,9.99999993922529e-09,-49.625,41.345001220703125,-90.97000122070312,False,19,1,3170,36438,4000,46508,10,20
almanac,SN12C,bo_selection,ours+zero,5,141540,606869,5.000000058430487e-08,9.999999974752427e-07,-35.60300064086914,55.367000579833984,-90.97000122070312,False,28,1,2862,32987,4000,46508,10,20
almanac,SN12C,bo_selection,ours+zero,6,24559,606869,9.999999974752427e-07,1.0000000116860974e-07,-64.94000244140625,26.029998779296875,-90.97000122070312,False,12,1,1122,13031,4000,46508,10,20
almanac,SN12C,bo_selection,ours+zero,7,34462,754143,4.999999873689376e-05,9.99999993922529e-09,-88.677001953125,2.292999267578125,-90.97000122070312,False,22,1,1533,17792,4000,46508,10,20
almanac,SN12C,bo_selection,ours+zero,8,279836,733504,4.999999987376214e-07,6.000000052353016e-09,-60.16899871826172,30.801002502441406,-90.97000122070312,False,12,1,3264,37572,4000,46508,10,20
almanac,SN12C,bo_selection,ours+zero,9,26980,105014,4.999999987376214e-07,9.999999974752427e-07,-38.31999969482422,52.650001525878906,-90.97000122070312,False,11,1,1300,15047,4000,46508,10,20
almanac,SN12C,bo_selection,random,0,105014,719627,9.999999974752427e-07,4.999999873689376e-06,-50.68000030517578,40.290000915527344,-90.97000122070312,False,23,1,2368,27386,4000,46508,10,20
almanac,SN12C,bo_selection,random,1,279836,747971,4.999999987376214e-07,1.0000000116860974e-07,-52.43600082397461,38.534000396728516,-90.97000122070312,False,19,1,3267,37616,4000,46508,10,20
almanac,SN12C,bo_selection,random,2,125973,761432,5.99999978589949e-08,4.999999969612645e-09,-0.718999981880188,90.2509994506836,-90.97000122070312,False,2,1,2777,31849,4000,46508,10,20
almanac,SN12C,bo_selection,random,3,266046,279836,9.99999993922529e-09,4.999999987376214e-07,-17.577999114990234,73.39199829101562,-90.97000122070312,False,29,1,3218,36928,4000,46508,10,20
almanac,SN12C,bo_selection,random,4,628503,673596,3.999999886872274e-09,9.99999993922529e-09,7.090000152587891,98.05999755859375,-90.97000122070312,False,6,1,3521,40621,4000,46508,10,20
almanac,SN12C,bo_selection,random,5,750,279836,9.999999974752427e-07,4.999999987376214e-07,-39.07500076293945,51.89500045776367,-90.97000122070312,False,21,1,128,1406,4000,46508,10,20
almanac,SN12C,bo_selection,random,6,279836,698037,4.999999987376214e-07,9.999999974752427e-07,-20.631000518798828,70.33900451660156,-90.97000122070312,False,29,1,3255,37456,4000,46508,10,20
almanac,SN12C,bo_selection,random,7,606869,698037,9.999999974752427e-07,9.99999993922529e-09,-44.55500030517578,46.415000915527344,-90.97000122070312,False,1,1,3412,39308,4000,46508,10,20
almanac,SN12C,bo_selection,random,8,49842,246131,2.999999892949745e-08,1.9999999494757503e-05,-29.540000915527344,61.43000030517578,-90.97000122070312,False,21,1,1763,20195,4000,46508,10,20
almanac,SN12C,bo_selection,random,9,141540,606869,5.000000058430487e-08,9.999999974752427e-07,-35.60300064086914,55.367000579833984,-90.97000122070312,False,18,1,2862,32987,4000,46508,10,20
almanac,SN12C,bo_selection,tanimoto+zero,0,681239,754230,3.000000106112566e-07,9.999999960041972e-13,-80.23999786376953,10.730003356933594,-90.97000122070312,False,11,1,3583,41405,4000,46508,10,20
almanac,SN12C,bo_selection,tanimoto+zero,1,713563,747973,9.999999747378752e-05,2.999999970665357e-10,-15.289999961853027,75.6800012588501,-90.97000122070312,False,29,1,3695,42900,4000,46508,10,20
almanac,SN12C,bo_selection,tanimoto+zero,2,713563,747973,9.999999747378752e-05,2.999999970665357e-10,-15.289999961853027,75.6800012588501,-90.97000122070312,False,26,1,3695,42900,4000,46508,10,20
almanac,SN12C,bo_selection,tanimoto+zero,3,713563,754230,9.999999747378752e-05,5.999999976025183e-12,-12.17199993133545,78.79800128936768,-90.97000122070312,False,24,1,3701,42956,4000,46508,10,20
almanac,SN12C,bo_selection,tanimoto+zero,4,13875,713563,7.500000356230885e-05,9.999999747378752e-05,-2.2639999389648438,88.70600128173828,-90.97000122070312,False,19,1,872,9989,4000,46508,10,20
almanac,SN12C,bo_selection,tanimoto+zero,5,34462,713563,4.999999873689376e-05,9.999999747378752e-05,-30.3700008392334,60.60000038146973,-90.97000122070312,False,27,1,1518,17603,4000,46508,10,20
almanac,SN12C,bo_selection,tanimoto+zero,6,79037,713563,4.999999873689376e-06,9.999999747378752e-05,-25.672000885009766,65.29800033569336,-90.97000122070312,False,14,1,2104,24269,4000,46508,10,20
almanac,SN12C,bo_selection,tanimoto+zero,7,740,24559,9.999999717180685e-10,9.999999974752427e-07,-51.900001525878906,39.06999969482422,-90.97000122070312,False,29,1,19,128,4000,46508,10,20
almanac,SN12C,bo_selection,tanimoto+zero,8,19893,169780,9.999999747378752e-05,9.999999747378752e-05,-14.135000228881836,76.83500099182129,-90.97000122070312,False,29,1,1051,12122,4000,46508,10,20
almanac,SN12C,bo_selection,tanimoto+zero,9,34462,713563,4.999999873689376e-05,9.999999747378752e-05,-30.3700008392334,60.60000038146973,-90.97000122070312,False,21,1,1518,17603,4000,46508,10,20
almanac,SN12C,pool_optimum,pool_optimum,-1,26980,754143,5.000000058430487e-08,9.99999993922529e-09,-90.97000122070312,0.0,-90.97000122070312,True,-1,1,1351,15575,4000,46508,10,20
almanac,SNB-19,bo_selection,act_hamming+zero,0,740,1390,1.0000000116860974e-07,1.0000000116860974e-07,-51.599998474121094,33.31999969482422,-84.91999816894531,False,15,1,5,42,4000,46679,10,20
almanac,SNB-19,bo_selection,act_hamming+zero,1,740,1390,1.0000000116860974e-07,1.0000000116860974e-07,-51.599998474121094,33.31999969482422,-84.91999816894531,False,15,1,5,42,4000,46679,10,20
almanac,SNB-19,bo_selection,act_hamming+zero,2,740,1390,1.0000000116860974e-07,1.0000000116860974e-07,-51.599998474121094,33.31999969482422,-84.91999816894531,False,15,1,5,42,4000,46679,10,20
almanac,SNB-19,bo_selection,act_hamming+zero,3,740,1390,1.0000000116860974e-07,1.0000000116860974e-07,-51.599998474121094,33.31999969482422,-84.91999816894531,False,15,1,5,42,4000,46679,10,20
almanac,SNB-19,bo_selection,act_hamming+zero,4,740,1390,1.0000000116860974e-07,1.0000000116860974e-07,-51.599998474121094,33.31999969482422,-84.91999816894531,False,15,1,5,42,4000,46679,10,20
almanac,SNB-19,bo_selection,act_hamming+zero,5,740,1390,1.0000000116860974e-07,1.0000000116860974e-07,-51.599998474121094,33.31999969482422,-84.91999816894531,False,15,1,5,42,4000,46679,10,20
almanac,SNB-19,bo_selection,act_hamming+zero,6,740,1390,1.0000000116860974e-07,1.0000000116860974e-07,-51.599998474121094,33.31999969482422,-84.91999816894531,False,15,1,5,42,4000,46679,10,20
almanac,SNB-19,bo_selection,act_hamming+zero,7,740,1390,1.0000000116860974e-07,1.0000000116860974e-07,-51.599998474121094,33.31999969482422,-84.91999816894531,False,16,1,5,42,4000,46679,10,20
almanac,SNB-19,bo_selection,act_hamming+zero,8,740,1390,1.0000000116860974e-07,1.0000000116860974e-07,-51.599998474121094,33.31999969482422,-84.91999816894531,False,15,1,5,42,4000,46679,10,20
almanac,SNB-19,bo_selection,act_hamming+zero,9,740,1390,1.0000000116860974e-07,1.0000000116860974e-07,-51.599998474121094,33.31999969482422,-84.91999816894531,False,15,1,5,42,4000,46679,10,20
almanac,SNB-19,bo_selection,hamming+zero,0,740,1390,1.0000000116860974e-07,1.0000000116860974e-07,-51.599998474121094,33.31999969482422,-84.91999816894531,False,15,1,5,42,4000,46679,10,20
almanac,SNB-19,bo_selection,hamming+zero,1,740,1390,1.0000000116860974e-07,1.0000000116860974e-07,-51.599998474121094,33.31999969482422,-84.91999816894531,False,15,1,5,42,4000,46679,10,20
almanac,SNB-19,bo_selection,hamming+zero,2,740,1390,1.0000000116860974e-07,1.0000000116860974e-07,-51.599998474121094,33.31999969482422,-84.91999816894531,False,15,1,5,42,4000,46679,10,20
almanac,SNB-19,bo_selection,hamming+zero,3,740,1390,1.0000000116860974e-07,1.0000000116860974e-07,-51.599998474121094,33.31999969482422,-84.91999816894531,False,15,1,5,42,4000,46679,10,20
almanac,SNB-19,bo_selection,hamming+zero,4,740,1390,1.0000000116860974e-07,1.0000000116860974e-07,-51.599998474121094,33.31999969482422,-84.91999816894531,False,15,1,5,42,4000,46679,10,20
almanac,SNB-19,bo_selection,hamming+zero,5,740,1390,1.0000000116860974e-07,1.0000000116860974e-07,-51.599998474121094,33.31999969482422,-84.91999816894531,False,15,1,5,42,4000,46679,10,20
almanac,SNB-19,bo_selection,hamming+zero,6,740,1390,1.0000000116860974e-07,1.0000000116860974e-07,-51.599998474121094,33.31999969482422,-84.91999816894531,False,15,1,5,42,4000,46679,10,20
almanac,SNB-19,bo_selection,hamming+zero,7,740,1390,1.0000000116860974e-07,1.0000000116860974e-07,-51.599998474121094,33.31999969482422,-84.91999816894531,False,15,1,5,42,4000,46679,10,20
almanac,SNB-19,bo_selection,hamming+zero,8,740,1390,1.0000000116860974e-07,1.0000000116860974e-07,-51.599998474121094,33.31999969482422,-84.91999816894531,False,15,1,5,42,4000,46679,10,20
almanac,SNB-19,bo_selection,hamming+zero,9,740,1390,1.0000000116860974e-07,1.0000000116860974e-07,-51.599998474121094,33.31999969482422,-84.91999816894531,False,15,1,5,42,4000,46679,10,20
almanac,SNB-19,bo_selection,linear_curve,0,26980,681239,4.999999969612645e-09,3.000000106112566e-07,-84.91999816894531,0.0,-84.91999816894531,True,16,1,1318,15329,4000,46679,10,20
almanac,SNB-19,bo_selection,linear_curve,1,125973,681239,3.000000106112566e-07,3.000000106112566e-07,-77.77999877929688,7.1399993896484375,-84.91999816894531,False,29,1,2736,31580,4000,46679,10,20
almanac,SNB-19,bo_selection,linear_curve,2,681239,747973,3.000000106112566e-07,3.000000026176508e-09,-65.91000366210938,19.009994506835938,-84.91999816894531,False,23,1,3569,41468,4000,46679,10,20
almanac,SNB-19,bo_selection,linear_curve,3,125973,681239,3.000000106112566e-07,3.000000106112566e-07,-77.77999877929688,7.1399993896484375,-84.91999816894531,False,16,1,2736,31580,4000,46679,10,20
almanac,SNB-19,bo_selection,linear_curve,4,122819,606869,9.999999974752427e-07,9.999999974752427e-07,-25.790000915527344,59.12999725341797,-84.91999816894531,False,28,1,2597,30014,4000,46679,10,20
almanac,SNB-19,bo_selection,linear_curve,5,681239,747973,3.000000106112566e-07,3.000000026176508e-09,-65.91000366210938,19.009994506835938,-84.91999816894531,False,13,1,3569,41468,4000,46679,10,20
almanac,SNB-19,bo_selection,linear_curve,6,26980,681239,4.999999969612645e-09,3.000000106112566e-07,-84.91999816894531,0.0,-84.91999816894531,True,27,1,1318,15329,4000,46679,10,20
almanac,SNB-19,bo_selection,linear_curve,7,125973,681239,3.000000106112566e-07,3.000000106112566e-07,-77.77999877929688,7.1399993896484375,-84.91999816894531,False,26,1,2736,31580,4000,46679,10,20
almanac,SNB-19,bo_selection,linear_curve,8,125973,681239,3.000000106112566e-07,3.000000106112566e-07,-77.77999877929688,7.1399993896484375,-84.91999816894531,False,16,1,2736,31580,4000,46679,10,20
almanac,SNB-19,bo_selection,linear_curve,9,26980,681239,4.999999969612645e-09,3.000000106112566e-07,-84.91999816894531,0.0,-84.91999816894531,True,24,1,1318,15329,4000,46679,10,20
almanac,SNB-19,bo_selection,ours+zero,0,740,1390,1.0000000116860974e-07,1.0000000116860974e-07,-51.599998474121094,33.31999969482422,-84.91999816894531,False,25,1,5,42,4000,46679,10,20
almanac,SNB-19,bo_selection,ours+zero,1,256942,754143,1.0000000116860974e-07,1.0000000116860974e-07,-64.66699981689453,20.25299835205078,-84.91999816894531,False,22,1,3198,36916,4000,46679,10,20
almanac,SNB-19,bo_selection,ours+zero,2,26980,681239,5.000000058430487e-08,3.000000106112566e-07,-83.4800033569336,1.4399948120117188,-84.91999816894531,False,17,1,1319,15332,4000,46679,10,20
almanac,SNB-19,bo_selection,ours+zero,3,740,762,1.0000000116860974e-07,4.999999987376214e-07,-47.93000030517578,36.98999786376953,-84.91999816894531,False,18,1,3,34,4000,46679,10,20
almanac,SNB-19,bo_selection,ours+zero,4,125973,681239,3.000000106112566e-07,3.000000106112566e-07,-77.77999877929688,7.1399993896484375,-84.91999816894531,False,11,1,2736,31580,4000,46679,10,20
almanac,SNB-19,bo_selection,ours+zero,5,256942,754143,1.0000000116860974e-07,1.0000000116860974e-07,-64.66699981689453,20.25299835205078,-84.91999816894531,False,12,1,3198,36916,4000,46679,10,20
almanac,SNB-19,bo_selection,ours+zero,6,256942,754143,1.0000000116860974e-07,1.0000000116860974e-07,-64.66699981689453,20.25299835205078,-84.91999816894531,False,12,1,3198,36916,4000,46679,10,20
almanac,SNB-19,bo_selection,ours+zero,7,14229,681239,3.000000106112566e-06,3.000000106112566e-07,-70.05000305175781,14.8699951171875,-84.91999816894531,False,12,1,918,10718,4000,46679,10,20
almanac,SNB-19,bo_selection,ours+zero,8,740,1390,1.0000000116860974e-07,1.0000000116860974e-07,-51.599998474121094,33.31999969482422,-84.91999816894531,False,29,1,5,42,4000,46679,10,20
almanac,SNB-19,bo_selection,ours+zero,9,6396,681239,1.0000000116860974e-07,3.000000106112566e-07,-71.7300033569336,13.189994812011719,-84.91999816894531,False,25,1,662,7517,4000,46679,10,20
almanac,SNB-19,bo_selection,random,0,3053,745750,1.0000000116860974e-07,3.000000106112566e-06,3.3499999046325684,88.2699966430664,-84.91999816894531,False,9,1,531,5993,4000,46679,10,20
almanac,SNB-19,bo_selection,random,1,125973,747973,2.999999892949745e-08,3.000000106112566e-07,6.989999771118164,91.90999603271484,-84.91999816894531,False,10,1,2747,31775,4000,46679,10,20
almanac,SNB-19,bo_selection,random,2,26980,718781,4.999999987376214e-07,1.999999987845058e-08,9.880000114440918,94.79999542236328,-84.91999816894531,False,15,1,1328,15405,4000,46679,10,20
almanac,SNB-19,bo_selection,random,3,45388,608210,4.999999987376214e-07,9.999999974752427e-07,16.28499984741211,101.20500183105469,-84.91999816894531,False,25,1,1634,18893,4000,46679,10,20
almanac,SNB-19,bo_selection,random,4,755,608210,1.999999987845058e-08,9.999999974752427e-07,14.85200023651123,99.7719955444336,-84.91999816894531,False,11,1,280,3188,4000,46679,10,20
almanac,SNB-19,bo_selection,random,5,740,45388,3.000000106112566e-07,4.999999873689376e-06,-18.756000518798828,66.16400146484375,-84.91999816894531,False,18,1,24,178,4000,46679,10,20
almanac,SNB-19,bo_selection,random,6,226080,256942,9.99999993922529e-09,1.0000000116860974e-07,6.117000102996826,91.03699493408203,-84.91999816894531,False,3,1,3026,34838,4000,46679,10,20
almanac,SNB-19,bo_selection,random,7,45923,747973,5.99999978589949e-08,3.000000106112566e-07,-5.0,79.91999816894531,-84.91999816894531,False,28,1,1724,19820,4000,46679,10,20
almanac,SNB-19,bo_selection,random,8,92859,613327,6.000000212225132e-06,9.999999717180685e-10,-1.190000057220459,83.72999572753906,-84.91999816894531,False,9,1,2267,26071,4000,46679,10,20
almanac,SNB-19,bo_selection,random,9,226080,754143,9.999999717180685e-10,9.99999993922529e-09,-9.609999656677246,75.30999755859375,-84.91999816894531,False,5,1,3050,35192,4000,46679,10,20
almanac,SNB-19,bo_selection,tanimoto+zero,0,3053,745750,1.0000000116860974e-07,3.000000106112566e-06,3.3499999046325684,88.26999807357788,-84.91999816894531,False,9,1,531,5993,4000,46679,10,20
almanac,SNB-19,bo_selection,tanimoto+zero,1,125973,713563,5.999999941330714e-10,9.999999747378752e-05,14.317999839782715,99.23799800872803,-84.91999816894531,False,28,1,2741,31628,4000,46679,10,20
almanac,SNB-19,bo_selection,tanimoto+zero,2,740,1390,1.0000000116860974e-07,1.0000000116860974e-07,-51.599998474121094,33.31999969482422,-84.91999816894531,False,28,1,5,42,4000,46679,10,20
almanac,SNB-19,bo_selection,tanimoto+zero,3,740,1390,1.0000000116860974e-07,1.0000000116860974e-07,-51.599998474121094,33.31999969482422,-84.91999816894531,False,26,1,5,42,4000,46679,10,20
almanac,SNB-19,bo_selection,tanimoto+zero,4,740,1390,1.0000000116860974e-07,1.0000000116860974e-07,-51.599998474121094,33.31999969482422,-84.91999816894531,False,28,1,5,42,4000,46679,10,20
almanac,SNB-19,bo_selection,tanimoto+zero,5,109724,713563,9.999999747378752e-05,9.999999747378752e-05,10.401000022888184,95.3209981918335,-84.91999816894531,False,28,1,2405,27926,4000,46679,10,20
almanac,SNB-19,bo_selection,tanimoto+zero,6,226080,256942,9.99999993922529e-09,1.0000000116860974e-07,6.117000102996826,91.03699827194214,-84.91999816894531,False,3,1,3026,34838,4000,46679,10,20
almanac,SNB-19,bo_selection,tanimoto+zero,7,606869,755986,9.999999974752427e-07,2.499999993688107e-07,-1.7029999494552612,83.21699821949005,-84.91999816894531,False,1,1,3412,39605,4000,46679,10,20
almanac,SNB-19,bo_selection,tanimoto+zero,8,740,1390,1.0000000116860974e-07,1.0000000116860974e-07,-51.599998474121094,33.31999969482422,-84.91999816894531,False,28,1,5,42,4000,46679,10,20
almanac,SNB-19,bo_selection,tanimoto+zero,9,740,1390,1.0000000116860974e-07,1.0000000116860974e-07,-51.599998474121094,33.31999969482422,-84.91999816894531,False,29,1,5,42,4000,46679,10,20
almanac,SNB-19,pool_optimum,pool_optimum,-1,26980,681239,4.999999969612645e-09,3.000000106112566e-07,-84.91999816894531,0.0,-84.91999816894531,True,-1,1,1318,15329,4000,46679,10,20
almanac,SNB-75,bo_selection,act_hamming+zero,0,24559,279836,1.0000000116860974e-07,4.999999987376214e-07,-76.00900268554688,17.980995178222656,-93.98999786376953,False,11,1,1126,12437,4000,44573,10,20
almanac,SNB-75,bo_selection,act_hamming+zero,1,24559,747599,9.999999974752427e-07,9.999999974752427e-07,-92.63999938964844,1.3499984741210938,-93.98999786376953,False,4,1,1149,12653,4000,44573,10,20
almanac,SNB-75,bo_selection,act_hamming+zero,2,740,18509,1.0000000116860974e-07,9.999999974752427e-07,-6.860000133514404,87.12999773025513,-93.98999786376953,False,20,1,16,105,4000,44573,10,20
almanac,SNB-75,bo_selection,act_hamming+zero,3,740,18509,1.0000000116860974e-07,9.999999974752427e-07,-6.860000133514404,87.12999773025513,-93.98999786376953,False,20,1,16,105,4000,44573,10,20
almanac,SNB-75,bo_selection,act_hamming+zero,4,740,18509,1.0000000116860974e-07,9.999999974752427e-07,-6.860000133514404,87.12999773025513,-93.98999786376953,False,20,1,16,105,4000,44573,10,20
almanac,SNB-75,bo_selection,act_hamming+zero,5,25154,754143,2.9999999242136255e-05,9.99999993922529e-09,-33.15999984741211,60.82999801635742,-93.98999786376953,False,10,1,1212,13472,4000,44573,10,20
almanac,SNB-75,bo_selection,act_hamming+zero,6,740,18509,1.0000000116860974e-07,9.999999974752427e-07,-6.860000133514404,87.12999773025513,-93.98999786376953,False,20,1,16,105,4000,44573,10,20
almanac,SNB-75,bo_selection,act_hamming+zero,7,740,18509,1.0000000116860974e-07,9.999999974752427e-07,-6.860000133514404,87.12999773025513,-93.98999786376953,False,20,1,16,105,4000,44573,10,20
almanac,SNB-75,bo_selection,act_hamming+zero,8,740,18509,1.0000000116860974e-07,9.999999974752427e-07,-6.860000133514404,87.12999773025513,-93.98999786376953,False,20,1,16,105,4000,44573,10,20
almanac,SNB-75,bo_selection,act_hamming+zero,9,686673,754230,2.0000000233721948e-07,5.999999976025183e-12,-16.729999542236328,77.2599983215332,-93.98999786376953,False,7,1,3576,39752,4000,44573,10,20
almanac,SNB-75,bo_selection,hamming+zero,0,24559,279836,1.0000000116860974e-07,4.999999987376214e-07,-76.00900268554688,17.980995178222656,-93.98999786376953,False,11,1,1126,12437,4000,44573,10,20
almanac,SNB-75,bo_selection,hamming+zero,1,24559,747599,9.999999974752427e-07,9.999999974752427e-07,-92.63999938964844,1.3499984741210938,-93.98999786376953,False,4,1,1149,12653,4000,44573,10,20
almanac,SNB-75,bo_selection,hamming+zero,2,740,18509,1.0000000116860974e-07,9.999999974752427e-07,-6.860000133514404,87.12999773025513,-93.98999786376953,False,20,1,16,105,4000,44573,10,20
almanac,SNB-75,bo_selection,hamming+zero,3,740,18509,1.0000000116860974e-07,9.999999974752427e-07,-6.860000133514404,87.12999773025513,-93.98999786376953,False,20,1,16,105,4000,44573,10,20
almanac,SNB-75,bo_selection,hamming+zero,4,740,18509,1.0000000116860974e-07,9.999999974752427e-07,-6.860000133514404,87.12999773025513,-93.98999786376953,False,20,1,16,105,4000,44573,10,20
almanac,SNB-75,bo_selection,hamming+zero,5,25154,754143,2.9999999242136255e-05,9.99999993922529e-09,-33.15999984741211,60.82999801635742,-93.98999786376953,False,10,1,1212,13472,4000,44573,10,20
almanac,SNB-75,bo_selection,hamming+zero,6,740,18509,1.0000000116860974e-07,9.999999974752427e-07,-6.860000133514404,87.12999773025513,-93.98999786376953,False,20,1,16,105,4000,44573,10,20
almanac,SNB-75,bo_selection,hamming+zero,7,740,18509,1.0000000116860974e-07,9.999999974752427e-07,-6.860000133514404,87.12999773025513,-93.98999786376953,False,20,1,16,105,4000,44573,10,20
almanac,SNB-75,bo_selection,hamming+zero,8,740,18509,1.0000000116860974e-07,9.999999974752427e-07,-6.860000133514404,87.12999773025513,-93.98999786376953,False,20,1,16,105,4000,44573,10,20
almanac,SNB-75,bo_selection,hamming+zero,9,686673,754230,2.0000000233721948e-07,5.999999976025183e-12,-16.729999542236328,77.2599983215332,-93.98999786376953,False,7,1,3576,39752,4000,44573,10,20
almanac,SNB-75,bo_selection,linear_curve,0,122758,246131,3.999999975690116e-08,1.9999999494757503e-05,-93.16999816894531,0.8199996948242188,-93.98999786376953,False,21,1,2550,28235,4000,44573,10,20
almanac,SNB-75,bo_selection,linear_curve,1,246131,719345,1.9999999494757503e-05,4.0000000467443897e-07,-92.81999969482422,1.1699981689453125,-93.98999786376953,False,20,1,3086,34163,4000,44573,10,20
almanac,SNB-75,bo_selection,linear_curve,2,122758,246131,3.999999975690116e-08,1.9999999494757503e-05,-93.16999816894531,0.8199996948242188,-93.98999786376953,False,19,1,2550,28235,4000,44573,10,20
almanac,SNB-75,bo_selection,linear_curve,3,9706,24559,4.999999873689376e-06,9.999999974752427e-07,-93.98999786376953,0.0,-93.98999786376953,True,25,1,784,8369,4000,44573,10,20
almanac,SNB-75,bo_selection,linear_curve,4,24559,719345,9.999999974752427e-07,3.999999975690116e-08,-87.55999755859375,6.430000305175781,-93.98999786376953,False,29,1,1141,12580,4000,44573,10,20
almanac,SNB-75,bo_selection,linear_curve,5,9706,24559,4.999999873689376e-06,9.999999974752427e-07,-93.98999786376953,0.0,-93.98999786376953,True,10,1,784,8369,4000,44573,10,20
almanac,SNB-75,bo_selection,linear_curve,6,122758,246131,3.999999975690116e-08,1.9999999494757503e-05,-93.16999816894531,0.8199996948242188,-93.98999786376953,False,27,1,2550,28235,4000,44573,10,20
almanac,SNB-75,bo_selection,linear_curve,7,9706,24559,4.999999873689376e-06,9.999999974752427e-07,-93.98999786376953,0.0,-93.98999786376953,True,19,1,784,8369,4000,44573,10,20
almanac,SNB-75,bo_selection,linear_curve,8,9706,24559,4.999999873689376e-06,9.999999974752427e-07,-93.98999786376953,0.0,-93.98999786376953,True,19,1,784,8369,4000,44573,10,20
almanac,SNB-75,bo_selection,linear_curve,9,9706,24559,4.999999873689376e-06,9.999999974752427e-07,-93.98999786376953,0.0,-93.98999786376953,True,23,1,784,8369,4000,44573,10,20
almanac,SNB-75,bo_selection,ours+zero,0,740,24559,9.99999993922529e-09,9.999999974752427e-07,-89.58999633789062,4.400001525878906,-93.98999786376953,False,29,1,19,122,4000,44573,10,20
almanac,SNB-75,bo_selection,ours+zero,1,24559,747599,9.999999974752427e-07,9.999999974752427e-07,-92.63999938964844,1.3499984741210938,-93.98999786376953,False,4,1,1149,12653,4000,44573,10,20
almanac,SNB-75,bo_selection,ours+zero,2,34462,754143,4.999999873689376e-06,9.99999993922529e-09,-51.59600067138672,42.39399719238281,-93.98999786376953,False,12,1,1543,17060,4000,44573,10,20
almanac,SNB-75,bo_selection,ours+zero,3,698037,761432,9.99999993922529e-09,5.000000058430487e-08,-39.895999908447266,54.093997955322266,-93.98999786376953,False,13,1,3601,40087,4000,44573,10,20
almanac,SNB-75,bo_selection,ours+zero,4,279836,628503,4.999999987376214e-07,2.999999892949745e-08,-57.448001861572266,36.541996002197266,-93.98999786376953,False,15,1,3216,35647,4000,44573,10,20
almanac,SNB-75,bo_selection,ours+zero,5,34462,754143,4.999999873689376e-06,9.99999993922529e-09,-51.59600067138672,42.39399719238281,-93.98999786376953,False,11,1,1543,17060,4000,44573,10,20
almanac,SNB-75,bo_selection,ours+zero,6,752,673596,9.999999974752427e-07,2.999999892949745e-08,-47.564998626708984,46.42499923706055,-93.98999786376953,False,26,1,220,2291,4000,44573,10,20
almanac,SNB-75,bo_selection,ours+zero,7,279836,628503,4.999999987376214e-07,2.999999892949745e-08,-57.448001861572266,36.541996002197266,-93.98999786376953,False,12,1,3216,35647,4000,44573,10,20
almanac,SNB-75,bo_selection,ours+zero,8,681239,732517,3.000000106112566e-07,1.0000000116860974e-07,-52.70000076293945,41.28999710083008,-93.98999786376953,False,15,1,3537,39337,4000,44573,10,20
almanac,SNB-75,bo_selection,ours+zero,9,8806,754143,1.0000000116860974e-07,9.99999993922529e-09,-40.71500015258789,53.27499771118164,-93.98999786376953,False,13,1,773,8255,4000,44573,10,20
almanac,SNB-75,bo_selection,random,0,24559,279836,2.999999892949745e-08,4.999999987376214e-07,-46.152000427246094,47.83799743652344,-93.98999786376953,False,5,1,1125,12434,4000,44573,10,20
almanac,SNB-75,bo_selection,random,1,24559,747599,9.999999974752427e-07,9.999999974752427e-07,-92.63999938964844,1.3499984741210938,-93.98999786376953,False,4,1,1149,12653,4000,44573,10,20
almanac,SNB-75,bo_selection,random,2,608210,713563,9.999999974752427e-07,9.999999974752427e-07,23.445999145507812,117.43599700927734,-93.98999786376953,False,22,1,3390,37743,4000,44573,10,20
almanac,SNB-75,bo_selection,random,3,755,628503,2.0000000233721948e-07,3.999999975690116e-08,7.900000095367432,101.88999938964844,-93.98999786376953,False,13,1,287,3092,4000,44573,10,20
almanac,SNB-75,bo_selection,random,4,125973,719627,3.000000106112566e-07,4.999999873689376e-06,-45.349998474121094,48.63999938964844,-93.98999786376953,False,28,1,2734,30257,4000,44573,10,20
almanac,SNB-75,bo_selection,random,5,750,246131,4.999999873689376e-05,1.9999999494757503e-05,-86.5,7.489997863769531,-93.98999786376953,False,29,1,119,1295,4000,44573,10,20
almanac,SNB-75,bo_selection,random,6,750,246131,4.999999873689376e-05,1.9999999494757503e-05,-86.5,7.489997863769531,-93.98999786376953,False,26,1,119,1295,4000,44573,10,20
almanac,SNB-75,bo_selection,random,7,279836,369100,4.999999987376214e-07,7.000000135093387e-09,-52.03099822998047,41.95899963378906,-93.98999786376953,False,12,1,3212,35591,4000,44573,10,20
almanac,SNB-75,bo_selection,random,8,24559,122819,1.0000000116860974e-07,9.999999974752427e-07,-36.74800109863281,57.24199676513672,-93.98999786376953,False,12,1,1115,12311,4000,44573,10,20
almanac,SNB-75,bo_selection,random,9,8806,754143,1.0000000116860974e-07,9.99999993922529e-09,-40.71500015258789,53.27499771118164,-93.98999786376953,False,21,1,773,8255,4000,44573,10,20
almanac,SNB-75,bo_selection,tanimoto+zero,0,24559,279836,1.0000000116860974e-07,4.999999987376214e-07,-76.00900268554688,17.980995178222656,-93.98999786376953,False,22,1,1126,12437,4000,44573,10,20
almanac,SNB-75,bo_selection,tanimoto+zero,1,24559,747599,9.999999974752427e-07,9.999999974752427e-07,-92.63999938964844,1.3499984741210938,-93.98999786376953,False,4,1,1149,12653,4000,44573,10,20
almanac,SNB-75,bo_selection,tanimoto+zero,2,754230,761432,5.999999976025183e-12,5.000000058430487e-08,-26.038000106811523,67.95199775695801,-93.98999786376953,False,13,1,3980,44368,4000,44573,10,20
almanac,SNB-75,bo_selection,tanimoto+zero,3,754230,761432,5.999999976025183e-12,5.000000058430487e-08,-26.038000106811523,67.95199775695801,-93.98999786376953,False,22,1,3980,44368,4000,44573,10,20
almanac,SNB-75,bo_selection,tanimoto+zero,4,6396,9706,9.999999974752427e-07,4.999999873689376e-06,1.4500000476837158,95.43999791145325,-93.98999786376953,False,26,1,625,6728,4000,44573,10,20
almanac,SNB-75,bo_selection,tanimoto+zero,5,241240,754143,1.9999999494757503e-05,9.99999993922529e-09,-81.55000305175781,12.439994812011719,-93.98999786376953,False,11,1,3062,33947,4000,44573,10,20
almanac,SNB-75,bo_selection,tanimoto+zero,6,246131,713563,9.999999717180685e-10,9.999999747378752e-05,17.558000564575195,111.54799842834473,-93.98999786376953,False,25,1,3082,34112,4000,44573,10,20
almanac,SNB-75,bo_selection,tanimoto+zero,7,34462,754143,4.999999873689376e-05,1.000000013351432e-10,0.12800000607967377,94.1179978698492,-93.98999786376953,False,25,1,1544,17061,4000,44573,10,20
almanac,SNB-75,bo_selection,tanimoto+zero,8,754230,761432,5.999999976025183e-12,5.000000058430487e-08,-26.038000106811523,67.95199775695801,-93.98999786376953,False,21,1,3980,44368,4000,44573,10,20
almanac,SNB-75,bo_selection,tanimoto+zero,9,754230,761432,5.999999976025183e-12,5.000000058430487e-08,-26.038000106811523,67.95199775695801,-93.98999786376953,False,15,1,3980,44368,4000,44573,10,20
almanac,SNB-75,pool_optimum,pool_optimum,-1,9706,24559,4.999999873689376e-06,9.999999974752427e-07,-93.98999786376953,0.0,-93.98999786376953,True,-1,1,784,8369,4000,44573,10,20
almanac,SR,bo_selection,act_hamming+zero,0,740,8806,3.000000106112566e-07,9.999999747378752e-06,-90.3010025024414,8.918998718261719,-99.22000122070312,False,22,1,12,80,4000,45320,10,20
almanac,SR,bo_selection,act_hamming+zero,1,740,8806,3.000000106112566e-07,9.999999747378752e-06,-90.3010025024414,8.918998718261719,-99.22000122070312,False,22,1,12,80,4000,45320,10,20
almanac,SR,bo_selection,act_hamming+zero,2,740,8806,3.000000106112566e-07,9.999999747378752e-06,-90.3010025024414,8.918998718261719,-99.22000122070312,False,22,1,12,80,4000,45320,10,20
almanac,SR,bo_selection,act_hamming+zero,3,740,8806,3.000000106112566e-07,9.999999747378752e-06,-90.3010025024414,8.918998718261719,-99.22000122070312,False,22,1,12,80,4000,45320,10,20
almanac,SR,bo_selection,act_hamming+zero,4,740,8806,3.000000106112566e-07,9.999999747378752e-06,-90.3010025024414,8.918998718261719,-99.22000122070312,False,22,1,12,80,4000,45320,10,20
almanac,SR,bo_selection,act_hamming+zero,5,740,8806,3.000000106112566e-07,9.999999747378752e-06,-90.3010025024414,8.918998718261719,-99.22000122070312,False,22,1,12,80,4000,45320,10,20
almanac,SR,bo_selection,act_hamming+zero,6,26980,747971,4.999999987376214e-07,1.9999999949504854e-06,-94.94000244140625,4.279998779296875,-99.22000122070312,False,6,1,1325,14911,4000,45320,10,20
almanac,SR,bo_selection,act_hamming+zero,7,762,102816,4.999999873689376e-06,3.000000106112566e-06,-98.4800033569336,0.7399978637695312,-99.22000122070312,False,4,1,338,3725,4000,45320,10,20
almanac,SR,bo_selection,act_hamming+zero,8,9706,26980,4.999999873689376e-06,4.999999987376214e-07,-98.98999786376953,0.23000335693359375,-99.22000122070312,False,6,1,769,8432,4000,45320,10,20
almanac,SR,bo_selection,act_hamming+zero,9,740,8806,3.000000106112566e-07,9.999999747378752e-06,-90.3010025024414,8.918998718261719,-99.22000122070312,False,22,1,12,80,4000,45320,10,20
almanac,SR,bo_selection,hamming+zero,0,740,8806,3.000000106112566e-07,9.999999747378752e-06,-90.3010025024414,8.918998718261719,-99.22000122070312,False,22,1,12,80,4000,45320,10,20
almanac,SR,bo_selection,hamming+zero,1,740,8806,3.000000106112566e-07,9.999999747378752e-06,-90.3010025024414,8.918998718261719,-99.22000122070312,False,22,1,12,80,4000,45320,10,20
almanac,SR,bo_selection,hamming+zero,2,740,8806,3.000000106112566e-07,9.999999747378752e-06,-90.3010025024414,8.918998718261719,-99.22000122070312,False,22,1,12,80,4000,45320,10,20
almanac,SR,bo_selection,hamming+zero,3,740,8806,3.000000106112566e-07,9.999999747378752e-06,-90.3010025024414,8.918998718261719,-99.22000122070312,False,22,1,12,80,4000,45320,10,20
almanac,SR,bo_selection,hamming+zero,4,740,8806,3.000000106112566e-07,9.999999747378752e-06,-90.3010025024414,8.918998718261719,-99.22000122070312,False,22,1,12,80,4000,45320,10,20
almanac,SR,bo_selection,hamming+zero,5,740,8806,3.000000106112566e-07,9.999999747378752e-06,-90.3010025024414,8.918998718261719,-99.22000122070312,False,22,1,12,80,4000,45320,10,20
almanac,SR,bo_selection,hamming+zero,6,26980,747971,4.999999987376214e-07,1.9999999949504854e-06,-94.94000244140625,4.279998779296875,-99.22000122070312,False,6,1,1325,14911,4000,45320,10,20
almanac,SR,bo_selection,hamming+zero,7,762,102816,4.999999873689376e-06,3.000000106112566e-06,-98.4800033569336,0.7399978637695312,-99.22000122070312,False,4,1,338,3725,4000,45320,10,20
almanac,SR,bo_selection,hamming+zero,8,9706,26980,4.999999873689376e-06,4.999999987376214e-07,-98.98999786376953,0.23000335693359375,-99.22000122070312,False,6,1,769,8432,4000,45320,10,20
almanac,SR,bo_selection,hamming+zero,9,740,8806,3.000000106112566e-07,9.999999747378752e-06,-90.3010025024414,8.918998718261719,-99.22000122070312,False,22,1,12,80,4000,45320,10,20
almanac,SR,bo_selection,linear_curve,0,3053,9706,1.0000000116860974e-07,4.999999873689376e-06,-96.23999786376953,2.9800033569335938,-99.22000122070312,False,22,1,465,5138,4000,45320,10,20
almanac,SR,bo_selection,linear_curve,1,762,119875,4.999999987376214e-07,1.9999999494757503e-05,-97.05999755859375,2.160003662109375,-99.22000122070312,False,29,1,345,3758,4000,45320,10,20
almanac,SR,bo_selection,linear_curve,2,24559,681239,9.999999974752427e-07,3.000000106112566e-07,-98.7300033569336,0.48999786376953125,-99.22000122070312,False,14,1,1114,12590,4000,45320,10,20
almanac,SR,bo_selection,linear_curve,3,9706,613327,4.999999873689376e-06,9.99999993922529e-09,-98.7699966430664,0.45000457763671875,-99.22000122070312,False,22,1,793,8774,4000,45320,10,20
almanac,SR,bo_selection,linear_curve,4,92859,362856,6.000000212225132e-06,1.9999999494757503e-05,-98.26000213623047,0.9599990844726562,-99.22000122070312,False,28,1,2252,25109,4000,45320,10,20
almanac,SR,bo_selection,linear_curve,5,9706,26980,4.999999873689376e-06,4.999999987376214e-07,-98.98999786376953,0.23000335693359375,-99.22000122070312,False,27,1,769,8432,4000,45320,10,20
almanac,SR,bo_selection,linear_curve,6,9706,26980,4.999999873689376e-06,4.999999987376214e-07,-98.98999786376953,0.23000335693359375,-99.22000122070312,False,26,1,769,8432,4000,45320,10,20
almanac,SR,bo_selection,linear_curve,7,762,102816,4.999999873689376e-06,3.000000106112566e-06,-98.4800033569336,0.7399978637695312,-99.22000122070312,False,4,1,338,3725,4000,45320,10,20
almanac,SR,bo_selection,linear_curve,8,9706,26980,4.999999873689376e-06,4.999999987376214e-07,-98.98999786376953,0.23000335693359375,-99.22000122070312,False,6,1,769,8432,4000,45320,10,20
almanac,SR,bo_selection,linear_curve,9,14229,241240,3.000000106112566e-06,1.9999999494757503e-05,-98.20999908447266,1.0100021362304688,-99.22000122070312,False,20,1,907,10169,4000,45320,10,20
almanac,SR,bo_selection,ours+zero,0,740,8806,3.000000106112566e-07,9.999999747378752e-06,-90.3010025024414,8.918998718261719,-99.22000122070312,False,22,1,12,80,4000,45320,10,20
almanac,SR,bo_selection,ours+zero,1,9706,747599,4.999999873689376e-06,9.999999974752427e-07,-95.80999755859375,3.410003662109375,-99.22000122070312,False,16,1,810,8945,4000,45320,10,20
almanac,SR,bo_selection,ours+zero,2,740,8806,3.000000106112566e-07,9.999999747378752e-06,-90.3010025024414,8.918998718261719,-99.22000122070312,False,22,1,12,80,4000,45320,10,20
almanac,SR,bo_selection,ours+zero,3,24559,119875,9.999999974752427e-07,2.0000000233721948e-07,-97.69000244140625,1.529998779296875,-99.22000122070312,False,18,1,1092,12327,4000,45320,10,20
almanac,SR,bo_selection,ours+zero,4,740,8806,3.000000106112566e-07,9.999999747378752e-06,-90.3010025024414,8.918998718261719,-99.22000122070312,False,22,1,12,80,4000,45320,10,20
almanac,SR,bo_selection,ours+zero,5,762,26980,5.000000058430487e-08,4.999999987376214e-07,-96.18000030517578,3.0400009155273438,-99.22000122070312,False,18,1,324,3575,4000,45320,10,20
almanac,SR,bo_selection,ours+zero,6,26980,747971,4.999999987376214e-07,1.9999999949504854e-06,-94.94000244140625,4.279998779296875,-99.22000122070312,False,6,1,1325,14911,4000,45320,10,20
almanac,SR,bo_selection,ours+zero,7,762,102816,4.999999873689376e-06,3.000000106112566e-06,-98.4800033569336,0.7399978637695312,-99.22000122070312,False,4,1,338,3725,4000,45320,10,20
almanac,SR,bo_selection,ours+zero,8,9706,26980,4.999999873689376e-06,4.999999987376214e-07,-98.98999786376953,0.23000335693359375,-99.22000122070312,False,6,1,769,8432,4000,45320,10,20
almanac,SR,bo_selection,ours+zero,9,740,8806,3.000000106112566e-07,9.999999747378752e-06,-90.3010025024414,8.918998718261719,-99.22000122070312,False,22,1,12,80,4000,45320,10,20
almanac,SR,bo_selection,random,0,14229,609699,3.000000106112566e-07,1.0000000116860974e-07,-92.83999633789062,6.3800048828125,-99.22000122070312,False,21,1,911,10274,4000,45320,10,20
almanac,SR,bo_selection,random,1,92859,362856,6.000000212225132e-06,1.9999999494757503e-05,-98.26000213623047,0.9599990844726562,-99.22000122070312,False,28,1,2252,25109,4000,45320,10,20
almanac,SR,bo_selection,random,2,26980,747599,4.999999987376214e-07,9.999999974752427e-07,-97.20999908447266,2.0100021362304688,-99.22000122070312,False,12,1,1323,14903,4000,45320,10,20
almanac,SR,bo_selection,random,3,26980,122819,4.999999969612645e-09,9.999999974752427e-07,-91.45999908447266,7.760002136230469,-99.22000122070312,False,23,1,1284,14510,4000,45320,10,20
almanac,SR,bo_selection,random,4,755,105014,1.9999999949504854e-06,9.999999974752427e-07,-92.0,7.220001220703125,-99.22000122070312,False,23,1,268,2933,4000,45320,10,20
almanac,SR,bo_selection,random,5,762,26980,5.000000058430487e-08,4.999999987376214e-07,-96.18000030517578,3.0400009155273438,-99.22000122070312,False,22,1,324,3575,4000,45320,10,20
almanac,SR,bo_selection,random,6,26980,747971,4.999999987376214e-07,1.9999999949504854e-06,-94.94000244140625,4.279998779296875,-99.22000122070312,False,6,1,1325,14911,4000,45320,10,20
almanac,SR,bo_selection,random,7,762,102816,4.999999873689376e-06,3.000000106112566e-06,-98.4800033569336,0.7399978637695312,-99.22000122070312,False,4,1,338,3725,4000,45320,10,20
almanac,SR,bo_selection,random,8,9706,26980,4.999999873689376e-06,4.999999987376214e-07,-98.98999786376953,0.23000335693359375,-99.22000122070312,False,6,1,769,8432,4000,45320,10,20
almanac,SR,bo_selection,random,9,9706,63878,4.999999873689376e-06,1.0000000116860974e-07,-97.41999816894531,1.8000030517578125,-99.22000122070312,False,21,1,773,8485,4000,45320,10,20
almanac,SR,bo_selection,tanimoto+zero,0,740,8806,3.000000106112566e-07,9.999999747378752e-06,-90.3010025024414,8.918998718261719,-99.22000122070312,False,22,1,12,80,4000,45320,10,20
almanac,SR,bo_selection,tanimoto+zero,1,740,8806,3.000000106112566e-07,9.999999747378752e-06,-90.3010025024414,8.918998718261719,-99.22000122070312,False,22,1,12,80,4000,45320,10,20
almanac,SR,bo_selection,tanimoto+zero,2,740,8806,3.000000106112566e-07,9.999999747378752e-06,-90.3010025024414,8.918998718261719,-99.22000122070312,False,22,1,12,80,4000,45320,10,20
almanac,SR,bo_selection,tanimoto+zero,3,740,8806,3.000000106112566e-07,9.999999747378752e-06,-90.3010025024414,8.918998718261719,-99.22000122070312,False,22,1,12,80,4000,45320,10,20
almanac,SR,bo_selection,tanimoto+zero,4,740,8806,3.000000106112566e-07,9.999999747378752e-06,-90.3010025024414,8.918998718261719,-99.22000122070312,False,22,1,12,80,4000,45320,10,20
almanac,SR,bo_selection,tanimoto+zero,5,740,8806,3.000000106112566e-07,9.999999747378752e-06,-90.3010025024414,8.918998718261719,-99.22000122070312,False,22,1,12,80,4000,45320,10,20
almanac,SR,bo_selection,tanimoto+zero,6,26980,747971,4.999999987376214e-07,1.9999999949504854e-06,-94.94000244140625,4.279998779296875,-99.22000122070312,False,6,1,1325,14911,4000,45320,10,20
almanac,SR,bo_selection,tanimoto+zero,7,762,102816,4.999999873689376e-06,3.000000106112566e-06,-98.4800033569336,0.7399978637695312,-99.22000122070312,False,4,1,338,3725,4000,45320,10,20
almanac,SR,bo_selection,tanimoto+zero,8,9706,26980,4.999999873689376e-06,4.999999987376214e-07,-98.98999786376953,0.23000335693359375,-99.22000122070312,False,6,1,769,8432,4000,45320,10,20
almanac,SR,bo_selection,tanimoto+zero,9,740,8806,3.000000106112566e-07,9.999999747378752e-06,-90.3010025024414,8.918998718261719,-99.22000122070312,False,22,1,12,80,4000,45320,10,20
almanac,SR,pool_optimum,pool_optimum,-1,24559,609699,9.999999974752427e-07,1.0000000116860974e-07,-99.22000122070312,0.0,-99.22000122070312,True,-1,1,1112,12554,4000,45320,10,20
almanac,SW-620,bo_selection,act_hamming+zero,0,740,32065,1.0000000116860974e-07,1.9999999949504854e-06,5.380000114440918,99.36000347137451,-93.9800033569336,False,26,1,22,178,4000,46868,10,20
almanac,SW-620,bo_selection,act_hamming+zero,1,740,32065,1.0000000116860974e-07,1.9999999949504854e-06,5.380000114440918,99.36000347137451,-93.9800033569336,False,26,1,22,178,4000,46868,10,20
almanac,SW-620,bo_selection,act_hamming+zero,2,740,32065,1.0000000116860974e-07,1.9999999949504854e-06,5.380000114440918,99.36000347137451,-93.9800033569336,False,26,1,22,178,4000,46868,10,20
almanac,SW-620,bo_selection,act_hamming+zero,3,92859,409962,6.000000212225132e-06,1.9999999494757503e-05,-27.770000457763672,66.21000289916992,-93.9800033569336,False,9,1,2253,26144,4000,46868,10,20
almanac,SW-620,bo_selection,act_hamming+zero,4,740,32065,1.0000000116860974e-07,1.9999999949504854e-06,5.380000114440918,99.36000347137451,-93.9800033569336,False,26,1,22,178,4000,46868,10,20
almanac,SW-620,bo_selection,act_hamming+zero,5,77213,754143,1.0000000116860974e-07,9.99999993922529e-09,-49.310001373291016,44.67000198364258,-93.9800033569336,False,0,1,2062,23942,4000,46868,10,20
almanac,SW-620,bo_selection,act_hamming+zero,6,740,32065,1.0000000116860974e-07,1.9999999949504854e-06,5.380000114440918,99.36000347137451,-93.9800033569336,False,26,1,22,178,4000,46868,10,20
almanac,SW-620,bo_selection,act_hamming+zero,7,740,32065,1.0000000116860974e-07,1.9999999949504854e-06,5.380000114440918,99.36000347137451,-93.9800033569336,False,26,1,22,178,4000,46868,10,20
almanac,SW-620,bo_selection,act_hamming+zero,8,740,32065,1.0000000116860974e-07,1.9999999949504854e-06,5.380000114440918,99.36000347137451,-93.9800033569336,False,26,1,22,178,4000,46868,10,20
almanac,SW-620,bo_selection,act_hamming+zero,9,266046,681239,4.999999873689376e-06,3.000000106112566e-07,-93.62999725341797,0.350006103515625,-93.9800033569336,False,6,1,3215,37231,4000,46868,10,20
almanac,SW-620,bo_selection,hamming+zero,0,740,32065,1.0000000116860974e-07,1.9999999949504854e-06,5.380000114440918,99.36000347137451,-93.9800033569336,False,26,1,22,178,4000,46868,10,20
almanac,SW-620,bo_selection,hamming+zero,1,740,32065,1.0000000116860974e-07,1.9999999949504854e-06,5.380000114440918,99.36000347137451,-93.9800033569336,False,26,1,22,178,4000,46868,10,20
almanac,SW-620,bo_selection,hamming+zero,2,740,32065,1.0000000116860974e-07,1.9999999949504854e-06,5.380000114440918,99.36000347137451,-93.9800033569336,False,26,1,22,178,4000,46868,10,20
almanac,SW-620,bo_selection,hamming+zero,3,92859,409962,6.000000212225132e-06,1.9999999494757503e-05,-27.770000457763672,66.21000289916992,-93.9800033569336,False,9,1,2253,26144,4000,46868,10,20
almanac,SW-620,bo_selection,hamming+zero,4,740,32065,1.0000000116860974e-07,1.9999999949504854e-06,5.380000114440918,99.36000347137451,-93.9800033569336,False,26,1,22,178,4000,46868,10,20
almanac,SW-620,bo_selection,hamming+zero,5,77213,754143,1.0000000116860974e-07,9.99999993922529e-09,-49.310001373291016,44.67000198364258,-93.9800033569336,False,0,1,2062,23942,4000,46868,10,20
almanac,SW-620,bo_selection,hamming+zero,6,740,32065,1.0000000116860974e-07,1.9999999949504854e-06,5.380000114440918,99.36000347137451,-93.9800033569336,False,26,1,22,178,4000,46868,10,20
almanac,SW-620,bo_selection,hamming+zero,7,740,32065,1.0000000116860974e-07,1.9999999949504854e-06,5.380000114440918,99.36000347137451,-93.9800033569336,False,26,1,22,178,4000,46868,10,20
almanac,SW-620,bo_selection,hamming+zero,8,740,32065,1.0000000116860974e-07,1.9999999949504854e-06,5.380000114440918,99.36000347137451,-93.9800033569336,False,26,1,22,178,4000,46868,10,20
almanac,SW-620,bo_selection,hamming+zero,9,266046,681239,4.999999873689376e-06,3.000000106112566e-07,-93.62999725341797,0.350006103515625,-93.9800033569336,False,6,1,3215,37231,4000,46868,10,20
almanac,SW-620,bo_selection,linear_curve,0,26980,681239,4.999999987376214e-07,3.000000106112566e-07,-93.9800033569336,0.0,-93.9800033569336,True,17,1,1318,15416,4000,46868,10,20
almanac,SW-620,bo_selection,linear_curve,1,681239,747599,3.000000106112566e-07,9.999999974752427e-07,-90.69999694824219,3.2800064086914062,-93.9800033569336,False,25,1,3570,41641,4000,46868,10,20
almanac,SW-620,bo_selection,linear_curve,2,26980,681239,4.999999987376214e-07,3.000000106112566e-07,-93.9800033569336,0.0,-93.9800033569336,True,13,1,1318,15416,4000,46868,10,20
almanac,SW-620,bo_selection,linear_curve,3,681239,747599,3.000000106112566e-07,9.999999974752427e-07,-90.69999694824219,3.2800064086914062,-93.9800033569336,False,17,1,3570,41641,4000,46868,10,20
almanac,SW-620,bo_selection,linear_curve,4,26980,681239,4.999999987376214e-07,3.000000106112566e-07,-93.9800033569336,0.0,-93.9800033569336,True,24,1,1318,15416,4000,46868,10,20
almanac,SW-620,bo_selection,linear_curve,5,26980,681239,4.999999987376214e-07,3.000000106112566e-07,-93.9800033569336,0.0,-93.9800033569336,True,20,1,1318,15416,4000,46868,10,20
almanac,SW-620,bo_selection,linear_curve,6,26980,681239,4.999999987376214e-07,3.000000106112566e-07,-93.9800033569336,0.0,-93.9800033569336,True,26,1,1318,15416,4000,46868,10,20
almanac,SW-620,bo_selection,linear_curve,7,681239,718781,3.000000106112566e-07,2.0000000233721948e-07,-88.22000122070312,5.760002136230469,-93.9800033569336,False,27,1,3562,41541,4000,46868,10,20
almanac,SW-620,bo_selection,linear_curve,8,26980,681239,4.999999987376214e-07,3.000000106112566e-07,-93.9800033569336,0.0,-93.9800033569336,True,18,1,1318,15416,4000,46868,10,20
almanac,SW-620,bo_selection,linear_curve,9,266046,681239,4.999999873689376e-06,3.000000106112566e-07,-93.62999725341797,0.350006103515625,-93.9800033569336,False,6,1,3215,37231,4000,46868,10,20
almanac,SW-620,bo_selection,ours+zero,0,79037,713563,4.999999873689376e-05,9.999999747378752e-05,-52.691001892089844,41.28900146484375,-93.9800033569336,False,24,1,2103,24398,4000,46868,10,20
almanac,SW-620,bo_selection,ours+zero,1,9706,681239,4.999999873689376e-06,3.000000106112566e-07,-88.83000183105469,5.150001525878906,-93.9800033569336,False,10,1,810,9260,4000,46868,10,20
almanac,SW-620,bo_selection,ours+zero,2,241240,713563,4.999999873689376e-05,9.999999747378752e-05,-61.62099838256836,32.359004974365234,-93.9800033569336,False,15,1,3069,35594,4000,46868,10,20
almanac,SW-620,bo_selection,ours+zero,3,92859,409962,6.000000212225132e-06,1.9999999494757503e-05,-27.770000457763672,66.21000289916992,-93.9800033569336,False,9,1,2253,26144,4000,46868,10,20
almanac,SW-620,bo_selection,ours+zero,4,609699,754143,1.0000000116860974e-07,9.99999993922529e-09,-67.33999633789062,26.64000701904297,-93.9800033569336,False,13,1,3477,40462,4000,46868,10,20
almanac,SW-620,bo_selection,ours+zero,5,77213,754143,1.0000000116860974e-07,9.99999993922529e-09,-49.310001373291016,44.67000198364258,-93.9800033569336,False,0,1,2062,23942,4000,46868,10,20
almanac,SW-620,bo_selection,ours+zero,6,102816,681239,3.000000106112566e-06,3.000000106112566e-07,-81.4800033569336,12.5,-93.9800033569336,False,11,1,2310,26801,4000,46868,10,20
almanac,SW-620,bo_selection,ours+zero,7,26980,681239,4.999999987376214e-07,3.000000106112566e-07,-93.9800033569336,0.0,-93.9800033569336,True,12,1,1318,15416,4000,46868,10,20
almanac,SW-620,bo_selection,ours+zero,8,609699,754143,1.0000000116860974e-07,9.99999993922529e-09,-67.33999633789062,26.64000701904297,-93.9800033569336,False,16,1,3477,40462,4000,46868,10,20
almanac,SW-620,bo_selection,ours+zero,9,266046,681239,4.999999873689376e-06,3.000000106112566e-07,-93.62999725341797,0.350006103515625,-93.9800033569336,False,6,1,3215,37231,4000,46868,10,20
almanac,SW-620,bo_selection,random,0,26980,673596,4.999999987376214e-07,9.99999993922529e-09,8.970000267028809,102.95000457763672,-93.9800033569336,False,28,1,1317,15407,4000,46868,10,20
almanac,SW-620,bo_selection,random,1,122758,125973,3.999999989900971e-06,3.000000106112566e-07,8.40999984741211,102.38999938964844,-93.9800033569336,False,11,1,2524,29447,4000,46868,10,20
almanac,SW-620,bo_selection,random,2,762,24559,4.999999873689376e-06,9.999999974752427e-07,-60.65999984741211,33.320003509521484,-93.9800033569336,False,29,1,324,3707,4000,46868,10,20
almanac,SW-620,bo_selection,random,3,92859,409962,6.000000212225132e-06,1.9999999494757503e-05,-27.770000457763672,66.21000671386719,-93.9800033569336,False,9,1,2253,26144,4000,46868,10,20
almanac,SW-620,bo_selection,random,4,34462,141540,4.999999987376214e-07,4.999999873689376e-06,17.860000610351562,111.84000396728516,-93.9800033569336,False,2,1,1498,17417,4000,46868,10,20
almanac,SW-620,bo_selection,random,5,762,24559,4.999999873689376e-06,9.999999974752427e-07,-60.65999984741211,33.320003509521484,-93.9800033569336,False,22,1,324,3707,4000,46868,10,20
almanac,SW-620,bo_selection,random,6,266046,681239,4.999999873689376e-06,3.000000106112566e-07,-93.62999725341797,0.350006103515625,-93.9800033569336,False,17,1,3215,37231,4000,46868,10,20
almanac,SW-620,bo_selection,random,7,740,296961,1.0000000116860974e-07,9.999999747378752e-06,16.219999313354492,110.20000457763672,-93.9800033569336,False,20,1,51,520,4000,46868,10,20
almanac,SW-620,bo_selection,random,8,49842,608210,4.999999858590343e-10,9.999999974752427e-07,14.503999710083008,108.48400115966797,-93.9800033569336,False,21,1,1763,20369,4000,46868,10,20
almanac,SW-620,bo_selection,random,9,266046,681239,4.999999873689376e-06,3.000000106112566e-07,-93.62999725341797,0.350006103515625,-93.9800033569336,False,6,1,3215,37231,4000,46868,10,20
almanac,SW-620,bo_selection,tanimoto+zero,0,71423,713563,2.9999999242136255e-05,9.999999747378752e-05,15.062000274658203,109.0420036315918,-93.9800033569336,False,24,1,1998,23138,4000,46868,10,20
almanac,SW-620,bo_selection,tanimoto+zero,1,241240,713563,4.999999873689376e-05,9.999999747378752e-05,-61.62099838256836,32.359004974365234,-93.9800033569336,False,16,1,3069,35594,4000,46868,10,20
almanac,SW-620,bo_selection,tanimoto+zero,2,241240,713563,4.999999873689376e-05,9.999999747378752e-05,-61.62099838256836,32.359004974365234,-93.9800033569336,False,19,1,3069,35594,4000,46868,10,20
almanac,SW-620,bo_selection,tanimoto+zero,3,92859,409962,6.000000212225132e-06,1.9999999494757503e-05,-27.770000457763672,66.21000289916992,-93.9800033569336,False,9,1,2253,26144,4000,46868,10,20
almanac,SW-620,bo_selection,tanimoto+zero,4,241240,713563,4.999999873689376e-05,9.999999747378752e-05,-61.62099838256836,32.359004974365234,-93.9800033569336,False,14,1,3069,35594,4000,46868,10,20
almanac,SW-620,bo_selection,tanimoto+zero,5,77213,754143,1.0000000116860974e-07,9.99999993922529e-09,-49.310001373291016,44.67000198364258,-93.9800033569336,False,0,1,2062,23942,4000,46868,10,20
almanac,SW-620,bo_selection,tanimoto+zero,6,92859,754143,6.000000212225132e-06,1.000000013351432e-10,-33.349998474121094,60.6300048828125,-93.9800033569336,False,18,1,2283,26439,4000,46868,10,20
almanac,SW-620,bo_selection,tanimoto+zero,7,241240,713563,4.999999873689376e-05,9.999999747378752e-05,-61.62099838256836,32.359004974365234,-93.9800033569336,False,20,1,3069,35594,4000,46868,10,20
almanac,SW-620,bo_selection,tanimoto+zero,8,241240,713563,4.999999873689376e-05,9.999999747378752e-05,-61.62099838256836,32.359004974365234,-93.9800033569336,False,16,1,3069,35594,4000,46868,10,20
almanac,SW-620,bo_selection,tanimoto+zero,9,266046,681239,4.999999873689376e-06,3.000000106112566e-07,-93.62999725341797,0.350006103515625,-93.9800033569336,False,6,1,3215,37231,4000,46868,10,20
almanac,SW-620,pool_optimum,pool_optimum,-1,26980,681239,4.999999987376214e-07,3.000000106112566e-07,-93.9800033569336,0.0,-93.9800033569336,True,-1,1,1318,15416,4000,46868,10,20
almanac,T-47D,bo_selection,act_hamming+zero,0,3053,713563,9.999999717180685e-10,9.999999747378752e-05,23.85300064086914,118.79300308227539,-94.94000244140625,False,9,1,531,5747,4000,45059,10,20
almanac,T-47D,bo_selection,act_hamming+zero,1,77213,673596,1.0000000116860974e-07,9.99999993922529e-09,20.469999313354492,115.41000175476074,-94.94000244140625,False,3,1,2067,23042,4000,45059,10,20
almanac,T-47D,bo_selection,act_hamming+zero,2,14229,279836,3.000000106112566e-07,4.999999987376214e-07,21.253000259399414,116.19300270080566,-94.94000244140625,False,6,1,926,10382,4000,45059,10,20
almanac,T-47D,bo_selection,act_hamming+zero,3,740,9706,9.999999717180685e-10,4.999999873689376e-06,40.959999084472656,135.9000015258789,-94.94000244140625,False,17,1,11,74,4000,45059,10,20
almanac,T-47D,bo_selection,act_hamming+zero,4,740,9706,9.999999717180685e-10,4.999999873689376e-06,40.959999084472656,135.9000015258789,-94.94000244140625,False,17,1,11,74,4000,45059,10,20
almanac,T-47D,bo_selection,act_hamming+zero,5,740,9706,9.999999717180685e-10,4.999999873689376e-06,40.959999084472656,135.9000015258789,-94.94000244140625,False,17,1,11,74,4000,45059,10,20
almanac,T-47D,bo_selection,act_hamming+zero,6,34462,256439,9.999999747378752e-05,9.99999993922529e-09,16.08799934387207,111.02800178527832,-94.94000244140625,False,9,1,1508,16991,4000,45059,10,20
almanac,T-47D,bo_selection,act_hamming+zero,7,606869,747973,1.0000000116860974e-07,3.000000106112566e-07,15.039999961853027,109.98000240325928,-94.94000244140625,False,1,1,3412,38311,4000,45059,10,20
almanac,T-47D,bo_selection,act_hamming+zero,8,628503,763371,2.999999892949745e-08,9.999999747378752e-06,28.135000228881836,123.07500267028809,-94.94000244140625,False,5,1,3543,39697,4000,45059,10,20
almanac,T-47D,bo_selection,act_hamming+zero,9,79037,279836,4.999999873689376e-05,4.999999987376214e-07,38.91999816894531,133.86000061035156,-94.94000244140625,False,9,1,2112,23552,4000,45059,10,20
almanac,T-47D,bo_selection,hamming+zero,0,3053,713563,9.999999717180685e-10,9.999999747378752e-05,23.85300064086914,118.79300308227539,-94.94000244140625,False,9,1,531,5747,4000,45059,10,20
almanac,T-47D,bo_selection,hamming+zero,1,77213,673596,1.0000000116860974e-07,9.99999993922529e-09,20.469999313354492,115.41000175476074,-94.94000244140625,False,3,1,2067,23042,4000,45059,10,20
almanac,T-47D,bo_selection,hamming+zero,2,14229,279836,3.000000106112566e-07,4.999999987376214e-07,21.253000259399414,116.19300270080566,-94.94000244140625,False,6,1,926,10382,4000,45059,10,20
almanac,T-47D,bo_selection,hamming+zero,3,740,9706,9.999999717180685e-10,4.999999873689376e-06,40.959999084472656,135.9000015258789,-94.94000244140625,False,17,1,11,74,4000,45059,10,20
almanac,T-47D,bo_selection,hamming+zero,4,740,9706,9.999999717180685e-10,4.999999873689376e-06,40.959999084472656,135.9000015258789,-94.94000244140625,False,17,1,11,74,4000,45059,10,20
almanac,T-47D,bo_selection,hamming+zero,5,740,9706,9.999999717180685e-10,4.999999873689376e-06,40.959999084472656,135.9000015258789,-94.94000244140625,False,17,1,11,74,4000,45059,10,20
almanac,T-47D,bo_selection,hamming+zero,6,34462,256439,9.999999747378752e-05,9.99999993922529e-09,16.08799934387207,111.02800178527832,-94.94000244140625,False,9,1,1508,16991,4000,45059,10,20
almanac,T-47D,bo_selection,hamming+zero,7,606869,747973,1.0000000116860974e-07,3.000000106112566e-07,15.039999961853027,109.98000240325928,-94.94000244140625,False,1,1,3412,38311,4000,45059,10,20
almanac,T-47D,bo_selection,hamming+zero,8,628503,763371,2.999999892949745e-08,9.999999747378752e-06,28.135000228881836,123.07500267028809,-94.94000244140625,False,5,1,3543,39697,4000,45059,10,20
almanac,T-47D,bo_selection,hamming+zero,9,79037,279836,4.999999873689376e-05,4.999999987376214e-07,38.91999816894531,133.86000061035156,-94.94000244140625,False,9,1,2112,23552,4000,45059,10,20
almanac,T-47D,bo_selection,linear_curve,0,718781,754143,2.0000000233721948e-07,9.99999993922529e-09,-74.9000015258789,20.040000915527344,-94.94000244140625,False,22,1,3751,42202,4000,45059,10,20
almanac,T-47D,bo_selection,linear_curve,1,24559,606869,9.999999974752427e-07,1.0000000116860974e-07,-76.72000122070312,18.220001220703125,-94.94000244140625,False,25,1,1134,12725,4000,45059,10,20
almanac,T-47D,bo_selection,linear_curve,2,681239,719276,3.000000106112566e-07,3.999999975690116e-08,-92.19999694824219,2.7400054931640625,-94.94000244140625,False,17,1,3572,40055,4000,45059,10,20
almanac,T-47D,bo_selection,linear_curve,3,673596,681239,9.99999993922529e-09,2.999999892949745e-08,-88.95999908447266,5.980003356933594,-94.94000244140625,False,14,1,3544,39705,4000,45059,10,20
almanac,T-47D,bo_selection,linear_curve,4,681239,719276,3.000000106112566e-07,3.999999975690116e-08,-92.19999694824219,2.7400054931640625,-94.94000244140625,False,24,1,3572,40055,4000,45059,10,20
almanac,T-47D,bo_selection,linear_curve,5,125973,681239,3.000000026176508e-09,3.000000106112566e-07,-94.94000244140625,0.0,-94.94000244140625,True,18,1,2738,30638,4000,45059,10,20
almanac,T-47D,bo_selection,linear_curve,6,180973,754143,7.000000096013537e-06,9.99999993922529e-09,-90.9800033569336,3.9599990844726562,-94.94000244140625,False,14,1,2984,33254,4000,45059,10,20
almanac,T-47D,bo_selection,linear_curve,7,246131,701852,1.9999999494757503e-05,9.999999974752427e-07,-80.47000122070312,14.470001220703125,-94.94000244140625,False,11,1,3115,34793,4000,45059,10,20
almanac,T-47D,bo_selection,linear_curve,8,681239,750690,3.000000106112566e-07,1.0000000116860974e-07,-92.19999694824219,2.7400054931640625,-94.94000244140625,False,11,1,3588,40182,4000,45059,10,20
almanac,T-47D,bo_selection,linear_curve,9,246131,701852,1.9999999494757503e-05,9.999999974752427e-07,-80.47000122070312,14.470001220703125,-94.94000244140625,False,23,1,3115,34793,4000,45059,10,20
almanac,T-47D,bo_selection,ours+zero,0,673596,681239,9.99999993922529e-09,2.999999892949745e-08,-88.95999908447266,5.980003356933594,-94.94000244140625,False,10,1,3544,39705,4000,45059,10,20
almanac,T-47D,bo_selection,ours+zero,1,673596,681239,9.99999993922529e-09,2.999999892949745e-08,-88.95999908447266,5.980003356933594,-94.94000244140625,False,10,1,3544,39705,4000,45059,10,20
almanac,T-47D,bo_selection,ours+zero,2,673596,681239,9.99999993922529e-09,2.999999892949745e-08,-88.95999908447266,5.980003356933594,-94.94000244140625,False,13,1,3544,39705,4000,45059,10,20
almanac,T-47D,bo_selection,ours+zero,3,673596,681239,9.99999993922529e-09,2.999999892949745e-08,-88.95999908447266,5.980003356933594,-94.94000244140625,False,14,1,3544,39705,4000,45059,10,20
almanac,T-47D,bo_selection,ours+zero,4,673596,681239,9.99999993922529e-09,2.999999892949745e-08,-88.95999908447266,5.980003356933594,-94.94000244140625,False,12,1,3544,39705,4000,45059,10,20
almanac,T-47D,bo_selection,ours+zero,5,673596,681239,9.99999993922529e-09,2.999999892949745e-08,-88.95999908447266,5.980003356933594,-94.94000244140625,False,28,1,3544,39705,4000,45059,10,20
almanac,T-47D,bo_selection,ours+zero,6,673596,681239,9.99999993922529e-09,2.999999892949745e-08,-88.95999908447266,5.980003356933594,-94.94000244140625,False,12,1,3544,39705,4000,45059,10,20
almanac,T-47D,bo_selection,ours+zero,7,180973,754143,7.000000096013537e-06,9.99999993922529e-09,-90.9800033569336,3.9599990844726562,-94.94000244140625,False,20,1,2984,33254,4000,45059,10,20
almanac,T-47D,bo_selection,ours+zero,8,180973,754143,7.000000096013537e-06,9.99999993922529e-09,-90.9800033569336,3.9599990844726562,-94.94000244140625,False,13,1,2984,33254,4000,45059,10,20
almanac,T-47D,bo_selection,ours+zero,9,673596,681239,9.99999993922529e-09,2.999999892949745e-08,-88.95999908447266,5.980003356933594,-94.94000244140625,False,23,1,3544,39705,4000,45059,10,20
almanac,T-47D,bo_selection,random,0,66847,747973,9.999999747378752e-06,3.000000106112566e-07,-31.18000030517578,63.76000213623047,-94.94000244140625,False,15,1,1902,21365,4000,45059,10,20
almanac,T-47D,bo_selection,random,1,750,681239,4.999999987376214e-07,3.000000106112566e-07,-89.12999725341797,5.810005187988281,-94.94000244140625,False,22,1,138,1451,4000,45059,10,20
almanac,T-47D,bo_selection,random,2,26980,246131,4.999999969612645e-09,1.9999999494757503e-05,-32.7599983215332,62.18000411987305,-94.94000244140625,False,12,1,1323,14834,4000,45059,10,20
almanac,T-47D,bo_selection,random,3,755,747973,1.999999987845058e-08,3.000000106112566e-07,8.890000343322754,103.83000183105469,-94.94000244140625,False,11,1,312,3368,4000,45059,10,20
almanac,T-47D,bo_selection,random,4,256942,673596,1.0000000116860974e-07,9.99999993922529e-09,18.933000564575195,113.87300109863281,-94.94000244140625,False,17,1,3181,35529,4000,45059,10,20
almanac,T-47D,bo_selection,random,5,719344,761432,3.000000026176508e-09,5.000000058430487e-08,13.937000274658203,108.87699890136719,-94.94000244140625,False,12,1,3795,42676,4000,45059,10,20
almanac,T-47D,bo_selection,random,6,681239,761432,4.999999858590343e-10,5.000000058430487e-08,11.574000358581543,106.51399993896484,-94.94000244140625,False,10,1,3593,40243,4000,45059,10,20
almanac,T-47D,bo_selection,random,7,606869,747973,1.0000000116860974e-07,3.000000106112566e-07,15.039999961853027,109.9800033569336,-94.94000244140625,False,1,1,3412,38311,4000,45059,10,20
almanac,T-47D,bo_selection,random,8,218321,246131,9.999999974752427e-07,1.9999999949504854e-06,15.40999984741211,110.35000610351562,-94.94000244140625,False,17,1,2995,33343,4000,45059,10,20
almanac,T-47D,bo_selection,random,9,45388,125973,4.999999987376214e-07,5.99999978589949e-08,29.951000213623047,124.89100646972656,-94.94000244140625,False,13,1,1638,18281,4000,45059,10,20
almanac,T-47D,bo_selection,tanimoto+zero,0,3053,713563,9.999999717180685e-10,9.999999747378752e-05,23.85300064086914,118.79300308227539,-94.94000244140625,False,9,1,531,5747,4000,45059,10,20
almanac,T-47D,bo_selection,tanimoto+zero,1,67574,713563,3.000000026176508e-09,9.999999747378752e-05,12.609999656677246,107.5500020980835,-94.94000244140625,False,26,1,1958,21857,4000,45059,10,20
almanac,T-47D,bo_selection,tanimoto+zero,2,14229,279836,3.000000106112566e-07,4.999999987376214e-07,21.253000259399414,116.19300270080566,-94.94000244140625,False,6,1,926,10382,4000,45059,10,20
almanac,T-47D,bo_selection,tanimoto+zero,3,67574,713563,3.000000026176508e-09,9.999999747378752e-05,12.609999656677246,107.5500020980835,-94.94000244140625,False,21,1,1958,21857,4000,45059,10,20
almanac,T-47D,bo_selection,tanimoto+zero,4,125066,673596,9.99999993922529e-09,9.99999993922529e-09,42.40999984741211,137.35000228881836,-94.94000244140625,False,4,1,2699,30161,4000,45059,10,20
almanac,T-47D,bo_selection,tanimoto+zero,5,67574,713563,3.000000026176508e-09,9.999999747378752e-05,12.609999656677246,107.5500020980835,-94.94000244140625,False,12,1,1958,21857,4000,45059,10,20
almanac,T-47D,bo_selection,tanimoto+zero,6,34462,256439,9.999999747378752e-05,9.99999993922529e-09,16.08799934387207,111.02800178527832,-94.94000244140625,False,9,1,1508,16991,4000,45059,10,20
almanac,T-47D,bo_selection,tanimoto+zero,7,105014,713563,1.999999943436137e-09,9.999999747378752e-05,15.027999877929688,109.96800231933594,-94.94000244140625,False,26,1,2372,26615,4000,45059,10,20
almanac,T-47D,bo_selection,tanimoto+zero,8,628503,763371,2.999999892949745e-08,9.999999747378752e-06,28.135000228881836,123.07500267028809,-94.94000244140625,False,5,1,3543,39697,4000,45059,10,20
almanac,T-47D,bo_selection,tanimoto+zero,9,713563,747972,9.999999747378752e-05,2.9999999242136255e-05,24.45599937438965,119.3960018157959,-94.94000244140625,False,29,1,3709,41686,4000,45059,10,20
almanac,T-47D,pool_optimum,pool_optimum,-1,125973,681239,3.000000026176508e-09,3.000000106112566e-07,-94.94000244140625,0.0,-94.94000244140625,True,-1,1,2738,30638,4000,45059,10,20
almanac,TK-10,bo_selection,act_hamming+zero,0,241240,702294,1.9999999494757503e-05,9.999999747378752e-05,-86.1500015258789,0.0,-86.1500015258789,True,6,1,3077,35324,4000,46517,10,20
almanac,TK-10,bo_selection,act_hamming+zero,1,740,755,1.0000000116860974e-07,1.999999987845058e-08,-33.72999954223633,52.42000198364258,-86.1500015258789,False,13,1,2,24,4000,46517,10,20
almanac,TK-10,bo_selection,act_hamming+zero,2,740,755,1.0000000116860974e-07,1.999999987845058e-08,-33.72999954223633,52.42000198364258,-86.1500015258789,False,13,1,2,24,4000,46517,10,20
almanac,TK-10,bo_selection,act_hamming+zero,3,740,755,1.0000000116860974e-07,1.999999987845058e-08,-33.72999954223633,52.42000198364258,-86.1500015258789,False,13,1,2,24,4000,46517,10,20
almanac,TK-10,bo_selection,act_hamming+zero,4,740,755,1.0000000116860974e-07,1.999999987845058e-08,-33.72999954223633,52.42000198364258,-86.1500015258789,False,13,1,2,24,4000,46517,10,20
almanac,TK-10,bo_selection,act_hamming+zero,5,740,755,1.0000000116860974e-07,1.999999987845058e-08,-33.72999954223633,52.42000198364258,-86.1500015258789,False,13,1,2,24,4000,46517,10,20
almanac,TK-10,bo_selection,act_hamming+zero,6,740,755,1.0000000116860974e-07,1.999999987845058e-08,-33.72999954223633,52.42000198364258,-86.1500015258789,False,15,1,2,24,4000,46517,10,20
almanac,TK-10,bo_selection,act_hamming+zero,7,740,755,1.0000000116860974e-07,1.999999987845058e-08,-33.72999954223633,52.42000198364258,-86.1500015258789,False,13,1,2,24,4000,46517,10,20
almanac,TK-10,bo_selection,act_hamming+zero,8,740,755,1.0000000116860974e-07,1.999999987845058e-08,-33.72999954223633,52.42000198364258,-86.1500015258789,False,13,1,2,24,4000,46517,10,20
almanac,TK-10,bo_selection,act_hamming+zero,9,681239,747599,3.000000106112566e-07,9.99999993922529e-09,-78.79000091552734,7.3600006103515625,-86.1500015258789,False,7,1,3576,41333,4000,46517,10,20
almanac,TK-10,bo_selection,hamming+zero,0,241240,702294,1.9999999494757503e-05,9.999999747378752e-05,-86.1500015258789,0.0,-86.1500015258789,True,6,1,3077,35324,4000,46517,10,20
almanac,TK-10,bo_selection,hamming+zero,1,740,755,1.0000000116860974e-07,1.999999987845058e-08,-33.72999954223633,52.42000198364258,-86.1500015258789,False,13,1,2,24,4000,46517,10,20
almanac,TK-10,bo_selection,hamming+zero,2,740,755,1.0000000116860974e-07,1.999999987845058e-08,-33.72999954223633,52.42000198364258,-86.1500015258789,False,13,1,2,24,4000,46517,10,20
almanac,TK-10,bo_selection,hamming+zero,3,740,755,1.0000000116860974e-07,1.999999987845058e-08,-33.72999954223633,52.42000198364258,-86.1500015258789,False,13,1,2,24,4000,46517,10,20
almanac,TK-10,bo_selection,hamming+zero,4,740,755,1.0000000116860974e-07,1.999999987845058e-08,-33.72999954223633,52.42000198364258,-86.1500015258789,False,13,1,2,24,4000,46517,10,20
almanac,TK-10,bo_selection,hamming+zero,5,740,755,1.0000000116860974e-07,1.999999987845058e-08,-33.72999954223633,52.42000198364258,-86.1500015258789,False,13,1,2,24,4000,46517,10,20
almanac,TK-10,bo_selection,hamming+zero,6,740,755,1.0000000116860974e-07,1.999999987845058e-08,-33.72999954223633,52.42000198364258,-86.1500015258789,False,15,1,2,24,4000,46517,10,20
almanac,TK-10,bo_selection,hamming+zero,7,740,755,1.0000000116860974e-07,1.999999987845058e-08,-33.72999954223633,52.42000198364258,-86.1500015258789,False,13,1,2,24,4000,46517,10,20
almanac,TK-10,bo_selection,hamming+zero,8,740,755,1.0000000116860974e-07,1.999999987845058e-08,-33.72999954223633,52.42000198364258,-86.1500015258789,False,13,1,2,24,4000,46517,10,20
almanac,TK-10,bo_selection,hamming+zero,9,681239,747599,3.000000106112566e-07,9.99999993922529e-09,-78.79000091552734,7.3600006103515625,-86.1500015258789,False,7,1,3576,41333,4000,46517,10,20
almanac,TK-10,bo_selection,linear_curve,0,241240,702294,1.9999999494757503e-05,9.999999747378752e-05,-86.1500015258789,0.0,-86.1500015258789,True,6,1,3077,35324,4000,46517,10,20
almanac,TK-10,bo_selection,linear_curve,1,681239,754230,3.000000106112566e-07,9.999999960041972e-12,-83.37000274658203,2.779998779296875,-86.1500015258789,False,18,1,3585,41415,4000,46517,10,20
almanac,TK-10,bo_selection,linear_curve,2,681239,754230,3.000000106112566e-07,9.999999960041972e-12,-83.37000274658203,2.779998779296875,-86.1500015258789,False,16,1,3585,41415,4000,46517,10,20
almanac,TK-10,bo_selection,linear_curve,3,681239,754230,3.000000106112566e-07,9.999999960041972e-12,-83.37000274658203,2.779998779296875,-86.1500015258789,False,13,1,3585,41415,4000,46517,10,20
almanac,TK-10,bo_selection,linear_curve,4,681239,701852,3.000000106112566e-07,9.99999993922529e-09,-80.1500015258789,6.0,-86.1500015258789,False,29,1,3566,41198,4000,46517,10,20
almanac,TK-10,bo_selection,linear_curve,5,681239,754230,3.000000106112566e-07,9.999999960041972e-12,-83.37000274658203,2.779998779296875,-86.1500015258789,False,22,1,3585,41415,4000,46517,10,20
almanac,TK-10,bo_selection,linear_curve,6,125973,754230,2.999999892949745e-08,5.999999802552836e-11,-14.920000076293945,71.23000144958496,-86.1500015258789,False,0,1,2757,31711,4000,46517,10,20
almanac,TK-10,bo_selection,linear_curve,7,123127,681239,4.999999987376214e-07,3.000000106112566e-07,-75.69000244140625,10.459999084472656,-86.1500015258789,False,27,1,2653,30491,4000,46517,10,20
almanac,TK-10,bo_selection,linear_curve,8,123127,681239,4.999999987376214e-07,3.000000106112566e-07,-75.69000244140625,10.459999084472656,-86.1500015258789,False,29,1,2653,30491,4000,46517,10,20
almanac,TK-10,bo_selection,linear_curve,9,681239,754230,3.000000106112566e-07,9.999999960041972e-12,-83.37000274658203,2.779998779296875,-86.1500015258789,False,19,1,3585,41415,4000,46517,10,20
almanac,TK-10,bo_selection,ours+zero,0,241240,702294,1.9999999494757503e-05,9.999999747378752e-05,-86.1500015258789,0.0,-86.1500015258789,True,6,1,3077,35324,4000,46517,10,20
almanac,TK-10,bo_selection,ours+zero,1,755,180973,1.9999999949504854e-06,7.000000096013537e-06,-44.16999816894531,41.980003356933594,-86.1500015258789,False,28,1,270,3032,4000,46517,10,20
almanac,TK-10,bo_selection,ours+zero,2,681239,701852,3.000000106112566e-07,9.99999993922529e-09,-80.1500015258789,6.0,-86.1500015258789,False,11,1,3566,41198,4000,46517,10,20
almanac,TK-10,bo_selection,ours+zero,3,681239,719344,3.000000106112566e-07,9.999999717180685e-10,-82.31999969482422,3.8300018310546875,-86.1500015258789,False,11,1,3569,41252,4000,46517,10,20
almanac,TK-10,bo_selection,ours+zero,4,740,755,1.0000000116860974e-07,1.999999987845058e-08,-33.72999954223633,52.42000198364258,-86.1500015258789,False,14,1,2,24,4000,46517,10,20
almanac,TK-10,bo_selection,ours+zero,5,740,719276,1.0000000116860974e-07,3.999999975690116e-08,-35.15999984741211,50.9900016784668,-86.1500015258789,False,23,1,55,627,4000,46517,10,20
almanac,TK-10,bo_selection,ours+zero,6,673596,681239,9.99999993922529e-09,3.000000106112566e-07,-56.630001068115234,29.520000457763672,-86.1500015258789,False,11,1,3544,40876,4000,46517,10,20
almanac,TK-10,bo_selection,ours+zero,7,85998,681239,9.999999747378752e-05,3.000000106112566e-07,-45.16999816894531,40.980003356933594,-86.1500015258789,False,10,1,2207,25379,4000,46517,10,20
almanac,TK-10,bo_selection,ours+zero,8,740,755,1.0000000116860974e-07,1.999999987845058e-08,-33.72999954223633,52.42000198364258,-86.1500015258789,False,16,1,2,24,4000,46517,10,20
almanac,TK-10,bo_selection,ours+zero,9,681239,747599,3.000000106112566e-07,9.99999993922529e-09,-78.79000091552734,7.3600006103515625,-86.1500015258789,False,7,1,3576,41333,4000,46517,10,20
almanac,TK-10,bo_selection,random,0,241240,702294,1.9999999494757503e-05,9.999999747378752e-05,-86.1500015258789,0.0,-86.1500015258789,True,6,1,3077,35324,4000,46517,10,20
almanac,TK-10,bo_selection,random,1,125973,718781,3.000000106112566e-07,1.9999999949504854e-06,-2.640000104904175,83.51000213623047,-86.1500015258789,False,10,1,2747,31535,4000,46517,10,20
almanac,TK-10,bo_selection,random,2,123127,698037,4.999999969612645e-09,9.999999974752427e-07,4.599999904632568,90.75,-86.1500015258789,False,13,1,2654,30503,4000,46517,10,20
almanac,TK-10,bo_selection,random,3,755,702294,1.9999999949504854e-06,9.999999747378752e-05,-48.36000061035156,37.790000915527344,-86.1500015258789,False,13,1,287,3230,4000,46517,10,20
almanac,TK-10,bo_selection,random,4,755,125066,1.9999999949504854e-06,9.999999974752427e-07,-13.739999771118164,72.41000366210938,-86.1500015258789,False,23,1,268,2987,4000,46517,10,20
almanac,TK-10,bo_selection,random,5,755,9706,1.9999999949504854e-06,5.000000058430487e-08,-47.61000061035156,38.540000915527344,-86.1500015258789,False,15,1,249,2706,4000,46517,10,20
almanac,TK-10,bo_selection,random,6,125973,754230,2.999999892949745e-08,5.999999802552836e-11,-14.920000076293945,71.2300033569336,-86.1500015258789,False,0,1,2757,31711,4000,46517,10,20
almanac,TK-10,bo_selection,random,7,34462,754143,4.999999873689376e-05,9.99999993922529e-09,4.480999946594238,90.6310043334961,-86.1500015258789,False,16,1,1522,17684,4000,46517,10,20
almanac,TK-10,bo_selection,random,8,85998,698037,9.999999747378752e-06,9.999999974752427e-07,0.8840000033378601,87.03400421142578,-86.1500015258789,False,8,1,2209,25394,4000,46517,10,20
almanac,TK-10,bo_selection,random,9,681239,719276,3.000000106112566e-07,4.0000000467443897e-07,-81.41999816894531,4.730003356933594,-86.1500015258789,False,26,1,3568,41244,4000,46517,10,20
almanac,TK-10,bo_selection,tanimoto+zero,0,241240,702294,1.9999999494757503e-05,9.999999747378752e-05,-86.1500015258789,0.0,-86.1500015258789,True,6,1,3077,35324,4000,46517,10,20
almanac,TK-10,bo_selection,tanimoto+zero,1,713563,754230,9.999999747378752e-05,5.999999976025183e-12,11.510000228881836,97.66000175476074,-86.1500015258789,False,12,1,3705,42965,4000,46517,10,20
almanac,TK-10,bo_selection,tanimoto+zero,2,609699,713563,4.999999858590343e-10,9.999999747378752e-05,10.67199993133545,96.82200145721436,-86.1500015258789,False,27,1,3465,39970,4000,46517,10,20
almanac,TK-10,bo_selection,tanimoto+zero,3,266046,713563,1.0000000116860974e-07,9.999999747378752e-05,8.597000122070312,94.74700164794922,-86.1500015258789,False,26,1,3227,37003,4000,46517,10,20
almanac,TK-10,bo_selection,tanimoto+zero,4,698037,719344,9.999999974752427e-07,2.999999892949745e-08,10.229000091552734,96.37900161743164,-86.1500015258789,False,9,1,3624,41829,4000,46517,10,20
almanac,TK-10,bo_selection,tanimoto+zero,5,713563,747972,9.999999747378752e-05,2.9999999242136255e-05,6.640999794006348,92.79100131988525,-86.1500015258789,False,23,1,3698,42901,4000,46517,10,20
almanac,TK-10,bo_selection,tanimoto+zero,6,125973,754230,2.999999892949745e-08,5.999999802552836e-11,-14.920000076293945,71.23000144958496,-86.1500015258789,False,0,1,2757,31711,4000,46517,10,20
almanac,TK-10,bo_selection,tanimoto+zero,7,266046,713563,1.0000000116860974e-07,9.999999747378752e-05,8.597000122070312,94.74700164794922,-86.1500015258789,False,29,1,3227,37003,4000,46517,10,20
almanac,TK-10,bo_selection,tanimoto+zero,8,85998,698037,9.999999747378752e-06,9.999999974752427e-07,0.8840000033378601,87.03400152921677,-86.1500015258789,False,8,1,2209,25394,4000,46517,10,20
almanac,TK-10,bo_selection,tanimoto+zero,9,681239,747599,3.000000106112566e-07,9.99999993922529e-09,-78.79000091552734,7.3600006103515625,-86.1500015258789,False,7,1,3576,41333,4000,46517,10,20
almanac,TK-10,pool_optimum,pool_optimum,-1,241240,702294,1.9999999494757503e-05,9.999999747378752e-05,-86.1500015258789,0.0,-86.1500015258789,True,-1,1,3077,35324,4000,46517,10,20
almanac,U251,bo_selection,act_hamming+zero,0,740,24559,9.999999717180685e-10,9.999999974752427e-07,-1.8899999856948853,91.36000001430511,-93.25,False,24,1,19,128,4000,46535,10,20
almanac,U251,bo_selection,act_hamming+zero,1,740,24559,9.999999717180685e-10,9.999999974752427e-07,-1.8899999856948853,91.36000001430511,-93.25,False,24,1,19,128,4000,46535,10,20
almanac,U251,bo_selection,act_hamming+zero,2,740,32065,1.0000000116860974e-07,2.0000000233721948e-07,-23.969999313354492,69.28000068664551,-93.25,False,27,1,22,177,4000,46535,10,20
almanac,U251,bo_selection,act_hamming+zero,3,279836,737754,4.999999987376214e-07,1.0000000116860974e-07,-51.69599914550781,41.55400085449219,-93.25,False,2,1,3257,37427,4000,46535,10,20
almanac,U251,bo_selection,act_hamming+zero,4,740,32065,1.0000000116860974e-07,2.0000000233721948e-07,-23.969999313354492,69.28000068664551,-93.25,False,26,1,22,177,4000,46535,10,20
almanac,U251,bo_selection,act_hamming+zero,5,740,32065,1.0000000116860974e-07,2.0000000233721948e-07,-23.969999313354492,69.28000068664551,-93.25,False,28,1,22,177,4000,46535,10,20
almanac,U251,bo_selection,act_hamming+zero,6,740,24559,9.999999717180685e-10,9.999999974752427e-07,-1.8899999856948853,91.36000001430511,-93.25,False,23,1,19,128,4000,46535,10,20
almanac,U251,bo_selection,act_hamming+zero,7,762,92859,4.999999873689376e-06,6.000000212225132e-06,-34.810001373291016,58.439998626708984,-93.25,False,10,1,339,3833,4000,46535,10,20
almanac,U251,bo_selection,act_hamming+zero,8,713563,747971,9.999999747378752e-05,9.999999974752427e-07,-45.582000732421875,47.667999267578125,-93.25,False,7,1,3708,42918,4000,46535,10,20
almanac,U251,bo_selection,act_hamming+zero,9,85998,409962,9.999999747378752e-05,1.9999999949504854e-06,-40.290000915527344,52.959999084472656,-93.25,False,1,1,2198,25243,4000,46535,10,20
almanac,U251,bo_selection,hamming+zero,0,740,32065,1.0000000116860974e-07,2.0000000233721948e-07,-23.969999313354492,69.28000068664551,-93.25,False,26,1,22,177,4000,46535,10,20
almanac,U251,bo_selection,hamming+zero,1,740,32065,1.0000000116860974e-07,2.0000000233721948e-07,-23.969999313354492,69.28000068664551,-93.25,False,26,1,22,177,4000,46535,10,20
almanac,U251,bo_selection,hamming+zero,2,740,32065,1.0000000116860974e-07,2.0000000233721948e-07,-23.969999313354492,69.28000068664551,-93.25,False,26,1,22,177,4000,46535,10,20
almanac,U251,bo_selection,hamming+zero,3,279836,737754,4.999999987376214e-07,1.0000000116860974e-07,-51.69599914550781,41.55400085449219,-93.25,False,2,1,3257,37427,4000,46535,10,20
almanac,U251,bo_selection,hamming+zero,4,740,32065,1.0000000116860974e-07,2.0000000233721948e-07,-23.969999313354492,69.28000068664551,-93.25,False,26,1,22,177,4000,46535,10,20
almanac,U251,bo_selection,hamming+zero,5,740,32065,1.0000000116860974e-07,2.0000000233721948e-07,-23.969999313354492,69.28000068664551,-93.25,False,26,1,22,177,4000,46535,10,20
almanac,U251,bo_selection,hamming+zero,6,740,32065,1.0000000116860974e-07,2.0000000233721948e-07,-23.969999313354492,69.28000068664551,-93.25,False,26,1,22,177,4000,46535,10,20
almanac,U251,bo_selection,hamming+zero,7,762,92859,4.999999873689376e-06,6.000000212225132e-06,-34.810001373291016,58.439998626708984,-93.25,False,10,1,339,3833,4000,46535,10,20
almanac,U251,bo_selection,hamming+zero,8,713563,747971,9.999999747378752e-05,9.999999974752427e-07,-45.582000732421875,47.667999267578125,-93.25,False,7,1,3708,42918,4000,46535,10,20
almanac,U251,bo_selection,hamming+zero,9,85998,409962,9.999999747378752e-05,1.9999999949504854e-06,-40.290000915527344,52.959999084472656,-93.25,False,1,1,2198,25243,4000,46535,10,20
almanac,U251,bo_selection,linear_curve,0,279836,713563,4.999999987376214e-07,9.999999747378752e-05,-72.75399780273438,20.496002197265625,-93.25,False,11,1,3253,37339,4000,46535,10,20
almanac,U251,bo_selection,linear_curve,1,279836,606869,4.999999987376214e-07,1.0000000116860974e-07,-18.18000030517578,75.06999969482422,-93.25,False,27,1,3243,37230,4000,46535,10,20
almanac,U251,bo_selection,linear_curve,2,279836,713563,4.999999987376214e-07,9.999999747378752e-05,-72.75399780273438,20.496002197265625,-93.25,False,15,1,3253,37339,4000,46535,10,20
almanac,U251,bo_selection,linear_curve,3,125066,754143,9.999999974752427e-07,9.99999993922529e-09,-86.6500015258789,6.599998474121094,-93.25,False,29,1,2713,31121,4000,46535,10,20
almanac,U251,bo_selection,linear_curve,4,119875,123127,1.9999999494757503e-05,4.999999987376214e-07,-72.87000274658203,20.37999725341797,-93.25,False,22,1,2464,28565,4000,46535,10,20
almanac,U251,bo_selection,linear_curve,5,38721,754143,1.9999999494757503e-05,9.99999993922529e-09,-92.70999908447266,0.5400009155273438,-93.25,False,29,1,1592,18341,4000,46535,10,20
almanac,U251,bo_selection,linear_curve,6,38721,754143,1.9999999494757503e-05,9.99999993922529e-09,-92.70999908447266,0.5400009155273438,-93.25,False,27,1,1592,18341,4000,46535,10,20
almanac,U251,bo_selection,linear_curve,7,279836,713563,4.999999987376214e-07,9.999999747378752e-05,-72.75399780273438,20.496002197265625,-93.25,False,25,1,3253,37339,4000,46535,10,20
almanac,U251,bo_selection,linear_curve,8,119875,123127,1.9999999494757503e-05,4.999999987376214e-07,-72.87000274658203,20.37999725341797,-93.25,False,18,1,2464,28565,4000,46535,10,20
almanac,U251,bo_selection,linear_curve,9,26980,754143,4.999999969612645e-09,9.99999993922529e-09,-90.36000061035156,2.8899993896484375,-93.25,False,28,1,1336,15428,4000,46535,10,20
almanac,U251,bo_selection,ours+zero,0,241240,279836,4.999999873689376e-05,4.999999987376214e-07,-67.125,26.125,-93.25,False,10,1,3056,35108,4000,46535,10,20
almanac,U251,bo_selection,ours+zero,1,241240,279836,4.999999873689376e-05,4.999999987376214e-07,-67.125,26.125,-93.25,False,11,1,3056,35108,4000,46535,10,20
almanac,U251,bo_selection,ours+zero,2,713563,719345,9.999999747378752e-05,3.000000106112566e-07,-42.209999084472656,51.040000915527344,-93.25,False,18,1,3700,42837,4000,46535,10,20
almanac,U251,bo_selection,ours+zero,3,279836,737754,4.999999987376214e-07,1.0000000116860974e-07,-51.69599914550781,41.55400085449219,-93.25,False,2,1,3257,37427,4000,46535,10,20
almanac,U251,bo_selection,ours+zero,4,241240,279836,4.999999873689376e-05,4.999999987376214e-07,-67.125,26.125,-93.25,False,10,1,3056,35108,4000,46535,10,20
almanac,U251,bo_selection,ours+zero,5,241240,279836,4.999999873689376e-05,4.999999987376214e-07,-67.125,26.125,-93.25,False,14,1,3056,35108,4000,46535,10,20
almanac,U251,bo_selection,ours+zero,6,241240,279836,4.999999873689376e-05,4.999999987376214e-07,-67.125,26.125,-93.25,False,11,1,3056,35108,4000,46535,10,20
almanac,U251,bo_selection,ours+zero,7,762,92859,4.999999873689376e-06,6.000000212225132e-06,-34.810001373291016,58.439998626708984,-93.25,False,20,1,339,3833,4000,46535,10,20
almanac,U251,bo_selection,ours+zero,8,750,713563,9.999999747378752e-06,9.999999747378752e-05,-58.529998779296875,34.720001220703125,-93.25,False,20,1,147,1562,4000,46535,10,20
almanac,U251,bo_selection,ours+zero,9,85998,409962,9.999999747378752e-05,1.9999999949504854e-06,-40.290000915527344,52.959999084472656,-93.25,False,1,1,2198,25243,4000,46535,10,20
almanac,U251,bo_selection,random,0,246131,754230,1.9999999494757503e-05,5.999999941330714e-10,-62.77000045776367,30.479999542236328,-93.25,False,11,1,3125,35882,4000,46535,10,20
almanac,U251,bo_selection,random,1,125973,737754,5.99999978589949e-08,9.999999974752427e-07,6.793000221252441,100.04299926757812,-93.25,False,10,1,2747,31525,4000,46535,10,20
almanac,U251,bo_selection,random,2,71423,608210,3.000000106112566e-07,9.999999974752427e-07,4.298999786376953,97.54899597167969,-93.25,False,4,1,1985,22772,4000,46535,10,20
almanac,U251,bo_selection,random,3,279836,737754,4.999999987376214e-07,1.0000000116860974e-07,-51.69599914550781,41.55400085449219,-93.25,False,2,1,3257,37427,4000,46535,10,20
almanac,U251,bo_selection,random,4,755,92859,2.0000000233721948e-07,6.000000212225132e-07,8.75,102.0,-93.25,False,23,1,268,2974,4000,46535,10,20
almanac,U251,bo_selection,random,5,77213,761432,2.0000000233721948e-07,5.000000058430487e-08,3.0160000324249268,96.26599884033203,-93.25,False,0,1,2062,23717,4000,46535,10,20
almanac,U251,bo_selection,random,6,125973,733504,3.000000106112566e-07,1.0000000116860974e-07,12.359999656677246,105.61000061035156,-93.25,False,2,1,2745,31517,4000,46535,10,20
almanac,U251,bo_selection,random,7,713563,756645,9.999999747378752e-05,9.999999974752427e-07,-44.72949981689453,48.52050018310547,-93.25,False,25,2,3719,43015,4000,46535,10,20
almanac,U251,bo_selection,random,8,713563,747971,9.999999747378752e-05,9.999999974752427e-07,-45.582000732421875,47.667999267578125,-93.25,False,7,1,3708,42918,4000,46535,10,20
almanac,U251,bo_selection,random,9,45388,713563,4.999999873689376e-06,9.999999747378752e-05,-51.606998443603516,41.643001556396484,-93.25,False,13,1,1638,18860,4000,46535,10,20
almanac,U251,bo_selection,tanimoto+zero,0,27640,749226,6.999999868639861e-07,4.999999873689376e-06,9.343000411987305,102.5930004119873,-93.25,False,7,1,1403,16145,4000,46535,10,20
almanac,U251,bo_selection,tanimoto+zero,1,32065,713563,9.999999747378752e-05,9.999999747378752e-05,-30.15399932861328,63.09600067138672,-93.25,False,26,1,1454,16721,4000,46535,10,20
almanac,U251,bo_selection,tanimoto+zero,2,32065,92859,2.0000000233721948e-07,6.000000212225132e-06,-43.650001525878906,49.599998474121094,-93.25,False,16,1,1421,16355,4000,46535,10,20
almanac,U251,bo_selection,tanimoto+zero,3,279836,737754,4.999999987376214e-07,1.0000000116860974e-07,-51.69599914550781,41.55400085449219,-93.25,False,2,1,3257,37427,4000,46535,10,20
almanac,U251,bo_selection,tanimoto+zero,4,750,713563,9.999999747378752e-06,9.999999747378752e-05,-58.529998779296875,34.720001220703125,-93.25,False,24,1,147,1562,4000,46535,10,20
almanac,U251,bo_selection,tanimoto+zero,5,681239,713563,4.999999858590343e-10,9.999999747378752e-05,-60.47800064086914,32.77199935913086,-93.25,False,11,1,3566,41152,4000,46535,10,20
almanac,U251,bo_selection,tanimoto+zero,6,125973,713563,6.000000052353016e-09,9.999999747378752e-05,-48.48500061035156,44.76499938964844,-93.25,False,26,1,2739,31442,4000,46535,10,20
almanac,U251,bo_selection,tanimoto+zero,7,32065,713563,9.999999747378752e-05,9.999999747378752e-05,-30.15399932861328,63.09600067138672,-93.25,False,11,1,1454,16721,4000,46535,10,20
almanac,U251,bo_selection,tanimoto+zero,8,713563,747971,9.999999747378752e-05,9.999999974752427e-07,-45.582000732421875,47.667999267578125,-93.25,False,7,1,3708,42918,4000,46535,10,20
almanac,U251,bo_selection,tanimoto+zero,9,85998,409962,9.999999747378752e-05,1.9999999949504854e-06,-40.290000915527344,52.959999084472656,-93.25,False,1,1,2198,25243,4000,46535,10,20
almanac,U251,pool_optimum,pool_optimum,-1,3053,180973,1.0000000116860974e-07,7.000000096013537e-06,-93.25,0.0,-93.25,True,-1,1,512,5687,4000,46535,10,20
almanac,UACC-257,bo_selection,act_hamming+zero,0,740,24559,9.999999717180685e-10,9.999999974752427e-07,-95.80000305175781,0.34999847412109375,-96.1500015258789,False,29,1,19,128,4000,46625,10,20
almanac,UACC-257,bo_selection,act_hamming+zero,1,740,24559,9.999999717180685e-10,9.999999974752427e-07,-95.80000305175781,0.34999847412109375,-96.1500015258789,False,29,1,19,128,4000,46625,10,20
almanac,UACC-257,bo_selection,act_hamming+zero,2,740,24559,9.999999717180685e-10,9.999999974752427e-07,-95.80000305175781,0.34999847412109375,-96.1500015258789,False,29,1,19,128,4000,46625,10,20
almanac,UACC-257,bo_selection,act_hamming+zero,3,740,24559,9.999999717180685e-10,9.999999974752427e-07,-95.80000305175781,0.34999847412109375,-96.1500015258789,False,29,1,19,128,4000,46625,10,20
almanac,UACC-257,bo_selection,act_hamming+zero,4,740,24559,9.999999717180685e-10,9.999999974752427e-07,-95.80000305175781,0.34999847412109375,-96.1500015258789,False,29,1,19,128,4000,46625,10,20
almanac,UACC-257,bo_selection,act_hamming+zero,5,740,24559,9.999999717180685e-10,9.999999974752427e-07,-95.80000305175781,0.34999847412109375,-96.1500015258789,False,29,1,19,128,4000,46625,10,20
almanac,UACC-257,bo_selection,act_hamming+zero,6,740,24559,9.999999717180685e-10,9.999999974752427e-07,-95.80000305175781,0.34999847412109375,-96.1500015258789,False,29,1,19,128,4000,46625,10,20
almanac,UACC-257,bo_selection,act_hamming+zero,7,740,24559,9.999999717180685e-10,9.999999974752427e-07,-95.80000305175781,0.34999847412109375,-96.1500015258789,False,29,1,19,128,4000,46625,10,20
almanac,UACC-257,bo_selection,act_hamming+zero,8,740,1390,1.0000000116860974e-07,1.0000000116860974e-07,-50.599998474121094,45.55000305175781,-96.1500015258789,False,17,1,5,42,4000,46625,10,20
almanac,UACC-257,bo_selection,act_hamming+zero,9,740,24559,9.999999717180685e-10,9.999999974752427e-07,-95.80000305175781,0.34999847412109375,-96.1500015258789,False,29,1,19,128,4000,46625,10,20
almanac,UACC-257,bo_selection,hamming+zero,0,740,24559,9.999999717180685e-10,9.999999974752427e-07,-95.80000305175781,0.34999847412109375,-96.1500015258789,False,29,1,19,128,4000,46625,10,20
almanac,UACC-257,bo_selection,hamming+zero,1,740,24559,9.999999717180685e-10,9.999999974752427e-07,-95.80000305175781,0.34999847412109375,-96.1500015258789,False,29,1,19,128,4000,46625,10,20
almanac,UACC-257,bo_selection,hamming+zero,2,740,24559,9.999999717180685e-10,9.999999974752427e-07,-95.80000305175781,0.34999847412109375,-96.1500015258789,False,29,1,19,128,4000,46625,10,20
almanac,UACC-257,bo_selection,hamming+zero,3,740,24559,9.999999717180685e-10,9.999999974752427e-07,-95.80000305175781,0.34999847412109375,-96.1500015258789,False,29,1,19,128,4000,46625,10,20
almanac,UACC-257,bo_selection,hamming+zero,4,740,24559,9.999999717180685e-10,9.999999974752427e-07,-95.80000305175781,0.34999847412109375,-96.1500015258789,False,29,1,19,128,4000,46625,10,20
almanac,UACC-257,bo_selection,hamming+zero,5,740,24559,9.999999717180685e-10,9.999999974752427e-07,-95.80000305175781,0.34999847412109375,-96.1500015258789,False,29,1,19,128,4000,46625,10,20
almanac,UACC-257,bo_selection,hamming+zero,6,740,24559,9.999999717180685e-10,9.999999974752427e-07,-95.80000305175781,0.34999847412109375,-96.1500015258789,False,29,1,19,128,4000,46625,10,20
almanac,UACC-257,bo_selection,hamming+zero,7,740,24559,9.999999717180685e-10,9.999999974752427e-07,-95.80000305175781,0.34999847412109375,-96.1500015258789,False,29,1,19,128,4000,46625,10,20
almanac,UACC-257,bo_selection,hamming+zero,8,740,1390,1.0000000116860974e-07,1.0000000116860974e-07,-50.599998474121094,45.55000305175781,-96.1500015258789,False,17,1,5,42,4000,46625,10,20
almanac,UACC-257,bo_selection,hamming+zero,9,740,24559,9.999999717180685e-10,9.999999974752427e-07,-95.80000305175781,0.34999847412109375,-96.1500015258789,False,29,1,19,128,4000,46625,10,20
almanac,UACC-257,bo_selection,linear_curve,0,681239,701852,3.000000106112566e-07,1.0000000116860974e-07,-94.33999633789062,1.8100051879882812,-96.1500015258789,False,13,1,3578,41253,4000,46625,10,20
almanac,UACC-257,bo_selection,linear_curve,1,38721,681239,1.9999999494757503e-05,3.000000106112566e-07,-93.56999969482422,2.5800018310546875,-96.1500015258789,False,27,1,1584,18233,4000,46625,10,20
almanac,UACC-257,bo_selection,linear_curve,2,24559,712807,9.999999974752427e-07,2.0000000233721948e-07,-96.1500015258789,0.0,-96.1500015258789,True,24,1,1136,13119,4000,46625,10,20
almanac,UACC-257,bo_selection,linear_curve,3,38721,681239,1.9999999494757503e-05,3.000000106112566e-07,-93.56999969482422,2.5800018310546875,-96.1500015258789,False,27,1,1584,18233,4000,46625,10,20
almanac,UACC-257,bo_selection,linear_curve,4,681239,701852,3.000000106112566e-07,1.0000000116860974e-07,-94.33999633789062,1.8100051879882812,-96.1500015258789,False,25,1,3578,41253,4000,46625,10,20
almanac,UACC-257,bo_selection,linear_curve,5,681239,701852,3.000000106112566e-07,1.0000000116860974e-07,-94.33999633789062,1.8100051879882812,-96.1500015258789,False,12,1,3578,41253,4000,46625,10,20
almanac,UACC-257,bo_selection,linear_curve,6,681239,701852,3.000000106112566e-07,1.0000000116860974e-07,-94.33999633789062,1.8100051879882812,-96.1500015258789,False,13,1,3578,41253,4000,46625,10,20
almanac,UACC-257,bo_selection,linear_curve,7,681239,701852,3.000000106112566e-07,1.0000000116860974e-07,-94.33999633789062,1.8100051879882812,-96.1500015258789,False,23,1,3578,41253,4000,46625,10,20
almanac,UACC-257,bo_selection,linear_curve,8,38721,681239,1.9999999494757503e-05,3.000000106112566e-07,-93.56999969482422,2.5800018310546875,-96.1500015258789,False,20,1,1584,18233,4000,46625,10,20
almanac,UACC-257,bo_selection,linear_curve,9,681239,701852,3.000000106112566e-07,1.0000000116860974e-07,-94.33999633789062,1.8100051879882812,-96.1500015258789,False,19,1,3578,41253,4000,46625,10,20
almanac,UACC-257,bo_selection,ours+zero,0,740,24559,9.999999717180685e-10,9.999999974752427e-07,-95.80000305175781,0.34999847412109375,-96.1500015258789,False,29,1,19,128,4000,46625,10,20
almanac,UACC-257,bo_selection,ours+zero,1,740,1390,1.0000000116860974e-07,1.0000000116860974e-07,-50.599998474121094,45.55000305175781,-96.1500015258789,False,19,1,5,42,4000,46625,10,20
almanac,UACC-257,bo_selection,ours+zero,2,45923,754143,6.000000212225132e-07,9.99999993922529e-09,-71.83000183105469,24.31999969482422,-96.1500015258789,False,19,1,1742,19877,4000,46625,10,20
almanac,UACC-257,bo_selection,ours+zero,3,681239,701852,3.000000106112566e-07,1.0000000116860974e-07,-94.33999633789062,1.8100051879882812,-96.1500015258789,False,15,1,3578,41253,4000,46625,10,20
almanac,UACC-257,bo_selection,ours+zero,4,740,24559,9.999999717180685e-10,9.999999974752427e-07,-95.80000305175781,0.34999847412109375,-96.1500015258789,False,29,1,19,128,4000,46625,10,20
almanac,UACC-257,bo_selection,ours+zero,5,754143,756645,9.99999993922529e-09,1.0000000116860974e-07,-62.5629997253418,33.58700180053711,-96.1500015258789,False,17,1,3971,46344,4000,46625,10,20
almanac,UACC-257,bo_selection,ours+zero,6,740,762,1.0000000116860974e-07,4.999999987376214e-07,-46.75,49.400001525878906,-96.1500015258789,False,23,1,3,34,4000,46625,10,20
almanac,UACC-257,bo_selection,ours+zero,7,740,762,1.0000000116860974e-07,4.999999987376214e-07,-46.75,49.400001525878906,-96.1500015258789,False,22,1,3,34,4000,46625,10,20
almanac,UACC-257,bo_selection,ours+zero,8,740,1390,1.0000000116860974e-07,1.0000000116860974e-07,-50.599998474121094,45.55000305175781,-96.1500015258789,False,23,1,5,42,4000,46625,10,20
almanac,UACC-257,bo_selection,ours+zero,9,681239,712807,3.000000106112566e-07,2.0000000233721948e-07,-93.41999816894531,2.7300033569335938,-96.1500015258789,False,11,1,3579,41261,4000,46625,10,20
almanac,UACC-257,bo_selection,random,0,3053,681239,1.0000000116860974e-07,3.000000106112566e-07,-93.13999938964844,3.0100021362304688,-96.1500015258789,False,9,1,531,5867,4000,46625,10,20
almanac,UACC-257,bo_selection,random,1,102816,246131,3.000000106112566e-07,1.9999999494757503e-05,-52.07999801635742,44.070003509521484,-96.1500015258789,False,20,2,2316,26537,4000,46625,10,20
almanac,UACC-257,bo_selection,random,2,752,24559,9.999999747378752e-06,9.99999993922529e-09,34.790000915527344,130.94000244140625,-96.1500015258789,False,8,1,181,1887,4000,46625,10,20
almanac,UACC-257,bo_selection,random,3,755,608210,1.999999987845058e-08,9.999999974752427e-07,42.020999908447266,138.17100524902344,-96.1500015258789,False,13,1,287,3206,4000,46625,10,20
almanac,UACC-257,bo_selection,random,4,613327,754230,9.99999993922529e-09,5.999999802552836e-11,-93.62999725341797,2.5200042724609375,-96.1500015258789,False,6,1,3521,40542,4000,46625,10,20
almanac,UACC-257,bo_selection,random,5,740,32065,1.0000000116860974e-07,1.9999999949504854e-06,-45.529998779296875,50.62000274658203,-96.1500015258789,False,18,1,24,178,4000,46625,10,20
almanac,UACC-257,bo_selection,random,6,105014,119875,9.999999974752427e-07,1.9999999494757503e-05,-67.80000305175781,28.349998474121094,-96.1500015258789,False,11,1,2355,27008,4000,46625,10,20
almanac,UACC-257,bo_selection,random,7,713563,754230,9.999999747378752e-05,5.999999802552836e-11,13.637999534606934,109.78800201416016,-96.1500015258789,False,25,1,3719,43074,4000,46625,10,20
almanac,UACC-257,bo_selection,random,8,750,92859,4.999999873689376e-06,6.000000212225132e-06,-27.280000686645508,68.87000274658203,-96.1500015258789,False,0,1,107,1175,4000,46625,10,20
almanac,UACC-257,bo_selection,random,9,38721,681239,2.0000000233721948e-07,3.000000106112566e-07,-91.62999725341797,4.5200042724609375,-96.1500015258789,False,14,1,1583,18227,4000,46625,10,20
almanac,UACC-257,bo_selection,tanimoto+zero,0,740,24559,9.999999717180685e-10,9.999999974752427e-07,-95.80000305175781,0.34999847412109375,-96.1500015258789,False,29,1,19,128,4000,46625,10,20
almanac,UACC-257,bo_selection,tanimoto+zero,1,740,1390,1.0000000116860974e-07,1.0000000116860974e-07,-50.599998474121094,45.55000305175781,-96.1500015258789,False,20,1,5,42,4000,46625,10,20
almanac,UACC-257,bo_selection,tanimoto+zero,2,740,1390,1.0000000116860974e-07,1.0000000116860974e-07,-50.599998474121094,45.55000305175781,-96.1500015258789,False,27,1,5,42,4000,46625,10,20
almanac,UACC-257,bo_selection,tanimoto+zero,3,740,1390,1.0000000116860974e-07,1.0000000116860974e-07,-50.599998474121094,45.55000305175781,-96.1500015258789,False,23,1,5,42,4000,46625,10,20
almanac,UACC-257,bo_selection,tanimoto+zero,4,740,24559,9.999999717180685e-10,9.999999974752427e-07,-95.80000305175781,0.34999847412109375,-96.1500015258789,False,29,1,19,128,4000,46625,10,20
almanac,UACC-257,bo_selection,tanimoto+zero,5,740,762,1.0000000116860974e-07,4.999999987376214e-07,-46.75,49.400001525878906,-96.1500015258789,False,29,1,3,34,4000,46625,10,20
almanac,UACC-257,bo_selection,tanimoto+zero,6,740,1390,1.0000000116860974e-07,1.0000000116860974e-07,-50.599998474121094,45.55000305175781,-96.1500015258789,False,24,1,5,42,4000,46625,10,20
almanac,UACC-257,bo_selection,tanimoto+zero,7,740,1390,1.0000000116860974e-07,1.0000000116860974e-07,-50.599998474121094,45.55000305175781,-96.1500015258789,False,20,1,5,42,4000,46625,10,20
almanac,UACC-257,bo_selection,tanimoto+zero,8,740,1390,1.0000000116860974e-07,1.0000000116860974e-07,-50.599998474121094,45.55000305175781,-96.1500015258789,False,18,1,5,42,4000,46625,10,20
almanac,UACC-257,bo_selection,tanimoto+zero,9,740,1390,1.0000000116860974e-07,1.0000000116860974e-07,-50.599998474121094,45.55000305175781,-96.1500015258789,False,24,1,5,42,4000,46625,10,20
almanac,UACC-257,pool_optimum,pool_optimum,-1,24559,712807,9.999999974752427e-07,2.0000000233721948e-07,-96.1500015258789,0.0,-96.1500015258789,True,-1,1,1136,13119,4000,46625,10,20
almanac,UACC-62,bo_selection,act_hamming+zero,0,24559,369100,9.999999974752427e-07,7.000000135093387e-09,-84.4800033569336,14.509994506835938,-98.98999786376953,False,5,1,1125,12940,4000,46337,10,20
almanac,UACC-62,bo_selection,act_hamming+zero,1,24559,747971,9.999999974752427e-07,1.9999999949504854e-06,-85.55999755859375,13.430000305175781,-98.98999786376953,False,4,1,1149,13183,4000,46337,10,20
almanac,UACC-62,bo_selection,act_hamming+zero,2,740,762,1.0000000116860974e-07,4.999999987376214e-07,-30.56999969482422,68.41999816894531,-98.98999786376953,False,12,1,3,34,4000,46337,10,20
almanac,UACC-62,bo_selection,act_hamming+zero,3,92859,296961,6.000000212225132e-06,9.999999974752427e-07,-75.51000213623047,23.479995727539062,-98.98999786376953,False,9,1,2253,25836,4000,46337,10,20
almanac,UACC-62,bo_selection,act_hamming+zero,4,740,762,1.0000000116860974e-07,4.999999987376214e-07,-30.56999969482422,68.41999816894531,-98.98999786376953,False,12,1,3,34,4000,46337,10,20
almanac,UACC-62,bo_selection,act_hamming+zero,5,740,762,1.0000000116860974e-07,4.999999987376214e-07,-30.56999969482422,68.41999816894531,-98.98999786376953,False,12,1,3,34,4000,46337,10,20
almanac,UACC-62,bo_selection,act_hamming+zero,6,740,762,1.0000000116860974e-07,4.999999987376214e-07,-30.56999969482422,68.41999816894531,-98.98999786376953,False,12,1,3,34,4000,46337,10,20
almanac,UACC-62,bo_selection,act_hamming+zero,7,747599,754143,1.0000000116860974e-07,9.99999993922529e-09,-96.13999938964844,2.8499984741210938,-98.98999786376953,False,9,1,3906,45253,4000,46337,10,20
almanac,UACC-62,bo_selection,act_hamming+zero,8,713563,754143,9.999999747378752e-05,9.999999717180685e-10,-30.82699966430664,68.16299819946289,-98.98999786376953,False,7,1,3708,42813,4000,46337,10,20
almanac,UACC-62,bo_selection,act_hamming+zero,9,740,762,1.0000000116860974e-07,4.999999987376214e-07,-30.56999969482422,68.41999816894531,-98.98999786376953,False,12,1,3,34,4000,46337,10,20
almanac,UACC-62,bo_selection,hamming+zero,0,24559,369100,9.999999974752427e-07,7.000000135093387e-09,-84.4800033569336,14.509994506835938,-98.98999786376953,False,5,1,1125,12940,4000,46337,10,20
almanac,UACC-62,bo_selection,hamming+zero,1,24559,747971,9.999999974752427e-07,1.9999999949504854e-06,-85.55999755859375,13.430000305175781,-98.98999786376953,False,4,1,1149,13183,4000,46337,10,20
almanac,UACC-62,bo_selection,hamming+zero,2,740,762,1.0000000116860974e-07,4.999999987376214e-07,-30.56999969482422,68.41999816894531,-98.98999786376953,False,12,1,3,34,4000,46337,10,20
almanac,UACC-62,bo_selection,hamming+zero,3,92859,296961,6.000000212225132e-06,9.999999974752427e-07,-75.51000213623047,23.479995727539062,-98.98999786376953,False,9,1,2253,25836,4000,46337,10,20
almanac,UACC-62,bo_selection,hamming+zero,4,740,762,1.0000000116860974e-07,4.999999987376214e-07,-30.56999969482422,68.41999816894531,-98.98999786376953,False,12,1,3,34,4000,46337,10,20
almanac,UACC-62,bo_selection,hamming+zero,5,740,762,1.0000000116860974e-07,4.999999987376214e-07,-30.56999969482422,68.41999816894531,-98.98999786376953,False,12,1,3,34,4000,46337,10,20
almanac,UACC-62,bo_selection,hamming+zero,6,740,762,1.0000000116860974e-07,4.999999987376214e-07,-30.56999969482422,68.41999816894531,-98.98999786376953,False,12,1,3,34,4000,46337,10,20
almanac,UACC-62,bo_selection,hamming+zero,7,747599,754143,1.0000000116860974e-07,9.99999993922529e-09,-96.13999938964844,2.8499984741210938,-98.98999786376953,False,9,1,3906,45253,4000,46337,10,20
almanac,UACC-62,bo_selection,hamming+zero,8,713563,754143,9.999999747378752e-05,9.999999717180685e-10,-30.82699966430664,68.16299819946289,-98.98999786376953,False,7,1,3708,42813,4000,46337,10,20
almanac,UACC-62,bo_selection,hamming+zero,9,740,762,1.0000000116860974e-07,4.999999987376214e-07,-30.56999969482422,68.41999816894531,-98.98999786376953,False,12,1,3,34,4000,46337,10,20
almanac,UACC-62,bo_selection,linear_curve,0,681239,721517,3.000000106112566e-07,1.0000000116860974e-07,-92.16000366210938,6.829994201660156,-98.98999786376953,False,16,1,3565,41091,4000,46337,10,20
almanac,UACC-62,bo_selection,linear_curve,1,125973,754143,3.000000106112566e-07,9.99999993922529e-09,-97.91000366210938,1.0799942016601562,-98.98999786376953,False,19,1,2763,31625,4000,46337,10,20
almanac,UACC-62,bo_selection,linear_curve,2,24559,119875,9.999999974752427e-07,1.9999999494757503e-05,-89.12000274658203,9.8699951171875,-98.98999786376953,False,17,1,1112,12752,4000,46337,10,20
almanac,UACC-62,bo_selection,linear_curve,3,125973,754143,3.000000106112566e-07,9.99999993922529e-09,-97.91000366210938,1.0799942016601562,-98.98999786376953,False,17,1,2763,31625,4000,46337,10,20
almanac,UACC-62,bo_selection,linear_curve,4,24559,119875,9.999999974752427e-07,1.9999999494757503e-05,-89.12000274658203,9.8699951171875,-98.98999786376953,False,17,1,1112,12752,4000,46337,10,20
almanac,UACC-62,bo_selection,linear_curve,5,673596,761432,2.999999892949745e-08,5.000000058430487e-08,-25.014999389648438,73.9749984741211,-98.98999786376953,False,24,1,3557,40975,4000,46337,10,20
almanac,UACC-62,bo_selection,linear_curve,6,743414,754143,4.999999873689376e-06,9.99999993922529e-09,-98.98999786376953,0.0,-98.98999786376953,True,28,1,3883,44977,4000,46337,10,20
almanac,UACC-62,bo_selection,linear_curve,7,125973,754143,3.000000106112566e-07,9.99999993922529e-09,-97.91000366210938,1.0799942016601562,-98.98999786376953,False,19,1,2763,31625,4000,46337,10,20
almanac,UACC-62,bo_selection,linear_curve,8,125973,754143,3.000000106112566e-07,9.99999993922529e-09,-97.91000366210938,1.0799942016601562,-98.98999786376953,False,25,1,2763,31625,4000,46337,10,20
almanac,UACC-62,bo_selection,linear_curve,9,125973,754143,3.000000106112566e-07,9.99999993922529e-09,-97.91000366210938,1.0799942016601562,-98.98999786376953,False,19,1,2763,31625,4000,46337,10,20
almanac,UACC-62,bo_selection,ours+zero,0,24559,369100,9.999999974752427e-07,7.000000135093387e-09,-84.4800033569336,14.509994506835938,-98.98999786376953,False,5,1,1125,12940,4000,46337,10,20
almanac,UACC-62,bo_selection,ours+zero,1,24559,747971,9.999999974752427e-07,1.9999999949504854e-06,-85.55999755859375,13.430000305175781,-98.98999786376953,False,4,1,1149,13183,4000,46337,10,20
almanac,UACC-62,bo_selection,ours+zero,2,123127,747973,4.999999987376214e-07,3.000000106112566e-07,-47.4900016784668,51.499996185302734,-98.98999786376953,False,17,1,2677,30635,4000,46337,10,20
almanac,UACC-62,bo_selection,ours+zero,3,92859,296961,6.000000212225132e-06,9.999999974752427e-07,-75.51000213623047,23.479995727539062,-98.98999786376953,False,9,1,2253,25836,4000,46337,10,20
almanac,UACC-62,bo_selection,ours+zero,4,125973,754143,3.000000106112566e-07,9.99999993922529e-09,-97.91000366210938,1.0799942016601562,-98.98999786376953,False,13,1,2763,31625,4000,46337,10,20
almanac,UACC-62,bo_selection,ours+zero,5,102816,609699,3.000000106112566e-06,1.0000000116860974e-07,-50.33000183105469,48.659996032714844,-98.98999786376953,False,10,1,2311,26495,4000,46337,10,20
almanac,UACC-62,bo_selection,ours+zero,6,681239,701852,3.000000106112566e-07,9.99999993922529e-09,-92.12999725341797,6.8600006103515625,-98.98999786376953,False,18,1,3561,41009,4000,46337,10,20
almanac,UACC-62,bo_selection,ours+zero,7,747599,754143,1.0000000116860974e-07,9.99999993922529e-09,-96.13999938964844,2.8499984741210938,-98.98999786376953,False,9,1,3906,45253,4000,46337,10,20
almanac,UACC-62,bo_selection,ours+zero,8,732517,754143,1.0000000116860974e-07,9.99999993922529e-09,-97.5999984741211,1.3899993896484375,-98.98999786376953,False,19,1,3845,44491,4000,46337,10,20
almanac,UACC-62,bo_selection,ours+zero,9,701852,747973,9.99999993922529e-09,3.000000106112566e-07,-43.099998474121094,55.88999938964844,-98.98999786376953,False,10,1,3646,42022,4000,46337,10,20
almanac,UACC-62,bo_selection,random,0,24559,369100,9.999999974752427e-07,7.000000135093387e-09,-84.4800033569336,14.509994506835938,-98.98999786376953,False,5,1,1125,12940,4000,46337,10,20
almanac,UACC-62,bo_selection,random,1,24559,747971,9.999999974752427e-07,1.9999999949504854e-06,-85.55999755859375,13.430000305175781,-98.98999786376953,False,4,1,1149,13183,4000,46337,10,20
almanac,UACC-62,bo_selection,random,2,45923,105014,6.000000212225132e-07,9.999999974752427e-07,-23.43000030517578,75.55999755859375,-98.98999786376953,False,17,1,1687,19256,4000,46337,10,20
almanac,UACC-62,bo_selection,random,3,26271,754143,9.999999747378752e-06,9.99999993922529e-09,-94.08000183105469,4.909996032714844,-98.98999786376953,False,23,1,1284,14765,4000,46337,10,20
almanac,UACC-62,bo_selection,random,4,25154,681239,3.000000106112566e-06,3.000000106112566e-07,-81.29000091552734,17.699996948242188,-98.98999786376953,False,12,1,1194,13775,4000,46337,10,20
almanac,UACC-62,bo_selection,random,5,740,32065,1.0000000116860974e-07,2.0000000233721948e-07,-29.549999237060547,69.44000244140625,-98.98999786376953,False,18,1,24,177,4000,46337,10,20
almanac,UACC-62,bo_selection,random,6,26980,369100,4.999999987376214e-07,7.000000135093387e-09,1.0800000429153442,100.06999969482422,-98.98999786376953,False,6,1,1325,15208,4000,46337,10,20
almanac,UACC-62,bo_selection,random,7,747599,754143,1.0000000116860974e-07,9.99999993922529e-09,-96.13999938964844,2.8499984741210938,-98.98999786376953,False,9,1,3906,45253,4000,46337,10,20
almanac,UACC-62,bo_selection,random,8,713563,754143,9.999999747378752e-05,9.999999717180685e-10,-30.82699966430664,68.16299438476562,-98.98999786376953,False,7,1,3708,42813,4000,46337,10,20
almanac,UACC-62,bo_selection,random,9,119875,266046,1.9999999494757503e-05,4.999999873689376e-06,-39.54999923706055,59.439998626708984,-98.98999786376953,False,12,1,2483,28700,4000,46337,10,20
almanac,UACC-62,bo_selection,tanimoto+zero,0,24559,369100,9.999999974752427e-07,7.000000135093387e-09,-84.4800033569336,14.509994506835938,-98.98999786376953,False,5,1,1125,12940,4000,46337,10,20
almanac,UACC-62,bo_selection,tanimoto+zero,1,24559,747971,9.999999974752427e-07,1.9999999949504854e-06,-85.55999755859375,13.430000305175781,-98.98999786376953,False,4,1,1149,13183,4000,46337,10,20
almanac,UACC-62,bo_selection,tanimoto+zero,2,6396,119875,9.999999974752427e-07,1.9999999494757503e-05,-45.70000076293945,53.28999710083008,-98.98999786376953,False,16,1,653,7250,4000,46337,10,20
almanac,UACC-62,bo_selection,tanimoto+zero,3,92859,296961,6.000000212225132e-06,9.999999974752427e-07,-75.51000213623047,23.479995727539062,-98.98999786376953,False,9,1,2253,25836,4000,46337,10,20
almanac,UACC-62,bo_selection,tanimoto+zero,4,6396,119875,9.999999974752427e-07,1.9999999494757503e-05,-45.70000076293945,53.28999710083008,-98.98999786376953,False,13,1,653,7250,4000,46337,10,20
almanac,UACC-62,bo_selection,tanimoto+zero,5,3088,754143,9.999999747378752e-05,9.99999993922529e-09,-89.92900085449219,9.060997009277344,-98.98999786376953,False,27,1,622,6911,4000,46337,10,20
almanac,UACC-62,bo_selection,tanimoto+zero,6,6396,119875,9.999999974752427e-07,1.9999999494757503e-05,-45.70000076293945,53.28999710083008,-98.98999786376953,False,25,1,653,7250,4000,46337,10,20
almanac,UACC-62,bo_selection,tanimoto+zero,7,747599,754143,1.0000000116860974e-07,9.99999993922529e-09,-96.13999938964844,2.8499984741210938,-98.98999786376953,False,9,1,3906,45253,4000,46337,10,20
almanac,UACC-62,bo_selection,tanimoto+zero,8,3088,754143,9.999999747378752e-05,9.99999993922529e-09,-89.92900085449219,9.060997009277344,-98.98999786376953,False,19,1,622,6911,4000,46337,10,20
almanac,UACC-62,bo_selection,tanimoto+zero,9,6396,119875,9.999999974752427e-07,1.9999999494757503e-05,-45.70000076293945,53.28999710083008,-98.98999786376953,False,13,1,653,7250,4000,46337,10,20
almanac,UACC-62,pool_optimum,pool_optimum,-1,743414,754143,4.999999873689376e-06,9.99999993922529e-09,-98.98999786376953,0.0,-98.98999786376953,True,-1,1,3883,44977,4000,46337,10,20
almanac,UO-31,bo_selection,act_hamming+zero,0,24559,628503,9.999999974752427e-07,3.999999975690116e-08,-51.650001525878906,42.22999572753906,-93.87999725341797,False,5,1,1125,12806,4000,45869,10,20
almanac,UO-31,bo_selection,act_hamming+zero,1,740,25154,1.0000000116860974e-07,2.9999999242136255e-05,-38.0,55.87999725341797,-93.87999725341797,False,23,1,20,143,4000,45869,10,20
almanac,UO-31,bo_selection,act_hamming+zero,2,740,25154,1.0000000116860974e-07,2.9999999242136255e-05,-38.0,55.87999725341797,-93.87999725341797,False,23,1,20,143,4000,45869,10,20
almanac,UO-31,bo_selection,act_hamming+zero,3,740,25154,1.0000000116860974e-07,2.9999999242136255e-05,-38.0,55.87999725341797,-93.87999725341797,False,23,1,20,143,4000,45869,10,20
almanac,UO-31,bo_selection,act_hamming+zero,4,740,25154,1.0000000116860974e-07,2.9999999242136255e-05,-38.0,55.87999725341797,-93.87999725341797,False,23,1,20,143,4000,45869,10,20
almanac,UO-31,bo_selection,act_hamming+zero,5,740,25154,1.0000000116860974e-07,2.9999999242136255e-05,-38.0,55.87999725341797,-93.87999725341797,False,23,1,20,143,4000,45869,10,20
almanac,UO-31,bo_selection,act_hamming+zero,6,740,25154,1.0000000116860974e-07,2.9999999242136255e-05,-38.0,55.87999725341797,-93.87999725341797,False,23,1,20,143,4000,45869,10,20
almanac,UO-31,bo_selection,act_hamming+zero,7,740,25154,1.0000000116860974e-07,2.9999999242136255e-05,-38.0,55.87999725341797,-93.87999725341797,False,23,1,20,143,4000,45869,10,20
almanac,UO-31,bo_selection,act_hamming+zero,8,740,25154,1.0000000116860974e-07,2.9999999242136255e-05,-38.0,55.87999725341797,-93.87999725341797,False,23,1,20,143,4000,45869,10,20
almanac,UO-31,bo_selection,act_hamming+zero,9,740,25154,1.0000000116860974e-07,2.9999999242136255e-05,-38.0,55.87999725341797,-93.87999725341797,False,23,1,20,143,4000,45869,10,20
almanac,UO-31,bo_selection,hamming+zero,0,24559,628503,9.999999974752427e-07,3.999999975690116e-08,-51.650001525878906,42.22999572753906,-93.87999725341797,False,5,1,1125,12806,4000,45869,10,20
almanac,UO-31,bo_selection,hamming+zero,1,740,25154,1.0000000116860974e-07,2.9999999242136255e-05,-38.0,55.87999725341797,-93.87999725341797,False,23,1,20,143,4000,45869,10,20
almanac,UO-31,bo_selection,hamming+zero,2,740,25154,1.0000000116860974e-07,2.9999999242136255e-05,-38.0,55.87999725341797,-93.87999725341797,False,23,1,20,143,4000,45869,10,20
almanac,UO-31,bo_selection,hamming+zero,3,740,25154,1.0000000116860974e-07,2.9999999242136255e-05,-38.0,55.87999725341797,-93.87999725341797,False,23,1,20,143,4000,45869,10,20
almanac,UO-31,bo_selection,hamming+zero,4,740,25154,1.0000000116860974e-07,2.9999999242136255e-05,-38.0,55.87999725341797,-93.87999725341797,False,23,1,20,143,4000,45869,10,20
almanac,UO-31,bo_selection,hamming+zero,5,740,25154,1.0000000116860974e-07,2.9999999242136255e-05,-38.0,55.87999725341797,-93.87999725341797,False,23,1,20,143,4000,45869,10,20
almanac,UO-31,bo_selection,hamming+zero,6,740,25154,1.0000000116860974e-07,2.9999999242136255e-05,-38.0,55.87999725341797,-93.87999725341797,False,23,1,20,143,4000,45869,10,20
almanac,UO-31,bo_selection,hamming+zero,7,740,25154,1.0000000116860974e-07,2.9999999242136255e-05,-38.0,55.87999725341797,-93.87999725341797,False,23,1,20,143,4000,45869,10,20
almanac,UO-31,bo_selection,hamming+zero,8,740,25154,1.0000000116860974e-07,2.9999999242136255e-05,-38.0,55.87999725341797,-93.87999725341797,False,23,1,20,143,4000,45869,10,20
almanac,UO-31,bo_selection,hamming+zero,9,740,25154,1.0000000116860974e-07,2.9999999242136255e-05,-38.0,55.87999725341797,-93.87999725341797,False,23,1,20,143,4000,45869,10,20
almanac,UO-31,bo_selection,linear_curve,0,38721,681239,1.9999999494757503e-05,3.000000106112566e-07,-91.77999877929688,2.0999984741210938,-93.87999725341797,False,18,1,1585,17963,4000,45869,10,20
almanac,UO-31,bo_selection,linear_curve,1,681239,719345,3.000000106112566e-07,4.0000000467443897e-07,-92.87999725341797,1.0,-93.87999725341797,False,19,1,3570,40759,4000,45869,10,20
almanac,UO-31,bo_selection,linear_curve,2,681239,719345,3.000000106112566e-07,4.0000000467443897e-07,-92.87999725341797,1.0,-93.87999725341797,False,19,1,3570,40759,4000,45869,10,20
almanac,UO-31,bo_selection,linear_curve,3,38721,681239,1.9999999494757503e-05,3.000000106112566e-07,-91.77999877929688,2.0999984741210938,-93.87999725341797,False,15,1,1585,17963,4000,45869,10,20
almanac,UO-31,bo_selection,linear_curve,4,681239,719345,3.000000106112566e-07,4.0000000467443897e-07,-92.87999725341797,1.0,-93.87999725341797,False,17,1,3570,40759,4000,45869,10,20
almanac,UO-31,bo_selection,linear_curve,5,256942,681239,9.999999717180685e-10,1.0000000116860974e-07,-48.124000549316406,45.75599670410156,-93.87999725341797,False,29,1,3174,36046,4000,45869,10,20
almanac,UO-31,bo_selection,linear_curve,6,681239,718781,3.000000106112566e-07,2.0000000233721948e-07,-88.30999755859375,5.569999694824219,-93.87999725341797,False,17,1,3566,40731,4000,45869,10,20
almanac,UO-31,bo_selection,linear_curve,7,681239,719345,3.000000106112566e-07,4.0000000467443897e-07,-92.87999725341797,1.0,-93.87999725341797,False,22,1,3570,40759,4000,45869,10,20
almanac,UO-31,bo_selection,linear_curve,8,681239,718781,3.000000106112566e-07,2.0000000233721948e-07,-88.30999755859375,5.569999694824219,-93.87999725341797,False,14,1,3566,40731,4000,45869,10,20
almanac,UO-31,bo_selection,linear_curve,9,681239,719345,3.000000106112566e-07,4.0000000467443897e-07,-92.87999725341797,1.0,-93.87999725341797,False,26,1,3570,40759,4000,45869,10,20
almanac,UO-31,bo_selection,ours+zero,0,24559,628503,9.999999974752427e-07,3.999999975690116e-08,-51.650001525878906,42.22999572753906,-93.87999725341797,False,5,1,1125,12806,4000,45869,10,20
almanac,UO-31,bo_selection,ours+zero,1,681239,718781,3.000000106112566e-07,2.0000000233721948e-07,-88.30999755859375,5.569999694824219,-93.87999725341797,False,19,1,3566,40731,4000,45869,10,20
almanac,UO-31,bo_selection,ours+zero,2,681239,718781,3.000000106112566e-07,2.0000000233721948e-07,-88.30999755859375,5.569999694824219,-93.87999725341797,False,10,1,3566,40731,4000,45869,10,20
almanac,UO-31,bo_selection,ours+zero,3,713563,749226,9.999999747378752e-05,4.999999873689376e-06,-49.805999755859375,44.073997497558594,-93.87999725341797,False,10,1,3703,42379,4000,45869,10,20
almanac,UO-31,bo_selection,ours+zero,4,740,226080,1.0000000116860974e-07,1.0000000116860974e-07,-36.10499954223633,57.77499771118164,-93.87999725341797,False,13,2,48,449,4000,45869,10,20
almanac,UO-31,bo_selection,ours+zero,5,681239,718781,3.000000106112566e-07,2.0000000233721948e-07,-88.30999755859375,5.569999694824219,-93.87999725341797,False,12,1,3566,40731,4000,45869,10,20
almanac,UO-31,bo_selection,ours+zero,6,715055,761432,9.999999974752427e-07,5.000000058430487e-08,0.08299999684095383,93.96299725025892,-93.87999725341797,False,27,1,3734,42697,4000,45869,10,20
almanac,UO-31,bo_selection,ours+zero,7,681239,718781,3.000000106112566e-07,2.0000000233721948e-07,-88.30999755859375,5.569999694824219,-93.87999725341797,False,17,1,3566,40731,4000,45869,10,20
almanac,UO-31,bo_selection,ours+zero,8,713563,715055,9.999999747378752e-05,1.0000000116860974e-07,-37.959999084472656,55.91999816894531,-93.87999725341797,False,11,1,3686,42224,4000,45869,10,20
almanac,UO-31,bo_selection,ours+zero,9,34462,256942,9.999999747378752e-05,9.99999993922529e-09,-23.2189998626709,70.66099739074707,-93.87999725341797,False,20,1,1514,17143,4000,45869,10,20
almanac,UO-31,bo_selection,random,0,24559,628503,9.999999974752427e-07,3.999999975690116e-08,-51.650001525878906,42.22999572753906,-93.87999725341797,False,5,1,1125,12806,4000,45869,10,20
almanac,UO-31,bo_selection,random,1,752,125973,9.999999747378752e-06,5.999999941330714e-10,15.295999526977539,109.17599487304688,-93.87999725341797,False,12,1,205,2175,4000,45869,10,20
almanac,UO-31,bo_selection,random,2,19893,686673,9.999999747378752e-05,4.999999987376214e-07,31.415000915527344,125.29499816894531,-93.87999725341797,False,23,1,1069,12057,4000,45869,10,20
almanac,UO-31,bo_selection,random,3,752,125973,9.999999747378752e-06,5.999999941330714e-10,15.295999526977539,109.17599487304688,-93.87999725341797,False,0,1,205,2175,4000,45869,10,20
almanac,UO-31,bo_selection,random,4,125066,761432,9.99999993922529e-09,5.000000058430487e-08,5.560999870300293,99.44099426269531,-93.87999725341797,False,13,1,2726,30857,4000,45869,10,20
almanac,UO-31,bo_selection,random,5,715055,763371,9.999999747378752e-06,1.0000000116860974e-07,38.72200012207031,132.60198974609375,-93.87999725341797,False,28,1,3737,42707,4000,45869,10,20
almanac,UO-31,bo_selection,random,6,226080,256942,9.99999993922529e-09,9.99999993922529e-09,16.738000869750977,110.61799621582031,-93.87999725341797,False,3,1,3026,34288,4000,45869,10,20
almanac,UO-31,bo_selection,random,7,732517,754230,9.999999717180685e-10,5.999999802552836e-11,-17.049999237060547,76.83000183105469,-93.87999725341797,False,10,1,3852,44043,4000,45869,10,20
almanac,UO-31,bo_selection,random,8,740,25154,1.0000000116860974e-07,2.9999999242136255e-05,-38.0,55.87999725341797,-93.87999725341797,False,13,1,20,143,4000,45869,10,20
almanac,UO-31,bo_selection,random,9,681239,719276,3.000000106112566e-07,4.0000000467443897e-07,-89.22000122070312,4.659996032714844,-93.87999725341797,False,26,1,3568,40740,4000,45869,10,20
almanac,UO-31,bo_selection,tanimoto+zero,0,24559,628503,9.999999974752427e-07,3.999999975690116e-08,-51.650001525878906,42.22999572753906,-93.87999725341797,False,5,1,1125,12806,4000,45869,10,20
almanac,UO-31,bo_selection,tanimoto+zero,1,45923,713563,6.000000212225132e-07,9.999999747378752e-05,0.5680000185966492,94.44799727201462,-93.87999725341797,False,24,1,1723,19382,4000,45869,10,20
almanac,UO-31,bo_selection,tanimoto+zero,2,122819,713563,9.999999974752427e-07,9.999999747378752e-05,1.315999984741211,95.19599723815918,-93.87999725341797,False,29,1,2616,29654,4000,45869,10,20
almanac,UO-31,bo_selection,tanimoto+zero,3,752,125973,9.999999747378752e-06,5.999999941330714e-10,15.295999526977539,109.17599678039551,-93.87999725341797,False,0,1,205,2175,4000,45869,10,20
almanac,UO-31,bo_selection,tanimoto+zero,4,713563,749226,9.999999747378752e-05,4.999999873689376e-06,-49.805999755859375,44.073997497558594,-93.87999725341797,False,23,1,3703,42379,4000,45869,10,20
almanac,UO-31,bo_selection,tanimoto+zero,5,713563,754143,9.999999747378752e-05,9.99999993922529e-09,-86.46399688720703,7.4160003662109375,-93.87999725341797,False,25,1,3707,42409,4000,45869,10,20
almanac,UO-31,bo_selection,tanimoto+zero,6,45923,713563,6.000000212225132e-07,9.999999747378752e-05,0.5680000185966492,94.44799727201462,-93.87999725341797,False,29,1,1723,19382,4000,45869,10,20
almanac,UO-31,bo_selection,tanimoto+zero,7,713563,754143,9.999999747378752e-05,9.99999993922529e-09,-86.46399688720703,7.4160003662109375,-93.87999725341797,False,23,1,3707,42409,4000,45869,10,20
almanac,UO-31,bo_selection,tanimoto+zero,8,226080,702294,9.99999993922529e-09,9.999999747378752e-05,-88.2300033569336,5.649993896484375,-93.87999725341797,False,18,1,3039,34439,4000,45869,10,20
almanac,UO-31,bo_selection,tanimoto+zero,9,754143,754230,1.000000013351432e-10,5.999999802552836e-11,-13.399999618530273,80.4799976348877,-93.87999725341797,False,15,1,3980,45564,4000,45869,10,20
almanac,UO-31,pool_optimum,pool_optimum,-1,38721,747971,1.9999999494757503e-05,1.9999999494757503e-05,-93.87999725341797,0.0,-93.87999725341797,True,-1,1,1605,18125,4000,45869,10,20
