cell_line,method,seed,nsc1,nsc2,conc1_M,conc2_M,percent_growth,regret,drug1_name,drug2_name,drug1_moa,drug2_moa,burden_initial,burden_final,burden_ratio_final,nadir_burden,time_to_nadir,depth_of_response,kg_regrowth,time_to_regrowth,log_kill,log_kill_nadir,burden_auc_ratio,log_kill_auc,growth_delay,kg_biexp,ks_biexp,ttg_biexp,biexp_r2,ets_early,t_early,hypoxic_fraction,necrotic_fraction,viable_rim_thickness,auc_surface_drug1,auc_core_drug1,core_to_surface_ratio_drug1,penetration_depth_drug1,auc_surface_drug2,auc_core_drug2,core_to_surface_ratio_drug2,penetration_depth_drug2,kill_fraction_core,kill_fraction_rim,core_sparing,residual_core_burden,solver_success,n_drugs_simulated,sim_ok,sim_message,wall_s,has_fit_drug1,has_fit_drug2,setting
DU-145,no_treatment,-1,-1,-1,0.0,0.0,,,,,,,241279087.64641,244307242.44601148,1.012550423781605,1.0,0.0,0.0,-0.0005289501584925,0.0,0.0,0.0,1.0,0.0,,0.001098475822591,6.230461558811701e-22,0.0,-4.4497688561597695,-0.0250950517930392,5.25,0.2033398275045627,0.0578624312878497,166.03773584905662,,,,,,,,,0.0,0.0,0.0,0.1416738683806418,1.0,0,True,The solver successfully reached the end of the integration interval.,0.173,,,default
DU-145,ours+zero,7,67574,754143,1.0000000116860974e-07,9.99999993922529e-09,-66.76000213623047,,vincristine,bendamustine,antimitotic,alkylator,241279087.64641,235804875.0107575,0.97731169870936,0.0129404074551063,4.4,0.9870595925448936,0.2616104852278986,,0.0153835623286006,1.899324750006681,0.3984300808311459,0.399647880474714,,0.0323259775849444,1.9163829883468184,2.0948862723359403,0.8658018458808453,0.9810298473435336,5.25,0.1843879427084984,0.0320355066106583,173.58490566037736,10.501821987414438,6.694908627082143,0.6374997248196966,400.0,15.711282702554875,10.469733772602847,0.6663831318432277,400.0,0.0479524005039324,0.0177546514247914,-0.0301977490791409,0.1100463577448434,1.0,2,True,The solver successfully reached the end of the integration interval.,3.827,True,True,default
DU-145,act_hamming+zero,7,740,9706,9.99999993922529e-09,4.999999873689376e-06,-42.18000030517578,,NSC740,triethylenemelamine,other,alkylator,241279087.64641,237085589.93438035,0.982619721613938,0.0107962831162313,4.4,0.9892037168837686,0.2796872217289024,,0.0130311833937993,1.9779984364505052,0.3895347825694593,0.4094537569810417,,0.0320347053252085,1.9017117085947677,2.111802133377051,0.8468404728934176,0.984777798643742,5.25,0.1843879427084984,0.0402673444188251,173.58490566037736,1.4550478895615448,0.94658216030965,0.6505505194024144,400.0,9.924387754952315,6.607853768681455,0.6658197897783775,400.0,-0.1231850960679441,0.0197959903696773,0.1429810864376215,0.1162661226958795,1.0,2,True,The solver successfully reached the end of the integration interval.,9.249,True,True,default
DU-145,hamming+zero,7,740,9706,9.99999993922529e-09,4.999999873689376e-06,-42.18000030517578,,NSC740,triethylenemelamine,other,alkylator,241279087.64641,237085589.93438035,0.982619721613938,0.0107962831162313,4.4,0.9892037168837686,0.2796872217289024,,0.0130311833937993,1.9779984364505052,0.3895347825694593,0.4094537569810417,,0.0320347053252085,1.9017117085947677,2.111802133377051,0.8468404728934176,0.984777798643742,5.25,0.1843879427084984,0.0402673444188251,173.58490566037736,1.4550478895615448,0.94658216030965,0.6505505194024144,400.0,9.924387754952315,6.607853768681455,0.6658197897783775,400.0,-0.1231850960679441,0.0197959903696773,0.1429810864376215,0.1162661226958795,1.0,2,True,The solver successfully reached the end of the integration interval.,9.355,True,True,default
MDA-MB-231/ATCC,no_treatment,-1,-1,-1,0.0,0.0,,,,,,,241279087.64641,244307242.44601148,1.012550423781605,1.0,0.0,0.0,-0.0005289501584925,0.0,0.0,0.0,1.0,0.0,,0.001098475822591,6.230461558811701e-22,0.0,-4.4497688561597695,-0.0250950517930392,5.25,0.2033398275045627,0.0578624312878497,166.03773584905662,,,,,,,,,0.0,0.0,0.0,0.1416738683806418,1.0,0,True,The solver successfully reached the end of the integration interval.,0.152,,,default
DU-145,random,7,66847,754143,9.999999974752427e-07,9.99999993922529e-09,-38.16999816894531,,thalidomide,bendamustine,other,alkylator,241279087.64641,235664356.91726428,0.9767293105096037,0.0130615267799353,4.4,0.9869384732200646,0.2643607280385961,,0.015642439176912,1.895278756012562,0.3939069721811721,0.4046063320798859,,0.0321077641638632,1.912345311243832,2.1018701124531085,0.8610388580474153,0.9813279084026733,5.25,0.1843879427084984,0.0320355066106583,173.58490566037736,1899.9999729811136,1255.0452866104624,0.6605501602409432,400.0,15.711282702554875,10.469878365869606,0.6663923349916591,400.0,0.0333927684702506,0.0186032200821373,-0.0147895483881133,0.1103000470019044,1.0,2,True,The solver successfully reached the end of the integration interval.,8.513,True,True,default
MDA-MB-231/ATCC,act_hamming+zero,2,740,24559,9.999999717180683e-10,9.999999974752427e-07,-47.369998931884766,,NSC740,NSC24559,other,other,241279087.64641,244526370.85264963,1.0134586185562773,0.5551191953757303,4.4,0.4448808046242697,0.0239980859088241,7.6,-0.0003893605579345,0.2668864562124158,0.8761376668510292,0.0574276481055735,,0.0332313275283831,0.0827978526075988,7.867926792467951,0.0928461923617637,0.3544306596493041,5.25,0.2033398275045627,0.060731260348103,166.03773584905662,0.0018356311089325,0.0010675102494689,0.5815494432809682,400.0,2.464070125116591,1.4868841374663146,0.6034260641814976,400.0,-0.0296826273449659,0.000247886605222,0.0299305139501879,0.1427159539765593,1.0,2,True,The solver successfully reached the end of the integration interval.,4.344,True,True,default
MDA-MB-231/ATCC,act_hamming+zero,6,740,24559,9.999999717180683e-10,9.999999974752427e-07,-47.369998931884766,,NSC740,NSC24559,other,other,241279087.64641,244526370.85264963,1.0134586185562773,0.5551191953757303,4.4,0.4448808046242697,0.0239980859088241,7.6,-0.0003893605579345,0.2668864562124158,0.8761376668510292,0.0574276481055735,,0.0332313275283831,0.0827978526075988,7.867926792467951,0.0928461923617637,0.3544306596493041,5.25,0.2033398275045627,0.060731260348103,166.03773584905662,0.0018356311089325,0.0010675102494689,0.5815494432809682,400.0,2.464070125116591,1.4868841374663146,0.6034260641814976,400.0,-0.0296826273449659,0.000247886605222,0.0299305139501879,0.1427159539765593,1.0,2,True,The solver successfully reached the end of the integration interval.,4.147,True,True,default
MDA-MB-231/ATCC,act_hamming+zero,7,82151,713563,1.999999987845058e-08,9.999999747378752e-05,-54.54100036621094,,daunorubicin,arsenic trioxide,dna_intercalator,other,241279087.64641,244515423.7123389,1.0134132472793154,0.5717475918781991,4.4,0.4282524081218009,0.0226676926186662,7.4,-0.0003699173010055,0.2540683571073475,0.8814573148057406,0.0547987138730824,,0.0326591032055151,0.0788049660831054,7.902568004109691,0.0860676970099332,0.3389580696718142,5.25,0.2033398275045627,0.060731260348103,166.03773584905662,0.1181595423028795,0.0274791161043434,0.2325594325163001,145.36768246977357,2.404551954742679,1.4489549301983955,0.602588323093004,400.0,-0.0278832025639528,0.000229881055163,0.0281130836191159,0.1426583356628345,1.0,2,True,The solver successfully reached the end of the integration interval.,3.871,True,True,default
DU-145,tanimoto+zero,7,740,9706,9.99999993922529e-09,4.999999873689376e-06,-42.18000030517578,,NSC740,triethylenemelamine,other,alkylator,241279087.64641,237085589.93438035,0.982619721613938,0.0107962831162313,4.4,0.9892037168837686,0.2796872217289024,,0.0130311833937993,1.9779984364505052,0.3895347825694593,0.4094537569810417,,0.0320347053252085,1.9017117085947677,2.111802133377051,0.8468404728934176,0.984777798643742,5.25,0.1843879427084984,0.0402673444188251,173.58490566037736,1.4550478895615448,0.94658216030965,0.6505505194024144,400.0,9.924387754952315,6.607853768681455,0.6658197897783775,400.0,-0.1231850960679441,0.0197959903696773,0.1429810864376215,0.1162661226958795,1.0,2,True,The solver successfully reached the end of the integration interval.,9.011,True,True,default
MDA-MB-231/ATCC,act_hamming+zero,8,740,24559,9.999999717180683e-10,9.999999974752427e-07,-47.369998931884766,,NSC740,NSC24559,other,other,241279087.64641,244526370.85264963,1.0134586185562773,0.5551191953757303,4.4,0.4448808046242697,0.0239980859088241,7.6,-0.0003893605579345,0.2668864562124158,0.8761376668510292,0.0574276481055735,,0.0332313275283831,0.0827978526075988,7.867926792467951,0.0928461923617637,0.3544306596493041,5.25,0.2033398275045627,0.060731260348103,166.03773584905662,0.0018356311089325,0.0010675102494689,0.5815494432809682,400.0,2.464070125116591,1.4868841374663146,0.6034260641814976,400.0,-0.0296826273449659,0.000247886605222,0.0299305139501879,0.1427159539765593,1.0,2,True,The solver successfully reached the end of the integration interval.,4.466,True,True,default
MDA-MB-231/ATCC,hamming+zero,2,740,24559,9.999999717180683e-10,9.999999974752427e-07,-47.369998931884766,,NSC740,NSC24559,other,other,241279087.64641,244526370.85264963,1.0134586185562773,0.5551191953757303,4.4,0.4448808046242697,0.0239980859088241,7.6,-0.0003893605579345,0.2668864562124158,0.8761376668510292,0.0574276481055735,,0.0332313275283831,0.0827978526075988,7.867926792467951,0.0928461923617637,0.3544306596493041,5.25,0.2033398275045627,0.060731260348103,166.03773584905662,0.0018356311089325,0.0010675102494689,0.5815494432809682,400.0,2.464070125116591,1.4868841374663146,0.6034260641814976,400.0,-0.0296826273449659,0.000247886605222,0.0299305139501879,0.1427159539765593,1.0,2,True,The solver successfully reached the end of the integration interval.,4.671,True,True,default
MDA-MB-231/ATCC,hamming+zero,6,740,24559,9.999999717180683e-10,9.999999974752427e-07,-47.369998931884766,,NSC740,NSC24559,other,other,241279087.64641,244526370.85264963,1.0134586185562773,0.5551191953757303,4.4,0.4448808046242697,0.0239980859088241,7.6,-0.0003893605579345,0.2668864562124158,0.8761376668510292,0.0574276481055735,,0.0332313275283831,0.0827978526075988,7.867926792467951,0.0928461923617637,0.3544306596493041,5.25,0.2033398275045627,0.060731260348103,166.03773584905662,0.0018356311089325,0.0010675102494689,0.5815494432809682,400.0,2.464070125116591,1.4868841374663146,0.6034260641814976,400.0,-0.0296826273449659,0.000247886605222,0.0299305139501879,0.1427159539765593,1.0,2,True,The solver successfully reached the end of the integration interval.,4.681,True,True,default
MDA-MB-231/ATCC,hamming+zero,7,82151,713563,1.999999987845058e-08,9.999999747378752e-05,-54.54100036621094,,daunorubicin,arsenic trioxide,dna_intercalator,other,241279087.64641,244515423.7123389,1.0134132472793154,0.5717475918781991,4.4,0.4282524081218009,0.0226676926186662,7.4,-0.0003699173010055,0.2540683571073475,0.8814573148057406,0.0547987138730824,,0.0326591032055151,0.0788049660831054,7.902568004109691,0.0860676970099332,0.3389580696718142,5.25,0.2033398275045627,0.060731260348103,166.03773584905662,0.1181595423028795,0.0274791161043434,0.2325594325163001,145.36768246977357,2.404551954742679,1.4489549301983955,0.602588323093004,400.0,-0.0278832025639528,0.000229881055163,0.0281130836191159,0.1426583356628345,1.0,2,True,The solver successfully reached the end of the integration interval.,4.131,True,True,default
MDA-MB-231/ATCC,hamming+zero,8,740,24559,9.999999717180683e-10,9.999999974752427e-07,-47.369998931884766,,NSC740,NSC24559,other,other,241279087.64641,244526370.85264963,1.0134586185562773,0.5551191953757303,4.4,0.4448808046242697,0.0239980859088241,7.6,-0.0003893605579345,0.2668864562124158,0.8761376668510292,0.0574276481055735,,0.0332313275283831,0.0827978526075988,7.867926792467951,0.0928461923617637,0.3544306596493041,5.25,0.2033398275045627,0.060731260348103,166.03773584905662,0.0018356311089325,0.0010675102494689,0.5815494432809682,400.0,2.464070125116591,1.4868841374663146,0.6034260641814976,400.0,-0.0296826273449659,0.000247886605222,0.0299305139501879,0.1427159539765593,1.0,2,True,The solver successfully reached the end of the integration interval.,4.231,True,True,default
MDA-MB-231/ATCC,ours+zero,2,681239,754143,3.000000106112566e-07,9.99999993922529e-09,-93.95999908447266,,bortezomib,bendamustine,proteasome,alkylator,241279087.64641,143755280.06281623,0.5958049720143459,0.0003922147557072,4.6000000000000005,0.9996077852442928,0.4837067038926211,,0.2303125366655555,3.4176466802372385,0.1040193070044195,0.9828860439005358,,0.0107083348081377,3.1848292379928016,1.7822139249202855,0.6084012090754989,0.9995375049394636,5.25,0.0,0.0,400.0,3.2756952361042613,2.1226173869257434,0.6479898873163007,400.0,16.469569332401257,10.98224670889338,0.6668205152934726,400.0,0.9167883977129108,0.3247790618197815,-0.5920093358931292,0.0,1.0,2,True,The solver successfully reached the end of the integration interval.,5.868,True,True,default
MDA-MB-231/ATCC,ours+zero,6,613327,754143,9.99999993922529e-09,9.99999993922529e-09,-90.0999984741211,,gemcitabine,bendamustine,antimetabolite,alkylator,241279087.64641,233950144.13110936,0.969624621898268,0.0097654487556989,4.4,0.990234551244301,0.281595758286991,,0.0188130246624244,2.021580495805584,0.373240780312285,0.4280109112893473,,0.0311467703721847,2.0765882969077154,1.992551668071766,0.8451938068455658,0.9855708423628988,5.25,0.178342803429609,0.023430512056881,176.1006289308176,6.90651974161988,4.595619082756085,0.6654030184062302,400.0,16.469569332401257,10.977123357159051,0.666509435408448,400.0,0.0914884434654006,0.021890042387814,-0.0695984010775866,0.1019250084844541,1.0,2,True,The solver successfully reached the end of the integration interval.,3.804,True,True,default
MDA-MB-231/ATCC,ours+zero,7,82151,713563,1.999999987845058e-08,9.999999747378752e-05,-54.54100036621094,,daunorubicin,arsenic trioxide,dna_intercalator,other,241279087.64641,244515423.7123389,1.0134132472793154,0.5717475918781991,4.4,0.4282524081218009,0.0226676926186662,7.4,-0.0003699173010055,0.2540683571073475,0.8814573148057406,0.0547987138730824,,0.0326591032055151,0.0788049660831054,7.902568004109691,0.0860676970099332,0.3389580696718142,5.25,0.2033398275045627,0.060731260348103,166.03773584905662,0.1181595423028795,0.0274791161043434,0.2325594325163001,145.36768246977357,2.404551954742679,1.4489549301983955,0.602588323093004,400.0,-0.0278832025639528,0.000229881055163,0.0281130836191159,0.1426583356628345,1.0,2,True,The solver successfully reached the end of the integration interval.,3.87,True,True,default
MDA-MB-231/ATCC,random,6,125973,737754,5.99999978589949e-08,9.999999747378752e-06,25.70599937438965,,paclitaxel,ixabepilone,antimitotic,antimitotic,241279087.64641,244447914.88043433,1.0131334516593835,0.7796462970568993,4.6000000000000005,0.2203537029431007,0.0113161883494846,6.2,-0.0002499953721077,0.1192729881438243,0.9351911790961912,0.0290995981763235,,0.0256253771557783,0.0456291677106233,8.097223837022062,0.1173952656123858,0.1947627308758864,5.25,0.2033398275045627,0.060731260348103,166.03773584905662,6.251790332932513,2.382679644033056,0.3811195700984773,400.0,0.376363529046734,0.1127495532459501,0.2995761930799349,193.72021116178144,-0.0251704912278794,0.0001514612966179,0.0253219525244973,0.1423752605723719,1.0,2,True,The solver successfully reached the end of the integration interval.,1.654,True,True,default
MDA-MB-231/ATCC,random,2,246131,686673,1.9999999494757503e-05,2.0000000233721948e-07,-27.8799991607666,,mitoxantrone,NSC686673,dna_intercalator,other,241279087.64641,244363915.28291637,1.0127853087749863,0.8310004725638702,4.4,0.1689995274361297,0.0071450036715926,5.0,-0.0001007331824792,0.0916714304478647,0.9533199426680604,0.0207613217999341,,0.021284777154529,0.0326997920976313,7.953691144280878,0.0650548241459879,0.1202149593304381,5.25,0.2033398275045627,0.060731260348103,166.03773584905662,2.3045305279580006,0.5487418394203677,0.2381143720003558,141.02039758926003,0.0031046155193241,0.0017773739521599,0.5724940628225862,400.0,-0.0056283533485015,5.434758740907597e-05,0.0056827009359106,0.1419241736234909,1.0,2,True,The solver successfully reached the end of the integration interval.,3.817,True,True,default
MDA-MB-231/ATCC,ours+zero,8,119875,713563,4.999999873689376e-06,9.999999747378752e-05,-42.95500183105469,,cisplatin,arsenic trioxide,platinum,other,241279087.64641,244515693.85563165,1.013414366909265,0.5708334407816711,4.4,0.4291665592183289,0.0227176756856011,7.4,-0.0003703971139956,0.2547632940093462,0.8812014105655279,0.0549248163325105,,0.0326846732220856,0.0789757351182974,7.90104934038762,0.08602400580129,0.3395014795760548,5.25,0.2033398275045627,0.060731260348103,166.03773584905662,0.9406837398224496,0.6081280226866052,0.6464744705817781,400.0,2.404551954742679,1.4490552018884069,0.6026300238721506,400.0,-0.0279119854928575,0.0002300504647207,0.0281420359575783,0.1426594691717068,1.0,2,True,The solver successfully reached the end of the integration interval.,4.185,True,True,default
MDA-MB-231/ATCC,random,7,82151,713563,1.999999987845058e-08,9.999999747378752e-05,-54.54100036621094,,daunorubicin,arsenic trioxide,dna_intercalator,other,241279087.64641,244515423.7123389,1.0134132472793154,0.5717475918781991,4.4,0.4282524081218009,0.0226676926186662,7.4,-0.0003699173010055,0.2540683571073475,0.8814573148057406,0.0547987138730824,,0.0326591032055151,0.0788049660831054,7.902568004109691,0.0860676970099332,0.3389580696718142,5.25,0.2033398275045627,0.060731260348103,166.03773584905662,0.1181595423028795,0.0274791161043434,0.2325594325163001,145.36768246977357,2.404551954742679,1.4489549301983955,0.602588323093004,400.0,-0.0278832025639528,0.000229881055163,0.0281130836191159,0.1426583356628345,1.0,2,True,The solver successfully reached the end of the integration interval.,3.838,True,True,default
MDA-MB-231/ATCC,random,8,24559,409962,9.999999974752427e-07,2.0000000233721948e-07,-40.54999923706055,,NSC24559,carmustine,other,alkylator,241279087.64641,244536777.65353143,1.0135017503543262,0.523623772560957,4.4,0.4763762274390429,0.0269576843422567,7.800000000000001,-0.0004078433089319,0.2922533458713195,0.8649225361032413,0.0630227869275408,,0.0343728113105808,0.0918278742361275,7.786407856674201,0.1113497734545356,0.3882781872339715,5.25,0.2033398275045627,0.060731260348103,166.03773584905662,2.464070125116591,1.490877435707702,0.6050466748129415,400.0,7.600000280806509e-05,4.8488163088706135e-05,0.6380021223309822,400.0,-0.0332106671611742,0.0003007392444036,0.0335114064055779,0.1428059643740975,1.0,2,True,The solver successfully reached the end of the integration interval.,4.377,True,True,default
MDA-MB-231/ATCC,tanimoto+zero,2,49842,713563,4.999999858590343e-10,9.999999747378752e-05,-22.812000274658203,,vinblastine,arsenic trioxide,antimitotic,other,241279087.64641,244535319.61375943,1.013495707394755,0.4650126947787023,4.4,0.5349873052212977,0.0371663997741686,9.8,-0.0004052538394818,0.3438078919739116,0.8283579409939377,0.0817819600658348,,0.0372919544869082,0.1279478853022563,7.460945438631762,0.2387644651855235,0.47144451703247,5.25,0.2033398275045627,0.060731260348103,166.03773584905662,0.000189999992406,6.0103531239110573e-05,0.3163343875859393,224.01277579724743,2.404551954742679,1.457089682461326,0.6059713867223365,400.0,-0.0609989549962775,0.0010949223038739,0.0620938773001514,0.1435150722100195,1.0,2,True,The solver successfully reached the end of the integration interval.,4.843,True,True,default
MDA-MB-231/ATCC,tanimoto+zero,6,38721,713563,1.9999999494757503e-05,9.999999747378752e-05,-10.20400047302246,,mitotane,arsenic trioxide,other,other,241279087.64641,244532033.2794131,1.0134820869257024,0.5465373257846964,4.4,0.4534626742153036,0.0249863410742796,7.6,-0.0003994172737659,0.2736528737471196,0.8722159774646389,0.0593759620776662,,0.0336360726264372,0.0858549616924066,7.842097147806257,0.0999498083008544,0.3646381387286632,5.25,0.2033398275045627,0.060731260348103,166.03773584905662,1.1110288055148971,0.6592359219308489,0.593356282626112,400.0,2.404551954742679,1.4497518734904664,0.6029197541899695,400.0,-0.0301758405407388,0.0002636066592449,0.0304394471999838,0.142747077838606,1.0,2,True,The solver successfully reached the end of the integration interval.,2.944,True,True,default
MDA-MB-435,no_treatment,-1,-1,-1,0.0,0.0,,,,,,,241279087.64641,244307242.44601148,1.012550423781605,1.0,0.0,0.0,-0.0005289501584925,0.0,0.0,0.0,1.0,0.0,,0.001098475822591,6.230461558811701e-22,0.0,-4.4497688561597695,-0.0250950517930392,5.25,0.2033398275045627,0.0578624312878497,166.03773584905662,,,,,,,,,0.0,0.0,0.0,0.1416738683806418,1.0,0,True,The solver successfully reached the end of the integration interval.,0.154,,,default
MDA-MB-435,act_hamming+zero,0,740,24559,1.0000000116860974e-07,9.999999974752427e-07,-92.08999633789062,,NSC740,NSC24559,other,other,241279087.64641,244640610.33763823,1.0139320930131934,0.165105954937353,4.6000000000000005,0.834894045062647,0.1096106261469583,12.2,-0.000592209812916,0.7934078712815656,0.6507552287514017,0.1865823336931668,,0.0401593555712973,0.7000868609733615,3.861348996917582,0.8273017409835723,0.8265296473189183,5.25,0.2033398275045627,0.060731260348103,166.03773584905662,73.75906315777168,48.38115716088716,0.6559350822745563,400.0,2.539011248752824,1.5902119445265397,0.6263115003163772,400.0,-0.1393114306330429,0.0029575180807066,0.1422689487137496,0.1455782462653048,1.0,2,True,The solver successfully reached the end of the integration interval.,1.791,True,True,default
MDA-MB-231/ATCC,tanimoto+zero,7,82151,713563,1.999999987845058e-08,9.999999747378752e-05,-54.54100036621094,,daunorubicin,arsenic trioxide,dna_intercalator,other,241279087.64641,244515423.7123389,1.0134132472793154,0.5717475918781991,4.4,0.4282524081218009,0.0226676926186662,7.4,-0.0003699173010055,0.2540683571073475,0.8814573148057406,0.0547987138730824,,0.0326591032055151,0.0788049660831054,7.902568004109691,0.0860676970099332,0.3389580696718142,5.25,0.2033398275045627,0.060731260348103,166.03773584905662,0.1181595423028795,0.0274791161043434,0.2325594325163001,145.36768246977357,2.404551954742679,1.4489549301983955,0.602588323093004,400.0,-0.0278832025639528,0.000229881055163,0.0281130836191159,0.1426583356628345,1.0,2,True,The solver successfully reached the end of the integration interval.,3.902,True,True,default
MDA-MB-231/ATCC,tanimoto+zero,8,49842,713563,4.999999858590343e-10,9.999999747378752e-05,-22.812000274658203,,vinblastine,arsenic trioxide,antimitotic,other,241279087.64641,244535319.61375943,1.013495707394755,0.4650126947787023,4.4,0.5349873052212977,0.0371663997741686,9.8,-0.0004052538394818,0.3438078919739116,0.8283579409939377,0.0817819600658348,,0.0372919544869082,0.1279478853022563,7.460945438631762,0.2387644651855235,0.47144451703247,5.25,0.2033398275045627,0.060731260348103,166.03773584905662,0.000189999992406,6.0103531239110573e-05,0.3163343875859393,224.01277579724743,2.404551954742679,1.457089682461326,0.6059713867223365,400.0,-0.0609989549962775,0.0010949223038739,0.0620938773001514,0.1435150722100195,1.0,2,True,The solver successfully reached the end of the integration interval.,4.821,True,True,default
MDA-MB-435,act_hamming+zero,1,740,24559,1.0000000116860974e-07,9.999999974752427e-07,-92.08999633789062,,NSC740,NSC24559,other,other,241279087.64641,244640610.33763823,1.0139320930131934,0.165105954937353,4.6000000000000005,0.834894045062647,0.1096106261469583,12.2,-0.000592209812916,0.7934078712815656,0.6507552287514017,0.1865823336931668,,0.0401593555712973,0.7000868609733615,3.861348996917582,0.8273017409835723,0.8265296473189183,5.25,0.2033398275045627,0.060731260348103,166.03773584905662,73.75906315777168,48.38115716088716,0.6559350822745563,400.0,2.539011248752824,1.5902119445265397,0.6263115003163772,400.0,-0.1393114306330429,0.0029575180807066,0.1422689487137496,0.1455782462653048,1.0,2,True,The solver successfully reached the end of the integration interval.,1.794,True,True,default
MDA-MB-435,act_hamming+zero,4,740,24559,1.0000000116860974e-07,9.999999974752427e-07,-92.08999633789062,,NSC740,NSC24559,other,other,241279087.64641,244640610.33763823,1.0139320930131934,0.165105954937353,4.6000000000000005,0.834894045062647,0.1096106261469583,12.2,-0.000592209812916,0.7934078712815656,0.6507552287514017,0.1865823336931668,,0.0401593555712973,0.7000868609733615,3.861348996917582,0.8273017409835723,0.8265296473189183,5.25,0.2033398275045627,0.060731260348103,166.03773584905662,73.75906315777168,48.38115716088716,0.6559350822745563,400.0,2.539011248752824,1.5902119445265397,0.6263115003163772,400.0,-0.1393114306330429,0.0029575180807066,0.1422689487137496,0.1455782462653048,1.0,2,True,The solver successfully reached the end of the integration interval.,1.82,True,True,default
MDA-MB-435,hamming+zero,0,740,24559,1.0000000116860974e-07,9.999999974752427e-07,-92.08999633789062,,NSC740,NSC24559,other,other,241279087.64641,244640610.33763823,1.0139320930131934,0.165105954937353,4.6000000000000005,0.834894045062647,0.1096106261469583,12.2,-0.000592209812916,0.7934078712815656,0.6507552287514017,0.1865823336931668,,0.0401593555712973,0.7000868609733615,3.861348996917582,0.8273017409835723,0.8265296473189183,5.25,0.2033398275045627,0.060731260348103,166.03773584905662,73.75906315777168,48.38115716088716,0.6559350822745563,400.0,2.539011248752824,1.5902119445265397,0.6263115003163772,400.0,-0.1393114306330429,0.0029575180807066,0.1422689487137496,0.1455782462653048,1.0,2,True,The solver successfully reached the end of the integration interval.,1.758,True,True,default
MDA-MB-435,hamming+zero,1,740,24559,1.0000000116860974e-07,9.999999974752427e-07,-92.08999633789062,,NSC740,NSC24559,other,other,241279087.64641,244640610.33763823,1.0139320930131934,0.165105954937353,4.6000000000000005,0.834894045062647,0.1096106261469583,12.2,-0.000592209812916,0.7934078712815656,0.6507552287514017,0.1865823336931668,,0.0401593555712973,0.7000868609733615,3.861348996917582,0.8273017409835723,0.8265296473189183,5.25,0.2033398275045627,0.060731260348103,166.03773584905662,73.75906315777168,48.38115716088716,0.6559350822745563,400.0,2.539011248752824,1.5902119445265397,0.6263115003163772,400.0,-0.1393114306330429,0.0029575180807066,0.1422689487137496,0.1455782462653048,1.0,2,True,The solver successfully reached the end of the integration interval.,1.754,True,True,default
MDA-MB-435,hamming+zero,4,740,24559,1.0000000116860974e-07,9.999999974752427e-07,-92.08999633789062,,NSC740,NSC24559,other,other,241279087.64641,244640610.33763823,1.0139320930131934,0.165105954937353,4.6000000000000005,0.834894045062647,0.1096106261469583,12.2,-0.000592209812916,0.7934078712815656,0.6507552287514017,0.1865823336931668,,0.0401593555712973,0.7000868609733615,3.861348996917582,0.8273017409835723,0.8265296473189183,5.25,0.2033398275045627,0.060731260348103,166.03773584905662,73.75906315777168,48.38115716088716,0.6559350822745563,400.0,2.539011248752824,1.5902119445265397,0.6263115003163772,400.0,-0.1393114306330429,0.0029575180807066,0.1422689487137496,0.1455782462653048,1.0,2,True,The solver successfully reached the end of the integration interval.,1.8,True,True,default
MDA-MB-435,ours+zero,0,740,24559,1.0000000116860974e-07,9.999999974752427e-07,-92.08999633789062,,NSC740,NSC24559,other,other,241279087.64641,244640610.33763823,1.0139320930131934,0.165105954937353,4.6000000000000005,0.834894045062647,0.1096106261469583,12.2,-0.000592209812916,0.7934078712815656,0.6507552287514017,0.1865823336931668,,0.0401593555712973,0.7000868609733615,3.861348996917582,0.8273017409835723,0.8265296473189183,5.25,0.2033398275045627,0.060731260348103,166.03773584905662,73.75906315777168,48.38115716088716,0.6559350822745563,400.0,2.539011248752824,1.5902119445265397,0.6263115003163772,400.0,-0.1393114306330429,0.0029575180807066,0.1422689487137496,0.1455782462653048,1.0,2,True,The solver successfully reached the end of the integration interval.,1.758,True,True,default
MDA-MB-435,ours+zero,1,279836,754143,4.999999987376214e-07,9.99999993922529e-09,-79.33200073242188,,NSC279836,bendamustine,other,alkylator,241279087.64641,243970901.0877512,1.0111564307856054,0.065740821287713,4.6000000000000005,0.934259178712287,0.1462781758078713,13.4,0.0005983115196359,1.1933354833472931,0.5872952693961507,0.2311434973409729,,0.0391313756168397,1.0876306276977457,2.9507848798098673,0.8780442726896626,0.9137146985499948,5.25,0.2033398275045627,0.060731260348103,166.03773584905662,2.716704000731691,1.748670889647788,0.6436736903162132,400.0,4.982556569608383,3.301979971699745,0.662707974424317,400.0,-0.1508654444564556,0.0038359096313286,0.1547013540877843,0.1441867706669845,1.0,2,True,The solver successfully reached the end of the integration interval.,1.905,True,True,default
MDA-MB-435,ours+zero,4,740,24559,1.0000000116860974e-07,9.999999974752427e-07,-92.08999633789062,,NSC740,NSC24559,other,other,241279087.64641,244640610.33763823,1.0139320930131934,0.165105954937353,4.6000000000000005,0.834894045062647,0.1096106261469583,12.2,-0.000592209812916,0.7934078712815656,0.6507552287514017,0.1865823336931668,,0.0401593555712973,0.7000868609733615,3.861348996917582,0.8273017409835723,0.8265296473189183,5.25,0.2033398275045627,0.060731260348103,166.03773584905662,73.75906315777168,48.38115716088716,0.6559350822745563,400.0,2.539011248752824,1.5902119445265397,0.6263115003163772,400.0,-0.1393114306330429,0.0029575180807066,0.1422689487137496,0.1455782462653048,1.0,2,True,The solver successfully reached the end of the integration interval.,1.789,True,True,default
MDA-MB-435,random,0,24559,712807,9.999999974752427e-07,2.0000000233721948e-07,-89.3499984741211,,NSC24559,capecitabine,other,antimetabolite,241279087.64641,244545136.6915789,1.01353639503957,0.5276930686820823,4.4,0.4723069313179177,0.0263613885968372,7.800000000000001,-0.0004226886098596,0.2888913115022763,0.8670015622639847,0.0619801199609101,,0.0341646687757784,0.0900294719200032,7.801857992084873,0.1061762188642178,0.3808745133172598,5.25,0.2033398275045627,0.060731260348103,166.03773584905662,2.539011248752824,1.535229329891868,0.6046563719030315,400.0,3.54117948981554,2.320699828818254,0.6553465689871425,400.0,-0.0328781952944203,0.0002819558109178,0.0331601511053382,0.1428174629756436,1.0,2,True,The solver successfully reached the end of the integration interval.,4.571,True,True,default
MDA-MB-435,tanimoto+zero,0,740,24559,1.0000000116860974e-07,9.999999974752427e-07,-92.08999633789062,,NSC740,NSC24559,other,other,241279087.64641,244640610.33763823,1.0139320930131934,0.165105954937353,4.6000000000000005,0.834894045062647,0.1096106261469583,12.2,-0.000592209812916,0.7934078712815656,0.6507552287514017,0.1865823336931668,,0.0401593555712973,0.7000868609733615,3.861348996917582,0.8273017409835723,0.8265296473189183,5.25,0.2033398275045627,0.060731260348103,166.03773584905662,73.75906315777168,48.38115716088716,0.6559350822745563,400.0,2.539011248752824,1.5902119445265397,0.6263115003163772,400.0,-0.1393114306330429,0.0029575180807066,0.1422689487137496,0.1455782462653048,1.0,2,True,The solver successfully reached the end of the integration interval.,1.809,True,True,default
MDA-MB-435,random,1,743414,761432,4.999999873689376e-06,4.999999969612645e-09,-52.07500076293945,,sunitinib,NSC761432,kinase_inhibitor,other,241279087.64641,240412559.53041664,0.9964086066287547,0.0243355591562268,4.4,0.9756644408437732,0.2175316210793314,,0.0069791895987023,1.6250313717573917,0.4697249542078315,0.3281563672451412,,0.0352958892542965,1.4720064827254755,2.4750277497182025,0.8993237646951141,0.9651000556154308,5.25,0.190568164729299,0.0498007529556812,171.0691823899371,21.67723172355619,14.233308319151202,0.6566017515827063,400.0,9.51437302409918,6.220730237714535,0.6538245055094961,400.0,-0.0975489874266957,0.0100644022243761,0.1076133896510718,0.1250372901226002,1.0,2,True,The solver successfully reached the end of the integration interval.,6.606,True,True,default
MDA-MB-435,tanimoto+zero,4,740,24559,1.0000000116860974e-07,9.999999974752427e-07,-92.08999633789062,,NSC740,NSC24559,other,other,241279087.64641,244640610.33763823,1.0139320930131934,0.165105954937353,4.6000000000000005,0.834894045062647,0.1096106261469583,12.2,-0.000592209812916,0.7934078712815656,0.6507552287514017,0.1865823336931668,,0.0401593555712973,0.7000868609733615,3.861348996917582,0.8273017409835723,0.8265296473189183,5.25,0.2033398275045627,0.060731260348103,166.03773584905662,73.75906315777168,48.38115716088716,0.6559350822745563,400.0,2.539011248752824,1.5902119445265397,0.6263115003163772,400.0,-0.1393114306330429,0.0029575180807066,0.1422689487137496,0.1455782462653048,1.0,2,True,The solver successfully reached the end of the integration interval.,1.738,True,True,default
OVCAR-8,no_treatment,-1,-1,-1,0.0,0.0,,,,,,,241279087.64641,244307242.44601148,1.012550423781605,1.0,0.0,0.0,-0.0005289501584925,0.0,0.0,0.0,1.0,0.0,,0.001098475822591,6.230461558811701e-22,0.0,-4.4497688561597695,-0.0250950517930392,5.25,0.2033398275045627,0.0578624312878497,166.03773584905662,,,,,,,,,0.0,0.0,0.0,0.1416738683806418,1.0,0,True,The solver successfully reached the end of the integration interval.,0.151,,,default
MDA-MB-435,random,4,27640,754143,7.000000135093387e-09,9.99999993922529e-09,-62.209999084472656,,NSC27640,bendamustine,other,alkylator,241279087.64641,242797735.32137996,1.0062941537527508,0.0370804777789883,4.6000000000000005,0.9629195222210116,0.2002101998053334,15.4,0.0026917101779899,1.4420252873279011,0.5031067008218417,0.2983398983161319,,0.0365433938923235,1.264205755595276,2.724352282667834,0.8970803838320616,0.9550593735767908,5.25,0.1968849621189929,0.0578624312878497,168.55345911949686,9.564820525819265,6.239121628772692,0.6522988708393237,400.0,4.982556569608383,3.305537819240062,0.6634220350657994,400.0,-0.2105242720442244,0.0082578537188469,0.2187821257630713,0.1377229143989611,1.0,2,True,The solver successfully reached the end of the integration interval.,8.572,True,True,default
OVCAR-8,act_hamming+zero,2,740,3053,1.0000000116860974e-07,9.99999993922529e-09,-26.979999542236328,,NSC740,dactinomycin,other,dna_intercalator,241279087.64641,244454666.50988203,1.013161434314298,0.2608981990767322,4.800000000000001,0.7391018009232677,0.0743156331269721,11.0,-0.0002619903810309,0.5945851562238009,0.7259216929355123,0.1391102252506204,,0.0412168291400185,0.4377287029165926,4.933238778457227,0.623319922686619,0.7334306012593867,5.25,0.2033398275045627,0.060731260348103,166.03773584905662,61.005743661518544,39.982318180566935,0.655386128925876,400.0,0.2050804643318288,0.0789172214968239,0.3848110143203721,400.0,-0.0980289030624985,0.0014944998609971,0.0995234029234957,0.1437704026095202,1.0,2,True,The solver successfully reached the end of the integration interval.,2.0,True,True,default
OVCAR-8,act_hamming+zero,8,740,3053,1.0000000116860974e-07,9.99999993922529e-09,-26.979999542236328,,NSC740,dactinomycin,other,dna_intercalator,241279087.64641,244454666.50988203,1.013161434314298,0.2608981990767322,4.800000000000001,0.7391018009232677,0.0743156331269721,11.0,-0.0002619903810309,0.5945851562238009,0.7259216929355123,0.1391102252506204,,0.0412168291400185,0.4377287029165926,4.933238778457227,0.623319922686619,0.7334306012593867,5.25,0.2033398275045627,0.060731260348103,166.03773584905662,61.005743661518544,39.982318180566935,0.655386128925876,400.0,0.2050804643318288,0.0789172214968239,0.3848110143203721,400.0,-0.0980289030624985,0.0014944998609971,0.0995234029234957,0.1437704026095202,1.0,2,True,The solver successfully reached the end of the integration interval.,2.101,True,True,default
MDA-MB-435,tanimoto+zero,1,713563,753082,9.999999747378752e-05,4.999999987376214e-07,2.67549991607666,,arsenic trioxide,pazopanib,other,kinase_inhibitor,241279087.64641,244508671.1004191,1.0133852605524685,0.5816484527148394,4.4,0.4183515472851605,0.0219937409468109,7.4,-0.0003579235275842,0.2466121240690464,0.8841122265510776,0.0534926034503766,,0.0323607207068733,0.0768491457630769,7.919604874195516,0.0831637254004631,0.3304231737651337,5.25,0.2033398275045627,0.060731260348103,166.03773584905662,2.308439627427034,1.388526627902427,0.60150008317526,400.0,1.7043675242828893,1.0180091178441162,0.5972943648245366,400.0,-0.0265142852955992,0.0002214277591084,0.0267357130547077,0.142622848382189,1.0,2,True,The solver successfully reached the end of the integration interval.,5.148,True,True,default
OVCAR-8,hamming+zero,2,740,3053,1.0000000116860974e-07,9.99999993922529e-09,-26.979999542236328,,NSC740,dactinomycin,other,dna_intercalator,241279087.64641,244454666.50988203,1.013161434314298,0.2608981990767322,4.800000000000001,0.7391018009232677,0.0743156331269721,11.0,-0.0002619903810309,0.5945851562238009,0.7259216929355123,0.1391102252506204,,0.0412168291400185,0.4377287029165926,4.933238778457227,0.623319922686619,0.7334306012593867,5.25,0.2033398275045627,0.060731260348103,166.03773584905662,61.005743661518544,39.982318180566935,0.655386128925876,400.0,0.2050804643318288,0.0789172214968239,0.3848110143203721,400.0,-0.0980289030624985,0.0014944998609971,0.0995234029234957,0.1437704026095202,1.0,2,True,The solver successfully reached the end of the integration interval.,2.071,True,True,default
OVCAR-8,hamming+zero,8,740,3053,1.0000000116860974e-07,9.99999993922529e-09,-26.979999542236328,,NSC740,dactinomycin,other,dna_intercalator,241279087.64641,244454666.50988203,1.013161434314298,0.2608981990767322,4.800000000000001,0.7391018009232677,0.0743156331269721,11.0,-0.0002619903810309,0.5945851562238009,0.7259216929355123,0.1391102252506204,,0.0412168291400185,0.4377287029165926,4.933238778457227,0.623319922686619,0.7334306012593867,5.25,0.2033398275045627,0.060731260348103,166.03773584905662,61.005743661518544,39.982318180566935,0.655386128925876,400.0,0.2050804643318288,0.0789172214968239,0.3848110143203721,400.0,-0.0980289030624985,0.0014944998609971,0.0995234029234957,0.1437704026095202,1.0,2,True,The solver successfully reached the end of the integration interval.,2.136,True,True,default
OVCAR-8,ours+zero,2,125066,681239,9.999999974752427e-07,3.000000106112566e-07,-93.2300033569336,,bleomycin,bortezomib,dna_cleaver,proteasome,241279087.64641,239352656.16782084,0.9920157544635102,0.0323399376069753,5.0,0.9676600623930248,0.2346233435347393,,0.0088980904090695,1.5011925491892562,0.4277615084962626,0.3687982973702937,,0.0328628492392423,1.0835714380550263,3.131106751176711,0.860379774020477,0.9668361273222053,5.25,0.190568164729299,0.0523986702186213,171.0691823899371,0.0469345509671727,0.026712778131908,0.5691495408274302,400.0,2.8664938663465582,1.7605570188239394,0.6141848198223525,400.0,-0.3085902128309796,0.0208490037637232,0.3294392165947029,0.1305059853309828,1.0,2,True,The solver successfully reached the end of the integration interval.,1.815,True,True,default
OVCAR-8,ours+zero,8,125066,681239,9.999999974752427e-07,3.000000106112566e-07,-93.2300033569336,,bleomycin,bortezomib,dna_cleaver,proteasome,241279087.64641,239352656.16782084,0.9920157544635102,0.0323399376069753,5.0,0.9676600623930248,0.2346233435347393,,0.0088980904090695,1.5011925491892562,0.4277615084962626,0.3687982973702937,,0.0328628492392423,1.0835714380550263,3.131106751176711,0.860379774020477,0.9668361273222053,5.25,0.190568164729299,0.0523986702186213,171.0691823899371,0.0469345509671727,0.026712778131908,0.5691495408274302,400.0,2.8664938663465582,1.7605570188239394,0.6141848198223525,400.0,-0.3085902128309796,0.0208490037637232,0.3294392165947029,0.1305059853309828,1.0,2,True,The solver successfully reached the end of the integration interval.,1.82,True,True,default
OVCAR-8,tanimoto+zero,2,1390,713563,0.0001999999949475,9.999999747378752e-05,-43.05500030517578,,NSC1390,arsenic trioxide,other,other,241279087.64641,244547554.39176884,1.013546415386603,0.4816613228779001,4.4,0.5183386771220999,0.0306134427056698,8.200000000000001,-0.0004269822493702,0.3285309270796688,0.8514803671684417,0.0698253612406724,,0.0356156999391043,0.1036002100845936,7.669761360737219,0.1307084290268572,0.4288722102265048,5.25,0.2033398275045627,0.060731260348103,166.03773584905662,9.765587997067096,6.151949240315695,0.6299619891975078,400.0,2.3689685491773296,1.4385701879093649,0.6072559251193674,400.0,-0.0378433788101186,0.0003423215994525,0.0381857004095712,0.1428947097059818,1.0,2,True,The solver successfully reached the end of the integration interval.,2.05,True,True,default
OVCAR-8,random,2,8806,754143,1.0000000116860974e-07,9.99999993922529e-09,12.972000122070312,,melphalan,bendamustine,alkylator,alkylator,241279087.64641,244404637.72183788,1.0129540860996966,0.1244182360417228,4.4,0.8755817639582772,0.104859346989292,12.000000000000002,-0.0001731008929036,0.9163886614267962,0.6653812747198553,0.1769294252890597,,0.0408424659961687,0.8280982818020332,3.463308032724997,0.7676314705869939,0.8349410413676313,5.25,0.2033398275045627,0.060731260348103,166.03773584905662,0.0342117755132451,0.0224002312830854,0.6547520830777436,400.0,4.068882418645005,2.6885537394213412,0.6607597523834732,400.0,-0.110254383422008,0.0019606113785177,0.1122149948005257,0.1440038732462216,1.0,2,True,The solver successfully reached the end of the integration interval.,4.454,True,True,default
PC-3,no_treatment,-1,-1,-1,0.0,0.0,,,,,,,241279087.64641,244307242.44601148,1.012550423781605,1.0,0.0,0.0,-0.0005289501584925,0.0,0.0,0.0,1.0,0.0,,0.001098475822591,6.230461558811701e-22,0.0,-4.4497688561597695,-0.0250950517930392,5.25,0.2033398275045627,0.0578624312878497,166.03773584905662,,,,,,,,,0.0,0.0,0.0,0.1416738683806418,1.0,0,True,The solver successfully reached the end of the integration interval.,0.158,,,default
OVCAR-8,random,8,85998,713563,9.999999747378752e-05,9.999999747378752e-05,-19.92300033569336,,streptozocin,arsenic trioxide,alkylator,other,241279087.64641,244542079.17751935,1.0135237229340457,0.4977548232135504,4.4,0.5022451767864495,0.0293915163404253,8.0,-0.0004172586520062,0.3142572241950865,0.8558886213903711,0.0675827473120354,,0.0352202177222716,0.0996182429265712,7.710893612254829,0.1254932692166842,0.4157838599562554,5.25,0.2033398275045627,0.060731260348103,166.03773584905662,0.014237267842602,0.0090992118930272,0.6391122224869425,400.0,2.3689685491773296,1.4367297712935656,0.60647903991486,400.0,-0.0358100160113232,0.0003274458374477,0.0361374618487709,0.1428557511738864,1.0,2,True,The solver successfully reached the end of the integration interval.,5.028,True,True,default
OVCAR-8,tanimoto+zero,8,1390,713563,0.0001999999949475,9.999999747378752e-05,-43.05500030517578,,NSC1390,arsenic trioxide,other,other,241279087.64641,244547554.39176884,1.013546415386603,0.4816613228779001,4.4,0.5183386771220999,0.0306134427056698,8.200000000000001,-0.0004269822493702,0.3285309270796688,0.8514803671684417,0.0698253612406724,,0.0356156999391043,0.1036002100845936,7.669761360737219,0.1307084290268572,0.4288722102265048,5.25,0.2033398275045627,0.060731260348103,166.03773584905662,9.765587997067096,6.151949240315695,0.6299619891975078,400.0,2.3689685491773296,1.4385701879093649,0.6072559251193674,400.0,-0.0378433788101186,0.0003423215994525,0.0381857004095712,0.1428947097059818,1.0,2,True,The solver successfully reached the end of the integration interval.,1.857,True,True,default
PC-3,act_hamming+zero,9,681239,750690,3.000000106112566e-07,1.0000000116860974e-07,-37.0,,bortezomib,everolimus,proteasome,kinase_inhibitor,241279087.64641,227551035.86080104,0.9431030185022616,0.0081255776500059,4.4,0.991874422349994,0.296302532996948,,0.0308575249012568,2.101418456314753,0.3428692444740538,0.4648714695489548,,0.0292167832843008,1.8790121863625389,2.182001341040853,0.828918644768839,0.9886529764087074,5.25,0.1610029557745819,0.0,183.6477987421384,16.44251124641934,10.67011259797333,0.6489344868349683,400.0,0.1288778901525277,0.0834014644594357,0.6471355510299678,400.0,0.525047741352065,0.0286457284864914,-0.4964020128655735,0.0717837355079552,1.0,2,True,The solver successfully reached the end of the integration interval.,4.201,True,True,default
PC-3,act_hamming+zero,1,740,6396,9.99999993922529e-09,1.0000000116860974e-07,-31.86000061035156,,NSC740,thiotepa,other,alkylator,241279087.64641,244486488.09658664,1.0132933213626745,0.50452032924718,4.4,0.4954796707528199,0.0287864762310961,8.200000000000001,-0.0003185204538241,0.308394030723907,0.8586859542853323,0.0661656408933639,,0.0349623919750323,0.0973942958006535,7.740407324256677,0.126339824923508,0.4132428220005706,5.25,0.2033398275045627,0.060731260348103,166.03773584905662,5.297392148459928,3.308329781879236,0.6245204600986624,400.0,6.333358819046819e-05,4.0676779569410315e-05,0.6422623560673646,400.0,-0.0413012741383478,0.000367915308324,0.0416691894466718,0.1427395727684453,1.0,2,True,The solver successfully reached the end of the integration interval.,6.707,True,True,default
PC-3,act_hamming+zero,6,740,6396,9.99999993922529e-09,1.0000000116860974e-07,-31.86000061035156,,NSC740,thiotepa,other,alkylator,241279087.64641,244486488.09658664,1.0132933213626745,0.50452032924718,4.4,0.4954796707528199,0.0287864762310961,8.200000000000001,-0.0003185204538241,0.308394030723907,0.8586859542853323,0.0661656408933639,,0.0349623919750323,0.0973942958006535,7.740407324256677,0.126339824923508,0.4132428220005706,5.25,0.2033398275045627,0.060731260348103,166.03773584905662,5.297392148459928,3.308329781879236,0.6245204600986624,400.0,6.333358819046819e-05,4.0676779569410315e-05,0.6422623560673646,400.0,-0.0413012741383478,0.000367915308324,0.0416691894466718,0.1427395727684453,1.0,2,True,The solver successfully reached the end of the integration interval.,6.716,True,True,default
PC-3,hamming+zero,9,681239,750690,3.000000106112566e-07,1.0000000116860974e-07,-37.0,,bortezomib,everolimus,proteasome,kinase_inhibitor,241279087.64641,227551035.86080104,0.9431030185022616,0.0081255776500059,4.4,0.991874422349994,0.296302532996948,,0.0308575249012568,2.101418456314753,0.3428692444740538,0.4648714695489548,,0.0292167832843008,1.8790121863625389,2.182001341040853,0.828918644768839,0.9886529764087074,5.25,0.1610029557745819,0.0,183.6477987421384,16.44251124641934,10.67011259797333,0.6489344868349683,400.0,0.1288778901525277,0.0834014644594357,0.6471355510299678,400.0,0.525047741352065,0.0286457284864914,-0.4964020128655735,0.0717837355079552,1.0,2,True,The solver successfully reached the end of the integration interval.,4.261,True,True,default
PC-3,hamming+zero,1,740,6396,9.99999993922529e-09,1.0000000116860974e-07,-31.86000061035156,,NSC740,thiotepa,other,alkylator,241279087.64641,244486488.09658664,1.0132933213626745,0.50452032924718,4.4,0.4954796707528199,0.0287864762310961,8.200000000000001,-0.0003185204538241,0.308394030723907,0.8586859542853323,0.0661656408933639,,0.0349623919750323,0.0973942958006535,7.740407324256677,0.126339824923508,0.4132428220005706,5.25,0.2033398275045627,0.060731260348103,166.03773584905662,5.297392148459928,3.308329781879236,0.6245204600986624,400.0,6.333358819046819e-05,4.0676779569410315e-05,0.6422623560673646,400.0,-0.0413012741383478,0.000367915308324,0.0416691894466718,0.1427395727684453,1.0,2,True,The solver successfully reached the end of the integration interval.,6.755,True,True,default
PC-3,hamming+zero,6,740,6396,9.99999993922529e-09,1.0000000116860974e-07,-31.86000061035156,,NSC740,thiotepa,other,alkylator,241279087.64641,244486488.09658664,1.0132933213626745,0.50452032924718,4.4,0.4954796707528199,0.0287864762310961,8.200000000000001,-0.0003185204538241,0.308394030723907,0.8586859542853323,0.0661656408933639,,0.0349623919750323,0.0973942958006535,7.740407324256677,0.126339824923508,0.4132428220005706,5.25,0.2033398275045627,0.060731260348103,166.03773584905662,5.297392148459928,3.308329781879236,0.6245204600986624,400.0,6.333358819046819e-05,4.0676779569410315e-05,0.6422623560673646,400.0,-0.0413012741383478,0.000367915308324,0.0416691894466718,0.1427395727684453,1.0,2,True,The solver successfully reached the end of the integration interval.,6.893,True,True,default
PC-3,ours+zero,6,24559,681239,9.999999974752427e-07,3.000000106112566e-07,-82.56999969482422,,NSC24559,bortezomib,other,proteasome,241279087.64641,191164650.67833307,0.7922968067521926,0.0008812161021954,4.6000000000000005,0.9991187838978046,0.4413873334739771,,0.1065287541996134,3.0660881844030548,0.1778499640221024,0.749946218333157,,0.0176374007767182,2.3067664403988988,2.0967011995592864,0.6333673064649794,0.9987956128153606,5.25,0.0,0.0,400.0,2.422824516355851,1.5793651569327734,0.6518693971729668,400.0,16.44251124641934,10.683147007382969,0.6497272130319766,400.0,0.7382255664370857,0.1469880288539411,-0.5912375375831446,0.0,1.0,2,True,The solver successfully reached the end of the integration interval.,4.04,True,True,default
PC-3,random,1,279836,761432,4.999999987376214e-07,4.999999858590343e-10,28.219999313354492,,NSC279836,NSC761432,other,other,241279087.64641,244435402.68939057,1.013081593907575,0.6611606286763254,4.4,0.3388393713236746,0.0197490385417584,7.800000000000001,-0.0002277652188882,0.1909657172485962,0.897664374229827,0.0468860103990626,,0.0309906268226243,0.0691502566623566,8.014678357568314,0.1227002879902324,0.30421654108076,5.25,0.2033398275045627,0.060731260348103,166.03773584905662,0.4513395075304535,0.267647059140465,0.5930060512648693,400.0,2.404650062963026,1.4624522922412566,0.608176763332962,400.0,-0.0307816310465316,0.0002623594011953,0.0310439904477269,0.1424442282987008,1.0,2,True,The solver successfully reached the end of the integration interval.,2.358,True,True,default
PC-3,ours+zero,1,673596,754143,9.99999993922529e-09,9.99999993922529e-09,-76.30000305175781,,NSC673596,bendamustine,other,alkylator,241279087.64641,244492558.4295585,1.0133184803311994,0.4723411457661047,4.4,0.5276588542338952,0.0315755102705042,8.4,-0.0003293033784988,0.337016922466293,0.8477990161216474,0.0717070917701418,,0.0359056582619534,0.1070013199123284,7.640958399211233,0.1370750964378632,0.4439421724730279,5.25,0.2033398275045627,0.060731260348103,166.03773584905662,0.0325309557626348,0.019459602183862,0.5981872259103246,400.0,1.1090544281393298,0.7189804471907917,0.6482823826753313,400.0,-0.0426721942389205,0.0003825645998459,0.0430547588387665,0.1427772019861453,1.0,2,True,The solver successfully reached the end of the integration interval.,6.77,True,True,default
PC-3,ours+zero,9,123127,681239,4.999999987376214e-07,3.000000106112566e-07,-91.41999816894533,,doxorubicin,bortezomib,dna_intercalator,proteasome,241279087.64641,224811466.07258332,0.9317486578117384,0.0060238581969676,4.4,0.9939761418030324,0.3176215677841305,,0.0361178839399709,2.23139796128249,0.3191104459461774,0.4960589791266707,,0.0278886442734113,1.9491817670277187,2.1481002102331184,0.8029812073149956,0.9915655562505186,5.25,0.1448251182253859,0.0,191.19496855345912,8.609056652850331,5.452290728656591,0.633320344901136,400.0,16.44251124641934,10.672456996480994,0.6490770683708742,400.0,0.5659488103945176,0.0354508403795149,-0.5304979700150027,0.0570297125847535,1.0,2,True,The solver successfully reached the end of the integration interval.,5.087,True,True,default
PC-3,tanimoto+zero,1,750,92859,4.999999873689376e-05,6.000000212225132e-06,-39.7599983215332,,NSC750,dromostanolone,other,hormonal,241279087.64641,244432146.79060215,1.0130680995810664,0.6334872448336865,4.4,0.3665127551663135,0.0190632233504327,7.4,-0.0002219803437049,0.2095348263454602,0.8971672256384714,0.0471265999846809,,0.0308536358787014,0.0681615254422707,8.005093885827984,0.0831534715876554,0.2990179813387404,5.25,0.2033398275045627,0.060731260348103,166.03773584905662,231.23362626659684,152.1545986435012,0.6580124227610269,400.0,11.901275414901978,7.788204085857793,0.6544007943977103,400.0,-0.0311813888848462,0.0002370103692101,0.0314183992540564,0.1424160212153114,1.0,2,True,The solver successfully reached the end of the integration interval.,1.942,True,True,default
PC-3,random,9,681239,750690,3.000000106112566e-07,1.0000000116860974e-07,-37.0,,bortezomib,everolimus,proteasome,kinase_inhibitor,241279087.64641,227551035.86080104,0.9431030185022616,0.0081255776500059,4.4,0.991874422349994,0.296302532996948,,0.0308575249012568,2.101418456314753,0.3428692444740538,0.4648714695489548,,0.0292167832843008,1.8790121863625389,2.182001341040853,0.828918644768839,0.9886529764087074,5.25,0.1610029557745819,0.0,183.6477987421384,16.44251124641934,10.67011259797333,0.6489344868349683,400.0,0.1288778901525277,0.0834014644594357,0.6471355510299678,400.0,0.525047741352065,0.0286457284864914,-0.4964020128655735,0.0717837355079552,1.0,2,True,The solver successfully reached the end of the integration interval.,4.149,True,True,default
PC-3,tanimoto+zero,6,750,92859,4.999999873689376e-05,6.000000212225132e-06,-39.7599983215332,,NSC750,dromostanolone,other,hormonal,241279087.64641,244432146.79060215,1.0130680995810664,0.6334872448336865,4.4,0.3665127551663135,0.0190632233504327,7.4,-0.0002219803437049,0.2095348263454602,0.8971672256384714,0.0471265999846809,,0.0308536358787014,0.0681615254422707,8.005093885827984,0.0831534715876554,0.2990179813387404,5.25,0.2033398275045627,0.060731260348103,166.03773584905662,231.23362626659684,152.1545986435012,0.6580124227610269,400.0,11.901275414901978,7.788204085857793,0.6544007943977103,400.0,-0.0311813888848462,0.0002370103692101,0.0314183992540564,0.1424160212153114,1.0,2,True,The solver successfully reached the end of the integration interval.,1.929,True,True,default
T-47D,no_treatment,-1,-1,-1,0.0,0.0,,,,,,,241279087.64641,244307242.44601148,1.012550423781605,1.0,0.0,0.0,-0.0005289501584925,0.0,0.0,0.0,1.0,0.0,,0.001098475822591,6.230461558811701e-22,0.0,-4.4497688561597695,-0.0250950517930392,5.25,0.2033398275045627,0.0578624312878497,166.03773584905662,,,,,,,,,0.0,0.0,0.0,0.1416738683806418,1.0,0,True,The solver successfully reached the end of the integration interval.,0.156,,,default
PC-3,random,6,279836,737754,4.999999987376214e-07,1.0000000116860974e-07,27.4950008392334,,NSC279836,ixabepilone,other,antimitotic,241279087.64641,244325067.97626805,1.0126243030822542,0.9662298566696662,4.4,0.0337701433303337,0.001319280009519,2.2,-3.168652283421033e-05,0.0261922480692408,0.986525690069473,0.00589160082219,,0.0068300254440097,0.0068355510681019,0.0591773399819828,0.3410902657972072,0.0160970001145265,5.25,0.2033398275045627,0.0578624312878497,166.03773584905662,0.4513395075304535,0.2613674471637748,0.5790927734065899,400.0,0.0037159631513533,0.0010316426369719,0.2776245605654628,162.3933892428949,-0.0026745835023751,1.7442399332545655e-05,0.0026920259017076,0.1417588074910281,1.0,2,True,The solver successfully reached the end of the integration interval.,5.864,True,True,default
T-47D,act_hamming+zero,9,79037,279836,4.999999873689376e-05,4.999999987376214e-07,38.91999816894531,,lomustine,NSC279836,alkylator,other,241279087.64641,244431419.8859401,1.0130650868679916,0.4620560719981469,4.4,0.537943928001853,0.0331221373337547,9.0,-0.0002206888149221,0.3465780194080152,0.8422701210728649,0.0745486053197869,,0.036331624380736,0.1124772675736034,7.594052770035228,0.1532734544093181,0.4594844028677822,5.25,0.2033398275045627,0.060731260348103,166.03773584905662,5.002740239714067,3.2854067636710247,0.6567214379011618,400.0,11.09291211405064,7.0877170912202105,0.6389410660021979,400.0,-0.0448996991155852,0.0004383834431958,0.045338082558781,0.1426333935491003,1.0,2,True,The solver successfully reached the end of the integration interval.,3.476,True,True,default
PC-3,tanimoto+zero,9,681239,750690,3.000000106112566e-07,1.0000000116860974e-07,-37.0,,bortezomib,everolimus,proteasome,kinase_inhibitor,241279087.64641,227551035.86080104,0.9431030185022616,0.0081255776500059,4.4,0.991874422349994,0.296302532996948,,0.0308575249012568,2.101418456314753,0.3428692444740538,0.4648714695489548,,0.0292167832843008,1.8790121863625389,2.182001341040853,0.828918644768839,0.9886529764087074,5.25,0.1610029557745819,0.0,183.6477987421384,16.44251124641934,10.67011259797333,0.6489344868349683,400.0,0.1288778901525277,0.0834014644594357,0.6471355510299678,400.0,0.525047741352065,0.0286457284864914,-0.4964020128655735,0.0717837355079552,1.0,2,True,The solver successfully reached the end of the integration interval.,4.205,True,True,default
T-47D,hamming+zero,9,79037,279836,4.999999873689376e-05,4.999999987376214e-07,38.91999816894531,,lomustine,NSC279836,alkylator,other,241279087.64641,244431419.8859401,1.0130650868679916,0.4620560719981469,4.4,0.537943928001853,0.0331221373337547,9.0,-0.0002206888149221,0.3465780194080152,0.8422701210728649,0.0745486053197869,,0.036331624380736,0.1124772675736034,7.594052770035228,0.1532734544093181,0.4594844028677822,5.25,0.2033398275045627,0.060731260348103,166.03773584905662,5.002740239714067,3.2854067636710247,0.6567214379011618,400.0,11.09291211405064,7.0877170912202105,0.6389410660021979,400.0,-0.0448996991155852,0.0004383834431958,0.045338082558781,0.1426333935491003,1.0,2,True,The solver successfully reached the end of the integration interval.,3.35,True,True,default
T-47D,tanimoto+zero,9,713563,747972,9.999999747378752e-05,2.9999999242136255e-05,24.45599937438965,,arsenic trioxide,lapatinib,other,kinase_inhibitor,241279087.64641,244393342.09324157,1.012907270485851,0.7921479186315954,4.4,0.2078520813684046,0.0099859896464491,6.0,-0.0001530286774998,0.1124664157646163,0.9405288472488996,0.0266278795299924,,0.0242876917249563,0.041206814432282,8.071424061161315,0.0791666936298983,0.1667539019070858,5.25,0.2033398275045627,0.060731260348103,166.03773584905662,2.247734761770227,1.3474122964882551,0.599453422799355,400.0,456.90223552326705,301.05925416136307,0.6589139442852039,400.0,-0.0139106951572169,0.0001056237541799,0.0140163189113969,0.1421041667540042,1.0,2,True,The solver successfully reached the end of the integration interval.,3.121,True,True,default
T-47D,ours+zero,9,673596,681239,9.99999993922529e-09,2.999999892949745e-08,-88.95999908447266,,NSC673596,bortezomib,other,proteasome,241279087.64641,231235723.63857943,0.958374494425522,0.0075929367748621,4.800000000000001,0.9924070632251378,0.3250252432499,,0.0238814126035422,2.1306464539003143,0.3268447998037161,0.4856584203952234,,0.0282675620096063,1.5838217739314011,2.497306465178141,0.7801350966985584,0.9917642135059144,5.25,0.1724312542656479,0.0283778241901845,178.61635220125788,4.84315787577589,3.153946017603847,0.6512168503486115,400.0,0.5207749686267218,0.3257513146208517,0.625512619164194,400.0,-0.1963716076469039,0.038327052581463,0.234698660228367,0.1020826296922653,1.0,2,True,The solver successfully reached the end of the integration interval.,6.096,True,True,default
T-47D,random,9,45388,125973,4.999999987376214e-07,5.99999978589949e-08,29.951000213623047,,dacarbazine,paclitaxel,alkylator,antimitotic,241279087.64641,244503276.7879704,1.0133629034037357,0.6935077624886304,4.6000000000000005,0.3064922375113695,0.0188991748489777,7.8,-0.0003483420842663,0.1701192821561837,0.90342560709279,0.044107603766339,,0.0305516435989359,0.0669963232105252,8.049570705057636,0.1777873106899451,0.2888781754629705,5.25,0.2033398275045627,0.060731260348103,166.03773584905662,0.0778429239898828,0.0496366502281864,0.6376514098396113,400.0,7.097702764445099,2.839740975258154,0.4000929694440601,400.0,-0.0414957618846112,0.0003137538537776,0.0418095157383888,0.142760610276263,1.0,2,True,The solver successfully reached the end of the integration interval.,7.578,True,True,default
DU-145,no_treatment,-1,-1,-1,0.0,0.0,,,,,,,241279087.64641,244307242.44601148,1.012550423781605,1.0,0.0,0.0,-0.0005289501584925,0.0,0.0,0.0,1.0,0.0,,0.001098475822591,6.230461558811701e-22,0.0,-4.4497688561597695,-0.0250950517930392,5.25,0.2033398275045627,0.0578624312878497,166.03773584905662,,,,,,,,,0.0,0.0,0.0,0.1416738683806418,1.0,0,True,The solver successfully reached the end of the integration interval.,0.17,,,diffusivity_high
DU-145,ours+zero,7,67574,754143,1.0000000116860974e-07,9.99999993922529e-09,-66.76000213623047,,vincristine,bendamustine,antimitotic,alkylator,241279087.64641,243077866.15925297,1.0074551778622398,0.0287148851779515,4.4,0.9712851148220484,0.2004490320968417,15.2,0.0021909264785877,1.5531656171919022,0.5095682592689359,0.2927976317984289,,0.0370457053758765,1.5063570439939489,2.4007324284193197,0.8937141397746324,0.9559230629713008,5.25,0.1968849621189929,0.0578624312878497,168.55345911949686,10.501821987414438,6.77112416533364,0.6447570881936744,400.0,15.711282702554875,9.25046226059398,0.5887782961915468,400.0,-0.1971575018991109,0.0071678382844651,0.204325340183576,0.1377441257485454,1.0,2,True,The solver successfully reached the end of the integration interval.,6.186,True,True,diffusivity_high
DU-145,hamming+zero,7,740,9706,9.99999993922529e-09,4.999999873689376e-06,-42.18000030517578,,NSC740,triethylenemelamine,other,alkylator,241279087.64641,242824981.94008705,1.0064070794893856,0.0213431132007626,4.4,0.9786568867992372,0.2234179596489529,15.6,0.0026429766416589,1.6820149333812784,0.482258430050242,0.3167201719944911,,0.03616525459392,1.628348249641855,2.2872884999072305,0.8854642142585827,0.9675576070804645,5.25,0.1968849621189929,0.0578624312878497,168.55345911949686,1.4550478895615448,0.9220302050135184,0.6336768786980318,400.0,9.924387754952315,5.841791591159038,0.5886299221071806,400.0,-0.2288850774250348,0.0091916038947387,0.2380766813197735,0.1385172186362282,1.0,2,True,The solver successfully reached the end of the integration interval.,10.123,True,True,diffusivity_high
DU-145,act_hamming+zero,7,740,9706,9.99999993922529e-09,4.999999873689376e-06,-42.18000030517578,,NSC740,triethylenemelamine,other,alkylator,241279087.64641,242824981.94008705,1.0064070794893856,0.0213431132007626,4.4,0.9786568867992372,0.2234179596489529,15.6,0.0026429766416589,1.6820149333812784,0.482258430050242,0.3167201719944911,,0.03616525459392,1.628348249641855,2.2872884999072305,0.8854642142585827,0.9675576070804645,5.25,0.1968849621189929,0.0578624312878497,168.55345911949686,1.4550478895615448,0.9220302050135184,0.6336768786980318,400.0,9.924387754952315,5.841791591159038,0.5886299221071806,400.0,-0.2288850774250348,0.0091916038947387,0.2380766813197735,0.1385172186362282,1.0,2,True,The solver successfully reached the end of the integration interval.,10.154,True,True,diffusivity_high
MDA-MB-231/ATCC,no_treatment,-1,-1,-1,0.0,0.0,,,,,,,241279087.64641,244307242.44601148,1.012550423781605,1.0,0.0,0.0,-0.0005289501584925,0.0,0.0,0.0,1.0,0.0,,0.001098475822591,6.230461558811701e-22,0.0,-4.4497688561597695,-0.0250950517930392,5.25,0.2033398275045627,0.0578624312878497,166.03773584905662,,,,,,,,,0.0,0.0,0.0,0.1416738683806418,1.0,0,True,The solver successfully reached the end of the integration interval.,0.176,,,diffusivity_high
MDA-MB-231/ATCC,act_hamming+zero,2,740,24559,9.999999717180683e-10,9.999999974752427e-07,-47.369998931884766,,NSC740,NSC24559,other,other,241279087.64641,244606352.96686864,1.0137901106677536,0.3396896169720016,4.4,0.6603103830279984,0.044495777170606,9.0,-0.0005313906838055,0.480190428870009,0.8037785175732924,0.0948636052901053,,0.0392253583568744,0.1626798745010532,7.045190731064851,0.2132615903412417,0.5537492255300897,5.25,0.2033398275045627,0.060731260348103,166.03773584905662,0.0018356311089325,0.0011313003083915,0.6163004663009187,400.0,2.464070125116591,1.5412909724910433,0.625506131818434,400.0,-0.0563728030730341,0.0005527599118579,0.0569255629848921,0.1433347840796433,1.0,2,True,The solver successfully reached the end of the integration interval.,6.991,True,True,diffusivity_high
DU-145,random,7,66847,754143,9.999999974752427e-07,9.99999993922529e-09,-38.16999816894531,,thalidomide,bendamustine,other,alkylator,241279087.64641,243168966.39091045,1.0078327498787214,0.0294256740572803,4.4,0.9705743259427196,0.1998181224314708,15.2,0.0020281929625076,1.5425462811389024,0.5112611173659642,0.2913572351543885,,0.0371028473931901,1.4906681977230412,2.4174342413784013,0.8933722288329334,0.9555284028791134,5.25,0.1968849621189929,0.0578624312878497,168.55345911949686,1899.9999729811136,1212.7793850451517,0.6383049485744423,400.0,15.711282702554875,9.25041527164747,0.58877530541432,400.0,-0.1998593315684871,0.0071010857841893,0.2069604173526764,0.1379938224914901,1.0,2,True,The solver successfully reached the end of the integration interval.,11.149,True,True,diffusivity_high
DU-145,tanimoto+zero,7,740,9706,9.99999993922529e-09,4.999999873689376e-06,-42.18000030517578,,NSC740,triethylenemelamine,other,alkylator,241279087.64641,242824981.94008705,1.0064070794893856,0.0213431132007626,4.4,0.9786568867992372,0.2234179596489529,15.6,0.0026429766416589,1.6820149333812784,0.482258430050242,0.3167201719944911,,0.03616525459392,1.628348249641855,2.2872884999072305,0.8854642142585827,0.9675576070804645,5.25,0.1968849621189929,0.0578624312878497,168.55345911949686,1.4550478895615448,0.9220302050135184,0.6336768786980318,400.0,9.924387754952315,5.841791591159038,0.5886299221071806,400.0,-0.2288850774250348,0.0091916038947387,0.2380766813197735,0.1385172186362282,1.0,2,True,The solver successfully reached the end of the integration interval.,9.956,True,True,diffusivity_high
MDA-MB-231/ATCC,act_hamming+zero,7,82151,713563,1.999999987845058e-08,9.999999747378752e-05,-54.54100036621094,,daunorubicin,arsenic trioxide,dna_intercalator,other,241279087.64641,244598630.10848057,1.013758102678734,0.3556400274540319,4.4,0.6443599725459681,0.0423656727502586,9.0,-0.0005176786616521,0.4602620661023155,0.8102727239175163,0.0913687804332432,,0.038784638579253,0.1517046783914846,7.16004179131259,0.1963901748774824,0.5368218407882186,5.25,0.2033398275045627,0.060731260348103,166.03773584905662,0.1181595423028795,0.0573943220080289,0.4857358186180974,400.0,2.404551954742679,1.5031400230414675,0.6251227053242544,400.0,-0.0540372262221713,0.0005177631910667,0.0545549894132381,0.1432724424179388,1.0,2,True,The solver successfully reached the end of the integration interval.,6.399,True,True,diffusivity_high
MDA-MB-231/ATCC,act_hamming+zero,6,740,24559,9.999999717180683e-10,9.999999974752427e-07,-47.369998931884766,,NSC740,NSC24559,other,other,241279087.64641,244606352.96686864,1.0137901106677536,0.3396896169720016,4.4,0.6603103830279984,0.044495777170606,9.0,-0.0005313906838055,0.480190428870009,0.8037785175732924,0.0948636052901053,,0.0392253583568744,0.1626798745010532,7.045190731064851,0.2132615903412417,0.5537492255300897,5.25,0.2033398275045627,0.060731260348103,166.03773584905662,0.0018356311089325,0.0011313003083915,0.6163004663009187,400.0,2.464070125116591,1.5412909724910433,0.625506131818434,400.0,-0.0563728030730341,0.0005527599118579,0.0569255629848921,0.1433347840796433,1.0,2,True,The solver successfully reached the end of the integration interval.,6.992,True,True,diffusivity_high
MDA-MB-231/ATCC,act_hamming+zero,8,740,24559,9.999999717180683e-10,9.999999974752427e-07,-47.369998931884766,,NSC740,NSC24559,other,other,241279087.64641,244606352.96686864,1.0137901106677536,0.3396896169720016,4.4,0.6603103830279984,0.044495777170606,9.0,-0.0005313906838055,0.480190428870009,0.8037785175732924,0.0948636052901053,,0.0392253583568744,0.1626798745010532,7.045190731064851,0.2132615903412417,0.5537492255300897,5.25,0.2033398275045627,0.060731260348103,166.03773584905662,0.0018356311089325,0.0011313003083915,0.6163004663009187,400.0,2.464070125116591,1.5412909724910433,0.625506131818434,400.0,-0.0563728030730341,0.0005527599118579,0.0569255629848921,0.1433347840796433,1.0,2,True,The solver successfully reached the end of the integration interval.,7.128,True,True,diffusivity_high
MDA-MB-231/ATCC,hamming+zero,2,740,24559,9.999999717180683e-10,9.999999974752427e-07,-47.369998931884766,,NSC740,NSC24559,other,other,241279087.64641,244606352.96686864,1.0137901106677536,0.3396896169720016,4.4,0.6603103830279984,0.044495777170606,9.0,-0.0005313906838055,0.480190428870009,0.8037785175732924,0.0948636052901053,,0.0392253583568744,0.1626798745010532,7.045190731064851,0.2132615903412417,0.5537492255300897,5.25,0.2033398275045627,0.060731260348103,166.03773584905662,0.0018356311089325,0.0011313003083915,0.6163004663009187,400.0,2.464070125116591,1.5412909724910433,0.625506131818434,400.0,-0.0563728030730341,0.0005527599118579,0.0569255629848921,0.1433347840796433,1.0,2,True,The solver successfully reached the end of the integration interval.,6.947,True,True,diffusivity_high
MDA-MB-231/ATCC,hamming+zero,6,740,24559,9.999999717180683e-10,9.999999974752427e-07,-47.369998931884766,,NSC740,NSC24559,other,other,241279087.64641,244606352.96686864,1.0137901106677536,0.3396896169720016,4.4,0.6603103830279984,0.044495777170606,9.0,-0.0005313906838055,0.480190428870009,0.8037785175732924,0.0948636052901053,,0.0392253583568744,0.1626798745010532,7.045190731064851,0.2132615903412417,0.5537492255300897,5.25,0.2033398275045627,0.060731260348103,166.03773584905662,0.0018356311089325,0.0011313003083915,0.6163004663009187,400.0,2.464070125116591,1.5412909724910433,0.625506131818434,400.0,-0.0563728030730341,0.0005527599118579,0.0569255629848921,0.1433347840796433,1.0,2,True,The solver successfully reached the end of the integration interval.,7.087,True,True,diffusivity_high
MDA-MB-231/ATCC,hamming+zero,7,82151,713563,1.999999987845058e-08,9.999999747378752e-05,-54.54100036621094,,daunorubicin,arsenic trioxide,dna_intercalator,other,241279087.64641,244598630.10848057,1.013758102678734,0.3556400274540319,4.4,0.6443599725459681,0.0423656727502586,9.0,-0.0005176786616521,0.4602620661023155,0.8102727239175163,0.0913687804332432,,0.038784638579253,0.1517046783914846,7.16004179131259,0.1963901748774824,0.5368218407882186,5.25,0.2033398275045627,0.060731260348103,166.03773584905662,0.1181595423028795,0.0573943220080289,0.4857358186180974,400.0,2.404551954742679,1.5031400230414675,0.6251227053242544,400.0,-0.0540372262221713,0.0005177631910667,0.0545549894132381,0.1432724424179388,1.0,2,True,The solver successfully reached the end of the integration interval.,6.265,True,True,diffusivity_high
MDA-MB-231/ATCC,ours+zero,6,613327,754143,9.99999993922529e-09,9.99999993922529e-09,-90.0999984741211,,gemcitabine,bendamustine,antimetabolite,alkylator,241279087.64641,242734231.83092847,1.0060309585829126,0.0225132811654798,4.4,0.9774867188345202,0.2180805535823093,15.6,0.0028053142968029,1.658833905969468,0.4865455136965527,0.3128765275997039,,0.0362946048841522,1.6202264800501915,2.293150477261616,0.8884948397768534,0.9650909367215426,5.25,0.1968849621189929,0.0578624312878497,168.55345911949686,6.90651974161988,3.981897285460416,0.5765417944822218,400.0,16.469569332401257,9.697544007846222,0.588815882924628,400.0,-0.2191141274065409,0.0087724791851617,0.2278866065917026,0.1379141095771511,1.0,2,True,The solver successfully reached the end of the integration interval.,2.392,True,True,diffusivity_high
MDA-MB-231/ATCC,hamming+zero,8,740,24559,9.999999717180683e-10,9.999999974752427e-07,-47.369998931884766,,NSC740,NSC24559,other,other,241279087.64641,244606352.96686864,1.0137901106677536,0.3396896169720016,4.4,0.6603103830279984,0.044495777170606,9.0,-0.0005313906838055,0.480190428870009,0.8037785175732924,0.0948636052901053,,0.0392253583568744,0.1626798745010532,7.045190731064851,0.2132615903412417,0.5537492255300897,5.25,0.2033398275045627,0.060731260348103,166.03773584905662,0.0018356311089325,0.0011313003083915,0.6163004663009187,400.0,2.464070125116591,1.5412909724910433,0.625506131818434,400.0,-0.0563728030730341,0.0005527599118579,0.0569255629848921,0.1433347840796433,1.0,2,True,The solver successfully reached the end of the integration interval.,7.11,True,True,diffusivity_high
MDA-MB-231/ATCC,ours+zero,2,681239,754143,3.000000106112566e-07,9.99999993922529e-09,-93.95999908447266,,bortezomib,bendamustine,proteasome,alkylator,241279087.64641,205800301.8546476,0.852955404723032,0.0011485893280255,4.4,0.9988514106719744,0.4336022726904754,,0.0744903343270906,2.951107924430796,0.1966511992412276,0.7063034007810102,,0.0197237190779985,3.157921128888269,1.5973614222876211,0.6301571805759665,0.9984802782753548,5.25,0.0909278505163929,0.0,221.38364779874215,3.2756952361042613,2.167852139408045,0.6617990939798909,400.0,16.469569332401257,9.69987873661687,0.588957643083836,400.0,0.007188821427682,0.1231091811776957,0.1159203597500136,0.0342009611123394,1.0,2,True,The solver successfully reached the end of the integration interval.,7.278,True,True,diffusivity_high
MDA-MB-231/ATCC,ours+zero,8,119875,713563,4.999999873689376e-06,9.999999747378752e-05,-42.95500183105469,,cisplatin,arsenic trioxide,platinum,other,241279087.64641,244599306.940414,1.013760907861479,0.3538695000750635,4.4,0.6461304999249364,0.0425711847522059,9.0,-0.0005188804016907,0.4624295686854251,0.8095920980173595,0.0917337393928688,,0.0388309121317182,0.1527670972152154,7.148810637428431,0.1977984489172153,0.5384559683881888,5.25,0.2033398275045627,0.060731260348103,166.03773584905662,0.9406837398224496,0.5337197571299171,0.5673742773853567,400.0,2.404551954742679,1.503234514534622,0.6251620022473124,400.0,-0.0542481424914331,0.0005210523451822,0.0547691948366154,0.1432780906849028,1.0,2,True,The solver successfully reached the end of the integration interval.,3.525,True,True,diffusivity_high
MDA-MB-231/ATCC,ours+zero,7,82151,713563,1.999999987845058e-08,9.999999747378752e-05,-54.54100036621094,,daunorubicin,arsenic trioxide,dna_intercalator,other,241279087.64641,244598630.10848057,1.013758102678734,0.3556400274540319,4.4,0.6443599725459681,0.0423656727502586,9.0,-0.0005176786616521,0.4602620661023155,0.8102727239175163,0.0913687804332432,,0.038784638579253,0.1517046783914846,7.16004179131259,0.1963901748774824,0.5368218407882186,5.25,0.2033398275045627,0.060731260348103,166.03773584905662,0.1181595423028795,0.0573943220080289,0.4857358186180974,400.0,2.404551954742679,1.5031400230414675,0.6251227053242544,400.0,-0.0540372262221713,0.0005177631910667,0.0545549894132381,0.1432724424179388,1.0,2,True,The solver successfully reached the end of the integration interval.,6.437,True,True,diffusivity_high
MDA-MB-231/ATCC,random,6,125973,737754,5.99999978589949e-08,9.999999747378752e-06,25.70599937438965,,paclitaxel,ixabepilone,antimitotic,antimitotic,241279087.64641,244434192.24738875,1.0130765771362766,0.7781910868003565,4.4,0.2218089131996434,0.0105795517644171,6.0,-0.0002256145910419,0.1201864490022527,0.9378747868332225,0.0278551392512716,,0.0248346166218672,0.0428904289409227,8.068066746381563,0.0762016545136241,0.1796309904297718,5.25,0.2033398275045627,0.060731260348103,166.03773584905662,6.251790332932513,3.513068048543674,0.5619299211040251,400.0,0.376363529046734,0.1865553423660905,0.4956785872387902,400.0,-0.0224889986309984,0.0001217047836402,0.0226107034146386,0.1422933927254954,1.0,2,True,The solver successfully reached the end of the integration interval.,1.673,True,True,diffusivity_high
MDA-MB-231/ATCC,random,2,246131,686673,1.9999999494757503e-05,2.0000000233721948e-07,-27.8799991607666,,mitoxantrone,NSC686673,dna_intercalator,other,241279087.64641,244450492.2509876,1.0131441337726923,0.6852058459022958,4.4,0.3147941540977041,0.0149629912954286,6.6,-0.0002545743921773,0.1754516416655338,0.914726802827166,0.0387085952678629,,0.0284635510316886,0.0563392407525806,8.051231736843455,0.0571856713100802,0.239285340682029,5.25,0.2033398275045627,0.060731260348103,166.03773584905662,2.3045305279580006,1.0809654910722384,0.4690610421334105,400.0,0.0031046155193241,0.0018863269607125,0.6075879441339779,400.0,-0.0166762507094633,0.0001326093802703,0.0168088600897337,0.1423193722244056,1.0,2,True,The solver successfully reached the end of the integration interval.,9.476,True,True,diffusivity_high
MDA-MB-231/ATCC,random,7,82151,713563,1.999999987845058e-08,9.999999747378752e-05,-54.54100036621094,,daunorubicin,arsenic trioxide,dna_intercalator,other,241279087.64641,244598630.10848057,1.013758102678734,0.3556400274540319,4.4,0.6443599725459681,0.0423656727502586,9.0,-0.0005176786616521,0.4602620661023155,0.8102727239175163,0.0913687804332432,,0.038784638579253,0.1517046783914846,7.16004179131259,0.1963901748774824,0.5368218407882186,5.25,0.2033398275045627,0.060731260348103,166.03773584905662,0.1181595423028795,0.0573943220080289,0.4857358186180974,400.0,2.404551954742679,1.5031400230414675,0.6251227053242544,400.0,-0.0540372262221713,0.0005177631910667,0.0545549894132381,0.1432724424179388,1.0,2,True,The solver successfully reached the end of the integration interval.,6.161,True,True,diffusivity_high
MDA-MB-231/ATCC,random,8,24559,409962,9.999999974752427e-07,2.0000000233721948e-07,-40.54999923706055,,NSC24559,carmustine,other,alkylator,241279087.64641,244614948.68751767,1.0138257363025025,0.3209499369729,4.4,0.6790500630271,0.047321985765926,9.2,-0.0005466519736701,0.5048354064667047,0.7954961049752085,0.0993619424685814,,0.0397638618519415,0.1791122172415301,6.876283701107569,0.2375950621027756,0.5752972414692383,5.25,0.2033398275045627,0.060731260348103,166.03773584905662,2.464070125116591,1.542085482573282,0.6258285699155238,400.0,7.600000280806509e-05,4.419259911892328e-05,0.5814815458695428,400.0,-0.0592909444888107,0.0006005878515147,0.0598915323403255,0.1434121916970126,1.0,2,True,The solver successfully reached the end of the integration interval.,7.11,True,True,diffusivity_high
MDA-MB-231/ATCC,tanimoto+zero,6,38721,713563,1.9999999494757503e-05,9.999999747378752e-05,-10.20400047302246,,mitotane,arsenic trioxide,other,other,241279087.64641,244629956.44036987,1.0138879371048952,0.3135765966818152,4.4,0.6864234033181847,0.0487165449394148,9.2,-0.0005732962337665,0.5149290588959781,0.7913892557059462,0.1016098502278058,,0.0400134548898664,0.1884148539948527,6.783005309890438,0.2522901342524443,0.5840518817252676,5.25,0.2033398275045627,0.060731260348103,166.03773584905662,1.1110288055148971,0.6911161427368563,0.6220506068846381,400.0,2.404551954742679,1.504197970564437,0.6255626823107707,400.0,-0.060585314827094,0.0006298911252127,0.0612152059523067,0.14348675163902,1.0,2,True,The solver successfully reached the end of the integration interval.,4.708,True,True,diffusivity_high
MDA-MB-231/ATCC,tanimoto+zero,2,49842,713563,4.999999858590343e-10,9.999999747378752e-05,-22.812000274658203,,vinblastine,arsenic trioxide,antimitotic,other,241279087.64641,244654124.6491975,1.01398810413165,0.2706512774793711,4.4,0.7293487225206289,0.0599300778739286,10.0,-0.0006162002240884,0.5788626198912349,0.7628575755963616,0.1175565366273838,,0.0413869571970526,0.2954322044447023,5.835397210524824,0.3892425353922607,0.6529330262211291,5.25,0.2033398275045627,0.060731260348103,166.03773584905662,0.000189999992406,0.0001026067191283,0.5400353854173939,400.0,2.404551954742679,1.5059225112109518,0.6262798806408435,400.0,-0.075948475972192,0.0008998319704198,0.0768483079426118,0.1438422424604949,1.0,2,True,The solver successfully reached the end of the integration interval.,6.469,True,True,diffusivity_high
MDA-MB-435,no_treatment,-1,-1,-1,0.0,0.0,,,,,,,241279087.64641,244307242.44601148,1.012550423781605,1.0,0.0,0.0,-0.0005289501584925,0.0,0.0,0.0,1.0,0.0,,0.001098475822591,6.230461558811701e-22,0.0,-4.4497688561597695,-0.0250950517930392,5.25,0.2033398275045627,0.0578624312878497,166.03773584905662,,,,,,,,,0.0,0.0,0.0,0.1416738683806418,1.0,0,True,The solver successfully reached the end of the integration interval.,0.155,,,diffusivity_high
MDA-MB-231/ATCC,tanimoto+zero,7,82151,713563,1.999999987845058e-08,9.999999747378752e-05,-54.54100036621094,,daunorubicin,arsenic trioxide,dna_intercalator,other,241279087.64641,244598630.10848057,1.013758102678734,0.3556400274540319,4.4,0.6443599725459681,0.0423656727502586,9.0,-0.0005176786616521,0.4602620661023155,0.8102727239175163,0.0913687804332432,,0.038784638579253,0.1517046783914846,7.16004179131259,0.1963901748774824,0.5368218407882186,5.25,0.2033398275045627,0.060731260348103,166.03773584905662,0.1181595423028795,0.0573943220080289,0.4857358186180974,400.0,2.404551954742679,1.5031400230414675,0.6251227053242544,400.0,-0.0540372262221713,0.0005177631910667,0.0545549894132381,0.1432724424179388,1.0,2,True,The solver successfully reached the end of the integration interval.,6.212,True,True,diffusivity_high
MDA-MB-231/ATCC,tanimoto+zero,8,49842,713563,4.999999858590343e-10,9.999999747378752e-05,-22.812000274658203,,vinblastine,arsenic trioxide,antimitotic,other,241279087.64641,244654124.6491975,1.01398810413165,0.2706512774793711,4.4,0.7293487225206289,0.0599300778739286,10.0,-0.0006162002240884,0.5788626198912349,0.7628575755963616,0.1175565366273838,,0.0413869571970526,0.2954322044447023,5.835397210524824,0.3892425353922607,0.6529330262211291,5.25,0.2033398275045627,0.060731260348103,166.03773584905662,0.000189999992406,0.0001026067191283,0.5400353854173939,400.0,2.404551954742679,1.5059225112109518,0.6262798806408435,400.0,-0.075948475972192,0.0008998319704198,0.0768483079426118,0.1438422424604949,1.0,2,True,The solver successfully reached the end of the integration interval.,6.403,True,True,diffusivity_high
MDA-MB-435,act_hamming+zero,0,740,24559,1.0000000116860974e-07,9.999999974752427e-07,-92.08999633789062,,NSC740,NSC24559,other,other,241279087.64641,244625794.48331833,1.013870687549237,0.102782408394079,4.4,0.897217591605921,0.1212392353556048,12.2,-0.0005659073988758,0.999353911359001,0.6387594178851063,0.1946626835611367,,0.0403248281082549,0.8962645927178711,3.311235684976702,0.822172530978827,0.8704833607122051,5.25,0.2033398275045627,0.060731260348103,166.03773584905662,73.75906315777168,47.02122165673573,0.6374975446225053,400.0,2.539011248752824,1.6003482169769927,0.6303037128185597,400.0,-0.13452389906688,0.0026263449151113,0.1371502439819913,0.1452871726311762,1.0,2,True,The solver successfully reached the end of the integration interval.,6.756,True,True,diffusivity_high
MDA-MB-435,act_hamming+zero,1,740,24559,1.0000000116860974e-07,9.999999974752427e-07,-92.08999633789062,,NSC740,NSC24559,other,other,241279087.64641,244625794.48331833,1.013870687549237,0.102782408394079,4.4,0.897217591605921,0.1212392353556048,12.2,-0.0005659073988758,0.999353911359001,0.6387594178851063,0.1946626835611367,,0.0403248281082549,0.8962645927178711,3.311235684976702,0.822172530978827,0.8704833607122051,5.25,0.2033398275045627,0.060731260348103,166.03773584905662,73.75906315777168,47.02122165673573,0.6374975446225053,400.0,2.539011248752824,1.6003482169769927,0.6303037128185597,400.0,-0.13452389906688,0.0026263449151113,0.1371502439819913,0.1452871726311762,1.0,2,True,The solver successfully reached the end of the integration interval.,6.769,True,True,diffusivity_high
MDA-MB-435,act_hamming+zero,4,740,24559,1.0000000116860974e-07,9.999999974752427e-07,-92.08999633789062,,NSC740,NSC24559,other,other,241279087.64641,244625794.48331833,1.013870687549237,0.102782408394079,4.4,0.897217591605921,0.1212392353556048,12.2,-0.0005659073988758,0.999353911359001,0.6387594178851063,0.1946626835611367,,0.0403248281082549,0.8962645927178711,3.311235684976702,0.822172530978827,0.8704833607122051,5.25,0.2033398275045627,0.060731260348103,166.03773584905662,73.75906315777168,47.02122165673573,0.6374975446225053,400.0,2.539011248752824,1.6003482169769927,0.6303037128185597,400.0,-0.13452389906688,0.0026263449151113,0.1371502439819913,0.1452871726311762,1.0,2,True,The solver successfully reached the end of the integration interval.,6.901,True,True,diffusivity_high
MDA-MB-435,hamming+zero,0,740,24559,1.0000000116860974e-07,9.999999974752427e-07,-92.08999633789062,,NSC740,NSC24559,other,other,241279087.64641,244625794.48331833,1.013870687549237,0.102782408394079,4.4,0.897217591605921,0.1212392353556048,12.2,-0.0005659073988758,0.999353911359001,0.6387594178851063,0.1946626835611367,,0.0403248281082549,0.8962645927178711,3.311235684976702,0.822172530978827,0.8704833607122051,5.25,0.2033398275045627,0.060731260348103,166.03773584905662,73.75906315777168,47.02122165673573,0.6374975446225053,400.0,2.539011248752824,1.6003482169769927,0.6303037128185597,400.0,-0.13452389906688,0.0026263449151113,0.1371502439819913,0.1452871726311762,1.0,2,True,The solver successfully reached the end of the integration interval.,6.941,True,True,diffusivity_high
MDA-MB-435,hamming+zero,1,740,24559,1.0000000116860974e-07,9.999999974752427e-07,-92.08999633789062,,NSC740,NSC24559,other,other,241279087.64641,244625794.48331833,1.013870687549237,0.102782408394079,4.4,0.897217591605921,0.1212392353556048,12.2,-0.0005659073988758,0.999353911359001,0.6387594178851063,0.1946626835611367,,0.0403248281082549,0.8962645927178711,3.311235684976702,0.822172530978827,0.8704833607122051,5.25,0.2033398275045627,0.060731260348103,166.03773584905662,73.75906315777168,47.02122165673573,0.6374975446225053,400.0,2.539011248752824,1.6003482169769927,0.6303037128185597,400.0,-0.13452389906688,0.0026263449151113,0.1371502439819913,0.1452871726311762,1.0,2,True,The solver successfully reached the end of the integration interval.,6.836,True,True,diffusivity_high
MDA-MB-435,hamming+zero,4,740,24559,1.0000000116860974e-07,9.999999974752427e-07,-92.08999633789062,,NSC740,NSC24559,other,other,241279087.64641,244625794.48331833,1.013870687549237,0.102782408394079,4.4,0.897217591605921,0.1212392353556048,12.2,-0.0005659073988758,0.999353911359001,0.6387594178851063,0.1946626835611367,,0.0403248281082549,0.8962645927178711,3.311235684976702,0.822172530978827,0.8704833607122051,5.25,0.2033398275045627,0.060731260348103,166.03773584905662,73.75906315777168,47.02122165673573,0.6374975446225053,400.0,2.539011248752824,1.6003482169769927,0.6303037128185597,400.0,-0.13452389906688,0.0026263449151113,0.1371502439819913,0.1452871726311762,1.0,2,True,The solver successfully reached the end of the integration interval.,6.691,True,True,diffusivity_high
MDA-MB-435,ours+zero,0,740,24559,1.0000000116860974e-07,9.999999974752427e-07,-92.08999633789062,,NSC740,NSC24559,other,other,241279087.64641,244625794.48331833,1.013870687549237,0.102782408394079,4.4,0.897217591605921,0.1212392353556048,12.2,-0.0005659073988758,0.999353911359001,0.6387594178851063,0.1946626835611367,,0.0403248281082549,0.8962645927178711,3.311235684976702,0.822172530978827,0.8704833607122051,5.25,0.2033398275045627,0.060731260348103,166.03773584905662,73.75906315777168,47.02122165673573,0.6374975446225053,400.0,2.539011248752824,1.6003482169769927,0.6303037128185597,400.0,-0.13452389906688,0.0026263449151113,0.1371502439819913,0.1452871726311762,1.0,2,True,The solver successfully reached the end of the integration interval.,6.67,True,True,diffusivity_high
MDA-MB-435,ours+zero,4,740,24559,1.0000000116860974e-07,9.999999974752427e-07,-92.08999633789062,,NSC740,NSC24559,other,other,241279087.64641,244625794.48331833,1.013870687549237,0.102782408394079,4.4,0.897217591605921,0.1212392353556048,12.2,-0.0005659073988758,0.999353911359001,0.6387594178851063,0.1946626835611367,,0.0403248281082549,0.8962645927178711,3.311235684976702,0.822172530978827,0.8704833607122051,5.25,0.2033398275045627,0.060731260348103,166.03773584905662,73.75906315777168,47.02122165673573,0.6374975446225053,400.0,2.539011248752824,1.6003482169769927,0.6303037128185597,400.0,-0.13452389906688,0.0026263449151113,0.1371502439819913,0.1452871726311762,1.0,2,True,The solver successfully reached the end of the integration interval.,6.802,True,True,diffusivity_high
MDA-MB-435,random,1,743414,761432,4.999999873689376e-06,4.999999969612645e-09,-52.07500076293945,,sunitinib,NSC761432,kinase_inhibitor,other,241279087.64641,243585947.13135016,1.0095609590845305,0.0406335863405923,4.4,0.9593664136594076,0.1756174352572974,14.4,0.0012841122191982,1.4023875461360749,0.5459929950197586,0.2628129291703179,,0.038117818226439,1.3130055093062434,2.619592272106757,0.8920481417661333,0.938553215145166,5.25,0.1968849621189929,0.0578624312878497,168.55345911949686,21.67723172355619,13.80937928854619,0.6370453323862303,400.0,9.51437302409918,6.051125894539513,0.6359983867788739,400.0,-0.1757099848405181,0.0052921893049978,0.181002174145516,0.1378868266366595,1.0,2,True,The solver successfully reached the end of the integration interval.,1.977,True,True,diffusivity_high
MDA-MB-435,random,0,24559,712807,9.999999974752427e-07,2.0000000233721948e-07,-89.3499984741211,,NSC24559,capecitabine,other,antimetabolite,241279087.64641,244619951.59535104,1.0138464712442754,0.3138319379095315,4.4,0.6861680620904684,0.0483131335609408,9.2,-0.000555534149755,0.514575562613387,0.792614570148608,0.1009379485587542,,0.0399446715236534,0.1855980266805725,6.810630163300961,0.2462328094437468,0.5823291284071359,5.25,0.2033398275045627,0.060731260348103,166.03773584905662,2.539011248752824,1.5895482731322854,0.6260501106141535,400.0,3.54117948981554,2.035583118833543,0.57483195209051,400.0,-0.0605132573058966,0.0006197080837276,0.0611329653896243,0.1434483684750637,1.0,2,True,The solver successfully reached the end of the integration interval.,14.654,True,True,diffusivity_high
MDA-MB-435,random,4,27640,754143,7.000000135093387e-09,9.99999993922529e-09,-62.209999084472656,,NSC27640,bendamustine,other,alkylator,241279087.64641,244253451.99587947,1.0123274850650477,0.0657607195937623,4.4,0.9342392804062376,0.1461708136924447,13.2,9.563149893793332e-05,1.1933061443295028,0.5950406642868756,0.225453354150531,,0.0394204563810194,1.1048286516592547,2.912967668560749,0.8665359052358336,0.9089025987392736,5.25,0.2033398275045627,0.060731260348103,166.03773584905662,9.564820525819265,6.079282062331373,0.6355876773558864,400.0,4.982556569608383,2.9291769992596945,0.5878863507795398,400.0,-0.1528407535665248,0.0035529691036262,0.156393722670151,0.1448821725517251,1.0,2,True,The solver successfully reached the end of the integration interval.,8.309,True,True,diffusivity_high
MDA-MB-435,tanimoto+zero,1,713563,753082,9.999999747378752e-05,4.999999987376214e-07,2.67549991607666,,arsenic trioxide,pazopanib,other,kinase_inhibitor,241279087.64641,244604129.03781673,1.013780893420318,0.354605254674231,4.4,0.6453947453257689,0.0426554258253072,9.0,-0.0005274421170805,0.4615275343498804,0.8093558857541205,0.0918604706828656,,0.0388466631361794,0.1531766166799151,7.144807817932796,0.1996581439778858,0.5385467664552521,5.25,0.2033398275045627,0.060731260348103,166.03773584905662,2.308439627427034,1.4423228824570615,0.6248042466957049,400.0,1.7043675242828893,1.0623017887987465,0.6232821112017541,400.0,-0.0541594314933666,0.0005237467061481,0.0546831781995148,0.1432944353279945,1.0,2,True,The solver successfully reached the end of the integration interval.,5.268,True,True,diffusivity_high
MDA-MB-435,tanimoto+zero,0,740,24559,1.0000000116860974e-07,9.999999974752427e-07,-92.08999633789062,,NSC740,NSC24559,other,other,241279087.64641,244625794.48331833,1.013870687549237,0.102782408394079,4.4,0.897217591605921,0.1212392353556048,12.2,-0.0005659073988758,0.999353911359001,0.6387594178851063,0.1946626835611367,,0.0403248281082549,0.8962645927178711,3.311235684976702,0.822172530978827,0.8704833607122051,5.25,0.2033398275045627,0.060731260348103,166.03773584905662,73.75906315777168,47.02122165673573,0.6374975446225053,400.0,2.539011248752824,1.6003482169769927,0.6303037128185597,400.0,-0.13452389906688,0.0026263449151113,0.1371502439819913,0.1452871726311762,1.0,2,True,The solver successfully reached the end of the integration interval.,6.785,True,True,diffusivity_high
OVCAR-8,no_treatment,-1,-1,-1,0.0,0.0,,,,,,,241279087.64641,244307242.44601148,1.012550423781605,1.0,0.0,0.0,-0.0005289501584925,0.0,0.0,0.0,1.0,0.0,,0.001098475822591,6.230461558811701e-22,0.0,-4.4497688561597695,-0.0250950517930392,5.25,0.2033398275045627,0.0578624312878497,166.03773584905662,,,,,,,,,0.0,0.0,0.0,0.1416738683806418,1.0,0,True,The solver successfully reached the end of the integration interval.,0.164,,,diffusivity_high
MDA-MB-435,ours+zero,1,279836,754143,4.999999987376214e-07,9.99999993922529e-09,-79.33200073242188,,NSC279836,bendamustine,other,alkylator,241279087.64641,244464357.23902708,1.0132015982971765,0.098249726179292,4.4,0.901750273820708,0.1139457370474344,12.2,-0.0002792064433621,1.0189413525255953,0.647855321250165,0.1885219697437869,,0.0406108182857233,0.9411798404988292,3.201395041003418,0.7951679296424696,0.8552089562823031,5.25,0.2033398275045627,0.060731260348103,166.03773584905662,2.716704000731691,1.717169350431273,0.6320781910612223,400.0,4.982556569608383,2.928289795705618,0.5877082888666078,400.0,-0.1202918788643243,0.0022069320394796,0.1224988109038039,0.1444195882037978,1.0,2,True,The solver successfully reached the end of the integration interval.,31.244,True,True,diffusivity_high
MDA-MB-435,tanimoto+zero,4,740,24559,1.0000000116860974e-07,9.999999974752427e-07,-92.08999633789062,,NSC740,NSC24559,other,other,241279087.64641,244625794.48331833,1.013870687549237,0.102782408394079,4.4,0.897217591605921,0.1212392353556048,12.2,-0.0005659073988758,0.999353911359001,0.6387594178851063,0.1946626835611367,,0.0403248281082549,0.8962645927178711,3.311235684976702,0.822172530978827,0.8704833607122051,5.25,0.2033398275045627,0.060731260348103,166.03773584905662,73.75906315777168,47.02122165673573,0.6374975446225053,400.0,2.539011248752824,1.6003482169769927,0.6303037128185597,400.0,-0.13452389906688,0.0026263449151113,0.1371502439819913,0.1452871726311762,1.0,2,True,The solver successfully reached the end of the integration interval.,6.735,True,True,diffusivity_high
OVCAR-8,act_hamming+zero,2,740,3053,1.0000000116860974e-07,9.99999993922529e-09,-26.979999542236328,,NSC740,dactinomycin,other,dna_intercalator,241279087.64641,244510226.9633876,1.0133917089479083,0.3853295162059126,4.6000000000000005,0.6146704837940874,0.0416900346078315,9.2,-0.0003606870310172,0.4253383314810298,0.8108158687516134,0.0910777601716535,,0.038772733821036,0.153360259272501,7.156878702541285,0.232987283956894,0.5570698240553975,5.25,0.2033398275045627,0.060731260348103,166.03773584905662,61.005743661518544,38.85427886304528,0.6368954221527496,400.0,0.2050804643318288,0.1035816690329983,0.5050781866058136,400.0,-0.0581894911262583,0.0005851844936577,0.0587746756199161,0.1430666489498306,1.0,2,True,The solver successfully reached the end of the integration interval.,8.723,True,True,diffusivity_high
OVCAR-8,act_hamming+zero,8,740,3053,1.0000000116860974e-07,9.99999993922529e-09,-26.979999542236328,,NSC740,dactinomycin,other,dna_intercalator,241279087.64641,244510226.9633876,1.0133917089479083,0.3853295162059126,4.6000000000000005,0.6146704837940874,0.0416900346078315,9.2,-0.0003606870310172,0.4253383314810298,0.8108158687516134,0.0910777601716535,,0.038772733821036,0.153360259272501,7.156878702541285,0.232987283956894,0.5570698240553975,5.25,0.2033398275045627,0.060731260348103,166.03773584905662,61.005743661518544,38.85427886304528,0.6368954221527496,400.0,0.2050804643318288,0.1035816690329983,0.5050781866058136,400.0,-0.0581894911262583,0.0005851844936577,0.0587746756199161,0.1430666489498306,1.0,2,True,The solver successfully reached the end of the integration interval.,8.798,True,True,diffusivity_high
OVCAR-8,hamming+zero,2,740,3053,1.0000000116860974e-07,9.99999993922529e-09,-26.979999542236328,,NSC740,dactinomycin,other,dna_intercalator,241279087.64641,244510226.9633876,1.0133917089479083,0.3853295162059126,4.6000000000000005,0.6146704837940874,0.0416900346078315,9.2,-0.0003606870310172,0.4253383314810298,0.8108158687516134,0.0910777601716535,,0.038772733821036,0.153360259272501,7.156878702541285,0.232987283956894,0.5570698240553975,5.25,0.2033398275045627,0.060731260348103,166.03773584905662,61.005743661518544,38.85427886304528,0.6368954221527496,400.0,0.2050804643318288,0.1035816690329983,0.5050781866058136,400.0,-0.0581894911262583,0.0005851844936577,0.0587746756199161,0.1430666489498306,1.0,2,True,The solver successfully reached the end of the integration interval.,8.72,True,True,diffusivity_high
OVCAR-8,hamming+zero,8,740,3053,1.0000000116860974e-07,9.99999993922529e-09,-26.979999542236328,,NSC740,dactinomycin,other,dna_intercalator,241279087.64641,244510226.9633876,1.0133917089479083,0.3853295162059126,4.6000000000000005,0.6146704837940874,0.0416900346078315,9.2,-0.0003606870310172,0.4253383314810298,0.8108158687516134,0.0910777601716535,,0.038772733821036,0.153360259272501,7.156878702541285,0.232987283956894,0.5570698240553975,5.25,0.2033398275045627,0.060731260348103,166.03773584905662,61.005743661518544,38.85427886304528,0.6368954221527496,400.0,0.2050804643318288,0.1035816690329983,0.5050781866058136,400.0,-0.0581894911262583,0.0005851844936577,0.0587746756199161,0.1430666489498306,1.0,2,True,The solver successfully reached the end of the integration interval.,8.76,True,True,diffusivity_high
OVCAR-8,ours+zero,2,125066,681239,9.999999974752427e-07,3.000000106112566e-07,-93.2300033569336,,bleomycin,bortezomib,dna_cleaver,proteasome,241279087.64641,243344325.5909956,1.008559539762568,0.0425328161587567,4.6000000000000005,0.9574671838412432,0.1917057608859645,14.8,0.0017151181195335,1.3824464697595271,0.5212041451373761,0.2829921390010288,,0.0371338288431814,1.1788945011090626,2.843522594732955,0.896527067391925,0.950276845833763,5.25,0.1968849621189929,0.0578624312878497,168.55345911949686,0.0469345509671727,0.0292957098413963,0.6241821693763844,400.0,2.8664938663465582,1.869752548533145,0.6522785799350782,400.0,-0.2109291989469313,0.0072046913328601,0.2181338902797914,0.1386755486397728,1.0,2,True,The solver successfully reached the end of the integration interval.,5.072,True,True,diffusivity_high
OVCAR-8,ours+zero,8,125066,681239,9.999999974752427e-07,3.000000106112566e-07,-93.2300033569336,,bleomycin,bortezomib,dna_cleaver,proteasome,241279087.64641,243344325.5909956,1.008559539762568,0.0425328161587567,4.6000000000000005,0.9574671838412432,0.1917057608859645,14.8,0.0017151181195335,1.3824464697595271,0.5212041451373761,0.2829921390010288,,0.0371338288431814,1.1788945011090626,2.843522594732955,0.896527067391925,0.950276845833763,5.25,0.1968849621189929,0.0578624312878497,168.55345911949686,0.0469345509671727,0.0292957098413963,0.6241821693763844,400.0,2.8664938663465582,1.869752548533145,0.6522785799350782,400.0,-0.2109291989469313,0.0072046913328601,0.2181338902797914,0.1386755486397728,1.0,2,True,The solver successfully reached the end of the integration interval.,5.128,True,True,diffusivity_high
OVCAR-8,tanimoto+zero,2,1390,713563,0.0001999999949475,9.999999747378752e-05,-43.05500030517578,,NSC1390,arsenic trioxide,other,other,241279087.64641,244619575.4872455,1.0138449124348932,0.3032164574704501,4.4,0.6967835425295499,0.0500076338736938,9.4,-0.0005548664127231,0.5295199316999997,0.7879412053047453,0.1035061875413432,,0.0402335589756892,0.1974141791118401,6.693110226074829,0.2615433961155392,0.5948761601007155,5.25,0.2033398275045627,0.060731260348103,166.03773584905662,9.765587997067096,6.176412111038141,0.6324669966512109,400.0,2.3689685491773296,1.482890958616996,0.6259648145738189,400.0,-0.0621328205377156,0.0006460247988192,0.0627788453365348,0.1434750255279989,1.0,2,True,The solver successfully reached the end of the integration interval.,2.123,True,True,diffusivity_high
OVCAR-8,random,2,8806,754143,1.0000000116860974e-07,9.99999993922529e-09,12.972000122070312,,melphalan,bendamustine,alkylator,alkylator,241279087.64641,244544806.2038311,1.0135350253073194,0.1546311121585486,4.4,0.8453688878414514,0.0855863371684121,11.2,-0.0004221016871176,0.8219758217139448,0.70161665329793,0.1539001112760486,,0.0415353060669313,0.7158643677155794,3.7588435839664087,0.6495110763650378,0.7768079663794831,5.25,0.2033398275045627,0.060731260348103,166.03773584905662,0.0342117755132451,0.0199928485519006,0.5843850034664347,400.0,4.068882418645005,2.38935330096333,0.5872259394900426,400.0,-0.0939750914399066,0.0013815181791766,0.0953566096190833,0.143942560896443,1.0,2,True,The solver successfully reached the end of the integration interval.,5.245,True,True,diffusivity_high
PC-3,no_treatment,-1,-1,-1,0.0,0.0,,,,,,,241279087.64641,244307242.44601148,1.012550423781605,1.0,0.0,0.0,-0.0005289501584925,0.0,0.0,0.0,1.0,0.0,,0.001098475822591,6.230461558811701e-22,0.0,-4.4497688561597695,-0.0250950517930392,5.25,0.2033398275045627,0.0578624312878497,166.03773584905662,,,,,,,,,0.0,0.0,0.0,0.1416738683806418,1.0,0,True,The solver successfully reached the end of the integration interval.,0.159,,,diffusivity_high
OVCAR-8,tanimoto+zero,8,1390,713563,0.0001999999949475,9.999999747378752e-05,-43.05500030517578,,NSC1390,arsenic trioxide,other,other,241279087.64641,244619575.4872455,1.0138449124348932,0.3032164574704501,4.4,0.6967835425295499,0.0500076338736938,9.4,-0.0005548664127231,0.5295199316999997,0.7879412053047453,0.1035061875413432,,0.0402335589756892,0.1974141791118401,6.693110226074829,0.2615433961155392,0.5948761601007155,5.25,0.2033398275045627,0.060731260348103,166.03773584905662,9.765587997067096,6.176412111038141,0.6324669966512109,400.0,2.3689685491773296,1.482890958616996,0.6259648145738189,400.0,-0.0621328205377156,0.0006460247988192,0.0627788453365348,0.1434750255279989,1.0,2,True,The solver successfully reached the end of the integration interval.,2.14,True,True,diffusivity_high
OVCAR-8,random,8,85998,713563,9.999999747378752e-05,9.999999747378752e-05,-19.92300033569336,,streptozocin,arsenic trioxide,alkylator,other,241279087.64641,244616474.3909077,1.0138320596992167,0.313643120317745,4.4,0.686356879682255,0.0484836219589638,9.2,-0.0005493607308434,0.5148369353631053,0.7921056091578005,0.1012169113186131,,0.0399758330354686,0.1868069526697629,6.798578837247918,0.2478774635554197,0.5838558474828229,5.25,0.2033398275045627,0.060731260348103,166.03773584905662,0.014237267842602,0.0082808191747028,0.5816297948630429,400.0,2.3689685491773296,1.482533330666392,0.6258138510033114,400.0,-0.0603191878667519,0.0006207393741102,0.0609399272408621,0.1434369691214377,1.0,2,True,The solver successfully reached the end of the integration interval.,9.108,True,True,diffusivity_high
PC-3,act_hamming+zero,1,740,6396,9.99999993922529e-09,1.0000000116860974e-07,-31.86000061035156,,NSC740,thiotepa,other,alkylator,241279087.64641,244473797.036112,1.0132407222725566,0.5086939204512508,4.4,0.4913060795487491,0.026186812198859,8.0,-0.0002959760562422,0.3048161539187641,0.8650627334305669,0.0629523968186298,,0.034221797239659,0.0905893637404005,7.799575080191378,0.0903936156566221,0.3843458123423611,5.25,0.2033398275045627,0.060731260348103,166.03773584905662,5.297392148459928,3.331847988311004,0.62896004202363,400.0,6.333358819046819e-05,3.679517264739848e-05,0.5809740723475418,400.0,-0.0374295000961977,0.0003042105962028,0.0377337106924006,0.1426318084765169,1.0,2,True,The solver successfully reached the end of the integration interval.,8.302,True,True,diffusivity_high
PC-3,act_hamming+zero,6,740,6396,9.99999993922529e-09,1.0000000116860974e-07,-31.86000061035156,,NSC740,thiotepa,other,alkylator,241279087.64641,244473797.036112,1.0132407222725566,0.5086939204512508,4.4,0.4913060795487491,0.026186812198859,8.0,-0.0002959760562422,0.3048161539187641,0.8650627334305669,0.0629523968186298,,0.034221797239659,0.0905893637404005,7.799575080191378,0.0903936156566221,0.3843458123423611,5.25,0.2033398275045627,0.060731260348103,166.03773584905662,5.297392148459928,3.331847988311004,0.62896004202363,400.0,6.333358819046819e-05,3.679517264739848e-05,0.5809740723475418,400.0,-0.0374295000961977,0.0003042105962028,0.0377337106924006,0.1426318084765169,1.0,2,True,The solver successfully reached the end of the integration interval.,8.285,True,True,diffusivity_high
PC-3,act_hamming+zero,9,681239,750690,3.000000106112566e-07,1.0000000116860974e-07,-37.0,,bortezomib,everolimus,proteasome,kinase_inhibitor,241279087.64641,238295572.49974385,0.9876345887421522,0.0169675659274237,4.4,0.9830324340725762,0.2423797132889683,,0.0108203684618709,1.781653155885059,0.4283018024907559,0.3682500978888807,,0.033694487323406,1.769870261153696,2.1963876175631474,0.8826791228160079,0.9751405895578592,5.25,0.190568164729299,0.0425249427297684,171.0691823899371,16.44251124641934,10.909291173463782,0.6634808399987855,400.0,0.1288778901525277,0.0814413777696427,0.6319266840360002,400.0,-0.0653495373369434,0.0140029786550198,0.0793525159919633,0.1211477553039833,1.0,2,True,The solver successfully reached the end of the integration interval.,10.146,True,True,diffusivity_high
PC-3,hamming+zero,1,740,6396,9.99999993922529e-09,1.0000000116860974e-07,-31.86000061035156,,NSC740,thiotepa,other,alkylator,241279087.64641,244473797.036112,1.0132407222725566,0.5086939204512508,4.4,0.4913060795487491,0.026186812198859,8.0,-0.0002959760562422,0.3048161539187641,0.8650627334305669,0.0629523968186298,,0.034221797239659,0.0905893637404005,7.799575080191378,0.0903936156566221,0.3843458123423611,5.25,0.2033398275045627,0.060731260348103,166.03773584905662,5.297392148459928,3.331847988311004,0.62896004202363,400.0,6.333358819046819e-05,3.679517264739848e-05,0.5809740723475418,400.0,-0.0374295000961977,0.0003042105962028,0.0377337106924006,0.1426318084765169,1.0,2,True,The solver successfully reached the end of the integration interval.,8.508,True,True,diffusivity_high
PC-3,hamming+zero,6,740,6396,9.99999993922529e-09,1.0000000116860974e-07,-31.86000061035156,,NSC740,thiotepa,other,alkylator,241279087.64641,244473797.036112,1.0132407222725566,0.5086939204512508,4.4,0.4913060795487491,0.026186812198859,8.0,-0.0002959760562422,0.3048161539187641,0.8650627334305669,0.0629523968186298,,0.034221797239659,0.0905893637404005,7.799575080191378,0.0903936156566221,0.3843458123423611,5.25,0.2033398275045627,0.060731260348103,166.03773584905662,5.297392148459928,3.331847988311004,0.62896004202363,400.0,6.333358819046819e-05,3.679517264739848e-05,0.5809740723475418,400.0,-0.0374295000961977,0.0003042105962028,0.0377337106924006,0.1426318084765169,1.0,2,True,The solver successfully reached the end of the integration interval.,8.478,True,True,diffusivity_high
PC-3,ours+zero,1,673596,754143,9.99999993922529e-09,9.99999993922529e-09,-76.30000305175781,,NSC673596,bendamustine,other,alkylator,241279087.64641,244493301.197675,1.013321558791599,0.4595901520597708,4.4,0.5404098479402293,0.030496445572678,8.200000000000001,-0.0003306227626405,0.3489019869990107,0.848531793809235,0.0713318803737406,,0.0357399483764055,0.1048735710070707,7.655639930124314,0.1112836709049082,0.4311793675483748,5.25,0.2033398275045627,0.060731260348103,166.03773584905662,0.0325309557626348,0.0200557792621126,0.616513680337323,400.0,1.1090544281393298,0.6473296377880423,0.5836770688288697,400.0,-0.0412966009125759,0.0003555270791392,0.0416521279917151,0.1427521763922515,1.0,2,True,The solver successfully reached the end of the integration interval.,6.389,True,True,diffusivity_high
PC-3,hamming+zero,9,681239,750690,3.000000106112566e-07,1.0000000116860974e-07,-37.0,,bortezomib,everolimus,proteasome,kinase_inhibitor,241279087.64641,238295572.49974385,0.9876345887421522,0.0169675659274237,4.4,0.9830324340725762,0.2423797132889683,,0.0108203684618709,1.781653155885059,0.4283018024907559,0.3682500978888807,,0.033694487323406,1.769870261153696,2.1963876175631474,0.8826791228160079,0.9751405895578592,5.25,0.190568164729299,0.0425249427297684,171.0691823899371,16.44251124641934,10.909291173463782,0.6634808399987855,400.0,0.1288778901525277,0.0814413777696427,0.6319266840360002,400.0,-0.0653495373369434,0.0140029786550198,0.0793525159919633,0.1211477553039833,1.0,2,True,The solver successfully reached the end of the integration interval.,10.308,True,True,diffusivity_high
PC-3,random,1,279836,761432,4.999999987376214e-07,4.999999858590343e-10,28.219999313354492,,NSC279836,NSC761432,other,other,241279087.64641,244413534.27438077,1.0129909585556964,0.6937364841173601,4.4,0.3062635158826399,0.0147019482567395,6.800000000000001,-0.0001889093218823,0.170078166231924,0.9155613586783028,0.0383125450351948,,0.028329236474829,0.0558862728953946,8.067687618906696,0.060562918418466,0.2399053380865734,5.25,0.2033398275045627,0.060731260348103,166.03773584905662,0.4513395075304535,0.2774526253678194,0.6147315285690976,400.0,2.404650062963026,1.49697627618346,0.6225339392372442,400.0,-0.0225082701854719,0.0001672432782068,0.0226755134636787,0.142259533190231,1.0,2,True,The solver successfully reached the end of the integration interval.,1.883,True,True,diffusivity_high
PC-3,ours+zero,6,24559,681239,9.999999974752427e-07,3.000000106112566e-07,-82.56999969482422,,NSC24559,bortezomib,other,proteasome,241279087.64641,216815484.36304644,0.8986086878809219,0.0015783865290669,4.4,0.9984216134709332,0.4112159412415538,,0.0518460466628721,2.8130593354811384,0.2310396284958439,0.6363135224411973,,0.0224670741443792,2.8147453529945325,1.7025782643033875,0.6699418316991905,0.9977128947609732,5.25,0.1297689898534948,0.0024710439694324,198.7421383647799,2.422824516355851,1.5393823896698913,0.6353668535537451,400.0,16.44251124641934,10.922842682324092,0.6643050151297749,400.0,-0.1094683783385475,0.088107042962316,0.1975754213008635,0.0621662223850464,1.0,2,True,The solver successfully reached the end of the integration interval.,10.018,True,True,diffusivity_high
PC-3,random,6,279836,737754,4.999999987376214e-07,1.0000000116860974e-07,27.4950008392334,,NSC279836,ixabepilone,other,antimitotic,241279087.64641,244329093.51416564,1.0126409872380873,0.9454597601327864,4.4,0.0545402398672134,0.0020407899288241,2.8,-3.88419674550737e-05,0.0356296517056293,0.9817722213621152,0.0079892601561126,,0.0107347636399587,0.0122070181609259,5.602164346409696,0.2245725527577995,0.0292581226776564,5.25,0.2033398275045627,0.0578624312878497,166.03773584905662,0.4513395075304535,0.2757009317363003,0.6108504288596933,400.0,0.0037159631513533,0.0017756566503825,0.4778456023536899,400.0,-0.0037067888976518,2.546060325381294e-05,0.0037322495009056,0.1417833457627398,1.0,2,True,The solver successfully reached the end of the integration interval.,1.813,True,True,diffusivity_high
PC-3,ours+zero,9,123127,681239,4.999999987376214e-07,3.000000106112566e-07,-91.41999816894533,,doxorubicin,bortezomib,dna_intercalator,proteasome,241279087.64641,236468192.2658949,0.9800608688160932,0.0126469069716755,4.4,0.9873530930283244,0.2633426858147339,,0.0141636104277005,1.909288377222058,0.4000158579572107,0.3979227914550455,,0.0324396254408604,1.9010772654564032,2.1053838849286066,0.8638741661258684,0.9813570449883968,5.25,0.1843879427084984,0.0359946996815853,173.58490566037736,8.609056652850331,5.52481452243004,0.6417444727350999,400.0,16.44251124641934,10.912067214402668,0.6636496731470366,400.0,-0.0189031593332762,0.0176728084518043,0.0365759677850805,0.1123761726700367,1.0,2,True,The solver successfully reached the end of the integration interval.,6.454,True,True,diffusivity_high
PC-3,tanimoto+zero,1,750,92859,4.999999873689376e-05,6.000000212225132e-06,-39.7599983215332,,NSC750,dromostanolone,other,hormonal,241279087.64641,244415165.54985335,1.0129977195041422,0.7009158338924549,4.4,0.299084166107545,0.0132475950142779,6.6,-0.0001918078993859,0.165606830268715,0.9210327978244868,0.0357249043736415,,0.0274001238540473,0.0520297200768059,8.073383125453343,0.0454593680040064,0.2156820578201376,5.25,0.2033398275045627,0.060731260348103,166.03773584905662,231.23362626659684,147.4536387990475,0.637682508291607,400.0,11.901275414901978,7.148639379897789,0.6006616207660183,400.0,-0.0222673592619566,0.0001502918248581,0.0224176510868148,0.1422509373675103,1.0,2,True,The solver successfully reached the end of the integration interval.,6.356,True,True,diffusivity_high
PC-3,tanimoto+zero,6,750,92859,4.999999873689376e-05,6.000000212225132e-06,-39.7599983215332,,NSC750,dromostanolone,other,hormonal,241279087.64641,244415165.54985335,1.0129977195041422,0.7009158338924549,4.4,0.299084166107545,0.0132475950142779,6.6,-0.0001918078993859,0.165606830268715,0.9210327978244868,0.0357249043736415,,0.0274001238540473,0.0520297200768059,8.073383125453343,0.0454593680040064,0.2156820578201376,5.25,0.2033398275045627,0.060731260348103,166.03773584905662,231.23362626659684,147.4536387990475,0.637682508291607,400.0,11.901275414901978,7.148639379897789,0.6006616207660183,400.0,-0.0222673592619566,0.0001502918248581,0.0224176510868148,0.1422509373675103,1.0,2,True,The solver successfully reached the end of the integration interval.,6.331,True,True,diffusivity_high
T-47D,no_treatment,-1,-1,-1,0.0,0.0,,,,,,,241279087.64641,244307242.44601148,1.012550423781605,1.0,0.0,0.0,-0.0005289501584925,0.0,0.0,0.0,1.0,0.0,,0.001098475822591,6.230461558811701e-22,0.0,-4.4497688561597695,-0.0250950517930392,5.25,0.2033398275045627,0.0578624312878497,166.03773584905662,,,,,,,,,0.0,0.0,0.0,0.1416738683806418,1.0,0,True,The solver successfully reached the end of the integration interval.,0.152,,,diffusivity_high
PC-3,random,9,681239,750690,3.000000106112566e-07,1.0000000116860974e-07,-37.0,,bortezomib,everolimus,proteasome,kinase_inhibitor,241279087.64641,238295572.49974385,0.9876345887421522,0.0169675659274237,4.4,0.9830324340725762,0.2423797132889683,,0.0108203684618709,1.781653155885059,0.4283018024907559,0.3682500978888807,,0.033694487323406,1.769870261153696,2.1963876175631474,0.8826791228160079,0.9751405895578592,5.25,0.190568164729299,0.0425249427297684,171.0691823899371,16.44251124641934,10.909291173463782,0.6634808399987855,400.0,0.1288778901525277,0.0814413777696427,0.6319266840360002,400.0,-0.0653495373369434,0.0140029786550198,0.0793525159919633,0.1211477553039833,1.0,2,True,The solver successfully reached the end of the integration interval.,10.218,True,True,diffusivity_high
PC-3,tanimoto+zero,9,681239,750690,3.000000106112566e-07,1.0000000116860974e-07,-37.0,,bortezomib,everolimus,proteasome,kinase_inhibitor,241279087.64641,238295572.49974385,0.9876345887421522,0.0169675659274237,4.4,0.9830324340725762,0.2423797132889683,,0.0108203684618709,1.781653155885059,0.4283018024907559,0.3682500978888807,,0.033694487323406,1.769870261153696,2.1963876175631474,0.8826791228160079,0.9751405895578592,5.25,0.190568164729299,0.0425249427297684,171.0691823899371,16.44251124641934,10.909291173463782,0.6634808399987855,400.0,0.1288778901525277,0.0814413777696427,0.6319266840360002,400.0,-0.0653495373369434,0.0140029786550198,0.0793525159919633,0.1211477553039833,1.0,2,True,The solver successfully reached the end of the integration interval.,10.067,True,True,diffusivity_high
T-47D,act_hamming+zero,9,79037,279836,4.999999873689376e-05,4.999999987376214e-07,38.91999816894531,,lomustine,NSC279836,alkylator,other,241279087.64641,244455006.55030447,1.0131628436383542,0.5312565716294475,4.4,0.4687434283705525,0.0243407306004998,8.0,-0.0002625944913083,0.2859683858990675,0.8721136055357209,0.0594269381825435,,0.0335004447283973,0.0849473333083733,7.85555252721394,0.0818430484018316,0.3621937887516824,5.25,0.2033398275045627,0.060731260348103,166.03773584905662,5.002740239714067,2.932627037761529,0.5862041395795407,400.0,11.09291211405064,7.014931173568651,0.6323795863020778,400.0,-0.036110829366994,0.0002907350830474,0.0364015644500415,0.1425546918600521,1.0,2,True,The solver successfully reached the end of the integration interval.,11.748,True,True,diffusivity_high
T-47D,hamming+zero,9,79037,279836,4.999999873689376e-05,4.999999987376214e-07,38.91999816894531,,lomustine,NSC279836,alkylator,other,241279087.64641,244455006.55030447,1.0131628436383542,0.5312565716294475,4.4,0.4687434283705525,0.0243407306004998,8.0,-0.0002625944913083,0.2859683858990675,0.8721136055357209,0.0594269381825435,,0.0335004447283973,0.0849473333083733,7.85555252721394,0.0818430484018316,0.3621937887516824,5.25,0.2033398275045627,0.060731260348103,166.03773584905662,5.002740239714067,2.932627037761529,0.5862041395795407,400.0,11.09291211405064,7.014931173568651,0.6323795863020778,400.0,-0.036110829366994,0.0002907350830474,0.0364015644500415,0.1425546918600521,1.0,2,True,The solver successfully reached the end of the integration interval.,12.191,True,True,diffusivity_high
T-47D,random,9,45388,125973,4.999999987376214e-07,5.99999978589949e-08,29.951000213623047,,dacarbazine,paclitaxel,alkylator,antimitotic,241279087.64641,244477101.156057,1.0132544164554105,0.7033543499224867,4.6000000000000005,0.2966456500775133,0.0152778672379017,6.8,-0.0003018456070089,0.1639964309720054,0.9143258247997852,0.0388990135694638,,0.0288327673027959,0.058131719153189,8.063049529485244,0.1005085694439692,0.2607501264103943,5.25,0.2033398275045627,0.060731260348103,166.03773584905662,0.0778429239898828,0.0451138295225949,0.5795495237108307,400.0,7.097702764445099,4.049030457832405,0.5704705581805185,400.0,-0.0324625175567723,0.0001978727681898,0.0326603903249621,0.142540437077518,1.0,2,True,The solver successfully reached the end of the integration interval.,6.259,True,True,diffusivity_high
T-47D,ours+zero,9,673596,681239,9.99999993922529e-09,2.999999892949745e-08,-88.95999908447266,,NSC673596,bortezomib,other,proteasome,241279087.64641,241834550.08941755,1.002302157424524,0.0189439200959466,4.6000000000000005,0.9810560799040534,0.241079593895212,16.2,0.0044179945987878,1.7337007554613546,0.4537596616725423,0.3431741146469628,,0.0349182187983216,1.5313972259356592,2.4138988786253495,0.8771722154922976,0.9755362438573448,5.25,0.1968849621189929,0.0550853987870166,168.55345911949686,4.84315787577589,3.075857887106066,0.6350934588547361,400.0,0.5207749686267218,0.3389335198910865,0.6508252898269107,400.0,-0.2563102543762734,0.0122310049391297,0.2685412593154032,0.1377412662311044,1.0,2,True,The solver successfully reached the end of the integration interval.,9.525,True,True,diffusivity_high
T-47D,tanimoto+zero,9,713563,747972,9.999999747378752e-05,2.9999999242136255e-05,24.45599937438965,,arsenic trioxide,lapatinib,other,kinase_inhibitor,241279087.64641,244409281.06801668,1.0129733308101443,0.7221934707048433,4.4,0.2778065292951567,0.0123139485673558,6.200000000000001,-0.000181351802076,0.1526191435158492,0.9258536855014872,0.0334576403159287,,0.0266561215258274,0.0491635918518917,8.073553621666083,0.0454850711120587,0.2033143902862673,5.25,0.2033398275045627,0.060731260348103,166.03773584905662,2.247734761770227,1.3964937953459235,0.621289406160227,400.0,456.90223552326705,291.4815278178851,0.6379516341916471,400.0,-0.0179811612529703,0.0001270552563569,0.0181082165093272,0.1421924566205248,1.0,2,True,The solver successfully reached the end of the integration interval.,5.499,True,True,diffusivity_high
DU-145,no_treatment,-1,-1,-1,0.0,0.0,,,,,,,241279087.64641,244307242.44601148,1.012550423781605,1.0,0.0,0.0,-0.0005289501584925,0.0,0.0,0.0,1.0,0.0,,0.001098475822591,6.230461558811701e-22,0.0,-4.4497688561597695,-0.0250950517930392,5.25,0.2033398275045627,0.0578624312878497,166.03773584905662,,,,,,,,,0.0,0.0,0.0,0.1416738683806418,1.0,0,True,The solver successfully reached the end of the integration interval.,0.172,,,diffusivity_low
DU-145,act_hamming+zero,7,740,9706,9.99999993922529e-09,4.999999873689376e-06,-42.18000030517578,,NSC740,triethylenemelamine,other,alkylator,241279087.64641,224716538.8040864,0.9313552243425434,0.0058360462419456,4.6000000000000005,0.9941639537580544,0.3269786932587056,,0.0363013047237972,2.245051884316202,0.3099652225884085,0.5086870303115814,,0.0270854682176404,1.6351859224427587,2.4668140581647156,0.7786327050719748,0.992431478869206,5.25,0.1500911062194407,0.0,188.67924528301887,1.4550478895615448,0.9228533536432754,0.6342425979679351,400.0,9.924387754952315,6.460629099067086,0.6509851548115099,400.0,0.3664939681613198,0.0414878927714539,-0.3250060753898659,0.0656263192451337,1.0,2,True,The solver successfully reached the end of the integration interval.,1.73,True,True,diffusivity_low
DU-145,hamming+zero,7,740,9706,9.99999993922529e-09,4.999999873689376e-06,-42.18000030517578,,NSC740,triethylenemelamine,other,alkylator,241279087.64641,224716538.8040864,0.9313552243425434,0.0058360462419456,4.6000000000000005,0.9941639537580544,0.3269786932587056,,0.0363013047237972,2.245051884316202,0.3099652225884085,0.5086870303115814,,0.0270854682176404,1.6351859224427587,2.4668140581647156,0.7786327050719748,0.992431478869206,5.25,0.1500911062194407,0.0,188.67924528301887,1.4550478895615448,0.9228533536432754,0.6342425979679351,400.0,9.924387754952315,6.460629099067086,0.6509851548115099,400.0,0.3664939681613198,0.0414878927714539,-0.3250060753898659,0.0656263192451337,1.0,2,True,The solver successfully reached the end of the integration interval.,1.762,True,True,diffusivity_low
DU-145,ours+zero,7,67574,754143,1.0000000116860974e-07,9.99999993922529e-09,-66.76000213623047,,vincristine,bendamustine,antimitotic,alkylator,241279087.64641,223819327.91341943,0.927636663818219,0.0058156915136379,4.4,0.994184308486362,0.3212995870743956,,0.0380387544464805,2.2466713393682296,0.3145152621147361,0.5023582752063473,,0.0275492081707779,1.882487510502484,2.21167241978772,0.7982233326113815,0.9920245725050918,5.25,0.1448251182253859,0.0,191.19496855345912,10.501821987414438,6.482658079417558,0.6172888939830141,400.0,15.711282702554875,10.274049015161044,0.6539280852918736,400.0,0.5924581001989692,0.0372929213302151,-0.555165178868754,0.0555378675294045,1.0,2,True,The solver successfully reached the end of the integration interval.,1.747,True,True,diffusivity_low
MDA-MB-231/ATCC,no_treatment,-1,-1,-1,0.0,0.0,,,,,,,241279087.64641,244307242.44601148,1.012550423781605,1.0,0.0,0.0,-0.0005289501584925,0.0,0.0,0.0,1.0,0.0,,0.001098475822591,6.230461558811701e-22,0.0,-4.4497688561597695,-0.0250950517930392,5.25,0.2033398275045627,0.0578624312878497,166.03773584905662,,,,,,,,,0.0,0.0,0.0,0.1416738683806418,1.0,0,True,The solver successfully reached the end of the integration interval.,0.148,,,diffusivity_low
DU-145,random,7,66847,754143,9.999999974752427e-07,9.99999993922529e-09,-38.16999816894531,,thalidomide,bendamustine,other,alkylator,241279087.64641,219515837.49818152,0.9098005120936044,0.0058421177619805,4.6000000000000005,0.9941578822380194,0.3203769245483042,,0.0464704828205171,2.2446003017070484,0.2958623209365968,0.5289103401832945,,0.0262611791005732,1.8845704895924849,2.236389273882468,0.7825981887953888,0.992162938516656,5.25,0.1203348410109711,0.0,203.7735849056604,1899.9999729811136,1249.7230209898842,0.6577489677692256,400.0,15.711282702554875,10.27495516758741,0.6539857605589744,400.0,0.6251248377371204,0.0505363734916124,-0.5745884642455079,0.0375416810928183,1.0,2,True,The solver successfully reached the end of the integration interval.,1.801,True,True,diffusivity_low
DU-145,tanimoto+zero,7,740,9706,9.99999993922529e-09,4.999999873689376e-06,-42.18000030517578,,NSC740,triethylenemelamine,other,alkylator,241279087.64641,224716538.8040864,0.9313552243425434,0.0058360462419456,4.6000000000000005,0.9941639537580544,0.3269786932587056,,0.0363013047237972,2.245051884316202,0.3099652225884085,0.5086870303115814,,0.0270854682176404,1.6351859224427587,2.4668140581647156,0.7786327050719748,0.992431478869206,5.25,0.1500911062194407,0.0,188.67924528301887,1.4550478895615448,0.9228533536432754,0.6342425979679351,400.0,9.924387754952315,6.460629099067086,0.6509851548115099,400.0,0.3664939681613198,0.0414878927714539,-0.3250060753898659,0.0656263192451337,1.0,2,True,The solver successfully reached the end of the integration interval.,1.814,True,True,diffusivity_low
MDA-MB-231/ATCC,act_hamming+zero,2,740,24559,9.999999717180683e-10,9.999999974752427e-07,-47.369998931884766,,NSC740,NSC24559,other,other,241279087.64641,244402110.8196916,1.0129436131566376,0.754538051982354,4.4,0.2454619480176459,0.0112842231846752,6.0,-0.0001686106944285,0.1335915547053768,0.9332795221321653,0.0299882632861419,,0.0255427618521352,0.0452271560414815,8.07325679835357,0.0623406446286112,0.1858318566147817,5.25,0.2033398275045627,0.060731260348103,166.03773584905662,0.0018356311089325,0.000785463905068,0.4278985582919399,400.0,2.464070125116591,1.141529327915607,0.4632698218609318,400.0,-0.0103549470176418,9.431561161643565e-05,0.0104492626292582,0.1421012118983586,1.0,2,True,The solver successfully reached the end of the integration interval.,1.653,True,True,diffusivity_low
MDA-MB-231/ATCC,act_hamming+zero,6,740,24559,9.999999717180683e-10,9.999999974752427e-07,-47.369998931884766,,NSC740,NSC24559,other,other,241279087.64641,244402110.8196916,1.0129436131566376,0.754538051982354,4.4,0.2454619480176459,0.0112842231846752,6.0,-0.0001686106944285,0.1335915547053768,0.9332795221321653,0.0299882632861419,,0.0255427618521352,0.0452271560414815,8.07325679835357,0.0623406446286112,0.1858318566147817,5.25,0.2033398275045627,0.060731260348103,166.03773584905662,0.0018356311089325,0.000785463905068,0.4278985582919399,400.0,2.464070125116591,1.141529327915607,0.4632698218609318,400.0,-0.0103549470176418,9.431561161643565e-05,0.0104492626292582,0.1421012118983586,1.0,2,True,The solver successfully reached the end of the integration interval.,1.844,True,True,diffusivity_low
MDA-MB-231/ATCC,act_hamming+zero,7,82151,713563,1.999999987845058e-08,9.999999747378752e-05,-54.54100036621094,,daunorubicin,arsenic trioxide,dna_intercalator,other,241279087.64641,244396684.69718343,1.0129211241686316,0.7654112122721659,4.4,0.2345887877278341,0.010649128585431,6.0,-0.0001589685468408,0.1273778814210294,0.9363085364821304,0.0285810170612467,,0.0249825635359796,0.0433595367891734,8.067480346296511,0.0617390982715919,0.1762598015005835,5.25,0.2033398275045627,0.060731260348103,166.03773584905662,0.1181595423028795,0.0048005048000705,0.0406273137701004,55.27771435385722,2.404551954742679,1.1115560612058355,0.4622715924326067,400.0,-0.0096992924014771,8.77283464696399e-05,0.0097870207479467,0.1420756062673015,1.0,2,True,The solver successfully reached the end of the integration interval.,1.864,True,True,diffusivity_low
MDA-MB-231/ATCC,act_hamming+zero,8,740,24559,9.999999717180683e-10,9.999999974752427e-07,-47.369998931884766,,NSC740,NSC24559,other,other,241279087.64641,244402110.8196916,1.0129436131566376,0.754538051982354,4.4,0.2454619480176459,0.0112842231846752,6.0,-0.0001686106944285,0.1335915547053768,0.9332795221321653,0.0299882632861419,,0.0255427618521352,0.0452271560414815,8.07325679835357,0.0623406446286112,0.1858318566147817,5.25,0.2033398275045627,0.060731260348103,166.03773584905662,0.0018356311089325,0.000785463905068,0.4278985582919399,400.0,2.464070125116591,1.141529327915607,0.4632698218609318,400.0,-0.0103549470176418,9.431561161643565e-05,0.0104492626292582,0.1421012118983586,1.0,2,True,The solver successfully reached the end of the integration interval.,1.817,True,True,diffusivity_low
MDA-MB-231/ATCC,hamming+zero,6,740,24559,9.999999717180683e-10,9.999999974752427e-07,-47.369998931884766,,NSC740,NSC24559,other,other,241279087.64641,244402110.8196916,1.0129436131566376,0.754538051982354,4.4,0.2454619480176459,0.0112842231846752,6.0,-0.0001686106944285,0.1335915547053768,0.9332795221321653,0.0299882632861419,,0.0255427618521352,0.0452271560414815,8.07325679835357,0.0623406446286112,0.1858318566147817,5.25,0.2033398275045627,0.060731260348103,166.03773584905662,0.0018356311089325,0.000785463905068,0.4278985582919399,400.0,2.464070125116591,1.141529327915607,0.4632698218609318,400.0,-0.0103549470176418,9.431561161643565e-05,0.0104492626292582,0.1421012118983586,1.0,2,True,The solver successfully reached the end of the integration interval.,1.501,True,True,diffusivity_low
MDA-MB-231/ATCC,hamming+zero,2,740,24559,9.999999717180683e-10,9.999999974752427e-07,-47.369998931884766,,NSC740,NSC24559,other,other,241279087.64641,244402110.8196916,1.0129436131566376,0.754538051982354,4.4,0.2454619480176459,0.0112842231846752,6.0,-0.0001686106944285,0.1335915547053768,0.9332795221321653,0.0299882632861419,,0.0255427618521352,0.0452271560414815,8.07325679835357,0.0623406446286112,0.1858318566147817,5.25,0.2033398275045627,0.060731260348103,166.03773584905662,0.0018356311089325,0.000785463905068,0.4278985582919399,400.0,2.464070125116591,1.141529327915607,0.4632698218609318,400.0,-0.0103549470176418,9.431561161643565e-05,0.0104492626292582,0.1421012118983586,1.0,2,True,The solver successfully reached the end of the integration interval.,1.584,True,True,diffusivity_low
MDA-MB-231/ATCC,hamming+zero,7,82151,713563,1.999999987845058e-08,9.999999747378752e-05,-54.54100036621094,,daunorubicin,arsenic trioxide,dna_intercalator,other,241279087.64641,244396684.69718343,1.0129211241686316,0.7654112122721659,4.4,0.2345887877278341,0.010649128585431,6.0,-0.0001589685468408,0.1273778814210294,0.9363085364821304,0.0285810170612467,,0.0249825635359796,0.0433595367891734,8.067480346296511,0.0617390982715919,0.1762598015005835,5.25,0.2033398275045627,0.060731260348103,166.03773584905662,0.1181595423028795,0.0048005048000705,0.0406273137701004,55.27771435385722,2.404551954742679,1.1115560612058355,0.4622715924326067,400.0,-0.0096992924014771,8.77283464696399e-05,0.0097870207479467,0.1420756062673015,1.0,2,True,The solver successfully reached the end of the integration interval.,1.73,True,True,diffusivity_low
MDA-MB-231/ATCC,hamming+zero,8,740,24559,9.999999717180683e-10,9.999999974752427e-07,-47.369998931884766,,NSC740,NSC24559,other,other,241279087.64641,244402110.8196916,1.0129436131566376,0.754538051982354,4.4,0.2454619480176459,0.0112842231846752,6.0,-0.0001686106944285,0.1335915547053768,0.9332795221321653,0.0299882632861419,,0.0255427618521352,0.0452271560414815,8.07325679835357,0.0623406446286112,0.1858318566147817,5.25,0.2033398275045627,0.060731260348103,166.03773584905662,0.0018356311089325,0.000785463905068,0.4278985582919399,400.0,2.464070125116591,1.141529327915607,0.4632698218609318,400.0,-0.0103549470176418,9.431561161643565e-05,0.0104492626292582,0.1421012118983586,1.0,2,True,The solver successfully reached the end of the integration interval.,1.678,True,True,diffusivity_low
MDA-MB-231/ATCC,ours+zero,2,681239,754143,3.000000106112566e-07,9.99999993922529e-09,-93.95999908447266,,bortezomib,bendamustine,proteasome,alkylator,241279087.64641,45132256.689585336,0.1870541584429638,0.0001340900263226,4.800000000000001,0.9998659099736774,0.4733154622558921,,0.733449292223473,3.883659761463341,0.0386837392629645,1.4124715526143112,,0.0025300617768044,2.4732602731444664,2.780949860992757,0.9299142386271392,0.9998562999933136,5.25,0.0,0.0,400.0,3.2756952361042613,2.106824543643505,0.643168668569156,400.0,16.469569332401257,10.784541575256515,0.6548162467150642,400.0,0.9964540993888896,0.7706059775614923,-0.2258481218273973,0.0,1.0,2,True,The solver successfully reached the end of the integration interval.,2.032,True,True,diffusivity_low
MDA-MB-231/ATCC,ours+zero,6,613327,754143,9.99999993922529e-09,9.99999993922529e-09,-90.0999984741211,,gemcitabine,bendamustine,antimetabolite,alkylator,241279087.64641,220310762.4702402,0.9130951406493276,0.0042560024049842,4.4,0.9957439975950158,0.3429411219265217,,0.0449006282240782,2.382270836503244,0.2898310124948089,0.5378551460050832,,0.0260846513268942,2.0055950189991565,2.1373197050386934,0.7705635844893566,0.9941373703456324,5.25,0.1249925835096809,0.0,201.25786163522017,6.90651974161988,4.514262026974491,0.6536232713230035,400.0,16.469569332401257,10.775797949670311,0.6542853508907878,400.0,0.6368628811716834,0.0465613657138904,-0.590301515457793,0.0398981625112211,1.0,2,True,The solver successfully reached the end of the integration interval.,1.907,True,True,diffusivity_low
MDA-MB-231/ATCC,ours+zero,7,82151,713563,1.999999987845058e-08,9.999999747378752e-05,-54.54100036621094,,daunorubicin,arsenic trioxide,dna_intercalator,other,241279087.64641,244396684.69718343,1.0129211241686316,0.7654112122721659,4.4,0.2345887877278341,0.010649128585431,6.0,-0.0001589685468408,0.1273778814210294,0.9363085364821304,0.0285810170612467,,0.0249825635359796,0.0433595367891734,8.067480346296511,0.0617390982715919,0.1762598015005835,5.25,0.2033398275045627,0.060731260348103,166.03773584905662,0.1181595423028795,0.0048005048000705,0.0406273137701004,55.27771435385722,2.404551954742679,1.1115560612058355,0.4622715924326067,400.0,-0.0096992924014771,8.77283464696399e-05,0.0097870207479467,0.1420756062673015,1.0,2,True,The solver successfully reached the end of the integration interval.,1.758,True,True,diffusivity_low
MDA-MB-231/ATCC,ours+zero,8,119875,713563,4.999999873689376e-06,9.999999747378752e-05,-42.95500183105469,,cisplatin,arsenic trioxide,platinum,other,241279087.64641,244396632.01785585,1.0129209058350492,0.7651233210869974,4.4,0.2348766789130025,0.0106541827299745,6.0,-0.0001588749353265,0.1275412616674161,0.9362531684361004,0.0286066995653889,,0.0249902962909217,0.0433843777416633,8.06748731287364,0.0614546457648069,0.176314428242472,5.25,0.2033398275045627,0.060731260348103,166.03773584905662,0.9406837398224496,0.5527675066458573,0.5876231120463399,400.0,2.404551954742679,1.111588036795628,0.4622848903735098,400.0,-0.0096909684699053,8.776658746367794e-05,0.009778735057369,0.1420754009883668,1.0,2,True,The solver successfully reached the end of the integration interval.,1.646,True,True,diffusivity_low
MDA-MB-231/ATCC,random,2,246131,686673,1.9999999494757503e-05,2.0000000233721948e-07,-27.8799991607666,,mitoxantrone,NSC686673,dna_intercalator,other,241279087.64641,244328993.0318664,1.01264057078136,0.9204008552980192,4.4,0.0795991447019807,0.0031105642714533,3.5999999999999996,-3.866336032960473e-05,0.0472956876294124,0.9756081739764434,0.010724569676477,,0.0140639654583601,0.0175533336046299,7.009706790788088,0.1485417113885063,0.0499803812975638,5.25,0.2033398275045627,0.0578624312878497,166.03773584905662,2.3045305279580006,0.0999649335018971,0.0433775696564428,54.97487047374949,0.0031046155193241,0.0013140213499199,0.4232476909752682,400.0,-0.002057259116571,2.3721914047647452e-05,0.0020809810306187,0.1417709606729415,1.0,2,True,The solver successfully reached the end of the integration interval.,1.543,True,True,diffusivity_low
MDA-MB-231/ATCC,random,6,125973,737754,5.99999978589949e-08,9.999999747378752e-06,25.70599937438965,,paclitaxel,ixabepilone,antimitotic,antimitotic,241279087.64641,244434788.3935321,1.0130790479104708,0.8284466121211371,4.6000000000000005,0.1715533878788628,0.0093537898710077,6.000000000000001,-0.0002266737827301,0.0929060824222687,0.9470586161103948,0.0236231404629493,,0.0234880616709355,0.0388840070341404,8.0819951664339,0.153911275137948,0.1574759694793718,5.25,0.2033398275045627,0.060731260348103,166.03773584905662,6.251790332932513,0.6616999881051614,0.1058416794017433,86.08434691943904,0.376363529046734,0.0293685906490032,0.07803250948196,67.74562049298424,-0.0199443952462887,0.0001350234485629,0.0200794186948517,0.1422951463049223,1.0,2,True,The solver successfully reached the end of the integration interval.,1.355,True,True,diffusivity_low
MDA-MB-231/ATCC,random,7,82151,713563,1.999999987845058e-08,9.999999747378752e-05,-54.54100036621094,,daunorubicin,arsenic trioxide,dna_intercalator,other,241279087.64641,244396684.69718343,1.0129211241686316,0.7654112122721659,4.4,0.2345887877278341,0.010649128585431,6.0,-0.0001589685468408,0.1273778814210294,0.9363085364821304,0.0285810170612467,,0.0249825635359796,0.0433595367891734,8.067480346296511,0.0617390982715919,0.1762598015005835,5.25,0.2033398275045627,0.060731260348103,166.03773584905662,0.1181595423028795,0.0048005048000705,0.0406273137701004,55.27771435385722,2.404551954742679,1.1115560612058355,0.4622715924326067,400.0,-0.0096992924014771,8.77283464696399e-05,0.0097870207479467,0.1420756062673015,1.0,2,True,The solver successfully reached the end of the integration interval.,1.716,True,True,diffusivity_low
MDA-MB-231/ATCC,random,8,24559,409962,9.999999974752427e-07,2.0000000233721948e-07,-40.54999923706055,,NSC24559,carmustine,other,alkylator,241279087.64641,244406751.05576417,1.0129628449770072,0.7140958350834268,4.4,0.2859041649165732,0.0144446851443726,7.0,-0.0001768561624561,0.1575162011132702,0.9190153276509164,0.0366772452420696,,0.0279571196016706,0.054428365638168,8.086540361789927,0.0838921981225957,0.2286147293232946,5.25,0.2033398275045627,0.060731260348103,166.03773584905662,2.464070125116591,1.1537262482668598,0.4682197298310532,400.0,7.600000280806509e-05,4.259935041812217e-05,0.5605177479493664,400.0,-0.0144157680085796,0.0001652839163645,0.0145810519249441,0.1421899834095829,1.0,2,True,The solver successfully reached the end of the integration interval.,1.898,True,True,diffusivity_low
MDA-MB-231/ATCC,tanimoto+zero,2,49842,713563,4.999999858590343e-10,9.999999747378752e-05,-22.812000274658203,,vinblastine,arsenic trioxide,antimitotic,other,241279087.64641,243659298.3044495,1.009864968743282,0.6537113437037985,4.4,0.3462886562962015,0.0217338204192316,11.2,0.0011533525647645,0.1958866799573153,0.8822725004212643,0.054397257100393,,0.0320805352049286,0.0781866173571658,8.079006416348307,0.1895069002633982,0.3061165915101639,5.25,0.2033398275045627,0.0578624312878497,166.03773584905662,0.000189999992406,1.5338154838836083e-05,0.0807271339572181,73.52837954838674,2.404551954742679,1.1279020234810777,0.4690695167789707,400.0,-0.0546015532124914,0.0044017547719202,0.0590033079844117,0.1429421466014911,1.0,2,True,The solver successfully reached the end of the integration interval.,1.766,True,True,diffusivity_low
MDA-MB-231/ATCC,tanimoto+zero,6,38721,713563,1.9999999494757503e-05,9.999999747378752e-05,-10.20400047302246,,mitotane,arsenic trioxide,other,other,241279087.64641,244402423.61439803,1.0129449095586982,0.7512379838533825,4.4,0.2487620161466175,0.0115486254729123,6.0,-0.0001691665199391,0.1354951627305232,0.931936965744611,0.0306134614175568,,0.0257770795314496,0.0460379891937394,8.076037678066525,0.0626643828010434,0.1894794968711601,5.25,0.2033398275045627,0.060731260348103,166.03773584905662,1.1110288055148971,0.4947905531016707,0.4453444867006523,400.0,2.404551954742679,1.1119723025223882,0.4624446979942195,400.0,-0.0103515419067434,9.749515055812452e-05,0.0104490370573016,0.142104151155607,1.0,2,True,The solver successfully reached the end of the integration interval.,1.683,True,True,diffusivity_low
MDA-MB-435,no_treatment,-1,-1,-1,0.0,0.0,,,,,,,241279087.64641,244307242.44601148,1.012550423781605,1.0,0.0,0.0,-0.0005289501584925,0.0,0.0,0.0,1.0,0.0,,0.001098475822591,6.230461558811701e-22,0.0,-4.4497688561597695,-0.0250950517930392,5.25,0.2033398275045627,0.0578624312878497,166.03773584905662,,,,,,,,,0.0,0.0,0.0,0.1416738683806418,1.0,0,True,The solver successfully reached the end of the integration interval.,0.181,,,diffusivity_low
MDA-MB-231/ATCC,tanimoto+zero,7,82151,713563,1.999999987845058e-08,9.999999747378752e-05,-54.54100036621094,,daunorubicin,arsenic trioxide,dna_intercalator,other,241279087.64641,244396684.69718343,1.0129211241686316,0.7654112122721659,4.4,0.2345887877278341,0.010649128585431,6.0,-0.0001589685468408,0.1273778814210294,0.9363085364821304,0.0285810170612467,,0.0249825635359796,0.0433595367891734,8.067480346296511,0.0617390982715919,0.1762598015005835,5.25,0.2033398275045627,0.060731260348103,166.03773584905662,0.1181595423028795,0.0048005048000705,0.0406273137701004,55.27771435385722,2.404551954742679,1.1115560612058355,0.4622715924326067,400.0,-0.0096992924014771,8.77283464696399e-05,0.0097870207479467,0.1420756062673015,1.0,2,True,The solver successfully reached the end of the integration interval.,1.715,True,True,diffusivity_low
MDA-MB-231/ATCC,tanimoto+zero,8,49842,713563,4.999999858590343e-10,9.999999747378752e-05,-22.812000274658203,,vinblastine,arsenic trioxide,antimitotic,other,241279087.64641,243659298.3044495,1.009864968743282,0.6537113437037985,4.4,0.3462886562962015,0.0217338204192316,11.2,0.0011533525647645,0.1958866799573153,0.8822725004212643,0.054397257100393,,0.0320805352049286,0.0781866173571658,8.079006416348307,0.1895069002633982,0.3061165915101639,5.25,0.2033398275045627,0.0578624312878497,166.03773584905662,0.000189999992406,1.5338154838836083e-05,0.0807271339572181,73.52837954838674,2.404551954742679,1.1279020234810777,0.4690695167789707,400.0,-0.0546015532124914,0.0044017547719202,0.0590033079844117,0.1429421466014911,1.0,2,True,The solver successfully reached the end of the integration interval.,1.829,True,True,diffusivity_low
MDA-MB-435,act_hamming+zero,0,740,24559,1.0000000116860974e-07,9.999999974752427e-07,-92.08999633789062,,NSC740,NSC24559,other,other,241279087.64641,241103285.83167803,0.999271375665223,0.2465978030401802,5.2,0.7534021969598197,0.1028581464041801,,0.0057332126291286,0.6188097611674676,0.6024847633537875,0.2200539317822149,,0.0371375464556465,0.5091971885698845,4.792312635182285,0.9432587340543536,0.7533598705378457,5.25,0.1968849621189929,0.0550853987870166,168.55345911949686,73.75906315777168,46.90414493587008,0.6359102587236154,400.0,2.539011248752824,1.3656030168333129,0.5378483523868216,400.0,-0.2455024507925463,0.01730796973258,0.2628104205251264,0.1387130618327616,1.0,2,True,The solver successfully reached the end of the integration interval.,1.803,True,True,diffusivity_low
MDA-MB-435,act_hamming+zero,1,740,24559,1.0000000116860974e-07,9.999999974752427e-07,-92.08999633789062,,NSC740,NSC24559,other,other,241279087.64641,241103285.83167803,0.999271375665223,0.2465978030401802,5.2,0.7534021969598197,0.1028581464041801,,0.0057332126291286,0.6188097611674676,0.6024847633537875,0.2200539317822149,,0.0371375464556465,0.5091971885698845,4.792312635182285,0.9432587340543536,0.7533598705378457,5.25,0.1968849621189929,0.0550853987870166,168.55345911949686,73.75906315777168,46.90414493587008,0.6359102587236154,400.0,2.539011248752824,1.3656030168333129,0.5378483523868216,400.0,-0.2455024507925463,0.01730796973258,0.2628104205251264,0.1387130618327616,1.0,2,True,The solver successfully reached the end of the integration interval.,1.724,True,True,diffusivity_low
MDA-MB-435,act_hamming+zero,4,740,24559,1.0000000116860974e-07,9.999999974752427e-07,-92.08999633789062,,NSC740,NSC24559,other,other,241279087.64641,241103285.83167803,0.999271375665223,0.2465978030401802,5.2,0.7534021969598197,0.1028581464041801,,0.0057332126291286,0.6188097611674676,0.6024847633537875,0.2200539317822149,,0.0371375464556465,0.5091971885698845,4.792312635182285,0.9432587340543536,0.7533598705378457,5.25,0.1968849621189929,0.0550853987870166,168.55345911949686,73.75906315777168,46.90414493587008,0.6359102587236154,400.0,2.539011248752824,1.3656030168333129,0.5378483523868216,400.0,-0.2455024507925463,0.01730796973258,0.2628104205251264,0.1387130618327616,1.0,2,True,The solver successfully reached the end of the integration interval.,1.689,True,True,diffusivity_low
MDA-MB-435,hamming+zero,0,740,24559,1.0000000116860974e-07,9.999999974752427e-07,-92.08999633789062,,NSC740,NSC24559,other,other,241279087.64641,241103285.83167803,0.999271375665223,0.2465978030401802,5.2,0.7534021969598197,0.1028581464041801,,0.0057332126291286,0.6188097611674676,0.6024847633537875,0.2200539317822149,,0.0371375464556465,0.5091971885698845,4.792312635182285,0.9432587340543536,0.7533598705378457,5.25,0.1968849621189929,0.0550853987870166,168.55345911949686,73.75906315777168,46.90414493587008,0.6359102587236154,400.0,2.539011248752824,1.3656030168333129,0.5378483523868216,400.0,-0.2455024507925463,0.01730796973258,0.2628104205251264,0.1387130618327616,1.0,2,True,The solver successfully reached the end of the integration interval.,1.65,True,True,diffusivity_low
MDA-MB-435,hamming+zero,1,740,24559,1.0000000116860974e-07,9.999999974752427e-07,-92.08999633789062,,NSC740,NSC24559,other,other,241279087.64641,241103285.83167803,0.999271375665223,0.2465978030401802,5.2,0.7534021969598197,0.1028581464041801,,0.0057332126291286,0.6188097611674676,0.6024847633537875,0.2200539317822149,,0.0371375464556465,0.5091971885698845,4.792312635182285,0.9432587340543536,0.7533598705378457,5.25,0.1968849621189929,0.0550853987870166,168.55345911949686,73.75906315777168,46.90414493587008,0.6359102587236154,400.0,2.539011248752824,1.3656030168333129,0.5378483523868216,400.0,-0.2455024507925463,0.01730796973258,0.2628104205251264,0.1387130618327616,1.0,2,True,The solver successfully reached the end of the integration interval.,1.632,True,True,diffusivity_low
MDA-MB-435,hamming+zero,4,740,24559,1.0000000116860974e-07,9.999999974752427e-07,-92.08999633789062,,NSC740,NSC24559,other,other,241279087.64641,241103285.83167803,0.999271375665223,0.2465978030401802,5.2,0.7534021969598197,0.1028581464041801,,0.0057332126291286,0.6188097611674676,0.6024847633537875,0.2200539317822149,,0.0371375464556465,0.5091971885698845,4.792312635182285,0.9432587340543536,0.7533598705378457,5.25,0.1968849621189929,0.0550853987870166,168.55345911949686,73.75906315777168,46.90414493587008,0.6359102587236154,400.0,2.539011248752824,1.3656030168333129,0.5378483523868216,400.0,-0.2455024507925463,0.01730796973258,0.2628104205251264,0.1387130618327616,1.0,2,True,The solver successfully reached the end of the integration interval.,1.728,True,True,diffusivity_low
MDA-MB-435,ours+zero,0,740,24559,1.0000000116860974e-07,9.999999974752427e-07,-92.08999633789062,,NSC740,NSC24559,other,other,241279087.64641,241103285.83167803,0.999271375665223,0.2465978030401802,5.2,0.7534021969598197,0.1028581464041801,,0.0057332126291286,0.6188097611674676,0.6024847633537875,0.2200539317822149,,0.0371375464556465,0.5091971885698845,4.792312635182285,0.9432587340543536,0.7533598705378457,5.25,0.1968849621189929,0.0550853987870166,168.55345911949686,73.75906315777168,46.90414493587008,0.6359102587236154,400.0,2.539011248752824,1.3656030168333129,0.5378483523868216,400.0,-0.2455024507925463,0.01730796973258,0.2628104205251264,0.1387130618327616,1.0,2,True,The solver successfully reached the end of the integration interval.,1.846,True,True,diffusivity_low
MDA-MB-435,ours+zero,1,279836,754143,4.999999987376214e-07,9.99999993922529e-09,-79.33200073242188,,NSC279836,bendamustine,other,alkylator,241279087.64641,242900160.73217568,1.0067186638576042,0.0477615265139456,4.800000000000001,0.9522384734860544,0.1827616330254238,15.0,0.0025085395621148,1.3319780385944753,0.5291510202988152,0.2764203621383528,,0.0370899828455841,1.0205811103998454,3.134037180656188,0.9008196222853516,0.946878861886606,5.25,0.1968849621189929,0.0578624312878497,168.55345911949686,2.716704000731691,1.6592221075293696,0.6107482107298,400.0,4.982556569608383,3.1911055221066027,0.6404554524420414,400.0,-0.1912111719231359,0.0070506891981041,0.1982618611212401,0.1371202060885871,1.0,2,True,The solver successfully reached the end of the integration interval.,1.838,True,True,diffusivity_low
MDA-MB-435,ours+zero,4,740,24559,1.0000000116860974e-07,9.999999974752427e-07,-92.08999633789062,,NSC740,NSC24559,other,other,241279087.64641,241103285.83167803,0.999271375665223,0.2465978030401802,5.2,0.7534021969598197,0.1028581464041801,,0.0057332126291286,0.6188097611674676,0.6024847633537875,0.2200539317822149,,0.0371375464556465,0.5091971885698845,4.792312635182285,0.9432587340543536,0.7533598705378457,5.25,0.1968849621189929,0.0550853987870166,168.55345911949686,73.75906315777168,46.90414493587008,0.6359102587236154,400.0,2.539011248752824,1.3656030168333129,0.5378483523868216,400.0,-0.2455024507925463,0.01730796973258,0.2628104205251264,0.1387130618327616,1.0,2,True,The solver successfully reached the end of the integration interval.,1.736,True,True,diffusivity_low
MDA-MB-435,random,0,24559,712807,9.999999974752427e-07,2.0000000233721948e-07,-89.3499984741211,,NSC24559,capecitabine,other,antimetabolite,241279087.64641,244412249.7927285,1.0129856349212911,0.7358076694583708,4.4,0.2641923305416291,0.0124330031993043,6.200000000000001,-0.0001866269410756,0.1445083909518938,0.9279162490947656,0.0324912201145285,,0.0264859932611827,0.0485573555879726,8.077060271139118,0.064603905682159,0.2027988152621752,5.25,0.2033398275045627,0.060731260348103,166.03773584905662,2.539011248752824,1.1798543873009095,0.4646904923640887,400.0,3.54117948981554,2.158036858057663,0.6094118821890261,400.0,-0.0116125135192646,0.0001065256086392,0.0117190391279038,0.1421492046322176,1.0,2,True,The solver successfully reached the end of the integration interval.,1.581,True,True,diffusivity_low
MDA-MB-435,random,1,743414,761432,4.999999873689376e-06,4.999999969612645e-09,-52.07500076293945,,sunitinib,NSC761432,kinase_inhibitor,other,241279087.64641,237516783.29733452,0.98440683614243,0.0160914228899224,4.6000000000000005,0.9839085771100776,0.2550152991701658,,0.0122420387950719,1.8045761602414967,0.4249255002776151,0.3716872056072429,,0.0327514002715144,1.091039857869276,3.1197437918785504,0.8626941861645121,0.9800244721534896,5.25,0.1843879427084984,0.0402673444188251,173.58490566037736,21.67723172355619,13.802131687333723,0.6367109907458911,400.0,9.51437302409918,5.948204261483688,0.6251808969878878,400.0,-0.1436536395774499,0.0172920700424731,0.160945709619923,0.1161133160720707,1.0,2,True,The solver successfully reached the end of the integration interval.,1.705,True,True,diffusivity_low
MDA-MB-435,random,4,27640,754143,7.000000135093387e-09,9.99999993922529e-09,-62.209999084472656,,NSC27640,bendamustine,other,alkylator,241279087.64641,234060906.4457678,0.97008368495151,0.024354195331932,4.800000000000001,0.975645804668068,0.2494908794202733,,0.0186074591617902,1.6244824525365542,0.3878466181278662,0.4113399910827829,,0.0307729388912216,1.14894920846436,3.0684914949204622,0.8431618268280956,0.974459401516561,5.25,0.178342803429609,0.0402673444188251,176.1006289308176,9.564820525819265,6.052071458022495,0.6327428143252184,400.0,4.982556569608383,3.2060791123309977,0.6434606546941799,400.0,-0.2918889689997206,0.036236216205274,0.3281251852049947,0.1140757316319774,1.0,2,True,The solver successfully reached the end of the integration interval.,1.727,True,True,diffusivity_low
MDA-MB-435,tanimoto+zero,0,740,24559,1.0000000116860974e-07,9.999999974752427e-07,-92.08999633789062,,NSC740,NSC24559,other,other,241279087.64641,241103285.83167803,0.999271375665223,0.2465978030401802,5.2,0.7534021969598197,0.1028581464041801,,0.0057332126291286,0.6188097611674676,0.6024847633537875,0.2200539317822149,,0.0371375464556465,0.5091971885698845,4.792312635182285,0.9432587340543536,0.7533598705378457,5.25,0.1968849621189929,0.0550853987870166,168.55345911949686,73.75906315777168,46.90414493587008,0.6359102587236154,400.0,2.539011248752824,1.3656030168333129,0.5378483523868216,400.0,-0.2455024507925463,0.01730796973258,0.2628104205251264,0.1387130618327616,1.0,2,True,The solver successfully reached the end of the integration interval.,1.6,True,True,diffusivity_low
MDA-MB-435,tanimoto+zero,1,713563,753082,9.999999747378752e-05,4.999999987376214e-07,2.67549991607666,,arsenic trioxide,pazopanib,other,kinase_inhibitor,241279087.64641,244391717.5414667,1.0129005374042952,0.7733291286351942,4.4,0.2266708713648058,0.0102096737937195,5.800000000000001,-0.0001501417894599,0.1229083323435843,0.9383380973870789,0.0276406505621366,,0.0245865754951908,0.0420870424692026,8.062249319762504,0.0610939307329831,0.1693799966844291,5.25,0.2033398275045627,0.060731260348103,166.03773584905662,2.308439627427034,1.0637123179747647,0.4607927819885716,400.0,1.7043675242828893,0.772180443984346,0.4530598201284315,400.0,-0.0090780787333459,8.350400118695145e-05,0.0091615827345329,0.1420531329162434,1.0,2,True,The solver successfully reached the end of the integration interval.,1.617,True,True,diffusivity_low
OVCAR-8,no_treatment,-1,-1,-1,0.0,0.0,,,,,,,241279087.64641,244307242.44601148,1.012550423781605,1.0,0.0,0.0,-0.0005289501584925,0.0,0.0,0.0,1.0,0.0,,0.001098475822591,6.230461558811701e-22,0.0,-4.4497688561597695,-0.0250950517930392,5.25,0.2033398275045627,0.0578624312878497,166.03773584905662,,,,,,,,,0.0,0.0,0.0,0.1416738683806418,1.0,0,True,The solver successfully reached the end of the integration interval.,0.154,,,diffusivity_low
MDA-MB-435,tanimoto+zero,4,740,24559,1.0000000116860974e-07,9.999999974752427e-07,-92.08999633789062,,NSC740,NSC24559,other,other,241279087.64641,241103285.83167803,0.999271375665223,0.2465978030401802,5.2,0.7534021969598197,0.1028581464041801,,0.0057332126291286,0.6188097611674676,0.6024847633537875,0.2200539317822149,,0.0371375464556465,0.5091971885698845,4.792312635182285,0.9432587340543536,0.7533598705378457,5.25,0.1968849621189929,0.0550853987870166,168.55345911949686,73.75906315777168,46.90414493587008,0.6359102587236154,400.0,2.539011248752824,1.3656030168333129,0.5378483523868216,400.0,-0.2455024507925463,0.01730796973258,0.2628104205251264,0.1387130618327616,1.0,2,True,The solver successfully reached the end of the integration interval.,1.598,True,True,diffusivity_low
OVCAR-8,act_hamming+zero,8,740,3053,1.0000000116860974e-07,9.99999993922529e-09,-26.979999542236328,,NSC740,dactinomycin,other,dna_intercalator,241279087.64641,242964784.51615152,1.0069865021713438,0.2174809539616171,5.6000000000000005,0.7825190460383828,0.1110963450472259,14.0,0.002393010531999,0.6730940237533748,0.6117687276497085,0.2134127270183695,,0.037876198369186,0.5335567363705397,4.6291390437861715,0.9193044835431986,0.7800238379916224,5.25,0.1968849621189929,0.0578624312878497,168.55345911949686,61.005743661518544,38.93454129050341,0.6382110757722425,400.0,0.2050804643318288,0.0400145870475616,0.1951165225704598,104.80164024880082,-0.1977884240260341,0.0073958957615636,0.2051843197875977,0.1376345929609297,1.0,2,True,The solver successfully reached the end of the integration interval.,1.629,True,True,diffusivity_low
OVCAR-8,act_hamming+zero,2,740,3053,1.0000000116860974e-07,9.99999993922529e-09,-26.979999542236328,,NSC740,dactinomycin,other,dna_intercalator,241279087.64641,242964784.51615152,1.0069865021713438,0.2174809539616171,5.6000000000000005,0.7825190460383828,0.1110963450472259,14.0,0.002393010531999,0.6730940237533748,0.6117687276497085,0.2134127270183695,,0.037876198369186,0.5335567363705397,4.6291390437861715,0.9193044835431986,0.7800238379916224,5.25,0.1968849621189929,0.0578624312878497,168.55345911949686,61.005743661518544,38.93454129050341,0.6382110757722425,400.0,0.2050804643318288,0.0400145870475616,0.1951165225704598,104.80164024880082,-0.1977884240260341,0.0073958957615636,0.2051843197875977,0.1376345929609297,1.0,2,True,The solver successfully reached the end of the integration interval.,1.649,True,True,diffusivity_low
OVCAR-8,hamming+zero,2,740,3053,1.0000000116860974e-07,9.99999993922529e-09,-26.979999542236328,,NSC740,dactinomycin,other,dna_intercalator,241279087.64641,242964784.51615152,1.0069865021713438,0.2174809539616171,5.6000000000000005,0.7825190460383828,0.1110963450472259,14.0,0.002393010531999,0.6730940237533748,0.6117687276497085,0.2134127270183695,,0.037876198369186,0.5335567363705397,4.6291390437861715,0.9193044835431986,0.7800238379916224,5.25,0.1968849621189929,0.0578624312878497,168.55345911949686,61.005743661518544,38.93454129050341,0.6382110757722425,400.0,0.2050804643318288,0.0400145870475616,0.1951165225704598,104.80164024880082,-0.1977884240260341,0.0073958957615636,0.2051843197875977,0.1376345929609297,1.0,2,True,The solver successfully reached the end of the integration interval.,1.578,True,True,diffusivity_low
OVCAR-8,ours+zero,2,125066,681239,9.999999974752427e-07,3.000000106112566e-07,-93.2300033569336,,bleomycin,bortezomib,dna_cleaver,proteasome,241279087.64641,206201101.03266895,0.854616548181137,0.0416504397033287,6.0,0.9583495602966712,0.2286248305194258,,0.073645361834009,1.390596829501134,0.3195806125652892,0.4954195751380971,,0.0243414845168948,0.7749706506394043,4.329526513798675,0.7970114206562372,0.9545128702245076,5.25,0.107058670315642,0.002141919719804,211.32075471698113,0.0469345509671727,0.0201618512057094,0.4295737530292163,400.0,2.8664938663465582,1.4706896536080922,0.5130622014839805,400.0,-0.3818997088711569,0.1395504778418356,0.5214501867129925,0.0536193950662491,1.0,2,True,The solver successfully reached the end of the integration interval.,1.404,True,True,diffusivity_low
OVCAR-8,hamming+zero,8,740,3053,1.0000000116860974e-07,9.99999993922529e-09,-26.979999542236328,,NSC740,dactinomycin,other,dna_intercalator,241279087.64641,242964784.51615152,1.0069865021713438,0.2174809539616171,5.6000000000000005,0.7825190460383828,0.1110963450472259,14.0,0.002393010531999,0.6730940237533748,0.6117687276497085,0.2134127270183695,,0.037876198369186,0.5335567363705397,4.6291390437861715,0.9193044835431986,0.7800238379916224,5.25,0.1968849621189929,0.0578624312878497,168.55345911949686,61.005743661518544,38.93454129050341,0.6382110757722425,400.0,0.2050804643318288,0.0400145870475616,0.1951165225704598,104.80164024880082,-0.1977884240260341,0.0073958957615636,0.2051843197875977,0.1376345929609297,1.0,2,True,The solver successfully reached the end of the integration interval.,1.627,True,True,diffusivity_low
OVCAR-8,ours+zero,8,125066,681239,9.999999974752427e-07,3.000000106112566e-07,-93.2300033569336,,bleomycin,bortezomib,dna_cleaver,proteasome,241279087.64641,206201101.03266895,0.854616548181137,0.0416504397033287,6.0,0.9583495602966712,0.2286248305194258,,0.073645361834009,1.390596829501134,0.3195806125652892,0.4954195751380971,,0.0243414845168948,0.7749706506394043,4.329526513798675,0.7970114206562372,0.9545128702245076,5.25,0.107058670315642,0.002141919719804,211.32075471698113,0.0469345509671727,0.0201618512057094,0.4295737530292163,400.0,2.8664938663465582,1.4706896536080922,0.5130622014839805,400.0,-0.3818997088711569,0.1395504778418356,0.5214501867129925,0.0536193950662491,1.0,2,True,The solver successfully reached the end of the integration interval.,1.497,True,True,diffusivity_low
OVCAR-8,random,2,8806,754143,1.0000000116860974e-07,9.99999993922529e-09,12.972000122070312,,melphalan,bendamustine,alkylator,alkylator,241279087.64641,244195144.98073065,1.0120858270924582,0.1098766426832172,4.6000000000000005,0.8901233573167828,0.1219487289958092,12.8,0.0001993165753714,0.970265227744847,0.635253502727517,0.1970529316124402,,0.0399444986616518,0.7850373662029602,3.610067671314877,0.8384615466756737,0.8746722406966491,5.25,0.2033398275045627,0.060731260348103,166.03773584905662,0.0342117755132451,0.0211995921300648,0.619657758535722,400.0,4.068882418645005,2.5728077536185268,0.6323131240728523,400.0,-0.1319936543038542,0.0028614330818846,0.1348550873857389,0.1441089388072371,1.0,2,True,The solver successfully reached the end of the integration interval.,1.64,True,True,diffusivity_low
OVCAR-8,random,8,85998,713563,9.999999747378752e-05,9.999999747378752e-05,-19.92300033569336,,streptozocin,arsenic trioxide,alkylator,other,241279087.64641,244419279.63749397,1.0130147706612926,0.665839078213887,4.4,0.334160921786113,0.0181500004328088,7.4,-0.0001991180452974,0.187903420812668,0.9033637207640236,0.044137354762412,,0.0301973826959166,0.0648129421343965,8.038600585244447,0.103803367567434,0.279407165287819,5.25,0.2033398275045627,0.060731260348103,166.03773584905662,0.014237267842602,0.0080393576370378,0.5646699722106644,400.0,2.3689685491773296,1.124081294755479,0.4745024137808153,400.0,-0.0190512892151639,0.0002099898311808,0.0192612790463447,0.1422877003418917,1.0,2,True,The solver successfully reached the end of the integration interval.,1.57,True,True,diffusivity_low
PC-3,no_treatment,-1,-1,-1,0.0,0.0,,,,,,,241279087.64641,244307242.44601148,1.012550423781605,1.0,0.0,0.0,-0.0005289501584925,0.0,0.0,0.0,1.0,0.0,,0.001098475822591,6.230461558811701e-22,0.0,-4.4497688561597695,-0.0250950517930392,5.25,0.2033398275045627,0.0578624312878497,166.03773584905662,,,,,,,,,0.0,0.0,0.0,0.1416738683806418,1.0,0,True,The solver successfully reached the end of the integration interval.,0.154,,,diffusivity_low
OVCAR-8,tanimoto+zero,2,1390,713563,0.0001999999949475,9.999999747378752e-05,-43.05500030517578,,NSC1390,arsenic trioxide,other,other,241279087.64641,244439901.7269662,1.0131002405197598,0.6480959305003555,4.4,0.3519040694996445,0.0186712305336634,7.200000000000001,-0.0002357586976972,0.1996334067455778,0.902341547025901,0.0446290457037298,,0.030373881528568,0.0655649908264817,8.02030271257408,0.0977149423405755,0.2941177292275578,5.25,0.2033398275045627,0.060731260348103,166.03773584905662,9.765587997067096,5.194410678675405,0.5319096689554632,400.0,2.3689685491773296,1.1221320051204615,0.4736795705920805,400.0,-0.0207586466996561,0.0001906579420231,0.0209493046416792,0.1423485758710599,1.0,2,True,The solver successfully reached the end of the integration interval.,1.506,True,True,diffusivity_low
OVCAR-8,tanimoto+zero,8,1390,713563,0.0001999999949475,9.999999747378752e-05,-43.05500030517578,,NSC1390,arsenic trioxide,other,other,241279087.64641,244439901.7269662,1.0131002405197598,0.6480959305003555,4.4,0.3519040694996445,0.0186712305336634,7.200000000000001,-0.0002357586976972,0.1996334067455778,0.902341547025901,0.0446290457037298,,0.030373881528568,0.0655649908264817,8.02030271257408,0.0977149423405755,0.2941177292275578,5.25,0.2033398275045627,0.060731260348103,166.03773584905662,9.765587997067096,5.194410678675405,0.5319096689554632,400.0,2.3689685491773296,1.1221320051204615,0.4736795705920805,400.0,-0.0207586466996561,0.0001906579420231,0.0209493046416792,0.1423485758710599,1.0,2,True,The solver successfully reached the end of the integration interval.,1.534,True,True,diffusivity_low
PC-3,act_hamming+zero,1,740,6396,9.99999993922529e-09,1.0000000116860974e-07,-31.86000061035156,,NSC740,thiotepa,other,alkylator,241279087.64641,244411900.75892815,1.0129841883234787,0.5906591061026433,4.4,0.4093408938973567,0.0254102526773969,9.2,-0.0001860067448218,0.2399357973978204,0.8751287271378847,0.0579280596934105,,0.0334343062230232,0.0858516896124207,7.905695519909797,0.1801470608543822,0.3614443985294919,5.25,0.2033398275045627,0.060731260348103,166.03773584905662,5.297392148459928,2.7227406997582304,0.5139775616856669,400.0,6.333358819046819e-05,3.616128460857246e-05,0.5709653541154455,400.0,-0.0394758296899975,0.0006568732181385,0.040132702908136,0.1427003295511914,1.0,2,True,The solver successfully reached the end of the integration interval.,1.665,True,True,diffusivity_low
PC-3,act_hamming+zero,6,740,6396,9.99999993922529e-09,1.0000000116860974e-07,-31.86000061035156,,NSC740,thiotepa,other,alkylator,241279087.64641,244411900.75892815,1.0129841883234787,0.5906591061026433,4.4,0.4093408938973567,0.0254102526773969,9.2,-0.0001860067448218,0.2399357973978204,0.8751287271378847,0.0579280596934105,,0.0334343062230232,0.0858516896124207,7.905695519909797,0.1801470608543822,0.3614443985294919,5.25,0.2033398275045627,0.060731260348103,166.03773584905662,5.297392148459928,2.7227406997582304,0.5139775616856669,400.0,6.333358819046819e-05,3.616128460857246e-05,0.5709653541154455,400.0,-0.0394758296899975,0.0006568732181385,0.040132702908136,0.1427003295511914,1.0,2,True,The solver successfully reached the end of the integration interval.,1.646,True,True,diffusivity_low
PC-3,act_hamming+zero,9,681239,750690,3.000000106112566e-07,1.0000000116860974e-07,-37.0,,bortezomib,everolimus,proteasome,kinase_inhibitor,241279087.64641,213559234.66692933,0.8851129070079061,0.0034254797276823,4.6000000000000005,0.9965745202723176,0.3630757066999333,,0.0584179859433738,2.4764492070194497,0.2746876445065764,0.5611608747741714,,0.0239932730751011,1.2579352422997558,3.0886694610627567,0.735866217889408,0.9958226273797196,5.25,0.060731260348103,0.0,244.0251572327044,16.44251124641934,10.12092430380873,0.615533974836888,400.0,0.1288778901525277,0.0781190276225,0.6061476295898832,400.0,0.7279133218360547,0.0625541705413676,-0.665359151294687,0.0080037570167886,1.0,2,True,The solver successfully reached the end of the integration interval.,1.469,True,True,diffusivity_low
PC-3,hamming+zero,1,740,6396,9.99999993922529e-09,1.0000000116860974e-07,-31.86000061035156,,NSC740,thiotepa,other,alkylator,241279087.64641,244411900.75892815,1.0129841883234787,0.5906591061026433,4.4,0.4093408938973567,0.0254102526773969,9.2,-0.0001860067448218,0.2399357973978204,0.8751287271378847,0.0579280596934105,,0.0334343062230232,0.0858516896124207,7.905695519909797,0.1801470608543822,0.3614443985294919,5.25,0.2033398275045627,0.060731260348103,166.03773584905662,5.297392148459928,2.7227406997582304,0.5139775616856669,400.0,6.333358819046819e-05,3.616128460857246e-05,0.5709653541154455,400.0,-0.0394758296899975,0.0006568732181385,0.040132702908136,0.1427003295511914,1.0,2,True,The solver successfully reached the end of the integration interval.,1.676,True,True,diffusivity_low
PC-3,hamming+zero,6,740,6396,9.99999993922529e-09,1.0000000116860974e-07,-31.86000061035156,,NSC740,thiotepa,other,alkylator,241279087.64641,244411900.75892815,1.0129841883234787,0.5906591061026433,4.4,0.4093408938973567,0.0254102526773969,9.2,-0.0001860067448218,0.2399357973978204,0.8751287271378847,0.0579280596934105,,0.0334343062230232,0.0858516896124207,7.905695519909797,0.1801470608543822,0.3614443985294919,5.25,0.2033398275045627,0.060731260348103,166.03773584905662,5.297392148459928,2.7227406997582304,0.5139775616856669,400.0,6.333358819046819e-05,3.616128460857246e-05,0.5709653541154455,400.0,-0.0394758296899975,0.0006568732181385,0.040132702908136,0.1427003295511914,1.0,2,True,The solver successfully reached the end of the integration interval.,1.609,True,True,diffusivity_low
PC-3,hamming+zero,9,681239,750690,3.000000106112566e-07,1.0000000116860974e-07,-37.0,,bortezomib,everolimus,proteasome,kinase_inhibitor,241279087.64641,213559234.66692933,0.8851129070079061,0.0034254797276823,4.6000000000000005,0.9965745202723176,0.3630757066999333,,0.0584179859433738,2.4764492070194497,0.2746876445065764,0.5611608747741714,,0.0239932730751011,1.2579352422997558,3.0886694610627567,0.735866217889408,0.9958226273797196,5.25,0.060731260348103,0.0,244.0251572327044,16.44251124641934,10.12092430380873,0.615533974836888,400.0,0.1288778901525277,0.0781190276225,0.6061476295898832,400.0,0.7279133218360547,0.0625541705413676,-0.665359151294687,0.0080037570167886,1.0,2,True,The solver successfully reached the end of the integration interval.,1.524,True,True,diffusivity_low
PC-3,ours+zero,1,673596,754143,9.99999993922529e-09,9.99999993922529e-09,-76.30000305175781,,NSC673596,bendamustine,other,alkylator,241279087.64641,244463463.57774505,1.0131978944482816,0.5211325363601921,4.4,0.4788674636398079,0.0313588495524504,9.0,-0.0002776188382107,0.2943245124705795,0.8537972930985852,0.0686452264285478,,0.0355023602587482,0.1039345874468587,7.703571912921569,0.1944818479904871,0.4328986709076047,5.25,0.2033398275045627,0.060731260348103,166.03773584905662,0.0325309557626348,0.0154057251803378,0.4735712437331122,400.0,1.1090544281393298,0.6529307306724423,0.5887274006631666,400.0,-0.0445357389644163,0.0004881484485836,0.045023887413,0.1427727996383158,1.0,2,True,The solver successfully reached the end of the integration interval.,1.627,True,True,diffusivity_low
PC-3,ours+zero,6,24559,681239,9.999999974752427e-07,3.000000106112566e-07,-82.56999969482422,,NSC24559,bortezomib,other,proteasome,241279087.64641,160131954.45806384,0.6636793765265484,0.0005706703137545,5.0,0.9994293296862454,0.4721992853121508,,0.183458337374737,3.254546445725618,0.1438714128030336,0.8420254916455203,,0.0128153500422554,1.3011639482271689,3.516319335668816,0.6464442170680682,0.9993945185914574,5.25,0.0,0.0,400.0,2.422824516355851,1.490446509384788,0.6151689894679436,400.0,16.44251124641934,10.138439839928033,0.6165992340212548,400.0,0.893756808952411,0.2551451347877561,-0.6386116741646549,0.0,1.0,2,True,The solver successfully reached the end of the integration interval.,1.542,True,True,diffusivity_low
PC-3,ours+zero,9,123127,681239,4.999999987376214e-07,3.000000106112566e-07,-91.41999816894533,,doxorubicin,bortezomib,dna_intercalator,proteasome,241279087.64641,208375391.24997857,0.8636280635947563,0.0025576509947617,4.6000000000000005,0.9974423490052382,0.3834820909393846,,0.0690899134719879,2.6033293263190154,0.2523152784770521,0.5980564508007933,,0.0223738639085134,1.2702810366825623,3.124654502928892,0.7102184977802415,0.9969264993856076,5.25,0.0,0.0,400.0,8.609056652850331,4.905577540941421,0.5698159204606067,400.0,16.44251124641934,10.124565341894664,0.6157554153474869,400.0,0.7621633794179867,0.0781716032713047,-0.6839917761466819,0.0,1.0,2,True,The solver successfully reached the end of the integration interval.,1.401,True,True,diffusivity_low
PC-3,random,1,279836,761432,4.999999987376214e-07,4.999999858590343e-10,28.219999313354492,,NSC279836,NSC761432,other,other,241279087.64641,244335258.0111716,1.012666536476797,0.6648365145199447,4.6000000000000005,0.3351634854800552,0.0238109672545218,10.0,-4.979921050007053e-05,0.1884557446924409,0.8792970454215261,0.0558643861382552,,0.0329297675480981,0.0836897509096544,7.998142117523037,0.2807674726372138,0.3216192166581147,5.25,0.2033398275045627,0.060731260348103,166.03773584905662,0.4513395075304535,0.2101773396756442,0.4656745890153718,400.0,2.404650062963026,1.1804509457771863,0.4909034224807857,400.0,-0.0477515954906144,0.0008867274489188,0.0486383229395332,0.1426732732513469,1.0,2,True,The solver successfully reached the end of the integration interval.,1.501,True,True,diffusivity_low
PC-3,random,6,279836,737754,4.999999987376214e-07,1.0000000116860974e-07,27.4950008392334,,NSC279836,ixabepilone,other,antimitotic,241279087.64641,244319281.76887056,1.0126003216943356,0.9857765028223604,4.4,0.0142234971776397,0.0006809453764722,1.4000000000000004,-2.14012593483761e-05,0.0174942391949113,0.9909141286522352,0.0039639792870178,,0.0008454549219874,4.6350031648643214e-21,0.0,0.5222011680996856,0.0040924926059336,5.25,0.2033398275045627,0.0578624312878497,166.03773584905662,0.4513395075304535,0.1949372107071521,0.4319081477572601,400.0,0.0037159631513533,0.0002658565560351,0.0715444543464588,59.40867683275252,-0.0016977604540102,1.1604397724185311e-05,0.0017093648517344,0.1417304789168539,1.0,2,True,The solver successfully reached the end of the integration interval.,1.55,True,True,diffusivity_low
PC-3,random,9,681239,750690,3.000000106112566e-07,1.0000000116860974e-07,-37.0,,bortezomib,everolimus,proteasome,kinase_inhibitor,241279087.64641,213559234.66692933,0.8851129070079061,0.0034254797276823,4.6000000000000005,0.9965745202723176,0.3630757066999333,,0.0584179859433738,2.4764492070194497,0.2746876445065764,0.5611608747741714,,0.0239932730751011,1.2579352422997558,3.0886694610627567,0.735866217889408,0.9958226273797196,5.25,0.060731260348103,0.0,244.0251572327044,16.44251124641934,10.12092430380873,0.615533974836888,400.0,0.1288778901525277,0.0781190276225,0.6061476295898832,400.0,0.7279133218360547,0.0625541705413676,-0.665359151294687,0.0080037570167886,1.0,2,True,The solver successfully reached the end of the integration interval.,1.472,True,True,diffusivity_low
PC-3,tanimoto+zero,1,750,92859,4.999999873689376e-05,6.000000212225132e-06,-39.7599983215332,,NSC750,dromostanolone,other,hormonal,241279087.64641,244419214.5892461,1.0130145010637552,0.5607552704799215,4.6000000000000005,0.4392447295200785,0.0268663503873472,8.8,-0.0001990024648124,0.262397244523618,0.8677080540023302,0.0616263714400503,,0.0342795403905,0.0924463338320935,7.828548205499607,0.1885026634034391,0.3986043966792091,5.25,0.2033398275045627,0.060731260348103,166.03773584905662,231.23362626659684,149.46748134073712,0.6463916332324917,400.0,11.901275414901978,7.276644789551017,0.6114172251185525,400.0,-0.0439055212130106,0.0004330938733618,0.0443386150863724,0.1425870561849368,1.0,2,True,The solver successfully reached the end of the integration interval.,1.667,True,True,diffusivity_low
T-47D,no_treatment,-1,-1,-1,0.0,0.0,,,,,,,241279087.64641,244307242.44601148,1.012550423781605,1.0,0.0,0.0,-0.0005289501584925,0.0,0.0,0.0,1.0,0.0,,0.001098475822591,6.230461558811701e-22,0.0,-4.4497688561597695,-0.0250950517930392,5.25,0.2033398275045627,0.0578624312878497,166.03773584905662,,,,,,,,,0.0,0.0,0.0,0.1416738683806418,1.0,0,True,The solver successfully reached the end of the integration interval.,0.159,,,diffusivity_low
PC-3,tanimoto+zero,9,681239,750690,3.000000106112566e-07,1.0000000116860974e-07,-37.0,,bortezomib,everolimus,proteasome,kinase_inhibitor,241279087.64641,213559234.66692933,0.8851129070079061,0.0034254797276823,4.6000000000000005,0.9965745202723176,0.3630757066999333,,0.0584179859433738,2.4764492070194497,0.2746876445065764,0.5611608747741714,,0.0239932730751011,1.2579352422997558,3.0886694610627567,0.735866217889408,0.9958226273797196,5.25,0.060731260348103,0.0,244.0251572327044,16.44251124641934,10.12092430380873,0.615533974836888,400.0,0.1288778901525277,0.0781190276225,0.6061476295898832,400.0,0.7279133218360547,0.0625541705413676,-0.665359151294687,0.0080037570167886,1.0,2,True,The solver successfully reached the end of the integration interval.,1.432,True,True,diffusivity_low
PC-3,tanimoto+zero,6,750,92859,4.999999873689376e-05,6.000000212225132e-06,-39.7599983215332,,NSC750,dromostanolone,other,hormonal,241279087.64641,244419214.5892461,1.0130145010637552,0.5607552704799215,4.6000000000000005,0.4392447295200785,0.0268663503873472,8.8,-0.0001990024648124,0.262397244523618,0.8677080540023302,0.0616263714400503,,0.0342795403905,0.0924463338320935,7.828548205499607,0.1885026634034391,0.3986043966792091,5.25,0.2033398275045627,0.060731260348103,166.03773584905662,231.23362626659684,149.46748134073712,0.6463916332324917,400.0,11.901275414901978,7.276644789551017,0.6114172251185525,400.0,-0.0439055212130106,0.0004330938733618,0.0443386150863724,0.1425870561849368,1.0,2,True,The solver successfully reached the end of the integration interval.,1.638,True,True,diffusivity_low
T-47D,act_hamming+zero,9,79037,279836,4.999999873689376e-05,4.999999987376214e-07,38.91999816894531,,lomustine,NSC279836,alkylator,other,241279087.64641,244427143.9324064,1.0130473648450204,0.4128721524607635,4.6000000000000005,0.5871278475392365,0.0413279820263857,9.6,-0.0002130914312941,0.3953550172632187,0.8214560260703422,0.0854156801244194,,0.0380762825423965,0.1413598457879789,7.310217660470191,0.2766948802623978,0.5475514850972509,5.25,0.2033398275045627,0.060731260348103,166.03773584905662,5.002740239714067,3.0747139158541543,0.6146059496444873,400.0,11.09291211405064,6.365225573802727,0.5738101508746587,400.0,-0.0571422053795558,0.0006399300697137,0.0577821354492695,0.14283611114309,1.0,2,True,The solver successfully reached the end of the integration interval.,1.553,True,True,diffusivity_low
T-47D,hamming+zero,9,79037,279836,4.999999873689376e-05,4.999999987376214e-07,38.91999816894531,,lomustine,NSC279836,alkylator,other,241279087.64641,244427143.9324064,1.0130473648450204,0.4128721524607635,4.6000000000000005,0.5871278475392365,0.0413279820263857,9.6,-0.0002130914312941,0.3953550172632187,0.8214560260703422,0.0854156801244194,,0.0380762825423965,0.1413598457879789,7.310217660470191,0.2766948802623978,0.5475514850972509,5.25,0.2033398275045627,0.060731260348103,166.03773584905662,5.002740239714067,3.0747139158541543,0.6146059496444873,400.0,11.09291211405064,6.365225573802727,0.5738101508746587,400.0,-0.0571422053795558,0.0006399300697137,0.0577821354492695,0.14283611114309,1.0,2,True,The solver successfully reached the end of the integration interval.,1.582,True,True,diffusivity_low
T-47D,ours+zero,9,673596,681239,9.99999993922529e-09,2.999999892949745e-08,-88.95999908447266,,NSC673596,bortezomib,other,proteasome,241279087.64641,187894512.37261468,0.7787434634532876,0.0043563954577721,5.6000000000000005,0.995643604542228,0.3795165704284445,,0.1140222454224478,2.3713879565324407,0.1975682133642815,0.7042829275163623,,0.0175911413373113,1.233385457977294,3.397443751068083,0.6652557712887044,0.995553012438254,5.25,0.0,0.0,400.0,4.84315787577589,3.0412639532044987,0.6279506122267959,400.0,0.5207749686267218,0.3080594038474854,0.591540343538083,400.0,0.5349036402975678,0.1547606982318951,-0.3801429420656727,0.0,1.0,2,True,The solver successfully reached the end of the integration interval.,1.668,True,True,diffusivity_low
T-47D,random,9,45388,125973,4.999999987376214e-07,5.99999978589949e-08,29.951000213623047,,dacarbazine,paclitaxel,alkylator,antimitotic,241279087.64641,244493339.28027165,1.0133217166278914,0.7358853231666891,4.800000000000001,0.2641146768333109,0.0172662835019834,8.2,-0.0003306904089123,0.1442460962497134,0.9105111592625262,0.040714727105263,,0.0297163489672978,0.0631962295523755,8.121045479295546,0.2399128441562115,0.2566822280411256,5.25,0.2033398275045627,0.060731260348103,166.03773584905662,0.0778429239898828,0.0438435526496416,0.5632310607363615,400.0,7.097702764445099,0.8280676648670142,0.1166669966816725,93.72324837886464,-0.0434478975718108,0.000466834046511,0.0439147316183219,0.1428585271825719,1.0,2,True,The solver successfully reached the end of the integration interval.,1.446,True,True,diffusivity_low
T-47D,tanimoto+zero,9,713563,747972,9.999999747378752e-05,2.9999999242136255e-05,24.45599937438965,,arsenic trioxide,lapatinib,other,kinase_inhibitor,241279087.64641,244347256.93716943,1.012716266961585,0.8581338328732374,4.4,0.1418661671267626,0.0091270199868883,7.6,-7.112621603549139e-05,0.0777176763532718,0.946769523907496,0.0237557302653737,,0.0234096618635199,0.0390591998457311,8.194956473943334,0.2349330197172178,0.1211216082191163,5.25,0.2033398275045627,0.060731260348103,166.03773584905662,2.247734761770227,1.0460674521824984,0.4653874069014518,400.0,456.90223552326705,296.8218123350273,0.6496396586790438,400.0,-0.0158895175393511,0.0002230704278063,0.0161125879671575,0.1420560073101357,1.0,2,True,The solver successfully reached the end of the integration interval.,1.413,True,True,diffusivity_low
DU-145,no_treatment,-1,-1,-1,0.0,0.0,,,,,,,241279087.64641,204299997.25511417,0.8467372752773002,0.8467372752773002,21.0,0.1532627247226997,,,0.0,0.0,1.0,0.0,,0.0168191193435942,0.0392276537956687,15.109980631125392,0.9703920752728364,0.1036014854451071,5.25,0.393341540294025,0.2166697327712597,108.17610062893084,,,,,,,,,0.0,0.0,0.0,0.1895674045594744,1.0,0,True,The solver successfully reached the end of the integration interval.,0.157,,,oxygen_high
DU-145,ours+zero,7,67574,754143,1.0000000116860974e-07,9.99999993922529e-09,-66.76000213623047,,vincristine,bendamustine,antimitotic,alkylator,241279087.64641,200565783.93167624,0.8312605368667575,0.013037180349513,4.4,0.9869628196504868,0.2500286809239719,,0.0080115154486584,1.8427220980890415,0.4260467127222653,0.3705427812603951,,0.029726057497882,1.8275444509252787,2.217611531553098,0.8692786354990026,0.9809246183857068,5.25,0.3832991459561563,0.2099342535129908,110.69182389937106,10.501821987414438,6.681960227941955,0.6362667578968421,400.0,15.711282702554875,10.468889119291,0.6663293709041727,400.0,-0.162698883207047,0.0180408748993738,0.1807397581064209,0.1756154303285617,1.0,2,True,The solver successfully reached the end of the integration interval.,4.084,True,True,oxygen_high
DU-145,hamming+zero,7,740,9706,9.99999993922529e-09,4.999999873689376e-06,-42.18000030517578,,NSC740,triethylenemelamine,other,alkylator,241279087.64641,201063892.0818268,0.8333249849505489,0.0109329365426303,4.4,0.9890670634573696,0.2672589068589607,,0.0069342756686614,1.919168944095483,0.4144252623122592,0.382553778966451,,0.0293067831272647,1.8053972507675196,2.245984561364167,0.8528394710390126,0.9846283658918268,5.25,0.3832991459561563,0.2099342535129908,110.69182389937106,1.4550478895615448,0.9458045624749722,0.6500161054905039,400.0,9.924387754952315,6.6070216602300045,0.6657359449637656,400.0,-0.4970411867666469,0.0200377007904144,0.5170788875570613,0.1792481071027553,1.0,2,True,The solver successfully reached the end of the integration interval.,7.539,True,True,oxygen_high
DU-145,act_hamming+zero,7,740,9706,9.99999993922529e-09,4.999999873689376e-06,-42.18000030517578,,NSC740,triethylenemelamine,other,alkylator,241279087.64641,201063892.0818268,0.8333249849505489,0.0109329365426303,4.4,0.9890670634573696,0.2672589068589607,,0.0069342756686614,1.919168944095483,0.4144252623122592,0.382553778966451,,0.0293067831272647,1.8053972507675196,2.245984561364167,0.8528394710390126,0.9846283658918268,5.25,0.3832991459561563,0.2099342535129908,110.69182389937106,1.4550478895615448,0.9458045624749722,0.6500161054905039,400.0,9.924387754952315,6.6070216602300045,0.6657359449637656,400.0,-0.4970411867666469,0.0200377007904144,0.5170788875570613,0.1792481071027553,1.0,2,True,The solver successfully reached the end of the integration interval.,7.565,True,True,oxygen_high
MDA-MB-231/ATCC,no_treatment,-1,-1,-1,0.0,0.0,,,,,,,241279087.64641,204299997.25511417,0.8467372752773002,0.8467372752773002,21.0,0.1532627247226997,,,0.0,0.0,1.0,0.0,,0.0168191193435942,0.0392276537956687,15.109980631125392,0.9703920752728364,0.1036014854451071,5.25,0.393341540294025,0.2166697327712597,108.17610062893084,,,,,,,,,0.0,0.0,0.0,0.1895674045594744,1.0,0,True,The solver successfully reached the end of the integration interval.,0.159,,,oxygen_high
DU-145,random,7,66847,754143,9.999999974752427e-07,9.99999993922529e-09,-38.16999816894531,,thalidomide,bendamustine,other,alkylator,241279087.64641,200480225.6950616,0.8309059340810407,0.0131563703715846,4.4,0.9868436296284152,0.2528502645396984,,0.0081968182304583,1.8387696804342415,0.4212654473981276,0.3754441606683464,,0.029524420078324,1.8239346785499184,2.224777250640276,0.8653897193631873,0.9812279434808918,5.25,0.3832991459561563,0.2099342535129908,110.69182389937106,1899.9999729811136,1255.0409905511824,0.6605478991570795,400.0,15.711282702554875,10.469008123972124,0.6663369453768224,400.0,-0.1988669061888326,0.0188917565018658,0.2177586626906984,0.1758193444717143,1.0,2,True,The solver successfully reached the end of the integration interval.,4.272,True,True,oxygen_high
MDA-MB-231/ATCC,act_hamming+zero,2,740,24559,9.999999717180683e-10,9.999999974752427e-07,-47.369998931884766,,NSC740,NSC24559,other,other,241279087.64641,204582743.39841872,0.8479091387241604,0.4782043876302622,4.4,0.5217956123697378,0.0224179851405206,,-0.0006006372838983,0.2782922149135849,0.8700900341600007,0.0604358056391285,,0.0318298666867826,0.1207542475328783,8.738474657023113,-0.3547185974332965,0.4462872266746158,5.25,0.393341540294025,0.2235477579063518,108.17610062893084,0.0018356311089325,0.0010911588986759,0.5944325596609273,400.0,2.464070125116591,1.5113241460025022,0.6133446165339924,400.0,-0.0625457181305071,-4.191651537155394e-05,0.0625038016151355,0.1908302525714938,1.0,2,True,The solver successfully reached the end of the integration interval.,2.563,True,True,oxygen_high
MDA-MB-231/ATCC,act_hamming+zero,6,740,24559,9.999999717180683e-10,9.999999974752427e-07,-47.369998931884766,,NSC740,NSC24559,other,other,241279087.64641,204582743.39841872,0.8479091387241604,0.4782043876302622,4.4,0.5217956123697378,0.0224179851405206,,-0.0006006372838983,0.2782922149135849,0.8700900341600007,0.0604358056391285,,0.0318298666867826,0.1207542475328783,8.738474657023113,-0.3547185974332965,0.4462872266746158,5.25,0.393341540294025,0.2235477579063518,108.17610062893084,0.0018356311089325,0.0010911588986759,0.5944325596609273,400.0,2.464070125116591,1.5113241460025022,0.6133446165339924,400.0,-0.0625457181305071,-4.191651537155394e-05,0.0625038016151355,0.1908302525714938,1.0,2,True,The solver successfully reached the end of the integration interval.,2.663,True,True,oxygen_high
MDA-MB-231/ATCC,act_hamming+zero,8,740,24559,9.999999717180683e-10,9.999999974752427e-07,-47.369998931884766,,NSC740,NSC24559,other,other,241279087.64641,204582743.39841872,0.8479091387241604,0.4782043876302622,4.4,0.5217956123697378,0.0224179851405206,,-0.0006006372838983,0.2782922149135849,0.8700900341600007,0.0604358056391285,,0.0318298666867826,0.1207542475328783,8.738474657023113,-0.3547185974332965,0.4462872266746158,5.25,0.393341540294025,0.2235477579063518,108.17610062893084,0.0018356311089325,0.0010911588986759,0.5944325596609273,400.0,2.464070125116591,1.5113241460025022,0.6133446165339924,400.0,-0.0625457181305071,-4.191651537155394e-05,0.0625038016151355,0.1908302525714938,1.0,2,True,The solver successfully reached the end of the integration interval.,2.617,True,True,oxygen_high
DU-145,tanimoto+zero,7,740,9706,9.99999993922529e-09,4.999999873689376e-06,-42.18000030517578,,NSC740,triethylenemelamine,other,alkylator,241279087.64641,201063892.0818268,0.8333249849505489,0.0109329365426303,4.4,0.9890670634573696,0.2672589068589607,,0.0069342756686614,1.919168944095483,0.4144252623122592,0.382553778966451,,0.0293067831272647,1.8053972507675196,2.245984561364167,0.8528394710390126,0.9846283658918268,5.25,0.3832991459561563,0.2099342535129908,110.69182389937106,1.4550478895615448,0.9458045624749722,0.6500161054905039,400.0,9.924387754952315,6.6070216602300045,0.6657359449637656,400.0,-0.4970411867666469,0.0200377007904144,0.5170788875570613,0.1792481071027553,1.0,2,True,The solver successfully reached the end of the integration interval.,7.54,True,True,oxygen_high
MDA-MB-231/ATCC,act_hamming+zero,7,82151,713563,1.999999987845058e-08,9.999999747378752e-05,-54.54100036621094,,daunorubicin,arsenic trioxide,dna_intercalator,other,241279087.64641,204568894.92292544,0.8478517426372124,0.4925209703150033,4.4,0.5074790296849967,0.0210863555949198,,-0.0005712383230804,0.2654810450552687,0.8754144437112369,0.0577862921159369,,0.0314469127600547,0.1160805943508928,8.852477340841084,-0.3936248737198047,0.4330900255524275,5.25,0.393341540294025,0.2235477579063518,108.17610062893084,0.1181595423028795,0.0339725573662798,0.2875142938451614,166.899188482104,2.404551954742679,1.4731430848958589,0.6126476418986364,400.0,-0.0584703153732568,-4.8158321170665985e-05,0.0584221570520862,0.1907631818874643,1.0,2,True,The solver successfully reached the end of the integration interval.,5.843,True,True,oxygen_high
MDA-MB-231/ATCC,hamming+zero,2,740,24559,9.999999717180683e-10,9.999999974752427e-07,-47.369998931884766,,NSC740,NSC24559,other,other,241279087.64641,204582743.39841872,0.8479091387241604,0.4782043876302622,4.4,0.5217956123697378,0.0224179851405206,,-0.0006006372838983,0.2782922149135849,0.8700900341600007,0.0604358056391285,,0.0318298666867826,0.1207542475328783,8.738474657023113,-0.3547185974332965,0.4462872266746158,5.25,0.393341540294025,0.2235477579063518,108.17610062893084,0.0018356311089325,0.0010911588986759,0.5944325596609273,400.0,2.464070125116591,1.5113241460025022,0.6133446165339924,400.0,-0.0625457181305071,-4.191651537155394e-05,0.0625038016151355,0.1908302525714938,1.0,2,True,The solver successfully reached the end of the integration interval.,2.6,True,True,oxygen_high
MDA-MB-231/ATCC,hamming+zero,6,740,24559,9.999999717180683e-10,9.999999974752427e-07,-47.369998931884766,,NSC740,NSC24559,other,other,241279087.64641,204582743.39841872,0.8479091387241604,0.4782043876302622,4.4,0.5217956123697378,0.0224179851405206,,-0.0006006372838983,0.2782922149135849,0.8700900341600007,0.0604358056391285,,0.0318298666867826,0.1207542475328783,8.738474657023113,-0.3547185974332965,0.4462872266746158,5.25,0.393341540294025,0.2235477579063518,108.17610062893084,0.0018356311089325,0.0010911588986759,0.5944325596609273,400.0,2.464070125116591,1.5113241460025022,0.6133446165339924,400.0,-0.0625457181305071,-4.191651537155394e-05,0.0625038016151355,0.1908302525714938,1.0,2,True,The solver successfully reached the end of the integration interval.,2.621,True,True,oxygen_high
MDA-MB-231/ATCC,hamming+zero,8,740,24559,9.999999717180683e-10,9.999999974752427e-07,-47.369998931884766,,NSC740,NSC24559,other,other,241279087.64641,204582743.39841872,0.8479091387241604,0.4782043876302622,4.4,0.5217956123697378,0.0224179851405206,,-0.0006006372838983,0.2782922149135849,0.8700900341600007,0.0604358056391285,,0.0318298666867826,0.1207542475328783,8.738474657023113,-0.3547185974332965,0.4462872266746158,5.25,0.393341540294025,0.2235477579063518,108.17610062893084,0.0018356311089325,0.0010911588986759,0.5944325596609273,400.0,2.464070125116591,1.5113241460025022,0.6133446165339924,400.0,-0.0625457181305071,-4.191651537155394e-05,0.0625038016151355,0.1908302525714938,1.0,2,True,The solver successfully reached the end of the integration interval.,2.633,True,True,oxygen_high
MDA-MB-231/ATCC,hamming+zero,7,82151,713563,1.999999987845058e-08,9.999999747378752e-05,-54.54100036621094,,daunorubicin,arsenic trioxide,dna_intercalator,other,241279087.64641,204568894.92292544,0.8478517426372124,0.4925209703150033,4.4,0.5074790296849967,0.0210863555949198,,-0.0005712383230804,0.2654810450552687,0.8754144437112369,0.0577862921159369,,0.0314469127600547,0.1160805943508928,8.852477340841084,-0.3936248737198047,0.4330900255524275,5.25,0.393341540294025,0.2235477579063518,108.17610062893084,0.1181595423028795,0.0339725573662798,0.2875142938451614,166.899188482104,2.404551954742679,1.4731430848958589,0.6126476418986364,400.0,-0.0584703153732568,-4.8158321170665985e-05,0.0584221570520862,0.1907631818874643,1.0,2,True,The solver successfully reached the end of the integration interval.,6.014,True,True,oxygen_high
MDA-MB-231/ATCC,ours+zero,6,613327,754143,9.99999993922529e-09,9.99999993922529e-09,-90.0999984741211,,gemcitabine,bendamustine,antimetabolite,alkylator,241279087.64641,199721247.70622164,0.8277602906013528,0.0098557572520086,4.4,0.9901442427479914,0.2706087550638292,,0.0098440902648019,1.9642157732102845,0.4011353431625566,0.3967090715903976,,0.0287515948270879,1.9611732439117977,2.1219921711696372,0.8515932171197135,0.9854700092063348,5.25,0.3832991459561563,0.2033398275045627,110.69182389937106,6.90651974161988,4.595077130973154,0.6653245488147129,400.0,16.469569332401257,10.975947501812067,0.6664380397742786,400.0,-0.159244876784725,0.0220991562721841,0.1813440330569091,0.1746548991678465,1.0,2,True,The solver successfully reached the end of the integration interval.,5.364,True,True,oxygen_high
MDA-MB-231/ATCC,ours+zero,2,681239,754143,3.000000106112566e-07,9.99999993922529e-09,-93.95999908447266,,bortezomib,bendamustine,proteasome,alkylator,241279087.64641,138321669.53273743,0.5732849493174694,0.0003950417751013,4.6000000000000005,0.9996049582248988,0.4820724567609714,,0.1693781385963711,3.359908323633492,0.1197220326155043,0.921825918408828,,0.0105517608688877,3.042388034361403,1.8552954367121648,0.6190356577152646,0.9995343779977176,5.25,0.115794269730383,0.0,206.28930817610063,3.2756952361042613,2.1200584000296896,0.64720868311029,400.0,16.469569332401257,10.981458535068906,0.666772658922212,400.0,0.5277717379271651,0.312332626817852,-0.2154391111093131,0.0080934413964384,1.0,2,True,The solver successfully reached the end of the integration interval.,8.745,True,True,oxygen_high
MDA-MB-231/ATCC,ours+zero,7,82151,713563,1.999999987845058e-08,9.999999747378752e-05,-54.54100036621094,,daunorubicin,arsenic trioxide,dna_intercalator,other,241279087.64641,204568894.92292544,0.8478517426372124,0.4925209703150033,4.4,0.5074790296849967,0.0210863555949198,,-0.0005712383230804,0.2654810450552687,0.8754144437112369,0.0577862921159369,,0.0314469127600547,0.1160805943508928,8.852477340841084,-0.3936248737198047,0.4330900255524275,5.25,0.393341540294025,0.2235477579063518,108.17610062893084,0.1181595423028795,0.0339725573662798,0.2875142938451614,166.899188482104,2.404551954742679,1.4731430848958589,0.6126476418986364,400.0,-0.0584703153732568,-4.8158321170665985e-05,0.0584221570520862,0.1907631818874643,1.0,2,True,The solver successfully reached the end of the integration interval.,5.849,True,True,oxygen_high
MDA-MB-231/ATCC,random,6,125973,737754,5.99999978589949e-08,9.999999747378752e-06,25.70599937438965,,paclitaxel,ixabepilone,antimitotic,antimitotic,241279087.64641,204419053.6128607,0.8472307136391075,0.7151888128546859,4.6000000000000005,0.284811187145314,0.0067268492131087,,-0.0002530125305265,0.102130635198806,0.9435663095635592,0.0252275741788215,,0.0254374780733205,0.0706533217170304,10.631210537872912,-0.8077150879202437,0.2675449710929126,5.25,0.393341540294025,0.2235477579063518,108.17610062893084,6.251790332932513,2.640972778590988,0.4224346367918248,400.0,0.376363529046734,0.1284944592692845,0.3414104963749797,247.50627867642527,-0.0392836762415531,3.878985768934751e-05,0.0393224660992425,0.1901236597367776,1.0,2,True,The solver successfully reached the end of the integration interval.,1.595,True,True,oxygen_high
MDA-MB-231/ATCC,ours+zero,8,119875,713563,4.999999873689376e-06,9.999999747378752e-05,-42.95500183105469,,cisplatin,arsenic trioxide,platinum,other,241279087.64641,204569454.3456723,0.8478540612084252,0.491708842933497,4.4,0.508291157066503,0.0211395236210386,,-0.0005724259615037,0.2661977527096999,0.8751405216512044,0.0579222065458961,,0.0314655772921093,0.1162965480238201,8.846984372393992,-0.3926395797656203,0.4335918232453472,5.25,0.393341540294025,0.2235477579063518,108.17610062893084,0.9406837398224496,0.6110720221180627,0.6496041084258565,400.0,2.404551954742679,1.4732362217849382,0.612686375471806,400.0,-0.0585531561026098,-4.831685987571888e-05,0.058504839242734,0.1907656715533104,1.0,2,True,The solver successfully reached the end of the integration interval.,8.572,True,True,oxygen_high
MDA-MB-231/ATCC,random,2,246131,686673,1.9999999494757503e-05,2.0000000233721948e-07,-27.8799991607666,,mitoxantrone,NSC686673,dna_intercalator,other,241279087.64641,204404550.1752073,0.8471706030103956,0.7185973576852244,4.4,0.2814026423147756,0.0052593869371618,,-0.0002221984440315,0.1014201555076158,0.9488336753212134,0.0228099100394182,,0.024642996888396,0.0664916765584418,10.891398185992196,-1.2965575934577411,0.2427936772049487,5.25,0.393341540294025,0.2235477579063518,108.17610062893084,2.3045305279580006,0.6747933964043411,0.292811654355589,168.4556501359724,0.0031046155193241,0.0018207129816773,0.5864536108721308,400.0,-0.0159144905253652,-8.503798821934971e-05,0.0158294525371458,0.189993034257714,1.0,2,True,The solver successfully reached the end of the integration interval.,6.891,True,True,oxygen_high
MDA-MB-231/ATCC,random,7,82151,713563,1.999999987845058e-08,9.999999747378752e-05,-54.54100036621094,,daunorubicin,arsenic trioxide,dna_intercalator,other,241279087.64641,204568894.92292544,0.8478517426372124,0.4925209703150033,4.4,0.5074790296849967,0.0210863555949198,,-0.0005712383230804,0.2654810450552687,0.8754144437112369,0.0577862921159369,,0.0314469127600547,0.1160805943508928,8.852477340841084,-0.3936248737198047,0.4330900255524275,5.25,0.393341540294025,0.2235477579063518,108.17610062893084,0.1181595423028795,0.0339725573662798,0.2875142938451614,166.899188482104,2.404551954742679,1.4731430848958589,0.6126476418986364,400.0,-0.0584703153732568,-4.8158321170665985e-05,0.0584221570520862,0.1907631818874643,1.0,2,True,The solver successfully reached the end of the integration interval.,6.077,True,True,oxygen_high
MDA-MB-231/ATCC,random,8,24559,409962,9.999999974752427e-07,2.0000000233721948e-07,-40.54999923706055,,NSC24559,carmustine,other,alkylator,241279087.64641,204590507.173473,0.847941316295495,0.451432162142755,4.4,0.5485678378572449,0.0253500825174332,,-0.000617118149451,0.3033132744407607,0.8588034607705033,0.0661062141304042,,0.0325925392548469,0.1314775779090685,8.500956457056082,-0.2727285105889243,0.4747369296344844,5.25,0.393341540294025,0.2235477579063518,108.17610062893084,2.464070125116591,1.5147078430777965,0.6147178311356403,400.0,7.600000280806509e-05,4.885117681403665e-05,0.642778618540427,400.0,-0.0652878904275229,2.399209409920111e-06,0.0652902896369328,0.1908959428801497,1.0,2,True,The solver successfully reached the end of the integration interval.,5.549,True,True,oxygen_high
MDA-MB-231/ATCC,tanimoto+zero,2,49842,713563,4.999999858590343e-10,9.999999747378752e-05,-22.812000274658203,,vinblastine,arsenic trioxide,antimitotic,other,241279087.64641,204584893.34820667,0.8479180493587658,0.4140835728900424,4.4,0.5859164271099575,0.0336816444276971,,-0.0006052012388421,0.3408177695116992,0.8286460493765198,0.0816309358284358,,0.0341057579184111,0.1653448300768572,7.91457655910385,-0.0140223360212852,0.531724810603764,5.25,0.393341540294025,0.2235477579063518,108.17610062893084,0.000189999992406,6.850835450659005e-05,0.3605703012880626,318.25329508760643,2.404551954742679,1.476912207602569,0.6142151367075034,400.0,-0.1303392656822322,0.0011750252678911,0.1315142909501233,0.1916948782965049,1.0,2,True,The solver successfully reached the end of the integration interval.,5.547,True,True,oxygen_high
MDA-MB-231/ATCC,tanimoto+zero,6,38721,713563,1.9999999494757503e-05,9.999999747378752e-05,-10.20400047302246,,mitotane,arsenic trioxide,other,other,241279087.64641,204600302.65502647,0.8479819144329009,0.4693022782103587,4.4,0.5306977217896413,0.0235592296358165,,-0.0006379110093339,0.286453108974924,0.8657199042255136,0.0626225972731301,,0.0321360988248268,0.1247999905254647,8.64512690086724,-0.3228490381993065,0.4565424802455049,5.25,0.393341540294025,0.2235477579063518,108.17610062893084,1.1110288055148971,0.6718763020474573,0.6047334674964451,400.0,2.404551954742679,1.473812283354189,0.6129259467433331,400.0,-0.0655425057960763,-4.9665356379957615e-05,0.0654928404396963,0.1909071972102844,1.0,2,True,The solver successfully reached the end of the integration interval.,4.036,True,True,oxygen_high
MDA-MB-435,no_treatment,-1,-1,-1,0.0,0.0,,,,,,,241279087.64641,204299997.25511417,0.8467372752773002,0.8467372752773002,21.0,0.1532627247226997,,,0.0,0.0,1.0,0.0,,0.0168191193435942,0.0392276537956687,15.109980631125392,0.9703920752728364,0.1036014854451071,5.25,0.393341540294025,0.2166697327712597,108.17610062893084,,,,,,,,,0.0,0.0,0.0,0.1895674045594744,1.0,0,True,The solver successfully reached the end of the integration interval.,0.165,,,oxygen_high
MDA-MB-435,act_hamming+zero,0,740,24559,1.0000000116860974e-07,9.999999974752427e-07,-92.08999633789062,,NSC740,NSC24559,other,other,241279087.64641,205068697.89229333,0.8499232150314563,0.1582356668398743,4.6000000000000005,0.8417643331601257,0.1003684382919643,,-0.0016310130271287,0.7572469661063825,0.6600324139117748,0.1804347359166876,,0.0356574185171631,0.6793157361555905,4.12201323037047,0.8088635350250656,0.833746160524207,5.25,0.393341540294025,0.2235477579063518,108.17610062893084,73.75906315777168,48.41026671270937,0.6563297395624336,400.0,2.539011248752824,1.5971482941211324,0.6290434100698294,400.0,-0.3948287466068529,0.0024200546980455,0.3972488013048985,0.1946963730671595,1.0,2,True,The solver successfully reached the end of the integration interval.,1.822,True,True,oxygen_high
MDA-MB-435,act_hamming+zero,1,740,24559,1.0000000116860974e-07,9.999999974752427e-07,-92.08999633789062,,NSC740,NSC24559,other,other,241279087.64641,205068697.89229333,0.8499232150314563,0.1582356668398743,4.6000000000000005,0.8417643331601257,0.1003684382919643,,-0.0016310130271287,0.7572469661063825,0.6600324139117748,0.1804347359166876,,0.0356574185171631,0.6793157361555905,4.12201323037047,0.8088635350250656,0.833746160524207,5.25,0.393341540294025,0.2235477579063518,108.17610062893084,73.75906315777168,48.41026671270937,0.6563297395624336,400.0,2.539011248752824,1.5971482941211324,0.6290434100698294,400.0,-0.3948287466068529,0.0024200546980455,0.3972488013048985,0.1946963730671595,1.0,2,True,The solver successfully reached the end of the integration interval.,1.857,True,True,oxygen_high
MDA-MB-231/ATCC,tanimoto+zero,8,49842,713563,4.999999858590343e-10,9.999999747378752e-05,-22.812000274658203,,vinblastine,arsenic trioxide,antimitotic,other,241279087.64641,204584893.34820667,0.8479180493587658,0.4140835728900424,4.4,0.5859164271099575,0.0336816444276971,,-0.0006052012388421,0.3408177695116992,0.8286460493765198,0.0816309358284358,,0.0341057579184111,0.1653448300768572,7.91457655910385,-0.0140223360212852,0.531724810603764,5.25,0.393341540294025,0.2235477579063518,108.17610062893084,0.000189999992406,6.850835450659005e-05,0.3605703012880626,318.25329508760643,2.404551954742679,1.476912207602569,0.6142151367075034,400.0,-0.1303392656822322,0.0011750252678911,0.1315142909501233,0.1916948782965049,1.0,2,True,The solver successfully reached the end of the integration interval.,5.596,True,True,oxygen_high
MDA-MB-231/ATCC,tanimoto+zero,7,82151,713563,1.999999987845058e-08,9.999999747378752e-05,-54.54100036621094,,daunorubicin,arsenic trioxide,dna_intercalator,other,241279087.64641,204568894.92292544,0.8478517426372124,0.4925209703150033,4.4,0.5074790296849967,0.0210863555949198,,-0.0005712383230804,0.2654810450552687,0.8754144437112369,0.0577862921159369,,0.0314469127600547,0.1160805943508928,8.852477340841084,-0.3936248737198047,0.4330900255524275,5.25,0.393341540294025,0.2235477579063518,108.17610062893084,0.1181595423028795,0.0339725573662798,0.2875142938451614,166.899188482104,2.404551954742679,1.4731430848958589,0.6126476418986364,400.0,-0.0584703153732568,-4.8158321170665985e-05,0.0584221570520862,0.1907631818874643,1.0,2,True,The solver successfully reached the end of the integration interval.,6.028,True,True,oxygen_high
MDA-MB-435,act_hamming+zero,4,740,24559,1.0000000116860974e-07,9.999999974752427e-07,-92.08999633789062,,NSC740,NSC24559,other,other,241279087.64641,205068697.89229333,0.8499232150314563,0.1582356668398743,4.6000000000000005,0.8417643331601257,0.1003684382919643,,-0.0016310130271287,0.7572469661063825,0.6600324139117748,0.1804347359166876,,0.0356574185171631,0.6793157361555905,4.12201323037047,0.8088635350250656,0.833746160524207,5.25,0.393341540294025,0.2235477579063518,108.17610062893084,73.75906315777168,48.41026671270937,0.6563297395624336,400.0,2.539011248752824,1.5971482941211324,0.6290434100698294,400.0,-0.3948287466068529,0.0024200546980455,0.3972488013048985,0.1946963730671595,1.0,2,True,The solver successfully reached the end of the integration interval.,1.798,True,True,oxygen_high
MDA-MB-435,hamming+zero,0,740,24559,1.0000000116860974e-07,9.999999974752427e-07,-92.08999633789062,,NSC740,NSC24559,other,other,241279087.64641,205068697.89229333,0.8499232150314563,0.1582356668398743,4.6000000000000005,0.8417643331601257,0.1003684382919643,,-0.0016310130271287,0.7572469661063825,0.6600324139117748,0.1804347359166876,,0.0356574185171631,0.6793157361555905,4.12201323037047,0.8088635350250656,0.833746160524207,5.25,0.393341540294025,0.2235477579063518,108.17610062893084,73.75906315777168,48.41026671270937,0.6563297395624336,400.0,2.539011248752824,1.5971482941211324,0.6290434100698294,400.0,-0.3948287466068529,0.0024200546980455,0.3972488013048985,0.1946963730671595,1.0,2,True,The solver successfully reached the end of the integration interval.,1.783,True,True,oxygen_high
MDA-MB-435,hamming+zero,1,740,24559,1.0000000116860974e-07,9.999999974752427e-07,-92.08999633789062,,NSC740,NSC24559,other,other,241279087.64641,205068697.89229333,0.8499232150314563,0.1582356668398743,4.6000000000000005,0.8417643331601257,0.1003684382919643,,-0.0016310130271287,0.7572469661063825,0.6600324139117748,0.1804347359166876,,0.0356574185171631,0.6793157361555905,4.12201323037047,0.8088635350250656,0.833746160524207,5.25,0.393341540294025,0.2235477579063518,108.17610062893084,73.75906315777168,48.41026671270937,0.6563297395624336,400.0,2.539011248752824,1.5971482941211324,0.6290434100698294,400.0,-0.3948287466068529,0.0024200546980455,0.3972488013048985,0.1946963730671595,1.0,2,True,The solver successfully reached the end of the integration interval.,1.837,True,True,oxygen_high
MDA-MB-435,hamming+zero,4,740,24559,1.0000000116860974e-07,9.999999974752427e-07,-92.08999633789062,,NSC740,NSC24559,other,other,241279087.64641,205068697.89229333,0.8499232150314563,0.1582356668398743,4.6000000000000005,0.8417643331601257,0.1003684382919643,,-0.0016310130271287,0.7572469661063825,0.6600324139117748,0.1804347359166876,,0.0356574185171631,0.6793157361555905,4.12201323037047,0.8088635350250656,0.833746160524207,5.25,0.393341540294025,0.2235477579063518,108.17610062893084,73.75906315777168,48.41026671270937,0.6563297395624336,400.0,2.539011248752824,1.5971482941211324,0.6290434100698294,400.0,-0.3948287466068529,0.0024200546980455,0.3972488013048985,0.1946963730671595,1.0,2,True,The solver successfully reached the end of the integration interval.,1.811,True,True,oxygen_high
MDA-MB-435,ours+zero,0,740,24559,1.0000000116860974e-07,9.999999974752427e-07,-92.08999633789062,,NSC740,NSC24559,other,other,241279087.64641,205068697.89229333,0.8499232150314563,0.1582356668398743,4.6000000000000005,0.8417643331601257,0.1003684382919643,,-0.0016310130271287,0.7572469661063825,0.6600324139117748,0.1804347359166876,,0.0356574185171631,0.6793157361555905,4.12201323037047,0.8088635350250656,0.833746160524207,5.25,0.393341540294025,0.2235477579063518,108.17610062893084,73.75906315777168,48.41026671270937,0.6563297395624336,400.0,2.539011248752824,1.5971482941211324,0.6290434100698294,400.0,-0.3948287466068529,0.0024200546980455,0.3972488013048985,0.1946963730671595,1.0,2,True,The solver successfully reached the end of the integration interval.,1.77,True,True,oxygen_high
MDA-MB-435,ours+zero,1,279836,754143,4.999999987376214e-07,9.99999993922529e-09,-79.33200073242188,,NSC279836,bendamustine,other,alkylator,241279087.64641,204450565.26572376,0.8473613161425005,0.0655544307669003,4.6000000000000005,0.9344455692330996,0.1326897847556595,,-0.0003199548336435,1.1399492971031455,0.6026899080045051,0.2199060806984237,,0.0349746637409363,1.0487810020506318,3.137939684567692,0.8564796886868724,0.9139920539001556,5.25,0.393341540294025,0.2166697327712597,108.17610062893084,2.716704000731691,1.7496601839546568,0.6440378427253834,400.0,4.982556569608383,3.3025369883442837,0.6628197677650963,400.0,-0.3857375650855443,0.0037909616899287,0.3895285267754731,0.1926975433297122,1.0,2,True,The solver successfully reached the end of the integration interval.,1.927,True,True,oxygen_high
MDA-MB-435,ours+zero,4,740,24559,1.0000000116860974e-07,9.999999974752427e-07,-92.08999633789062,,NSC740,NSC24559,other,other,241279087.64641,205068697.89229333,0.8499232150314563,0.1582356668398743,4.6000000000000005,0.8417643331601257,0.1003684382919643,,-0.0016310130271287,0.7572469661063825,0.6600324139117748,0.1804347359166876,,0.0356574185171631,0.6793157361555905,4.12201323037047,0.8088635350250656,0.833746160524207,5.25,0.393341540294025,0.2235477579063518,108.17610062893084,73.75906315777168,48.41026671270937,0.6563297395624336,400.0,2.539011248752824,1.5971482941211324,0.6290434100698294,400.0,-0.3948287466068529,0.0024200546980455,0.3972488013048985,0.1946963730671595,1.0,2,True,The solver successfully reached the end of the integration interval.,1.856,True,True,oxygen_high
MDA-MB-435,random,1,743414,761432,4.999999873689376e-06,4.999999969612645e-09,-52.07500076293945,,sunitinib,NSC761432,kinase_inhibitor,other,241279087.64641,202769821.56823343,0.8403953427799297,0.0249907203218756,4.4,0.9750092796781245,0.2029256393037786,,0.0032650418011184,1.5601269972328755,0.4978566114661471,0.3028957211274602,,0.0321231973259761,1.3609313730482024,2.689303226062341,0.8938562077479899,0.9644352999085828,5.25,0.3832991459561563,0.2166697327712597,110.69182389937106,21.67723172355619,14.22464132721924,0.6562019315299206,400.0,9.51437302409918,6.214354380597951,0.6531543765266998,400.0,-0.3415996022963079,0.0101584247071093,0.3517580270034173,0.180070102149439,1.0,2,True,The solver successfully reached the end of the integration interval.,1.782,True,True,oxygen_high
MDA-MB-435,tanimoto+zero,0,740,24559,1.0000000116860974e-07,9.999999974752427e-07,-92.08999633789062,,NSC740,NSC24559,other,other,241279087.64641,205068697.89229333,0.8499232150314563,0.1582356668398743,4.6000000000000005,0.8417643331601257,0.1003684382919643,,-0.0016310130271287,0.7572469661063825,0.6600324139117748,0.1804347359166876,,0.0356574185171631,0.6793157361555905,4.12201323037047,0.8088635350250656,0.833746160524207,5.25,0.393341540294025,0.2235477579063518,108.17610062893084,73.75906315777168,48.41026671270937,0.6563297395624336,400.0,2.539011248752824,1.5971482941211324,0.6290434100698294,400.0,-0.3948287466068529,0.0024200546980455,0.3972488013048985,0.1946963730671595,1.0,2,True,The solver successfully reached the end of the integration interval.,1.852,True,True,oxygen_high
MDA-MB-435,random,4,27640,754143,7.000000135093387e-09,9.99999993922529e-09,-62.209999084472656,,NSC27640,bendamustine,other,alkylator,241279087.64641,203935981.63235417,0.8452285841333191,0.0373816108307422,4.6000000000000005,0.9626183891692578,0.1855329016986072,,0.0007745031127378,1.3838933358481846,0.5224741809838437,0.2819351661418789,,0.0328390919533692,1.2132653350922975,2.896587891008183,0.8926911908992743,0.9547320392319136,5.25,0.3832991459561563,0.2166697327712597,110.69182389937106,9.564820525819265,6.238717632832697,0.6522566331476802,400.0,4.982556569608383,3.305471362536774,0.6634086971934924,400.0,-0.5753659609419415,0.0083442873802661,0.5837102483222076,0.1840876400537893,1.0,2,True,The solver successfully reached the end of the integration interval.,2.953,True,True,oxygen_high
MDA-MB-435,random,0,24559,712807,9.999999974752427e-07,2.0000000233721948e-07,-89.3499984741211,,NSC24559,capecitabine,other,antimetabolite,241279087.64641,204607515.1708718,0.8480118072674424,0.4549603140753597,4.4,0.5450396859246402,0.0247526503946905,,-0.0006532203738971,0.2999322564056447,0.8610896431675721,0.0649516342531097,,0.0324517162883889,0.1292274025792007,8.546683955292025,-0.2914811207942231,0.4685350413677032,5.25,0.393341540294025,0.2235477579063518,108.17610062893084,2.539011248752824,1.559777270122698,0.6143246789035964,400.0,3.54117948981554,2.32746670660035,0.6572574796883814,400.0,-0.0700737362107302,-2.9362560789891745e-05,0.0700443736499403,0.1909512360932206,1.0,2,True,The solver successfully reached the end of the integration interval.,5.304,True,True,oxygen_high
OVCAR-8,no_treatment,-1,-1,-1,0.0,0.0,,,,,,,241279087.64641,204299997.25511417,0.8467372752773002,0.8467372752773002,21.0,0.1532627247226997,,,0.0,0.0,1.0,0.0,,0.0168191193435942,0.0392276537956687,15.109980631125392,0.9703920752728364,0.1036014854451071,5.25,0.393341540294025,0.2166697327712597,108.17610062893084,,,,,,,,,0.0,0.0,0.0,0.1895674045594744,1.0,0,True,The solver successfully reached the end of the integration interval.,0.148,,,oxygen_high
MDA-MB-435,tanimoto+zero,1,713563,753082,9.999999747378752e-05,4.999999987376214e-07,2.67549991607666,,arsenic trioxide,pazopanib,other,kinase_inhibitor,241279087.64641,204566150.35968444,0.8478403675807673,0.5002474943984521,4.4,0.4997525056015479,0.0204817938477747,,-0.0005654116470987,0.2587208494062825,0.8778598474921694,0.0565748147537355,,0.0312672064931215,0.1140045525596405,8.90516201037743,-0.4132952692003211,0.4265947996833649,5.25,0.393341540294025,0.2235477579063518,108.17610062893084,2.308439627427034,1.4121629626370893,0.6117391790796252,400.0,1.7043675242828893,1.0365040453457404,0.6081458550331439,400.0,-0.0565203925061565,-5.951194450726227e-05,0.0564608805616493,0.1907442444566352,1.0,2,True,The solver successfully reached the end of the integration interval.,1.796,True,True,oxygen_high
MDA-MB-435,tanimoto+zero,4,740,24559,1.0000000116860974e-07,9.999999974752427e-07,-92.08999633789062,,NSC740,NSC24559,other,other,241279087.64641,205068697.89229333,0.8499232150314563,0.1582356668398743,4.6000000000000005,0.8417643331601257,0.1003684382919643,,-0.0016310130271287,0.7572469661063825,0.6600324139117748,0.1804347359166876,,0.0356574185171631,0.6793157361555905,4.12201323037047,0.8088635350250656,0.833746160524207,5.25,0.393341540294025,0.2235477579063518,108.17610062893084,73.75906315777168,48.41026671270937,0.6563297395624336,400.0,2.539011248752824,1.5971482941211324,0.6290434100698294,400.0,-0.3948287466068529,0.0024200546980455,0.3972488013048985,0.1946963730671595,1.0,2,True,The solver successfully reached the end of the integration interval.,1.808,True,True,oxygen_high
OVCAR-8,act_hamming+zero,2,740,3053,1.0000000116860974e-07,9.99999993922529e-09,-26.979999542236328,,NSC740,dactinomycin,other,dna_intercalator,241279087.64641,204564208.3306334,0.8478323186898751,0.2561548777145692,5.0,0.7438451222854308,0.0614164183341144,,-0.0005612886946819,0.5454919070247042,0.7425279252691606,0.1292872085935837,,0.0365802510186015,0.4099537700343321,5.411762101593352,0.5219593807519491,0.7384100881134892,5.25,0.393341540294025,0.2235477579063518,108.17610062893084,61.005743661518544,40.00308362120078,0.6557265139353443,400.0,0.2050804643318288,0.0822614873802645,0.4011181057556121,400.0,-0.2204757134225505,0.0013901734065733,0.2218658868291239,0.1916272674715407,1.0,2,True,The solver successfully reached the end of the integration interval.,1.734,True,True,oxygen_high
OVCAR-8,act_hamming+zero,8,740,3053,1.0000000116860974e-07,9.99999993922529e-09,-26.979999542236328,,NSC740,dactinomycin,other,dna_intercalator,241279087.64641,204564208.3306334,0.8478323186898751,0.2561548777145692,5.0,0.7438451222854308,0.0614164183341144,,-0.0005612886946819,0.5454919070247042,0.7425279252691606,0.1292872085935837,,0.0365802510186015,0.4099537700343321,5.411762101593352,0.5219593807519491,0.7384100881134892,5.25,0.393341540294025,0.2235477579063518,108.17610062893084,61.005743661518544,40.00308362120078,0.6557265139353443,400.0,0.2050804643318288,0.0822614873802645,0.4011181057556121,400.0,-0.2204757134225505,0.0013901734065733,0.2218658868291239,0.1916272674715407,1.0,2,True,The solver successfully reached the end of the integration interval.,1.761,True,True,oxygen_high
OVCAR-8,hamming+zero,2,740,3053,1.0000000116860974e-07,9.99999993922529e-09,-26.979999542236328,,NSC740,dactinomycin,other,dna_intercalator,241279087.64641,204564208.3306334,0.8478323186898751,0.2561548777145692,5.0,0.7438451222854308,0.0614164183341144,,-0.0005612886946819,0.5454919070247042,0.7425279252691606,0.1292872085935837,,0.0365802510186015,0.4099537700343321,5.411762101593352,0.5219593807519491,0.7384100881134892,5.25,0.393341540294025,0.2235477579063518,108.17610062893084,61.005743661518544,40.00308362120078,0.6557265139353443,400.0,0.2050804643318288,0.0822614873802645,0.4011181057556121,400.0,-0.2204757134225505,0.0013901734065733,0.2218658868291239,0.1916272674715407,1.0,2,True,The solver successfully reached the end of the integration interval.,1.742,True,True,oxygen_high
OVCAR-8,hamming+zero,8,740,3053,1.0000000116860974e-07,9.99999993922529e-09,-26.979999542236328,,NSC740,dactinomycin,other,dna_intercalator,241279087.64641,204564208.3306334,0.8478323186898751,0.2561548777145692,5.0,0.7438451222854308,0.0614164183341144,,-0.0005612886946819,0.5454919070247042,0.7425279252691606,0.1292872085935837,,0.0365802510186015,0.4099537700343321,5.411762101593352,0.5219593807519491,0.7384100881134892,5.25,0.393341540294025,0.2235477579063518,108.17610062893084,61.005743661518544,40.00308362120078,0.6557265139353443,400.0,0.2050804643318288,0.0822614873802645,0.4011181057556121,400.0,-0.2204757134225505,0.0013901734065733,0.2218658868291239,0.1916272674715407,1.0,2,True,The solver successfully reached the end of the integration interval.,1.705,True,True,oxygen_high
OVCAR-8,ours+zero,2,125066,681239,9.999999974752427e-07,3.000000106112566e-07,-93.2300033569336,,bleomycin,bortezomib,dna_cleaver,proteasome,241279087.64641,201965188.04472396,0.8370604763753922,0.032908823451142,5.0,0.967091176548858,0.2200590662187017,,0.0049918425536857,1.4366821814007884,0.4525797188406884,0.3443049117001726,,0.0297986384278016,1.0450198599200724,3.3097015656776216,0.8702462965099859,0.9662774320035262,5.25,0.3832991459561563,0.2099342535129908,110.69182389937106,0.0469345509671727,0.0266941134769025,0.5687518667340203,400.0,2.8664938663465582,1.7606499563821318,0.6142172418551654,400.0,-0.89778040987268,0.0214256125269933,0.9192060223996734,0.1842441236033942,1.0,2,True,The solver successfully reached the end of the integration interval.,1.793,True,True,oxygen_high
OVCAR-8,ours+zero,8,125066,681239,9.999999974752427e-07,3.000000106112566e-07,-93.2300033569336,,bleomycin,bortezomib,dna_cleaver,proteasome,241279087.64641,201965188.04472396,0.8370604763753922,0.032908823451142,5.0,0.967091176548858,0.2200590662187017,,0.0049918425536857,1.4366821814007884,0.4525797188406884,0.3443049117001726,,0.0297986384278016,1.0450198599200724,3.3097015656776216,0.8702462965099859,0.9662774320035262,5.25,0.3832991459561563,0.2099342535129908,110.69182389937106,0.0469345509671727,0.0266941134769025,0.5687518667340203,400.0,2.8664938663465582,1.7606499563821318,0.6142172418551654,400.0,-0.89778040987268,0.0214256125269933,0.9192060223996734,0.1842441236033942,1.0,2,True,The solver successfully reached the end of the integration interval.,1.801,True,True,oxygen_high
OVCAR-8,random,2,8806,754143,1.0000000116860974e-07,9.99999993922529e-09,12.972000122070312,,melphalan,bendamustine,alkylator,alkylator,241279087.64641,204603409.30711916,0.847994790194837,0.1214402201660202,4.4,0.8785597798339798,0.0937907956971073,,-0.0006445052890124,0.873543225549077,0.6763510578164208,0.1698278263984857,,0.0363621668964472,0.8027108879690265,3.687957476573293,0.7191418785928096,0.8386230388596886,5.25,0.393341540294025,0.2235477579063518,108.17610062893084,0.0342117755132451,0.0224239939240797,0.655446657990556,400.0,4.068882418645005,2.69017501966253,0.6611582107497703,400.0,-0.2660401360787681,0.0018359355666648,0.2678760716454329,0.1921081744404304,1.0,2,True,The solver successfully reached the end of the integration interval.,1.761,True,True,oxygen_high
OVCAR-8,tanimoto+zero,2,1390,713563,0.0001999999949475,9.999999747378752e-05,-43.05500030517578,,NSC1390,arsenic trioxide,other,other,241279087.64641,204587900.67100012,0.8479305134426729,0.4208825899862518,4.4,0.5791174100137482,0.0283812426358412,,-0.0006115851613004,0.3337448101424863,0.8472698922718304,0.0719782259695184,,0.0333150650592022,0.143636155791106,8.25805948279432,-0.2019851277535662,0.5032834045012691,5.25,0.393341540294025,0.2235477579063518,108.17610062893084,9.765587997067096,6.204373750049565,0.6353302793352461,400.0,2.3689685491773296,1.4595976884156865,0.616132151236267,400.0,-0.0677658049170779,6.033939590499582e-05,0.0678261443129829,0.1909214131149432,1.0,2,True,The solver successfully reached the end of the integration interval.,4.784,True,True,oxygen_high
PC-3,no_treatment,-1,-1,-1,0.0,0.0,,,,,,,241279087.64641,204299997.25511417,0.8467372752773002,0.8467372752773002,21.0,0.1532627247226997,,,0.0,0.0,1.0,0.0,,0.0168191193435942,0.0392276537956687,15.109980631125392,0.9703920752728364,0.1036014854451071,5.25,0.393341540294025,0.2166697327712597,108.17610062893084,,,,,,,,,0.0,0.0,0.0,0.1895674045594744,1.0,0,True,The solver successfully reached the end of the integration interval.,0.185,,,oxygen_high
OVCAR-8,tanimoto+zero,8,1390,713563,0.0001999999949475,9.999999747378752e-05,-43.05500030517578,,NSC1390,arsenic trioxide,other,other,241279087.64641,204587900.67100012,0.8479305134426729,0.4208825899862518,4.4,0.5791174100137482,0.0283812426358412,,-0.0006115851613004,0.3337448101424863,0.8472698922718304,0.0719782259695184,,0.0333150650592022,0.143636155791106,8.25805948279432,-0.2019851277535662,0.5032834045012691,5.25,0.393341540294025,0.2235477579063518,108.17610062893084,9.765587997067096,6.204373750049565,0.6353302793352461,400.0,2.3689685491773296,1.4595976884156865,0.616132151236267,400.0,-0.0677658049170779,6.033939590499582e-05,0.0678261443129829,0.1909214131149432,1.0,2,True,The solver successfully reached the end of the integration interval.,4.852,True,True,oxygen_high
PC-3,act_hamming+zero,1,740,6396,9.99999993922529e-09,1.0000000116860974e-07,-31.86000061035156,,NSC740,thiotepa,other,alkylator,241279087.64641,204411304.4984131,0.8471985968298008,0.4588897260310575,4.4,0.5411102739689424,0.0246283264824684,,-0.0002365489897063,0.296197436967438,0.8597966198327007,0.065604266582226,,0.0324002217191375,0.1297218083661138,8.55668384604294,-0.2739728732535835,0.4710378707793421,5.25,0.393341540294025,0.2235477579063518,108.17610062893084,5.297392148459928,3.33870165501599,0.6302538232867329,400.0,6.333358819046819e-05,4.09043111628297e-05,0.64585494571719,400.0,-0.0427026314117531,0.0003159473890494,0.0430185788008026,0.1902753051354578,1.0,2,True,The solver successfully reached the end of the integration interval.,2.209,True,True,oxygen_high
OVCAR-8,random,8,85998,713563,9.999999747378752e-05,9.999999747378752e-05,-19.92300033569336,,streptozocin,arsenic trioxide,alkylator,other,241279087.64641,204583430.12455785,0.8479119849142127,0.4299984516543157,4.4,0.5700015483456843,0.027700108426319,,-0.0006020950846262,0.3244388796913573,0.8497439897548028,0.0707118985019548,,0.0331584763868801,0.1408733464331844,8.312059421826307,-0.2156572265497003,0.4972366884888831,5.25,0.393341540294025,0.2235477579063518,108.17610062893084,0.014237267842602,0.0091648428805322,0.6437220246084236,400.0,2.3689685491773296,1.45913134020171,0.6159352941635388,400.0,-0.0638619039133105,4.937215920164384e-05,0.0639112760725122,0.1908955621641589,1.0,2,True,The solver successfully reached the end of the integration interval.,7.268,True,True,oxygen_high
PC-3,act_hamming+zero,6,740,6396,9.99999993922529e-09,1.0000000116860974e-07,-31.86000061035156,,NSC740,thiotepa,other,alkylator,241279087.64641,204411304.4984131,0.8471985968298008,0.4588897260310575,4.4,0.5411102739689424,0.0246283264824684,,-0.0002365489897063,0.296197436967438,0.8597966198327007,0.065604266582226,,0.0324002217191375,0.1297218083661138,8.55668384604294,-0.2739728732535835,0.4710378707793421,5.25,0.393341540294025,0.2235477579063518,108.17610062893084,5.297392148459928,3.33870165501599,0.6302538232867329,400.0,6.333358819046819e-05,4.09043111628297e-05,0.64585494571719,400.0,-0.0427026314117531,0.0003159473890494,0.0430185788008026,0.1902753051354578,1.0,2,True,The solver successfully reached the end of the integration interval.,2.245,True,True,oxygen_high
PC-3,hamming+zero,1,740,6396,9.99999993922529e-09,1.0000000116860974e-07,-31.86000061035156,,NSC740,thiotepa,other,alkylator,241279087.64641,204411304.4984131,0.8471985968298008,0.4588897260310575,4.4,0.5411102739689424,0.0246283264824684,,-0.0002365489897063,0.296197436967438,0.8597966198327007,0.065604266582226,,0.0324002217191375,0.1297218083661138,8.55668384604294,-0.2739728732535835,0.4710378707793421,5.25,0.393341540294025,0.2235477579063518,108.17610062893084,5.297392148459928,3.33870165501599,0.6302538232867329,400.0,6.333358819046819e-05,4.09043111628297e-05,0.64585494571719,400.0,-0.0427026314117531,0.0003159473890494,0.0430185788008026,0.1902753051354578,1.0,2,True,The solver successfully reached the end of the integration interval.,2.225,True,True,oxygen_high
PC-3,hamming+zero,6,740,6396,9.99999993922529e-09,1.0000000116860974e-07,-31.86000061035156,,NSC740,thiotepa,other,alkylator,241279087.64641,204411304.4984131,0.8471985968298008,0.4588897260310575,4.4,0.5411102739689424,0.0246283264824684,,-0.0002365489897063,0.296197436967438,0.8597966198327007,0.065604266582226,,0.0324002217191375,0.1297218083661138,8.55668384604294,-0.2739728732535835,0.4710378707793421,5.25,0.393341540294025,0.2235477579063518,108.17610062893084,5.297392148459928,3.33870165501599,0.6302538232867329,400.0,6.333358819046819e-05,4.09043111628297e-05,0.64585494571719,400.0,-0.0427026314117531,0.0003159473890494,0.0430185788008026,0.1902753051354578,1.0,2,True,The solver successfully reached the end of the integration interval.,2.148,True,True,oxygen_high
PC-3,ours+zero,1,673596,754143,9.99999993922529e-09,9.99999993922529e-09,-76.30000305175781,,NSC673596,bendamustine,other,alkylator,241279087.64641,204424223.26758507,0.8472521396763774,0.4264615707388755,4.4,0.5735384292611245,0.0276896418353311,,-0.0002639954799705,0.3280258692917602,0.8470711864087117,0.0720800907727222,,0.0331983513782269,0.1425764160473374,8.291166661052403,-0.2148079059730896,0.501241761169493,5.25,0.393341540294025,0.2235477579063518,108.17610062893084,0.0325309557626348,0.0197676455745999,0.607656464778852,400.0,1.1090544281393298,0.7222299734304255,0.6512123797585994,400.0,-0.0449647645560282,0.0003175590535261,0.0452823236095544,0.1903352594422143,1.0,2,True,The solver successfully reached the end of the integration interval.,3.387,True,True,oxygen_high
PC-3,act_hamming+zero,9,681239,750690,3.000000106112566e-07,1.0000000116860974e-07,-37.0,,bortezomib,everolimus,proteasome,kinase_inhibitor,241279087.64641,197112614.1047478,0.8169486051506156,0.0081836793101686,4.4,0.9918163206898314,0.2873956224732685,,0.0155539432110916,2.044957168906384,0.3741770177269597,0.426922890756051,,0.027330975231448,1.7867964258113918,2.304225659063029,0.8379422262099818,0.9885862345585292,5.25,0.3734291500347595,0.1968849621189929,113.20754716981132,16.44251124641934,10.659129132553634,0.6482664948685899,400.0,0.1288778901525277,0.0833048965328233,0.6463862531752458,400.0,0.3825859816729191,0.0285951845811127,-0.3539907970918063,0.1588708003323959,1.0,2,True,The solver successfully reached the end of the integration interval.,8.958,True,True,oxygen_high
PC-3,ours+zero,9,123127,681239,4.999999987376214e-07,3.000000106112566e-07,-91.41999816894533,,doxorubicin,bortezomib,dna_intercalator,proteasome,241279087.64641,195719209.26857576,0.8111735301129727,0.0060688611419388,4.4,0.9939311388580612,0.3093765419758782,,0.0186349083130089,2.1747985706926656,0.3496361378602597,0.4563836856995563,,0.0261801685467859,1.8549196592309103,2.264948623322349,0.8139661626723567,0.991512895983032,5.25,0.3734291500347595,0.190568164729299,113.20754716981132,8.609056652850331,5.430564931734577,0.6307967470438933,400.0,16.44251124641934,10.661736138701922,0.6484250476656181,400.0,0.3941938240897279,0.035188565979054,-0.3590052581106738,0.1573372038939471,1.0,2,True,The solver successfully reached the end of the integration interval.,1.81,True,True,oxygen_high
PC-3,hamming+zero,9,681239,750690,3.000000106112566e-07,1.0000000116860974e-07,-37.0,,bortezomib,everolimus,proteasome,kinase_inhibitor,241279087.64641,197112614.1047478,0.8169486051506156,0.0081836793101686,4.4,0.9918163206898314,0.2873956224732685,,0.0155539432110916,2.044957168906384,0.3741770177269597,0.426922890756051,,0.027330975231448,1.7867964258113918,2.304225659063029,0.8379422262099818,0.9885862345585292,5.25,0.3734291500347595,0.1968849621189929,113.20754716981132,16.44251124641934,10.659129132553634,0.6482664948685899,400.0,0.1288778901525277,0.0833048965328233,0.6463862531752458,400.0,0.3825859816729191,0.0285951845811127,-0.3539907970918063,0.1588708003323959,1.0,2,True,The solver successfully reached the end of the integration interval.,8.982,True,True,oxygen_high
PC-3,ours+zero,6,24559,681239,9.999999974752427e-07,3.000000106112566e-07,-82.56999969482422,,NSC24559,bortezomib,other,proteasome,241279087.64641,174775800.17897072,0.7243719374266757,0.0008928600680701,4.6000000000000005,0.9991071399319298,0.4371845262664752,,0.0677870616541646,3.0057679475273593,0.2011085246830876,0.6965695199335511,,0.0170338616508213,2.1970267674735493,2.194906935830839,0.6492328181918152,0.9987817688410092,5.25,0.3266129047304707,0.1113693770409341,125.7861635220126,2.422824516355851,1.5780751873640126,0.6513369733180601,400.0,16.44251124641934,10.672882071175078,0.6491029205468414,400.0,0.2157303048060277,0.1418465434089789,-0.0738837613970487,0.1081978189093321,1.0,2,True,The solver successfully reached the end of the integration interval.,4.685,True,True,oxygen_high
PC-3,random,1,279836,761432,4.999999987376214e-07,4.999999858590343e-10,28.219999313354492,,NSC279836,NSC761432,other,other,241279087.64641,204345941.134682,0.8469276932700738,0.5971588769027312,4.6000000000000005,0.4028411230972688,0.0152760124513013,,-9.765506803393424e-05,0.1804614551330326,0.8992003484032632,0.046143533503678,,0.029540654417485,0.0983583778599928,9.404686442608094,-0.4594625648437256,0.3774434313785256,5.25,0.393341540294025,0.2235477579063518,108.17610062893084,0.4513395075304535,0.272297437211684,0.6033095544894462,400.0,2.404650062963026,1.4825919067550093,0.616552042058107,400.0,-0.0143052513657395,0.0002520622359446,0.0145573136016842,0.1899409426446683,1.0,2,True,The solver successfully reached the end of the integration interval.,1.859,True,True,oxygen_high
PC-3,tanimoto+zero,1,750,92859,4.999999873689376e-05,6.000000212225132e-06,-39.7599983215332,,NSC750,dromostanolone,other,hormonal,241279087.64641,204341330.00871092,0.8469085820987906,0.5898380080369156,4.4,0.4101619919630844,0.0140588215036608,,-8.785497536607986e-05,0.1871730172328038,0.9043354305899872,0.0436704537786312,,0.0290218333371191,0.0936953520189084,9.550415936283567,-0.6183162648887734,0.3577890245834577,5.25,0.393341540294025,0.2235477579063518,108.17610062893084,231.23362626659684,152.24722995077423,0.6584130189406078,400.0,11.901275414901978,7.808102884822958,0.6560727831780261,400.0,-0.0156882562645188,0.0002166151141469,0.0159048713786658,0.189893462509535,1.0,2,True,The solver successfully reached the end of the integration interval.,6.121,True,True,oxygen_high
PC-3,random,9,681239,750690,3.000000106112566e-07,1.0000000116860974e-07,-37.0,,bortezomib,everolimus,proteasome,kinase_inhibitor,241279087.64641,197112614.1047478,0.8169486051506156,0.0081836793101686,4.4,0.9918163206898314,0.2873956224732685,,0.0155539432110916,2.044957168906384,0.3741770177269597,0.426922890756051,,0.027330975231448,1.7867964258113918,2.304225659063029,0.8379422262099818,0.9885862345585292,5.25,0.3734291500347595,0.1968849621189929,113.20754716981132,16.44251124641934,10.659129132553634,0.6482664948685899,400.0,0.1288778901525277,0.0833048965328233,0.6463862531752458,400.0,0.3825859816729191,0.0285951845811127,-0.3539907970918063,0.1588708003323959,1.0,2,True,The solver successfully reached the end of the integration interval.,8.683,True,True,oxygen_high
PC-3,random,6,279836,737754,4.999999987376214e-07,1.0000000116860974e-07,27.4950008392334,,NSC279836,ixabepilone,other,antimitotic,241279087.64641,204310942.2624937,0.8467826377141626,0.8467826377141626,21.0,0.1532173622858373,,,-2.326592780936873e-05,-2.326592780936873e-05,0.985772333999811,0.0062233746169021,,0.0194265464542038,0.0466797127212492,13.26151501374256,0.4974408846085606,0.1405793794019201,5.25,0.393341540294025,0.2166697327712597,108.17610062893084,0.4513395075304535,0.2672772826505138,0.592186764488991,400.0,0.0037159631513533,0.0012111884305632,0.3259419916804489,208.9576088486359,-0.0006430729236388,6.577676340713268e-06,0.0006496505999795,0.189622330882129,1.0,2,True,The solver successfully reached the end of the integration interval.,12.021,True,True,oxygen_high
T-47D,no_treatment,-1,-1,-1,0.0,0.0,,,,,,,241279087.64641,204299997.25511417,0.8467372752773002,0.8467372752773002,21.0,0.1532627247226997,,,0.0,0.0,1.0,0.0,,0.0168191193435942,0.0392276537956687,15.109980631125392,0.9703920752728364,0.1036014854451071,5.25,0.393341540294025,0.2166697327712597,108.17610062893084,,,,,,,,,0.0,0.0,0.0,0.1895674045594744,1.0,0,True,The solver successfully reached the end of the integration interval.,0.149,,,oxygen_high
PC-3,tanimoto+zero,6,750,92859,4.999999873689376e-05,6.000000212225132e-06,-39.7599983215332,,NSC750,dromostanolone,other,hormonal,241279087.64641,204341330.00871092,0.8469085820987906,0.5898380080369156,4.4,0.4101619919630844,0.0140588215036608,,-8.785497536607986e-05,0.1871730172328038,0.9043354305899872,0.0436704537786312,,0.0290218333371191,0.0936953520189084,9.550415936283567,-0.6183162648887734,0.3577890245834577,5.25,0.393341540294025,0.2235477579063518,108.17610062893084,231.23362626659684,152.24722995077423,0.6584130189406078,400.0,11.901275414901978,7.808102884822958,0.6560727831780261,400.0,-0.0156882562645188,0.0002166151141469,0.0159048713786658,0.189893462509535,1.0,2,True,The solver successfully reached the end of the integration interval.,6.056,True,True,oxygen_high
PC-3,tanimoto+zero,9,681239,750690,3.000000106112566e-07,1.0000000116860974e-07,-37.0,,bortezomib,everolimus,proteasome,kinase_inhibitor,241279087.64641,197112614.1047478,0.8169486051506156,0.0081836793101686,4.4,0.9918163206898314,0.2873956224732685,,0.0155539432110916,2.044957168906384,0.3741770177269597,0.426922890756051,,0.027330975231448,1.7867964258113918,2.304225659063029,0.8379422262099818,0.9885862345585292,5.25,0.3734291500347595,0.1968849621189929,113.20754716981132,16.44251124641934,10.659129132553634,0.6482664948685899,400.0,0.1288778901525277,0.0833048965328233,0.6463862531752458,400.0,0.3825859816729191,0.0285951845811127,-0.3539907970918063,0.1588708003323959,1.0,2,True,The solver successfully reached the end of the integration interval.,8.527,True,True,oxygen_high
T-47D,act_hamming+zero,9,79037,279836,4.999999873689376e-05,4.999999987376214e-07,38.91999816894531,,lomustine,NSC279836,alkylator,other,241279087.64641,204342018.1986882,0.8469114343558345,0.4374487015984915,4.4,0.5625512984015084,0.0265839781447735,,-8.931760951032107e-05,0.3169786396295081,0.8506173375334206,0.0702657696135795,,0.0329171712324939,0.1383332053837273,8.38346105518302,-0.2303218208063635,0.4916047031257853,5.25,0.393341540294025,0.2166697327712597,108.17610062893084,5.002740239714067,3.291521058527675,0.6579436270542408,400.0,11.09291211405064,7.1164676834851335,0.6415328644379312,400.0,-0.0395079386325893,0.0004501979858507,0.0399581366184401,0.1900417469514323,1.0,2,True,The solver successfully reached the end of the integration interval.,5.532,True,True,oxygen_high
T-47D,hamming+zero,9,79037,279836,4.999999873689376e-05,4.999999987376214e-07,38.91999816894531,,lomustine,NSC279836,alkylator,other,241279087.64641,204342018.1986882,0.8469114343558345,0.4374487015984915,4.4,0.5625512984015084,0.0265839781447735,,-8.931760951032107e-05,0.3169786396295081,0.8506173375334206,0.0702657696135795,,0.0329171712324939,0.1383332053837273,8.38346105518302,-0.2303218208063635,0.4916047031257853,5.25,0.393341540294025,0.2166697327712597,108.17610062893084,5.002740239714067,3.291521058527675,0.6579436270542408,400.0,11.09291211405064,7.1164676834851335,0.6415328644379312,400.0,-0.0395079386325893,0.0004501979858507,0.0399581366184401,0.1900417469514323,1.0,2,True,The solver successfully reached the end of the integration interval.,5.397,True,True,oxygen_high
T-47D,tanimoto+zero,9,713563,747972,9.999999747378752e-05,2.9999999242136255e-05,24.45599937438965,,arsenic trioxide,lapatinib,other,kinase_inhibitor,241279087.64641,204369970.7401615,0.8470272858444404,0.6968933015250018,4.4,0.3031066984749981,0.0074812653821609,,-0.0001487219571414,0.114739481317937,0.9382961097338046,0.0276600842973407,,0.0258600845455613,0.0728841526189574,10.49347908538914,-0.9896816096060554,0.2734505973978036,5.25,0.393341540294025,0.2235477579063518,108.17610062893084,2.247734761770227,1.370731976857841,0.6098281701966948,400.0,456.90223552326705,301.21119217833876,0.6592464837327329,400.0,-0.0114158551554022,3.803019933135143e-05,0.0114538853547335,0.1899127370682239,1.0,2,True,The solver successfully reached the end of the integration interval.,3.112,True,True,oxygen_high
T-47D,random,9,45388,125973,4.999999987376214e-07,5.99999978589949e-08,29.951000213623047,,dacarbazine,paclitaxel,alkylator,antimitotic,241279087.64641,204480602.36122295,0.8474858072278749,0.6510624025377534,4.6000000000000005,0.3489375974622466,0.0127343299528391,,-0.0003837550322289,0.1429287312143052,0.9173252962936062,0.0374766301605072,,0.0281824907274011,0.0875918546461178,9.794804864169242,-0.4422265765795365,0.3369887241664938,5.25,0.393341540294025,0.2235477579063518,108.17610062893084,0.0778429239898828,0.0499066924878485,0.641120476079944,400.0,7.097702764445099,3.09149160928774,0.4355622814714239,400.0,-0.068679751808989,0.0001528521407661,0.0688326039497551,0.1904702319872331,1.0,2,True,The solver successfully reached the end of the integration interval.,5.496,True,True,oxygen_high
T-47D,ours+zero,9,673596,681239,9.99999993922529e-09,2.999999892949745e-08,-88.95999908447266,,NSC673596,bortezomib,other,proteasome,241279087.64641,198021069.61166927,0.820713769864156,0.0078153692903599,4.800000000000001,0.99218463070964,0.3134017914028654,,0.013556958771983,2.0622984382661484,0.355088785950478,0.4496630429243187,,0.0261889835835012,1.486151270328864,2.6704348827648037,0.7959007505901541,0.9915617060120976,5.25,0.3734291500347595,0.1968849621189929,113.20754716981132,4.84315787577589,3.15036616916564,0.650477694506488,400.0,0.5207749686267218,0.3243008601463841,0.6227274344647596,400.0,-0.9110571160337104,0.0379611091489109,0.9490182251826214,0.1693832583886438,1.0,2,True,The solver successfully reached the end of the integration interval.,7.559,True,True,oxygen_high
DU-145,no_treatment,-1,-1,-1,0.0,0.0,,,,,,,241279087.64641,264772933.66364232,1.0973720774825797,1.0,0.0,0.0,0.0021082231110598,0.0,0.0,0.0,1.0,0.0,,0.0063906053475404,4.858120099904685e-22,0.0,-2.2415690233910643,-0.0901046559035312,5.25,0.0102133001273583,0.0,314.4654088050314,,,,,,,,,0.0,0.0,0.0,0.0100144548530844,1.0,0,True,The solver successfully reached the end of the integration interval.,0.14,,,oxygen_low
DU-145,ours+zero,7,67574,754143,1.0000000116860974e-07,9.99999993922529e-09,-66.76000213623047,,vincristine,bendamustine,antimitotic,alkylator,241279087.64641,252341557.6214859,1.0458492697522452,0.0128928735037353,4.4,0.9871071264962648,0.2657118394722539,15.000000000000002,0.0208848079203848,1.9255773693776863,0.382849274402982,0.4169721716680696,,0.0332830910568233,1.9669700814185216,2.039341905410992,0.864312795883119,0.9810806032737872,5.25,0.0,0.0,400.0,10.501821987414438,6.7040377226949674,0.638369011656187,400.0,15.711282702554875,10.470588954446882,0.666437562907847,400.0,0.30471718322481,0.0148699542841416,-0.2898472289406684,0.0,1.0,2,True,The solver successfully reached the end of the integration interval.,5.601,True,True,oxygen_low
DU-145,act_hamming+zero,7,740,9706,9.99999993922529e-09,4.999999873689376e-06,-42.18000030517578,,NSC740,triethylenemelamine,other,alkylator,241279087.64641,254341445.02930892,1.054137959117458,0.0107270415402568,4.4,0.9892729584597432,0.2843234550604646,14.800000000000002,0.0174564530260619,2.005447128632683,0.3753748777295896,0.4255347962551621,,0.0330830370246923,1.9570669430878993,2.050187945708452,0.8443920948274786,0.9848508336028384,5.25,0.0,0.0,400.0,1.4550478895615448,0.9472621402212774,0.6510178441664346,400.0,9.924387754952315,6.60864312753737,0.6658993270632364,400.0,0.1963103656567251,0.0166950090652786,-0.1796153565914464,0.0,1.0,2,True,The solver successfully reached the end of the integration interval.,8.073,True,True,oxygen_low
DU-145,hamming+zero,7,740,9706,9.99999993922529e-09,4.999999873689376e-06,-42.18000030517578,,NSC740,triethylenemelamine,other,alkylator,241279087.64641,254341445.02930892,1.054137959117458,0.0107270415402568,4.4,0.9892729584597432,0.2843234550604646,14.800000000000002,0.0174564530260619,2.005447128632683,0.3753748777295896,0.4255347962551621,,0.0330830370246923,1.9570669430878993,2.050187945708452,0.8443920948274786,0.9848508336028384,5.25,0.0,0.0,400.0,1.4550478895615448,0.9472621402212774,0.6510178441664346,400.0,9.924387754952315,6.60864312753737,0.6658993270632364,400.0,0.1963103656567251,0.0166950090652786,-0.1796153565914464,0.0,1.0,2,True,The solver successfully reached the end of the integration interval.,8.161,True,True,oxygen_low
MDA-MB-231/ATCC,no_treatment,-1,-1,-1,0.0,0.0,,,,,,,241279087.64641,264772933.66364232,1.0973720774825797,1.0,0.0,0.0,0.0021082231110598,0.0,0.0,0.0,1.0,0.0,,0.0063906053475404,4.858120099904685e-22,0.0,-2.2415690233910643,-0.0901046559035312,5.25,0.0102133001273583,0.0,314.4654088050314,,,,,,,,,0.0,0.0,0.0,0.0100144548530844,1.0,0,True,The solver successfully reached the end of the integration interval.,0.148,,,oxygen_low
DU-145,random,7,66847,754143,9.999999974752427e-07,9.99999993922529e-09,-38.16999816894531,,thalidomide,bendamustine,other,alkylator,241279087.64641,252154158.35060075,1.0450725788557689,0.0130153634461422,4.4,0.9869846365538578,0.2684312415416421,15.2,0.0212074527731545,1.9214707910301816,0.3784974570442385,0.4219370339852158,,0.0330592120619737,1.9623806301154976,2.0464728014044717,0.8592358271603986,0.9813755193467936,5.25,0.0,0.0,400.0,1899.9999729811136,1255.0488550110597,0.6605520383465474,400.0,15.711282702554875,10.470739866975574,0.6664471682679916,400.0,0.300963731215595,0.0156380569038803,-0.2853256743117147,0.0,1.0,2,True,The solver successfully reached the end of the integration interval.,3.767,True,True,oxygen_low
MDA-MB-231/ATCC,act_hamming+zero,2,740,24559,9.999999717180683e-10,9.999999974752427e-07,-47.369998931884766,,NSC740,NSC24559,other,other,241279087.64641,264724990.30782387,1.097173372504514,0.5861985331121816,4.4,0.4138014668878184,0.0254347629808715,4.6,7.864633264891156e-05,0.2678823637184983,0.8741329729590498,0.0584224975375434,,0.0337167095409305,0.0689943716406628,6.971315811872216,0.2741186750359144,0.3167999199486633,5.25,0.0102133001273583,0.0,314.4654088050314,0.0018356311089325,0.0010512133012886,0.5726713260487271,400.0,2.464070125116591,1.4697906953461644,0.5964889880220512,400.0,-0.0002417812038773,0.0002163454165369,0.0004581266204142,0.0100194547324324,1.0,2,True,The solver successfully reached the end of the integration interval.,1.618,True,True,oxygen_low
MDA-MB-231/ATCC,act_hamming+zero,6,740,24559,9.999999717180683e-10,9.999999974752427e-07,-47.369998931884766,,NSC740,NSC24559,other,other,241279087.64641,264724990.30782387,1.097173372504514,0.5861985331121816,4.4,0.4138014668878184,0.0254347629808715,4.6,7.864633264891156e-05,0.2678823637184983,0.8741329729590498,0.0584224975375434,,0.0337167095409305,0.0689943716406628,6.971315811872216,0.2741186750359144,0.3167999199486633,5.25,0.0102133001273583,0.0,314.4654088050314,0.0018356311089325,0.0010512133012886,0.5726713260487271,400.0,2.464070125116591,1.4697906953461644,0.5964889880220512,400.0,-0.0002417812038773,0.0002163454165369,0.0004581266204142,0.0100194547324324,1.0,2,True,The solver successfully reached the end of the integration interval.,1.654,True,True,oxygen_low
MDA-MB-231/ATCC,act_hamming+zero,7,82151,713563,1.999999987845058e-08,9.999999747378752e-05,-54.54100036621094,,daunorubicin,arsenic trioxide,dna_intercalator,other,241279087.64641,264728485.7324615,1.0971878595645892,0.6042979367379283,4.4,0.3957020632620717,0.0240634343134991,4.6,7.291195295065957e-05,0.2546759796213083,0.8796445596113436,0.0556927789665871,,0.0330120387521874,0.0650033638164367,6.9128595731953535,0.27746504572003,0.2998361180371235,5.25,0.0102133001273583,0.0,314.4654088050314,0.1181595423028795,0.0236901544583384,0.2004929436643654,140.88915651913038,2.404551954742679,1.4316113600619491,0.5953755156915093,400.0,-0.000234961856788,0.000201676996637,0.0004366388534251,0.0100192515416729,1.0,2,True,The solver successfully reached the end of the integration interval.,2.327,True,True,oxygen_low
MDA-MB-231/ATCC,act_hamming+zero,8,740,24559,9.999999717180683e-10,9.999999974752427e-07,-47.369998931884766,,NSC740,NSC24559,other,other,241279087.64641,264724990.30782387,1.097173372504514,0.5861985331121816,4.4,0.4138014668878184,0.0254347629808715,4.6,7.864633264891156e-05,0.2678823637184983,0.8741329729590498,0.0584224975375434,,0.0337167095409305,0.0689943716406628,6.971315811872216,0.2741186750359144,0.3167999199486633,5.25,0.0102133001273583,0.0,314.4654088050314,0.0018356311089325,0.0010512133012886,0.5726713260487271,400.0,2.464070125116591,1.4697906953461644,0.5964889880220512,400.0,-0.0002417812038773,0.0002163454165369,0.0004581266204142,0.0100194547324324,1.0,2,True,The solver successfully reached the end of the integration interval.,1.629,True,True,oxygen_low
MDA-MB-231/ATCC,hamming+zero,2,740,24559,9.999999717180683e-10,9.999999974752427e-07,-47.369998931884766,,NSC740,NSC24559,other,other,241279087.64641,264724990.30782387,1.097173372504514,0.5861985331121816,4.4,0.4138014668878184,0.0254347629808715,4.6,7.864633264891156e-05,0.2678823637184983,0.8741329729590498,0.0584224975375434,,0.0337167095409305,0.0689943716406628,6.971315811872216,0.2741186750359144,0.3167999199486633,5.25,0.0102133001273583,0.0,314.4654088050314,0.0018356311089325,0.0010512133012886,0.5726713260487271,400.0,2.464070125116591,1.4697906953461644,0.5964889880220512,400.0,-0.0002417812038773,0.0002163454165369,0.0004581266204142,0.0100194547324324,1.0,2,True,The solver successfully reached the end of the integration interval.,1.601,True,True,oxygen_low
MDA-MB-231/ATCC,hamming+zero,6,740,24559,9.999999717180683e-10,9.999999974752427e-07,-47.369998931884766,,NSC740,NSC24559,other,other,241279087.64641,264724990.30782387,1.097173372504514,0.5861985331121816,4.4,0.4138014668878184,0.0254347629808715,4.6,7.864633264891156e-05,0.2678823637184983,0.8741329729590498,0.0584224975375434,,0.0337167095409305,0.0689943716406628,6.971315811872216,0.2741186750359144,0.3167999199486633,5.25,0.0102133001273583,0.0,314.4654088050314,0.0018356311089325,0.0010512133012886,0.5726713260487271,400.0,2.464070125116591,1.4697906953461644,0.5964889880220512,400.0,-0.0002417812038773,0.0002163454165369,0.0004581266204142,0.0100194547324324,1.0,2,True,The solver successfully reached the end of the integration interval.,1.612,True,True,oxygen_low
MDA-MB-231/ATCC,hamming+zero,8,740,24559,9.999999717180683e-10,9.999999974752427e-07,-47.369998931884766,,NSC740,NSC24559,other,other,241279087.64641,264724990.30782387,1.097173372504514,0.5861985331121816,4.4,0.4138014668878184,0.0254347629808715,4.6,7.864633264891156e-05,0.2678823637184983,0.8741329729590498,0.0584224975375434,,0.0337167095409305,0.0689943716406628,6.971315811872216,0.2741186750359144,0.3167999199486633,5.25,0.0102133001273583,0.0,314.4654088050314,0.0018356311089325,0.0010512133012886,0.5726713260487271,400.0,2.464070125116591,1.4697906953461644,0.5964889880220512,400.0,-0.0002417812038773,0.0002163454165369,0.0004581266204142,0.0100194547324324,1.0,2,True,The solver successfully reached the end of the integration interval.,1.562,True,True,oxygen_low
MDA-MB-231/ATCC,hamming+zero,7,82151,713563,1.999999987845058e-08,9.999999747378752e-05,-54.54100036621094,,daunorubicin,arsenic trioxide,dna_intercalator,other,241279087.64641,264728485.7324615,1.0971878595645892,0.6042979367379283,4.4,0.3957020632620717,0.0240634343134991,4.6,7.291195295065957e-05,0.2546759796213083,0.8796445596113436,0.0556927789665871,,0.0330120387521874,0.0650033638164367,6.9128595731953535,0.27746504572003,0.2998361180371235,5.25,0.0102133001273583,0.0,314.4654088050314,0.1181595423028795,0.0236901544583384,0.2004929436643654,140.88915651913038,2.404551954742679,1.4316113600619491,0.5953755156915093,400.0,-0.000234961856788,0.000201676996637,0.0004366388534251,0.0100192515416729,1.0,2,True,The solver successfully reached the end of the integration interval.,2.311,True,True,oxygen_low
DU-145,tanimoto+zero,7,740,9706,9.99999993922529e-09,4.999999873689376e-06,-42.18000030517578,,NSC740,triethylenemelamine,other,alkylator,241279087.64641,254341445.02930892,1.054137959117458,0.0107270415402568,4.4,0.9892729584597432,0.2843234550604646,14.800000000000002,0.0174564530260619,2.005447128632683,0.3753748777295896,0.4255347962551621,,0.0330830370246923,1.9570669430878993,2.050187945708452,0.8443920948274786,0.9848508336028384,5.25,0.0,0.0,400.0,1.4550478895615448,0.9472621402212774,0.6510178441664346,400.0,9.924387754952315,6.60864312753737,0.6658993270632364,400.0,0.1963103656567251,0.0166950090652786,-0.1796153565914464,0.0,1.0,2,True,The solver successfully reached the end of the integration interval.,8.134,True,True,oxygen_low
MDA-MB-231/ATCC,ours+zero,7,82151,713563,1.999999987845058e-08,9.999999747378752e-05,-54.54100036621094,,daunorubicin,arsenic trioxide,dna_intercalator,other,241279087.64641,264728485.7324615,1.0971878595645892,0.6042979367379283,4.4,0.3957020632620717,0.0240634343134991,4.6,7.291195295065957e-05,0.2546759796213083,0.8796445596113436,0.0556927789665871,,0.0330120387521874,0.0650033638164367,6.9128595731953535,0.27746504572003,0.2998361180371235,5.25,0.0102133001273583,0.0,314.4654088050314,0.1181595423028795,0.0236901544583384,0.2004929436643654,140.88915651913038,2.404551954742679,1.4316113600619491,0.5953755156915093,400.0,-0.000234961856788,0.000201676996637,0.0004366388534251,0.0100192515416729,1.0,2,True,The solver successfully reached the end of the integration interval.,2.304,True,True,oxygen_low
MDA-MB-231/ATCC,ours+zero,2,681239,754143,3.000000106112566e-07,9.99999993922529e-09,-93.95999908447266,,bortezomib,bendamustine,proteasome,alkylator,241279087.64641,145408408.41518715,0.6026564914249032,0.0003907458156711,4.6000000000000005,0.9996092541843288,0.4843545562917749,,0.2602840665620322,3.4444576309895973,0.097367555996188,1.0115857309969871,,0.0107603548656485,3.271302377471187,1.7419151908871753,0.6042673950954789,0.999539146443456,5.25,0.0,0.0,400.0,3.2756952361042613,2.12424150443548,0.6484856958066132,400.0,16.469569332401257,10.982890816001987,0.66685962421585,400.0,0.973786994841406,0.3236523974653108,-0.6501345973760952,0.0,1.0,2,True,The solver successfully reached the end of the integration interval.,5.699,True,True,oxygen_low
MDA-MB-231/ATCC,ours+zero,6,613327,754143,9.99999993922529e-09,9.99999993922529e-09,-90.0999984741211,,gemcitabine,bendamustine,antimetabolite,alkylator,241279087.64641,249442748.04649255,1.03383492734375,0.0097232094594417,4.4,0.9902767905405584,0.2853372323446833,15.6,0.0259027050276652,2.048117449538621,0.3576621980216892,0.4465269588114343,,0.0319921569193419,2.140805841948228,1.93457782292464,0.8426489943327586,0.9856180116969822,5.25,0.0,0.0,400.0,6.90651974161988,4.596096790246666,0.6654721860200867,400.0,16.469569332401257,10.978117381544024,0.6665697906226561,400.0,0.3722379115933583,0.018734720190256,-0.3535031914031022,0.0,1.0,2,True,The solver successfully reached the end of the integration interval.,8.111,True,True,oxygen_low
MDA-MB-231/ATCC,random,6,125973,737754,5.99999978589949e-08,9.999999747378752e-06,25.70599937438965,,paclitaxel,ixabepilone,antimitotic,antimitotic,241279087.64641,264727250.74605337,1.097182741067084,0.7949841357779738,4.6000000000000005,0.2050158642220262,0.0145447591202741,3.3999999999999995,7.493798740589055e-05,0.1359935048076641,0.9250970777987252,0.033812690893277,,0.0260516790529794,0.0372688317736572,5.654963016607796,0.409535264366203,0.1767110464053902,5.25,0.0102133001273583,0.0,314.4654088050314,6.251790332932513,2.2423660626403294,0.3586758261594656,327.3964797283731,0.376363529046734,0.1045105590136152,0.2776851393606681,187.4129831059398,0.0005233082637228,0.0001069250150059,-0.0004163832487168,0.0100094956499659,1.0,2,True,The solver successfully reached the end of the integration interval.,1.635,True,True,oxygen_low
MDA-MB-231/ATCC,random,2,246131,686673,1.9999999494757503e-05,2.0000000233721948e-07,-27.8799991607666,,mitoxantrone,NSC686673,dna_intercalator,other,241279087.64641,264762767.73380908,1.0973299439933806,0.8862758757761229,4.4,0.1137241242238771,0.0080960777505206,2.2,1.6675012539730846e-05,0.0883581629850751,0.9542322482923248,0.0203459105409252,,0.0159456133548014,0.0143284766949881,0.0,0.54019395300298,0.0601058359504041,5.25,0.0102133001273583,0.0,314.4654088050314,2.3045305279580006,0.4491748628938095,0.1949094869625418,134.84443969490093,0.0031046155193241,0.0017369564060507,0.5594755277229573,400.0,-0.0001289876298344,5.873825612068284e-05,0.0001877258859551,0.0100164735025635,1.0,2,True,The solver successfully reached the end of the integration interval.,4.812,True,True,oxygen_low
MDA-MB-231/ATCC,ours+zero,8,119875,713563,4.999999873689376e-06,9.999999747378752e-05,-42.95500183105469,,cisplatin,arsenic trioxide,platinum,other,241279087.64641,264727629.02652827,1.0971843088800206,0.6033291112659367,4.4,0.3966708887340633,0.024112148288665,4.6,7.431740525940987e-05,0.2553728100663979,0.8793887525388865,0.0558190933462133,,0.0330419493041361,0.0651662788008635,6.915552868817756,0.2770485315021546,0.3003968264888863,5.25,0.0102133001273583,0.0,314.4654088050314,0.9406837398224496,0.6059858937942114,0.6441972664570443,400.0,2.404551954742679,1.4317435104959186,0.5954304741355175,400.0,-0.0002366463854528,0.0002056212264156,0.0004422676118684,0.0100192888888352,1.0,2,True,The solver successfully reached the end of the integration interval.,9.379,True,True,oxygen_low
MDA-MB-231/ATCC,random,7,82151,713563,1.999999987845058e-08,9.999999747378752e-05,-54.54100036621094,,daunorubicin,arsenic trioxide,dna_intercalator,other,241279087.64641,264728485.7324615,1.0971878595645892,0.6042979367379283,4.4,0.3957020632620717,0.0240634343134991,4.6,7.291195295065957e-05,0.2546759796213083,0.8796445596113436,0.0556927789665871,,0.0330120387521874,0.0650033638164367,6.9128595731953535,0.27746504572003,0.2998361180371235,5.25,0.0102133001273583,0.0,314.4654088050314,0.1181595423028795,0.0236901544583384,0.2004929436643654,140.88915651913038,2.404551954742679,1.4316113600619491,0.5953755156915093,400.0,-0.000234961856788,0.000201676996637,0.0004366388534251,0.0100192515416729,1.0,2,True,The solver successfully reached the end of the integration interval.,2.224,True,True,oxygen_low
MDA-MB-231/ATCC,tanimoto+zero,2,49842,713563,4.999999858590343e-10,9.999999747378752e-05,-22.812000274658203,,vinblastine,arsenic trioxide,antimitotic,other,241279087.64641,264537149.63116357,1.09639485216737,0.4771110753361139,4.4,0.522888924663886,0.0402923333177432,6.4,0.0003869176659627,0.3573075929587601,0.8201007526339608,0.0861327895369687,,0.0389970515871167,0.1187095274486346,7.058637167843916,0.3537502086870737,0.4559597653410834,5.25,0.0102133001273583,0.0,314.4654088050314,0.000189999992406,5.682277286845573e-05,0.2990672375765698,215.564851153662,2.404551954742679,1.4481748142565285,0.6022638901189821,400.0,0.0010146468229083,0.0007832245856431,-0.0002314222372651,0.0100085370825641,1.0,2,True,The solver successfully reached the end of the integration interval.,1.752,True,True,oxygen_low
MDA-MB-231/ATCC,tanimoto+zero,6,38721,713563,1.9999999494757503e-05,9.999999747378752e-05,-10.20400047302246,,mitotane,arsenic trioxide,other,other,241279087.64641,264722560.24419627,1.0971633009162494,0.5778565510539826,4.4,0.4221434489460174,0.0263660565657782,4.800000000000001,8.26329909044869e-05,0.2741070498971141,0.87040091776212,0.0602806597198678,,0.0341749499660872,0.071801554809251,7.005451005953595,0.2748789672143925,0.3268963181261678,5.25,0.0102133001273583,0.0,314.4654088050314,1.1110288055148971,0.650404243080405,0.5854071828308542,400.0,2.404551954742679,1.432841337109967,0.5958870359543974,400.0,-0.0002732423778493,0.000232110822162,0.0005053532000113,0.0100198837989385,1.0,2,True,The solver successfully reached the end of the integration interval.,1.563,True,True,oxygen_low
MDA-MB-231/ATCC,tanimoto+zero,8,49842,713563,4.999999858590343e-10,9.999999747378752e-05,-22.812000274658203,,vinblastine,arsenic trioxide,antimitotic,other,241279087.64641,264537149.63116357,1.09639485216737,0.4771110753361139,4.4,0.522888924663886,0.0402923333177432,6.4,0.0003869176659627,0.3573075929587601,0.8201007526339608,0.0861327895369687,,0.0389970515871167,0.1187095274486346,7.058637167843916,0.3537502086870737,0.4559597653410834,5.25,0.0102133001273583,0.0,314.4654088050314,0.000189999992406,5.682277286845573e-05,0.2990672375765698,215.564851153662,2.404551954742679,1.4481748142565285,0.6022638901189821,400.0,0.0010146468229083,0.0007832245856431,-0.0002314222372651,0.0100085370825641,1.0,2,True,The solver successfully reached the end of the integration interval.,1.75,True,True,oxygen_low
MDA-MB-435,no_treatment,-1,-1,-1,0.0,0.0,,,,,,,241279087.64641,264772933.66364232,1.0973720774825797,1.0,0.0,0.0,0.0021082231110598,0.0,0.0,0.0,1.0,0.0,,0.0063906053475404,4.858120099904685e-22,0.0,-2.2415690233910643,-0.0901046559035312,5.25,0.0102133001273583,0.0,314.4654088050314,,,,,,,,,0.0,0.0,0.0,0.0100144548530844,1.0,0,True,The solver successfully reached the end of the integration interval.,0.135,,,oxygen_low
MDA-MB-231/ATCC,tanimoto+zero,7,82151,713563,1.999999987845058e-08,9.999999747378752e-05,-54.54100036621094,,daunorubicin,arsenic trioxide,dna_intercalator,other,241279087.64641,264728485.7324615,1.0971878595645892,0.6042979367379283,4.4,0.3957020632620717,0.0240634343134991,4.6,7.291195295065957e-05,0.2546759796213083,0.8796445596113436,0.0556927789665871,,0.0330120387521874,0.0650033638164367,6.9128595731953535,0.27746504572003,0.2998361180371235,5.25,0.0102133001273583,0.0,314.4654088050314,0.1181595423028795,0.0236901544583384,0.2004929436643654,140.88915651913038,2.404551954742679,1.4316113600619491,0.5953755156915093,400.0,-0.000234961856788,0.000201676996637,0.0004366388534251,0.0100192515416729,1.0,2,True,The solver successfully reached the end of the integration interval.,2.231,True,True,oxygen_low
MDA-MB-231/ATCC,random,8,24559,409962,9.999999974752427e-07,2.0000000233721948e-07,-40.54999923706055,,NSC24559,carmustine,other,alkylator,241279087.64641,264715454.0792237,1.097133848861196,0.5518900480504846,4.4,0.4481099519495154,0.0284699292991307,5.0,9.429127063424896e-05,0.2940745283284189,0.8626800899229135,0.0641502250714203,,0.0350967490349852,0.077853172854547,7.053711361851208,0.2723535856216074,0.3538274092024988,5.25,0.0102133001273583,0.0,314.4654088050314,2.464070125116591,1.475220076338791,0.5986924078587207,400.0,7.600000280806509e-05,4.8247201613950626e-05,0.634831576727661,400.0,-0.0001754659052333,0.0002467494217697,0.000422215327003,0.0100188443367478,1.0,2,True,The solver successfully reached the end of the integration interval.,5.741,True,True,oxygen_low
MDA-MB-435,act_hamming+zero,0,740,24559,1.0000000116860974e-07,9.999999974752427e-07,-92.08999633789062,,NSC740,NSC24559,other,other,241279087.64641,264113950.25348115,1.0946408693344165,0.1646197108158309,4.6000000000000005,0.8353802891841691,0.1150077457765692,9.2,0.0010822465653951,0.8198701325962442,0.6405406702579669,0.1934532901068657,,0.0421149359899432,0.7239526780392275,3.712888424543376,0.8413572744531815,0.8266365941581288,5.25,0.009350561731507,0.0,316.9811320754717,73.75906315777168,48.38295709175557,0.6559594851179678,400.0,2.539011248752824,1.5906920683320822,0.6265005990475382,400.0,0.0025689438414853,0.0023132176696553,-0.00025572617183,0.0091329542662667,1.0,2,True,The solver successfully reached the end of the integration interval.,3.228,True,True,oxygen_low
MDA-MB-435,act_hamming+zero,1,740,24559,1.0000000116860974e-07,9.999999974752427e-07,-92.08999633789062,,NSC740,NSC24559,other,other,241279087.64641,264113950.25348115,1.0946408693344165,0.1646197108158309,4.6000000000000005,0.8353802891841691,0.1150077457765692,9.2,0.0010822465653951,0.8198701325962442,0.6405406702579669,0.1934532901068657,,0.0421149359899432,0.7239526780392275,3.712888424543376,0.8413572744531815,0.8266365941581288,5.25,0.009350561731507,0.0,316.9811320754717,73.75906315777168,48.38295709175557,0.6559594851179678,400.0,2.539011248752824,1.5906920683320822,0.6265005990475382,400.0,0.0025689438414853,0.0023132176696553,-0.00025572617183,0.0091329542662667,1.0,2,True,The solver successfully reached the end of the integration interval.,3.237,True,True,oxygen_low
MDA-MB-435,act_hamming+zero,4,740,24559,1.0000000116860974e-07,9.999999974752427e-07,-92.08999633789062,,NSC740,NSC24559,other,other,241279087.64641,264113950.25348115,1.0946408693344165,0.1646197108158309,4.6000000000000005,0.8353802891841691,0.1150077457765692,9.2,0.0010822465653951,0.8198701325962442,0.6405406702579669,0.1934532901068657,,0.0421149359899432,0.7239526780392275,3.712888424543376,0.8413572744531815,0.8266365941581288,5.25,0.009350561731507,0.0,316.9811320754717,73.75906315777168,48.38295709175557,0.6559594851179678,400.0,2.539011248752824,1.5906920683320822,0.6265005990475382,400.0,0.0025689438414853,0.0023132176696553,-0.00025572617183,0.0091329542662667,1.0,2,True,The solver successfully reached the end of the integration interval.,3.183,True,True,oxygen_low
MDA-MB-435,hamming+zero,0,740,24559,1.0000000116860974e-07,9.999999974752427e-07,-92.08999633789062,,NSC740,NSC24559,other,other,241279087.64641,264113950.25348115,1.0946408693344165,0.1646197108158309,4.6000000000000005,0.8353802891841691,0.1150077457765692,9.2,0.0010822465653951,0.8198701325962442,0.6405406702579669,0.1934532901068657,,0.0421149359899432,0.7239526780392275,3.712888424543376,0.8413572744531815,0.8266365941581288,5.25,0.009350561731507,0.0,316.9811320754717,73.75906315777168,48.38295709175557,0.6559594851179678,400.0,2.539011248752824,1.5906920683320822,0.6265005990475382,400.0,0.0025689438414853,0.0023132176696553,-0.00025572617183,0.0091329542662667,1.0,2,True,The solver successfully reached the end of the integration interval.,3.242,True,True,oxygen_low
MDA-MB-435,hamming+zero,1,740,24559,1.0000000116860974e-07,9.999999974752427e-07,-92.08999633789062,,NSC740,NSC24559,other,other,241279087.64641,264113950.25348115,1.0946408693344165,0.1646197108158309,4.6000000000000005,0.8353802891841691,0.1150077457765692,9.2,0.0010822465653951,0.8198701325962442,0.6405406702579669,0.1934532901068657,,0.0421149359899432,0.7239526780392275,3.712888424543376,0.8413572744531815,0.8266365941581288,5.25,0.009350561731507,0.0,316.9811320754717,73.75906315777168,48.38295709175557,0.6559594851179678,400.0,2.539011248752824,1.5906920683320822,0.6265005990475382,400.0,0.0025689438414853,0.0023132176696553,-0.00025572617183,0.0091329542662667,1.0,2,True,The solver successfully reached the end of the integration interval.,3.333,True,True,oxygen_low
MDA-MB-435,hamming+zero,4,740,24559,1.0000000116860974e-07,9.999999974752427e-07,-92.08999633789062,,NSC740,NSC24559,other,other,241279087.64641,264113950.25348115,1.0946408693344165,0.1646197108158309,4.6000000000000005,0.8353802891841691,0.1150077457765692,9.2,0.0010822465653951,0.8198701325962442,0.6405406702579669,0.1934532901068657,,0.0421149359899432,0.7239526780392275,3.712888424543376,0.8413572744531815,0.8266365941581288,5.25,0.009350561731507,0.0,316.9811320754717,73.75906315777168,48.38295709175557,0.6559594851179678,400.0,2.539011248752824,1.5906920683320822,0.6265005990475382,400.0,0.0025689438414853,0.0023132176696553,-0.00025572617183,0.0091329542662667,1.0,2,True,The solver successfully reached the end of the integration interval.,3.249,True,True,oxygen_low
MDA-MB-435,ours+zero,0,740,24559,1.0000000116860974e-07,9.999999974752427e-07,-92.08999633789062,,NSC740,NSC24559,other,other,241279087.64641,264113950.25348115,1.0946408693344165,0.1646197108158309,4.6000000000000005,0.8353802891841691,0.1150077457765692,9.2,0.0010822465653951,0.8198701325962442,0.6405406702579669,0.1934532901068657,,0.0421149359899432,0.7239526780392275,3.712888424543376,0.8413572744531815,0.8266365941581288,5.25,0.009350561731507,0.0,316.9811320754717,73.75906315777168,48.38295709175557,0.6559594851179678,400.0,2.539011248752824,1.5906920683320822,0.6265005990475382,400.0,0.0025689438414853,0.0023132176696553,-0.00025572617183,0.0091329542662667,1.0,2,True,The solver successfully reached the end of the integration interval.,3.093,True,True,oxygen_low
MDA-MB-435,ours+zero,4,740,24559,1.0000000116860974e-07,9.999999974752427e-07,-92.08999633789062,,NSC740,NSC24559,other,other,241279087.64641,264113950.25348115,1.0946408693344165,0.1646197108158309,4.6000000000000005,0.8353802891841691,0.1150077457765692,9.2,0.0010822465653951,0.8198701325962442,0.6405406702579669,0.1934532901068657,,0.0421149359899432,0.7239526780392275,3.712888424543376,0.8413572744531815,0.8266365941581288,5.25,0.009350561731507,0.0,316.9811320754717,73.75906315777168,48.38295709175557,0.6559594851179678,400.0,2.539011248752824,1.5906920683320822,0.6265005990475382,400.0,0.0025689438414853,0.0023132176696553,-0.00025572617183,0.0091329542662667,1.0,2,True,The solver successfully reached the end of the integration interval.,3.193,True,True,oxygen_low
MDA-MB-435,ours+zero,1,279836,754143,4.999999987376214e-07,9.99999993922529e-09,-79.33200073242188,,NSC279836,bendamustine,other,alkylator,241279087.64641,263541797.68867737,1.0922695383981762,0.0654932158202945,4.6000000000000005,0.9345067841797056,0.1525812986680406,10.2,0.0020240833597686,1.2201556515358434,0.5763508193338057,0.2393130851155219,,0.0409475271791226,1.1155887720985838,2.857537779995523,0.8891956227776086,0.9139650733196164,5.25,0.0085378263395674,0.0,319.49685534591197,2.716704000731691,1.7498045340576984,0.6440909770024349,400.0,4.982556569608383,3.3025511065518725,0.6628226012918996,400.0,0.015093251694732,0.0028003864812149,-0.0122928652135171,0.0082016601197937,1.0,2,True,The solver successfully reached the end of the integration interval.,4.536,True,True,oxygen_low
MDA-MB-435,random,1,743414,761432,4.999999873689376e-06,4.999999969612645e-09,-52.07500076293945,,sunitinib,NSC761432,kinase_inhibitor,other,241279087.64641,259067261.28148437,1.0737244732172668,0.0240534292607602,4.4,0.9759465707392396,0.2233063036252109,13.4,0.0094610534011861,1.654750089228647,0.4539090065607476,0.3430311998065517,,0.0365764397695584,1.5307787606005157,2.382438624558021,0.90178989208374,0.9653888274405418,5.25,0.0,0.0,400.0,21.67723172355619,14.238917624307629,0.656860516411535,400.0,9.51437302409918,6.224909883629852,0.6542638036014178,400.0,0.1241373364666144,0.0079797359248835,-0.1161576005417308,0.0,1.0,2,True,The solver successfully reached the end of the integration interval.,2.043,True,True,oxygen_low
MDA-MB-435,tanimoto+zero,0,740,24559,1.0000000116860974e-07,9.999999974752427e-07,-92.08999633789062,,NSC740,NSC24559,other,other,241279087.64641,264113950.25348115,1.0946408693344165,0.1646197108158309,4.6000000000000005,0.8353802891841691,0.1150077457765692,9.2,0.0010822465653951,0.8198701325962442,0.6405406702579669,0.1934532901068657,,0.0421149359899432,0.7239526780392275,3.712888424543376,0.8413572744531815,0.8266365941581288,5.25,0.009350561731507,0.0,316.9811320754717,73.75906315777168,48.38295709175557,0.6559594851179678,400.0,2.539011248752824,1.5906920683320822,0.6265005990475382,400.0,0.0025689438414853,0.0023132176696553,-0.00025572617183,0.0091329542662667,1.0,2,True,The solver successfully reached the end of the integration interval.,3.083,True,True,oxygen_low
MDA-MB-435,random,4,27640,754143,7.000000135093387e-09,9.99999993922529e-09,-62.209999084472656,,NSC27640,bendamustine,other,alkylator,241279087.64641,261892567.3057003,1.0854341744258371,0.0368189848320081,4.6000000000000005,0.963181015167992,0.2065732279969712,12.0,0.0047504143903368,1.4702801570076285,0.4908731607600365,0.3090307129652503,,0.038120602545388,1.2976562625018309,2.640830402454957,0.8997992398241743,0.955332979844026,5.25,0.0057570622712782,0.0,329.55974842767296,9.564820525819265,6.242019131134152,0.6526018041095967,400.0,4.982556569608383,3.3062460286453956,0.6635641728208734,400.0,0.0352365275353077,0.0064327967061559,-0.0288037308291517,0.0053568422631466,1.0,2,True,The solver successfully reached the end of the integration interval.,6.148,True,True,oxygen_low
MDA-MB-435,tanimoto+zero,1,713563,753082,9.999999747378752e-05,4.999999987376214e-07,2.67549991607666,,arsenic trioxide,pazopanib,other,kinase_inhibitor,241279087.64641,264730324.43857875,1.0971954802255224,0.615634846737129,4.4,0.384365153262871,0.0233258436684214,4.4,6.989551463592647e-05,0.2466038968591227,0.8825687667699516,0.0542514458662507,,0.0326202113184909,0.0629241273415114,6.876363440763211,0.2805752046178356,0.289892312985183,5.25,0.0102133001273583,0.0,314.4654088050314,2.308439627427034,1.371180131072748,0.5939857013289332,400.0,1.7043675242828893,1.0044713535664171,0.5893513806472271,400.0,-0.0002462863445042,0.0001970033611503,0.0004432897056546,0.0100193050580702,1.0,2,True,The solver successfully reached the end of the integration interval.,2.845,True,True,oxygen_low
MDA-MB-435,random,0,24559,712807,9.999999974752427e-07,2.0000000233721948e-07,-89.3499984741211,,NSC24559,capecitabine,other,antimetabolite,241279087.64641,264718264.22523543,1.0971454957305504,0.5560037396036556,4.4,0.4439962603963444,0.0278921015065915,5.0,8.968094505776114e-05,0.2908493784591328,0.864578391843646,0.0631956228624378,,0.0348633309470035,0.0762402226846182,7.042561348875825,0.2713458502178414,0.3460434577301666,5.25,0.0102133001273583,0.0,314.4654088050314,2.539011248752824,1.5188881537383276,0.5982203326134982,400.0,3.54117948981554,2.3160888505845563,0.6540444666094012,400.0,-0.0002504753354086,0.0002442706766712,0.0004947460120798,0.0100197779085256,1.0,2,True,The solver successfully reached the end of the integration interval.,8.786,True,True,oxygen_low
OVCAR-8,no_treatment,-1,-1,-1,0.0,0.0,,,,,,,241279087.64641,264772933.66364232,1.0973720774825797,1.0,0.0,0.0,0.0021082231110598,0.0,0.0,0.0,1.0,0.0,,0.0063906053475404,4.858120099904685e-22,0.0,-2.2415690233910643,-0.0901046559035312,5.25,0.0102133001273583,0.0,314.4654088050314,,,,,,,,,0.0,0.0,0.0,0.0100144548530844,1.0,0,True,The solver successfully reached the end of the integration interval.,0.137,,,oxygen_low
MDA-MB-435,tanimoto+zero,4,740,24559,1.0000000116860974e-07,9.999999974752427e-07,-92.08999633789062,,NSC740,NSC24559,other,other,241279087.64641,264113950.25348115,1.0946408693344165,0.1646197108158309,4.6000000000000005,0.8353802891841691,0.1150077457765692,9.2,0.0010822465653951,0.8198701325962442,0.6405406702579669,0.1934532901068657,,0.0421149359899432,0.7239526780392275,3.712888424543376,0.8413572744531815,0.8266365941581288,5.25,0.009350561731507,0.0,316.9811320754717,73.75906315777168,48.38295709175557,0.6559594851179678,400.0,2.539011248752824,1.5906920683320822,0.6265005990475382,400.0,0.0025689438414853,0.0023132176696553,-0.00025572617183,0.0091329542662667,1.0,2,True,The solver successfully reached the end of the integration interval.,3.076,True,True,oxygen_low
OVCAR-8,act_hamming+zero,2,740,3053,1.0000000116860974e-07,9.99999993922529e-09,-26.979999542236328,,NSC740,dactinomycin,other,dna_intercalator,241279087.64641,264331328.6416256,1.0955418110209294,0.2600544551712682,4.800000000000001,0.7399455448287318,0.0800758917347006,7.800000000000001,0.0007249484929118,0.6216717793735341,0.7129482550866073,0.1469419895672756,,0.0432811560958972,0.466302181924433,4.6648239051008815,0.6742344784956043,0.7339625418978364,5.25,0.009350561731507,0.0,316.9811320754717,61.005743661518544,39.98781472966075,0.6554762278045047,400.0,0.2050804643318288,0.0794077881150648,0.3872030833057786,400.0,0.0053068145320397,0.0010165061155257,-0.004290308416514,0.0090976900569942,1.0,2,True,The solver successfully reached the end of the integration interval.,4.044,True,True,oxygen_low
OVCAR-8,act_hamming+zero,8,740,3053,1.0000000116860974e-07,9.99999993922529e-09,-26.979999542236328,,NSC740,dactinomycin,other,dna_intercalator,241279087.64641,264331328.6416256,1.0955418110209294,0.2600544551712682,4.800000000000001,0.7399455448287318,0.0800758917347006,7.800000000000001,0.0007249484929118,0.6216717793735341,0.7129482550866073,0.1469419895672756,,0.0432811560958972,0.466302181924433,4.6648239051008815,0.6742344784956043,0.7339625418978364,5.25,0.009350561731507,0.0,316.9811320754717,61.005743661518544,39.98781472966075,0.6554762278045047,400.0,0.2050804643318288,0.0794077881150648,0.3872030833057786,400.0,0.0053068145320397,0.0010165061155257,-0.004290308416514,0.0090976900569942,1.0,2,True,The solver successfully reached the end of the integration interval.,4.112,True,True,oxygen_low
OVCAR-8,ours+zero,2,125066,681239,9.999999974752427e-07,3.000000106112566e-07,-93.2300033569336,,bleomycin,bortezomib,dna_cleaver,proteasome,241279087.64641,257283126.71503237,1.066329988333162,0.0319246738405361,5.0,0.968075326159464,0.2406379452681945,13.6,0.0124622824069516,1.5329568550993489,0.4133017190910844,0.3837327883059541,,0.0340911911655071,1.1094438836305862,3.0454467138385137,0.8564693919977278,0.9672348570104888,5.25,0.0004851037692936,0.0,369.811320754717,0.0469345509671727,0.0268203548661284,0.5714415992791172,400.0,2.8664938663465582,1.7637731889406882,0.6153068072630051,400.0,0.0796341977835912,0.0175742928976839,-0.0620599048859072,0.0003995779118867,1.0,2,True,The solver successfully reached the end of the integration interval.,1.675,True,True,oxygen_low
OVCAR-8,hamming+zero,2,740,3053,1.0000000116860974e-07,9.99999993922529e-09,-26.979999542236328,,NSC740,dactinomycin,other,dna_intercalator,241279087.64641,264331328.6416256,1.0955418110209294,0.2600544551712682,4.800000000000001,0.7399455448287318,0.0800758917347006,7.800000000000001,0.0007249484929118,0.6216717793735341,0.7129482550866073,0.1469419895672756,,0.0432811560958972,0.466302181924433,4.6648239051008815,0.6742344784956043,0.7339625418978364,5.25,0.009350561731507,0.0,316.9811320754717,61.005743661518544,39.98781472966075,0.6554762278045047,400.0,0.2050804643318288,0.0794077881150648,0.3872030833057786,400.0,0.0053068145320397,0.0010165061155257,-0.004290308416514,0.0090976900569942,1.0,2,True,The solver successfully reached the end of the integration interval.,4.031,True,True,oxygen_low
OVCAR-8,ours+zero,8,125066,681239,9.999999974752427e-07,3.000000106112566e-07,-93.2300033569336,,bleomycin,bortezomib,dna_cleaver,proteasome,241279087.64641,257283126.71503237,1.066329988333162,0.0319246738405361,5.0,0.968075326159464,0.2406379452681945,13.6,0.0124622824069516,1.5329568550993489,0.4133017190910844,0.3837327883059541,,0.0340911911655071,1.1094438836305862,3.0454467138385137,0.8564693919977278,0.9672348570104888,5.25,0.0004851037692936,0.0,369.811320754717,0.0469345509671727,0.0268203548661284,0.5714415992791172,400.0,2.8664938663465582,1.7637731889406882,0.6153068072630051,400.0,0.0796341977835912,0.0175742928976839,-0.0620599048859072,0.0003995779118867,1.0,2,True,The solver successfully reached the end of the integration interval.,1.643,True,True,oxygen_low
OVCAR-8,hamming+zero,8,740,3053,1.0000000116860974e-07,9.99999993922529e-09,-26.979999542236328,,NSC740,dactinomycin,other,dna_intercalator,241279087.64641,264331328.6416256,1.0955418110209294,0.2600544551712682,4.800000000000001,0.7399455448287318,0.0800758917347006,7.800000000000001,0.0007249484929118,0.6216717793735341,0.7129482550866073,0.1469419895672756,,0.0432811560958972,0.466302181924433,4.6648239051008815,0.6742344784956043,0.7339625418978364,5.25,0.009350561731507,0.0,316.9811320754717,61.005743661518544,39.98781472966075,0.6554762278045047,400.0,0.2050804643318288,0.0794077881150648,0.3872030833057786,400.0,0.0053068145320397,0.0010165061155257,-0.004290308416514,0.0090976900569942,1.0,2,True,The solver successfully reached the end of the integration interval.,4.115,True,True,oxygen_low
OVCAR-8,tanimoto+zero,2,1390,713563,0.0001999999949475,9.999999747378752e-05,-43.05500030517578,,NSC1390,arsenic trioxide,other,other,241279087.64641,264701808.7766411,1.0970772948402252,0.502108392306398,4.4,0.4978916076936019,0.032606912759277,5.200000000000001,0.0001166784500202,0.3351296107644682,0.8476654132884202,0.0717755367016318,,0.0367102414229083,0.0904059743641609,7.090004794094664,0.2703585940251282,0.4026702298653878,5.25,0.0102133001273583,0.0,314.4654088050314,9.765587997067096,6.123657218769654,0.6270648752137377,400.0,2.3689685491773296,1.4272950576058192,0.6024964147799577,400.0,3.760152581022691e-05,0.0002760511638877,0.0002384496380775,0.0100163912607739,1.0,2,True,The solver successfully reached the end of the integration interval.,2.264,True,True,oxygen_low
OVCAR-8,random,2,8806,754143,1.0000000116860974e-07,9.99999993922529e-09,12.972000122070312,,melphalan,bendamustine,alkylator,alkylator,241279087.64641,264206856.2414216,1.095025925448673,0.1246153405058679,4.4,0.875384659494132,0.1104139656617906,8.8,0.0009295039218414,0.9403555825445568,0.6557939803500062,0.183232574114921,,0.0428261038900861,0.8503530616807365,3.3459175095860045,0.792654566763644,0.8344619352643978,5.25,0.009350561731507,0.0,316.9811320754717,0.0342117755132451,0.0224038997511067,0.6548593113044654,400.0,4.068882418645005,2.688795650561136,0.6608192063354199,400.0,0.0064282643132533,0.0013703636558913,-0.005057900657362,0.0090875147814354,1.0,2,True,The solver successfully reached the end of the integration interval.,6.43,True,True,oxygen_low
OVCAR-8,tanimoto+zero,8,1390,713563,0.0001999999949475,9.999999747378752e-05,-43.05500030517578,,NSC1390,arsenic trioxide,other,other,241279087.64641,264701808.7766411,1.0970772948402252,0.502108392306398,4.4,0.4978916076936019,0.032606912759277,5.200000000000001,0.0001166784500202,0.3351296107644682,0.8476654132884202,0.0717755367016318,,0.0367102414229083,0.0904059743641609,7.090004794094664,0.2703585940251282,0.4026702298653878,5.25,0.0102133001273583,0.0,314.4654088050314,9.765587997067096,6.123657218769654,0.6270648752137377,400.0,2.3689685491773296,1.4272950576058192,0.6024964147799577,400.0,3.760152581022691e-05,0.0002760511638877,0.0002384496380775,0.0100163912607739,1.0,2,True,The solver successfully reached the end of the integration interval.,2.348,True,True,oxygen_low
PC-3,no_treatment,-1,-1,-1,0.0,0.0,,,,,,,241279087.64641,264772933.66364232,1.0973720774825797,1.0,0.0,0.0,0.0021082231110598,0.0,0.0,0.0,1.0,0.0,,0.0063906053475404,4.858120099904685e-22,0.0,-2.2415690233910643,-0.0901046559035312,5.25,0.0102133001273583,0.0,314.4654088050314,,,,,,,,,0.0,0.0,0.0,0.0100144548530844,1.0,0,True,The solver successfully reached the end of the integration interval.,0.135,,,oxygen_low
OVCAR-8,random,8,85998,713563,9.999999747378752e-05,9.999999747378752e-05,-19.92300033569336,,streptozocin,arsenic trioxide,alkylator,other,241279087.64641,264707169.60140136,1.0970995131966212,0.523515195864348,4.4,0.476484804135652,0.0309864319042227,5.200000000000001,0.0001078830698624,0.31699779876666,0.8534932325354313,0.0687999181159386,,0.0361094712734298,0.0854127976295425,7.08463361829475,0.2718560347691497,0.3841512966977057,5.25,0.0102133001273583,0.0,314.4654088050314,0.014237267842602,0.0090585167605467,0.6362538698219186,400.0,2.3689685491773296,1.4230034964088454,0.600684841047388,400.0,-6.255477995376069e-05,0.0002666467669664,0.0003292015469201,0.0100175675625238,1.0,2,True,The solver successfully reached the end of the integration interval.,9.291,True,True,oxygen_low
PC-3,act_hamming+zero,9,681239,750690,3.000000106112566e-07,1.0000000116860974e-07,-37.0,,bortezomib,everolimus,proteasome,kinase_inhibitor,241279087.64641,238884457.51204097,0.9900752686122622,0.0080966814199895,4.4,0.9919033185800104,0.298959418234468,,0.0446856931483988,2.12762003962171,0.3261007003274527,0.4866482685107505,,0.0297883131038168,1.9240071502059648,2.1333088785127647,0.8259136984728691,0.9886874110002551,5.25,0.0,0.0,400.0,16.44251124641934,10.675631353313676,0.6492701262794327,400.0,0.1288778901525277,0.0834542670366394,0.6475452611605512,400.0,0.7206649343580362,0.0254078104463165,-0.6952571239117197,0.0,1.0,2,True,The solver successfully reached the end of the integration interval.,4.782,True,True,oxygen_low
PC-3,act_hamming+zero,1,740,6396,9.99999993922529e-09,1.0000000116860974e-07,-31.86000061035156,,NSC740,thiotepa,other,alkylator,241279087.64641,264684283.28874463,1.0970046590885427,0.5170065085251204,4.4,0.4829934914748796,0.0317323137339066,5.200000000000001,0.0001454333523607,0.3224310806522231,0.8520887121261475,0.0695151878844325,,0.0363109798146002,0.087120696332208,7.090354185741346,0.2746599939558983,0.3962613026826833,5.25,0.0102133001273583,0.0,314.4654088050314,5.297392148459928,3.296697434088499,0.6223245970277891,400.0,6.333358819046819e-05,4.058716357456759e-05,0.6408473723690904,400.0,0.0008771217581382,0.0002299340144951,-0.0006471877436431,0.0100062589652067,1.0,2,True,The solver successfully reached the end of the integration interval.,9.229,True,True,oxygen_low
PC-3,act_hamming+zero,6,740,6396,9.99999993922529e-09,1.0000000116860974e-07,-31.86000061035156,,NSC740,thiotepa,other,alkylator,241279087.64641,264684283.28874463,1.0970046590885427,0.5170065085251204,4.4,0.4829934914748796,0.0317323137339066,5.200000000000001,0.0001454333523607,0.3224310806522231,0.8520887121261475,0.0695151878844325,,0.0363109798146002,0.087120696332208,7.090354185741346,0.2746599939558983,0.3962613026826833,5.25,0.0102133001273583,0.0,314.4654088050314,5.297392148459928,3.296697434088499,0.6223245970277891,400.0,6.333358819046819e-05,4.058716357456759e-05,0.6408473723690904,400.0,0.0008771217581382,0.0002299340144951,-0.0006471877436431,0.0100062589652067,1.0,2,True,The solver successfully reached the end of the integration interval.,9.27,True,True,oxygen_low
PC-3,hamming+zero,9,681239,750690,3.000000106112566e-07,1.0000000116860974e-07,-37.0,,bortezomib,everolimus,proteasome,kinase_inhibitor,241279087.64641,238884457.51204097,0.9900752686122622,0.0080966814199895,4.4,0.9919033185800104,0.298959418234468,,0.0446856931483988,2.12762003962171,0.3261007003274527,0.4866482685107505,,0.0297883131038168,1.9240071502059648,2.1333088785127647,0.8259136984728691,0.9886874110002551,5.25,0.0,0.0,400.0,16.44251124641934,10.675631353313676,0.6492701262794327,400.0,0.1288778901525277,0.0834542670366394,0.6475452611605512,400.0,0.7206649343580362,0.0254078104463165,-0.6952571239117197,0.0,1.0,2,True,The solver successfully reached the end of the integration interval.,4.779,True,True,oxygen_low
PC-3,hamming+zero,1,740,6396,9.99999993922529e-09,1.0000000116860974e-07,-31.86000061035156,,NSC740,thiotepa,other,alkylator,241279087.64641,264684283.28874463,1.0970046590885427,0.5170065085251204,4.4,0.4829934914748796,0.0317323137339066,5.200000000000001,0.0001454333523607,0.3224310806522231,0.8520887121261475,0.0695151878844325,,0.0363109798146002,0.087120696332208,7.090354185741346,0.2746599939558983,0.3962613026826833,5.25,0.0102133001273583,0.0,314.4654088050314,5.297392148459928,3.296697434088499,0.6223245970277891,400.0,6.333358819046819e-05,4.058716357456759e-05,0.6408473723690904,400.0,0.0008771217581382,0.0002299340144951,-0.0006471877436431,0.0100062589652067,1.0,2,True,The solver successfully reached the end of the integration interval.,9.295,True,True,oxygen_low
PC-3,hamming+zero,6,740,6396,9.99999993922529e-09,1.0000000116860974e-07,-31.86000061035156,,NSC740,thiotepa,other,alkylator,241279087.64641,264684283.28874463,1.0970046590885427,0.5170065085251204,4.4,0.4829934914748796,0.0317323137339066,5.200000000000001,0.0001454333523607,0.3224310806522231,0.8520887121261475,0.0695151878844325,,0.0363109798146002,0.087120696332208,7.090354185741346,0.2746599939558983,0.3962613026826833,5.25,0.0102133001273583,0.0,314.4654088050314,5.297392148459928,3.296697434088499,0.6223245970277891,400.0,6.333358819046819e-05,4.058716357456759e-05,0.6408473723690904,400.0,0.0008771217581382,0.0002299340144951,-0.0006471877436431,0.0100062589652067,1.0,2,True,The solver successfully reached the end of the integration interval.,9.217,True,True,oxygen_low
PC-3,ours+zero,1,673596,754143,9.99999993922529e-09,9.99999993922529e-09,-76.30000305175781,,NSC673596,bendamustine,other,alkylator,241279087.64641,264676873.83916068,1.0969739500467597,0.4859006286552876,4.4,0.5140993713447124,0.0343803110752886,5.4,0.0001575909616796,0.3493796301042282,0.8421511606859756,0.0746099484531663,,0.0372842017611048,0.0957420063087835,7.089486061303135,0.2734953476686476,0.426188145593004,5.25,0.0102133001273583,0.0,314.4654088050314,0.0325309557626348,0.019341966321872,0.594571105226742,400.0,1.1090544281393298,0.717703515568622,0.6471310130132382,400.0,0.0009769943352109,0.0002507631389293,-0.0007262311962815,0.0100050296751632,1.0,2,True,The solver successfully reached the end of the integration interval.,4.835,True,True,oxygen_low
PC-3,random,1,279836,761432,4.999999987376214e-07,4.999999858590343e-10,28.219999313354492,,NSC279836,NSC761432,other,other,241279087.64641,264703051.6340867,1.097082445959859,0.6813873791689853,4.4,0.3186126208310147,0.0223803978744464,4.6,0.0001146393069342,0.2025330058620922,0.8913754809272902,0.0499393162274417,,0.0317495220033555,0.0588819819329323,6.815041540313557,0.3262875193514976,0.2802502721637785,5.25,0.0102133001273583,0.0,314.4654088050314,0.4513395075304535,0.2653458305457323,0.5879073870523699,400.0,2.404650062963026,1.452402884367639,0.6039976072767855,400.0,0.0008677281109279,0.0001637015621189,-0.0007040265488089,0.0100055478448617,1.0,2,True,The solver successfully reached the end of the integration interval.,1.664,True,True,oxygen_low
PC-3,random,6,279836,737754,4.999999987376214e-07,1.0000000116860974e-07,27.4950008392334,,NSC279836,ixabepilone,other,antimitotic,241279087.64641,264768816.30817747,1.0973550127816762,0.9931375416941034,0.4,0.0068624583058966,0.0043360155772098,0.2,6.753555346818832e-06,0.0104408707805065,0.9861461294332868,0.0060587255210353,,0.0060273286877186,3.750846068459516e-17,0.0,0.6038924547577962,-0.045081123101307,5.25,0.0102133001273583,0.0,314.4654088050314,0.4513395075304535,0.2558424354682718,0.5668514083071027,400.0,0.0037159631513533,0.0008852738697278,0.2382353736218807,152.74481047091294,2.0097232780513785e-05,1.2924127485880454e-05,-7.173105294633331e-06,0.0100143805580393,1.0,2,True,The solver successfully reached the end of the integration interval.,2.286,True,True,oxygen_low
PC-3,ours+zero,9,123127,681239,4.999999987376214e-07,3.000000106112566e-07,-91.41999816894533,,doxorubicin,bortezomib,dna_intercalator,proteasome,241279087.64641,235102988.58446,0.9744026756641214,0.006001155689034,4.4,0.993998844310966,0.3200469968203147,,0.0516154375803555,2.2576921971650425,0.3030290039847406,0.5185158016373322,,0.0283925693970257,1.995743927296592,2.1009673471461983,0.7995445663587863,0.9915930767854276,5.25,0.0,0.0,400.0,8.609056652850331,5.461799880738859,0.6344248970565826,400.0,16.44251124641934,10.677846499599148,0.6494048469587907,400.0,0.7633939543143317,0.0319949630727387,-0.7313989912415929,0.0,1.0,2,True,The solver successfully reached the end of the integration interval.,6.268,True,True,oxygen_low
PC-3,ours+zero,6,24559,681239,9.999999974752427e-07,3.000000106112566e-07,-82.56999969482422,,NSC24559,bortezomib,other,proteasome,241279087.64641,195500095.158394,0.8102653945910792,0.0008753210153788,4.6000000000000005,0.9991246789846212,0.4427479960734002,,0.1317266142872702,3.094184611564933,0.1672014980150626,0.7767598358876655,,0.017798105539608,2.3634894790101604,2.053007964776358,0.6288862556211721,0.9988028709214716,5.25,0.0,0.0,400.0,2.422824516355851,1.580022287228677,0.6521406220559361,400.0,16.44251124641934,10.688029819370028,0.6500241756986813,400.0,0.9066092862097366,0.1435881798352589,-0.7630211063744776,0.0,1.0,2,True,The solver successfully reached the end of the integration interval.,6.839,True,True,oxygen_low
PC-3,random,9,681239,750690,3.000000106112566e-07,1.0000000116860974e-07,-37.0,,bortezomib,everolimus,proteasome,kinase_inhibitor,241279087.64641,238884457.51204097,0.9900752686122622,0.0080966814199895,4.4,0.9919033185800104,0.298959418234468,,0.0446856931483988,2.12762003962171,0.3261007003274527,0.4866482685107505,,0.0297883131038168,1.9240071502059648,2.1333088785127647,0.8259136984728691,0.9886874110002551,5.25,0.0,0.0,400.0,16.44251124641934,10.675631353313676,0.6492701262794327,400.0,0.1288778901525277,0.0834542670366394,0.6475452611605512,400.0,0.7206649343580362,0.0254078104463165,-0.6952571239117197,0.0,1.0,2,True,The solver successfully reached the end of the integration interval.,4.814,True,True,oxygen_low
PC-3,tanimoto+zero,1,750,92859,4.999999873689376e-05,6.000000212225132e-06,-39.7599983215332,,NSC750,dromostanolone,other,hormonal,241279087.64641,264703025.2087136,1.0970823364378388,0.6404907063481459,4.4,0.3595092936518541,0.0225089044373133,4.4,0.0001146826626652,0.2294142586309786,0.8872664359919866,0.051945946903435,,0.0320651724331994,0.0602058991514321,6.827707308938271,0.2901667580898527,0.2859201610543732,5.25,0.0102133001273583,0.0,314.4654088050314,231.23362626659684,152.13230936796575,0.6579160298795271,400.0,11.901275414901978,7.783897785730438,0.6540389592180988,400.0,0.0010643876544875,0.0001435012986037,-0.0009208863558838,0.0100028530895825,1.0,2,True,The solver successfully reached the end of the integration interval.,5.36,True,True,oxygen_low
T-47D,no_treatment,-1,-1,-1,0.0,0.0,,,,,,,241279087.64641,264772933.66364232,1.0973720774825797,1.0,0.0,0.0,0.0021082231110598,0.0,0.0,0.0,1.0,0.0,,0.0063906053475404,4.858120099904685e-22,0.0,-2.2415690233910643,-0.0901046559035312,5.25,0.0102133001273583,0.0,314.4654088050314,,,,,,,,,0.0,0.0,0.0,0.0100144548530844,1.0,0,True,The solver successfully reached the end of the integration interval.,0.141,,,oxygen_low
PC-3,tanimoto+zero,6,750,92859,4.999999873689376e-05,6.000000212225132e-06,-39.7599983215332,,NSC750,dromostanolone,other,hormonal,241279087.64641,264703025.2087136,1.0970823364378388,0.6404907063481459,4.4,0.3595092936518541,0.0225089044373133,4.4,0.0001146826626652,0.2294142586309786,0.8872664359919866,0.051945946903435,,0.0320651724331994,0.0602058991514321,6.827707308938271,0.2901667580898527,0.2859201610543732,5.25,0.0102133001273583,0.0,314.4654088050314,231.23362626659684,152.13230936796575,0.6579160298795271,400.0,11.901275414901978,7.783897785730438,0.6540389592180988,400.0,0.0010643876544875,0.0001435012986037,-0.0009208863558838,0.0100028530895825,1.0,2,True,The solver successfully reached the end of the integration interval.,5.381,True,True,oxygen_low
PC-3,tanimoto+zero,9,681239,750690,3.000000106112566e-07,1.0000000116860974e-07,-37.0,,bortezomib,everolimus,proteasome,kinase_inhibitor,241279087.64641,238884457.51204097,0.9900752686122622,0.0080966814199895,4.4,0.9919033185800104,0.298959418234468,,0.0446856931483988,2.12762003962171,0.3261007003274527,0.4866482685107505,,0.0297883131038168,1.9240071502059648,2.1333088785127647,0.8259136984728691,0.9886874110002551,5.25,0.0,0.0,400.0,16.44251124641934,10.675631353313676,0.6492701262794327,400.0,0.1288778901525277,0.0834542670366394,0.6475452611605512,400.0,0.7206649343580362,0.0254078104463165,-0.6952571239117197,0.0,1.0,2,True,The solver successfully reached the end of the integration interval.,4.793,True,True,oxygen_low
T-47D,ours+zero,9,673596,681239,9.99999993922529e-09,2.999999892949745e-08,-88.95999908447266,,NSC673596,bortezomib,other,proteasome,241279087.64641,245918334.36578944,1.019227719918181,0.0074946814387465,4.800000000000001,0.9925053185612536,0.3290275897115153,15.8,0.0320826787719036,2.1619828998446704,0.311678657864094,0.5062929349358244,,0.028978630898646,1.6392268956404277,2.4190192680532596,0.774171293576148,0.9918540366413908,5.25,0.0,0.0,400.0,4.84315787577589,3.1568257835668163,0.6518114553639411,400.0,0.5207749686267218,0.3267982566276682,0.6275229730980193,400.0,0.286135383618065,0.0342924823141016,-0.2518429013039633,0.0,1.0,2,True,The solver successfully reached the end of the integration interval.,2.23,True,True,oxygen_low
T-47D,act_hamming+zero,9,79037,279836,4.999999873689376e-05,4.999999987376214e-07,38.91999816894531,,lomustine,NSC279836,alkylator,other,241279087.64641,264637899.79584455,1.0968124190840212,0.4654090757503178,4.4,0.5345909242496822,0.0372937671889947,5.6,0.0002215461460928,0.3680922430244145,0.832146069425902,0.0798004338322936,,0.0382064802029306,0.1058382743905563,7.073545153098503,0.2876401167100458,0.4534810141339443,5.25,0.0102133001273583,0.0,314.4654088050314,5.002740239714067,3.2847015007177736,0.6565804625717508,400.0,11.09291211405064,7.084621368107269,0.6386619938270006,400.0,0.0022152428085741,0.0002621589261884,-0.0019530838823856,0.0099896789717562,1.0,2,True,The solver successfully reached the end of the integration interval.,7.381,True,True,oxygen_low
T-47D,hamming+zero,9,79037,279836,4.999999873689376e-05,4.999999987376214e-07,38.91999816894531,,lomustine,NSC279836,alkylator,other,241279087.64641,264637899.79584455,1.0968124190840212,0.4654090757503178,4.4,0.5345909242496822,0.0372937671889947,5.6,0.0002215461460928,0.3680922430244145,0.832146069425902,0.0798004338322936,,0.0382064802029306,0.1058382743905563,7.073545153098503,0.2876401167100458,0.4534810141339443,5.25,0.0102133001273583,0.0,314.4654088050314,5.002740239714067,3.2847015007177736,0.6565804625717508,400.0,11.09291211405064,7.084621368107269,0.6386619938270006,400.0,0.0022152428085741,0.0002621589261884,-0.0019530838823856,0.0099896789717562,1.0,2,True,The solver successfully reached the end of the integration interval.,7.431,True,True,oxygen_low
T-47D,random,9,45388,125973,4.999999987376214e-07,5.99999978589949e-08,29.951000213623047,,dacarbazine,paclitaxel,alkylator,antimitotic,241279087.64641,264677251.85055777,1.096975516744482,0.6947227011339604,4.6000000000000005,0.3052772988660396,0.023415141030186,4.8,0.0001569707029308,0.1945404766857801,0.8885132593975454,0.0513360867779595,,0.0324395653210295,0.0628277688193064,6.938562212071928,0.374749135730427,0.2860063896000215,5.25,0.0102133001273583,0.0,314.4654088050314,0.0778429239898828,0.0495415946838405,0.6364302899294918,400.0,7.097702764445099,2.762313561761348,0.3891841703485743,400.0,0.0012083457274401,0.0002143724278977,-0.0009939732995423,0.0100022295476201,1.0,2,True,The solver successfully reached the end of the integration interval.,5.312,True,True,oxygen_low
T-47D,tanimoto+zero,9,713563,747972,9.999999747378752e-05,2.9999999242136255e-05,24.45599937438965,,arsenic trioxide,lapatinib,other,kinase_inhibitor,241279087.64641,264747744.9257768,1.0972676807936197,0.8341883465789106,4.4,0.1658116534210894,0.0114955246293031,3.0,4.131785711748367e-05,0.1146629724979123,0.9386199065903332,0.0275102393514613,,0.0221772692007553,0.0268238985879323,3.882057972206834,0.4455885125102499,0.119536361163729,5.25,0.0102133001273583,0.0,314.4654088050314,2.247734761770227,1.328530872724902,0.5910532218127924,400.0,456.90223552326705,300.9358927060532,0.6586439489870443,400.0,0.0001401822739623,7.910679440015222e-05,-6.10754795622448e-05,0.0100136127103974,1.0,2,True,The solver successfully reached the end of the integration interval.,3.045,True,True,oxygen_low
DU-145,no_treatment,-1,-1,-1,0.0,0.0,,,,,,,241279087.64641,244307242.44601148,1.012550423781605,1.0,0.0,0.0,-0.0005289501584925,0.0,0.0,0.0,1.0,0.0,,0.001098475822591,6.230461558811701e-22,0.0,-4.4497688561597695,-0.0250950517930392,5.25,0.2033398275045627,0.0578624312878497,166.03773584905662,,,,,,,,,0.0,0.0,0.0,0.1416738683806418,1.0,0,True,The solver successfully reached the end of the integration interval.,0.167,,,phi_strong
DU-145,ours+zero,7,67574,754143,1.0000000116860974e-07,9.99999993922529e-09,-66.76000213623047,,vincristine,bendamustine,antimitotic,alkylator,241279087.64641,236530449.23249656,0.9803188976705992,0.0140998891448625,4.4,0.9859001108551376,0.2557200567884075,,0.0140492851217097,1.862057003011813,0.4074040605801191,0.3899746467184008,,0.0327198782189504,1.8294620051715993,2.1607956035040057,0.8714054226989317,0.979404359515082,5.25,0.1843879427084984,0.0339766680013239,173.58490566037736,10.501821987414438,6.675927009489075,0.635692265350681,400.0,15.711282702554875,10.468253298530536,0.6662889018493857,400.0,0.0121043350053307,0.0166003778511577,0.004496042845827,0.111635944896054,1.0,2,True,The solver successfully reached the end of the integration interval.,3.996,True,True,phi_strong
DU-145,act_hamming+zero,7,740,9706,9.99999993922529e-09,4.999999873689376e-06,-42.18000030517578,,NSC740,triethylenemelamine,other,alkylator,241279087.64641,237950354.42931032,0.9862038055201124,0.0120547074619083,4.4,0.9879452925380916,0.2718721901138872,,0.0114499857281791,1.9301160256188992,0.4012214347509377,0.3966158733949192,,0.032568371126245,1.8050176526098416,2.184923041498354,0.8547705569018768,0.9830529548330678,5.25,0.1843879427084984,0.0425249427297684,173.58490566037736,1.4550478895615448,0.94533173642585,0.6496911498292406,400.0,9.924387754952315,6.606407845838155,0.6656740958696951,400.0,-0.1485150054581536,0.0180643044121541,0.1665793098703077,0.1178232193198405,1.0,2,True,The solver successfully reached the end of the integration interval.,5.256,True,True,phi_strong
DU-145,hamming+zero,7,740,9706,9.99999993922529e-09,4.999999873689376e-06,-42.18000030517578,,NSC740,triethylenemelamine,other,alkylator,241279087.64641,237950354.42931032,0.9862038055201124,0.0120547074619083,4.4,0.9879452925380916,0.2718721901138872,,0.0114499857281791,1.9301160256188992,0.4012214347509377,0.3966158733949192,,0.032568371126245,1.8050176526098416,2.184923041498354,0.8547705569018768,0.9830529548330678,5.25,0.1843879427084984,0.0425249427297684,173.58490566037736,1.4550478895615448,0.94533173642585,0.6496911498292406,400.0,9.924387754952315,6.606407845838155,0.6656740958696951,400.0,-0.1485150054581536,0.0180643044121541,0.1665793098703077,0.1178232193198405,1.0,2,True,The solver successfully reached the end of the integration interval.,5.283,True,True,phi_strong
MDA-MB-231/ATCC,no_treatment,-1,-1,-1,0.0,0.0,,,,,,,241279087.64641,244307242.44601148,1.012550423781605,1.0,0.0,0.0,-0.0005289501584925,0.0,0.0,0.0,1.0,0.0,,0.001098475822591,6.230461558811701e-22,0.0,-4.4497688561597695,-0.0250950517930392,5.25,0.2033398275045627,0.0578624312878497,166.03773584905662,,,,,,,,,0.0,0.0,0.0,0.1416738683806418,1.0,0,True,The solver successfully reached the end of the integration interval.,0.155,,,phi_strong
MDA-MB-231/ATCC,act_hamming+zero,2,740,24559,9.999999717180683e-10,9.999999974752427e-07,-47.369998931884766,,NSC740,NSC24559,other,other,241279087.64641,244525297.15590665,1.013454168536371,0.5752051295054973,4.4,0.4247948704945027,0.0224110594533762,7.4,-0.0003874535996263,0.2514499509026531,0.8826880003496356,0.0541927773634497,,0.0325352860566979,0.0779531760837022,7.908365251021862,0.0851714106968595,0.3357415740692774,5.25,0.2033398275045627,0.060731260348103,166.03773584905662,0.0018356311089325,0.001064651879418,0.5799922839819304,400.0,2.464070125116591,1.483995116281552,0.6022536051855808,400.0,-0.0286908904482889,0.0002262194336485,0.0289171098819375,0.1426918458756868,1.0,2,True,The solver successfully reached the end of the integration interval.,3.719,True,True,phi_strong
DU-145,random,7,66847,754143,9.999999974752427e-07,9.99999993922529e-09,-38.16999816894531,,thalidomide,bendamustine,other,alkylator,241279087.64641,236452394.03378943,0.979995391810773,0.0142952210725321,4.4,0.9857047789274678,0.2580608262341191,,0.0141926262296281,1.8560818251845908,0.4035030270016008,0.3941532029365552,,0.0325364038490529,1.824016554850055,2.1687701645930177,0.8673092726317342,0.979622109068501,5.25,0.1843879427084984,0.0339766680013239,173.58490566037736,1899.9999729811136,1255.0380969538485,0.6605463762110925,400.0,15.711282702554875,10.46837969279986,0.6662969466584389,400.0,-0.0032286922243236,0.0172987369757868,0.0205274292001105,0.111978858534333,1.0,2,True,The solver successfully reached the end of the integration interval.,5.452,True,True,phi_strong
DU-145,tanimoto+zero,7,740,9706,9.99999993922529e-09,4.999999873689376e-06,-42.18000030517578,,NSC740,triethylenemelamine,other,alkylator,241279087.64641,237950354.42931032,0.9862038055201124,0.0120547074619083,4.4,0.9879452925380916,0.2718721901138872,,0.0114499857281791,1.9301160256188992,0.4012214347509377,0.3966158733949192,,0.032568371126245,1.8050176526098416,2.184923041498354,0.8547705569018768,0.9830529548330678,5.25,0.1843879427084984,0.0425249427297684,173.58490566037736,1.4550478895615448,0.94533173642585,0.6496911498292406,400.0,9.924387754952315,6.606407845838155,0.6656740958696951,400.0,-0.1485150054581536,0.0180643044121541,0.1665793098703077,0.1178232193198405,1.0,2,True,The solver successfully reached the end of the integration interval.,5.232,True,True,phi_strong
MDA-MB-231/ATCC,act_hamming+zero,7,82151,713563,1.999999987845058e-08,9.999999747378752e-05,-54.54100036621094,,daunorubicin,arsenic trioxide,dna_intercalator,other,241279087.64641,244514281.8216458,1.0134085146242633,0.5912548812128915,4.4,0.4087451187871085,0.0211772747142173,7.200000000000001,-0.0003678891345308,0.2394979620434243,0.8877125482983629,0.0517276410882533,,0.0319664641771912,0.0743192167400917,7.937872621624721,0.0791548992620519,0.320945464827835,5.25,0.2033398275045627,0.060731260348103,166.03773584905662,0.1181595423028795,0.0269428783622344,0.228021180829996,142.87555348867272,2.404551954742679,1.4463031161669415,0.6014854922615788,400.0,-0.0269315123794846,0.0002093273398078,0.0271408397192924,0.1426350083392719,1.0,2,True,The solver successfully reached the end of the integration interval.,1.707,True,True,phi_strong
MDA-MB-231/ATCC,act_hamming+zero,6,740,24559,9.999999717180683e-10,9.999999974752427e-07,-47.369998931884766,,NSC740,NSC24559,other,other,241279087.64641,244525297.15590665,1.013454168536371,0.5752051295054973,4.4,0.4247948704945027,0.0224110594533762,7.4,-0.0003874535996263,0.2514499509026531,0.8826880003496356,0.0541927773634497,,0.0325352860566979,0.0779531760837022,7.908365251021862,0.0851714106968595,0.3357415740692774,5.25,0.2033398275045627,0.060731260348103,166.03773584905662,0.0018356311089325,0.001064651879418,0.5799922839819304,400.0,2.464070125116591,1.483995116281552,0.6022536051855808,400.0,-0.0286908904482889,0.0002262194336485,0.0289171098819375,0.1426918458756868,1.0,2,True,The solver successfully reached the end of the integration interval.,3.677,True,True,phi_strong
MDA-MB-231/ATCC,act_hamming+zero,8,740,24559,9.999999717180683e-10,9.999999974752427e-07,-47.369998931884766,,NSC740,NSC24559,other,other,241279087.64641,244525297.15590665,1.013454168536371,0.5752051295054973,4.4,0.4247948704945027,0.0224110594533762,7.4,-0.0003874535996263,0.2514499509026531,0.8826880003496356,0.0541927773634497,,0.0325352860566979,0.0779531760837022,7.908365251021862,0.0851714106968595,0.3357415740692774,5.25,0.2033398275045627,0.060731260348103,166.03773584905662,0.0018356311089325,0.001064651879418,0.5799922839819304,400.0,2.464070125116591,1.483995116281552,0.6022536051855808,400.0,-0.0286908904482889,0.0002262194336485,0.0289171098819375,0.1426918458756868,1.0,2,True,The solver successfully reached the end of the integration interval.,3.678,True,True,phi_strong
MDA-MB-231/ATCC,hamming+zero,2,740,24559,9.999999717180683e-10,9.999999974752427e-07,-47.369998931884766,,NSC740,NSC24559,other,other,241279087.64641,244525297.15590665,1.013454168536371,0.5752051295054973,4.4,0.4247948704945027,0.0224110594533762,7.4,-0.0003874535996263,0.2514499509026531,0.8826880003496356,0.0541927773634497,,0.0325352860566979,0.0779531760837022,7.908365251021862,0.0851714106968595,0.3357415740692774,5.25,0.2033398275045627,0.060731260348103,166.03773584905662,0.0018356311089325,0.001064651879418,0.5799922839819304,400.0,2.464070125116591,1.483995116281552,0.6022536051855808,400.0,-0.0286908904482889,0.0002262194336485,0.0289171098819375,0.1426918458756868,1.0,2,True,The solver successfully reached the end of the integration interval.,3.595,True,True,phi_strong
MDA-MB-231/ATCC,hamming+zero,7,82151,713563,1.999999987845058e-08,9.999999747378752e-05,-54.54100036621094,,daunorubicin,arsenic trioxide,dna_intercalator,other,241279087.64641,244514281.8216458,1.0134085146242633,0.5912548812128915,4.4,0.4087451187871085,0.0211772747142173,7.200000000000001,-0.0003678891345308,0.2394979620434243,0.8877125482983629,0.0517276410882533,,0.0319664641771912,0.0743192167400917,7.937872621624721,0.0791548992620519,0.320945464827835,5.25,0.2033398275045627,0.060731260348103,166.03773584905662,0.1181595423028795,0.0269428783622344,0.228021180829996,142.87555348867272,2.404551954742679,1.4463031161669415,0.6014854922615788,400.0,-0.0269315123794846,0.0002093273398078,0.0271408397192924,0.1426350083392719,1.0,2,True,The solver successfully reached the end of the integration interval.,1.686,True,True,phi_strong
MDA-MB-231/ATCC,hamming+zero,6,740,24559,9.999999717180683e-10,9.999999974752427e-07,-47.369998931884766,,NSC740,NSC24559,other,other,241279087.64641,244525297.15590665,1.013454168536371,0.5752051295054973,4.4,0.4247948704945027,0.0224110594533762,7.4,-0.0003874535996263,0.2514499509026531,0.8826880003496356,0.0541927773634497,,0.0325352860566979,0.0779531760837022,7.908365251021862,0.0851714106968595,0.3357415740692774,5.25,0.2033398275045627,0.060731260348103,166.03773584905662,0.0018356311089325,0.001064651879418,0.5799922839819304,400.0,2.464070125116591,1.483995116281552,0.6022536051855808,400.0,-0.0286908904482889,0.0002262194336485,0.0289171098819375,0.1426918458756868,1.0,2,True,The solver successfully reached the end of the integration interval.,3.668,True,True,phi_strong
MDA-MB-231/ATCC,hamming+zero,8,740,24559,9.999999717180683e-10,9.999999974752427e-07,-47.369998931884766,,NSC740,NSC24559,other,other,241279087.64641,244525297.15590665,1.013454168536371,0.5752051295054973,4.4,0.4247948704945027,0.0224110594533762,7.4,-0.0003874535996263,0.2514499509026531,0.8826880003496356,0.0541927773634497,,0.0325352860566979,0.0779531760837022,7.908365251021862,0.0851714106968595,0.3357415740692774,5.25,0.2033398275045627,0.060731260348103,166.03773584905662,0.0018356311089325,0.001064651879418,0.5799922839819304,400.0,2.464070125116591,1.483995116281552,0.6022536051855808,400.0,-0.0286908904482889,0.0002262194336485,0.0289171098819375,0.1426918458756868,1.0,2,True,The solver successfully reached the end of the integration interval.,3.621,True,True,phi_strong
MDA-MB-231/ATCC,ours+zero,6,613327,754143,9.99999993922529e-09,9.99999993922529e-09,-90.0999984741211,,gemcitabine,bendamustine,antimetabolite,alkylator,241279087.64641,234788891.5773677,0.9731008761167332,0.0106658875260569,4.4,0.989334112473943,0.2755091198592158,,0.0172587961956523,1.9832757015538984,0.3821181567459829,0.4178023258623742,,0.0315669432603783,1.9825825553612104,2.055480550887555,0.8517546653171727,0.9842886039287604,5.25,0.178342803429609,0.0283778241901845,176.1006289308176,6.90651974161988,4.594971013150496,0.6653091839382443,400.0,16.469569332401257,10.975752497118942,0.6664261994711601,400.0,0.0518136596737147,0.0204413076599506,-0.031372352013764,0.1036366233299075,1.0,2,True,The solver successfully reached the end of the integration interval.,2.631,True,True,phi_strong
MDA-MB-231/ATCC,ours+zero,7,82151,713563,1.999999987845058e-08,9.999999747378752e-05,-54.54100036621094,,daunorubicin,arsenic trioxide,dna_intercalator,other,241279087.64641,244514281.8216458,1.0134085146242633,0.5912548812128915,4.4,0.4087451187871085,0.0211772747142173,7.200000000000001,-0.0003678891345308,0.2394979620434243,0.8877125482983629,0.0517276410882533,,0.0319664641771912,0.0743192167400917,7.937872621624721,0.0791548992620519,0.320945464827835,5.25,0.2033398275045627,0.060731260348103,166.03773584905662,0.1181595423028795,0.0269428783622344,0.228021180829996,142.87555348867272,2.404551954742679,1.4463031161669415,0.6014854922615788,400.0,-0.0269315123794846,0.0002093273398078,0.0271408397192924,0.1426350083392719,1.0,2,True,The solver successfully reached the end of the integration interval.,1.688,True,True,phi_strong
MDA-MB-231/ATCC,ours+zero,8,119875,713563,4.999999873689376e-06,9.999999747378752e-05,-42.95500183105469,,cisplatin,arsenic trioxide,platinum,other,241279087.64641,244514547.84852415,1.0134096171934124,0.5902847143381998,4.4,0.4097152856618001,0.021231515695352,7.200000000000001,-0.0003683616383927,0.2402111640664133,0.8874404337077342,0.0518607877716986,,0.0319953924370823,0.074497149269172,7.936414514828983,0.0791415067380436,0.3215629338460297,5.25,0.2033398275045627,0.060731260348103,166.03773584905662,0.9406837398224496,0.6078060317705177,0.6461321760331893,400.0,2.404551954742679,1.4464002528665656,0.6015258892675293,400.0,-0.0269755824665203,0.0002100326015942,0.0271856150681145,0.1426365791643115,1.0,2,True,The solver successfully reached the end of the integration interval.,2.112,True,True,phi_strong
MDA-MB-231/ATCC,ours+zero,2,681239,754143,3.000000106112566e-07,9.99999993922529e-09,-93.95999908447266,,bortezomib,bendamustine,proteasome,alkylator,241279087.64641,152191219.67953935,0.6307683818109124,0.0004661823571447,4.6000000000000005,0.9995338176428552,0.4773753731307731,,0.2055467442076791,3.342614775236525,0.1140911774925714,0.9427479376539478,,0.011723520826205,3.025780904773043,1.8282532495622537,0.6033144345198918,0.9994487261776728,5.25,0.0,0.0,400.0,3.2756952361042613,2.119856241273817,0.6471469683470714,400.0,16.469569332401257,10.98124005607644,0.6667593933056039,400.0,0.8981888794850996,0.2902732085957314,-0.6079156708893682,0.0,1.0,2,True,The solver successfully reached the end of the integration interval.,5.452,True,True,phi_strong
MDA-MB-231/ATCC,random,6,125973,737754,5.99999978589949e-08,9.999999747378752e-06,25.70599937438965,,paclitaxel,ixabepilone,antimitotic,antimitotic,241279087.64641,244450323.3559732,1.0131434337741303,0.7814457381266182,4.6000000000000005,0.2185542618733817,0.0111932998300088,6.2,-0.0002542743306089,0.118271781737552,0.9357807064293854,0.0288259131699467,,0.0255187601581807,0.0452564183678364,8.095078532465589,0.1167848663877713,0.1929674104593081,5.25,0.2033398275045627,0.060731260348103,166.03773584905662,6.251790332932513,2.378770064198277,0.380494216459507,400.0,0.376363529046734,0.1125138967347294,0.2989500524126456,193.20394614048035,-0.0252693498079559,0.0001491708376155,0.0254185206455714,0.1423818943962814,1.0,2,True,The solver successfully reached the end of the integration interval.,1.734,True,True,phi_strong
MDA-MB-231/ATCC,random,7,82151,713563,1.999999987845058e-08,9.999999747378752e-05,-54.54100036621094,,daunorubicin,arsenic trioxide,dna_intercalator,other,241279087.64641,244514281.8216458,1.0134085146242633,0.5912548812128915,4.4,0.4087451187871085,0.0211772747142173,7.200000000000001,-0.0003678891345308,0.2394979620434243,0.8877125482983629,0.0517276410882533,,0.0319664641771912,0.0743192167400917,7.937872621624721,0.0791548992620519,0.320945464827835,5.25,0.2033398275045627,0.060731260348103,166.03773584905662,0.1181595423028795,0.0269428783622344,0.228021180829996,142.87555348867272,2.404551954742679,1.4463031161669415,0.6014854922615788,400.0,-0.0269315123794846,0.0002093273398078,0.0271408397192924,0.1426350083392719,1.0,2,True,The solver successfully reached the end of the integration interval.,1.711,True,True,phi_strong
MDA-MB-231/ATCC,random,2,246131,686673,1.9999999494757503e-05,2.0000000233721948e-07,-27.8799991607666,,mitoxantrone,NSC686673,dna_intercalator,other,241279087.64641,244361616.48491085,1.012775781227332,0.8370763623978202,4.4,0.1629236376021797,0.0068310000292988,5.0,-9.664763660978996e-05,0.0885076228317543,0.9549551778109738,0.020017012171423,,0.0208753504557176,0.0316672739460698,7.930984145604194,0.0669146864632471,0.1150209066889564,5.25,0.2033398275045627,0.0578624312878497,166.03773584905662,2.3045305279580006,0.548369723299728,0.2379529004485037,140.7801388459945,0.0031046155193241,0.0017771926508627,0.5724356654796497,400.0,-0.0053710901399668,5.169175626107414e-05,0.0054227818962279,0.14191354075985,1.0,2,True,The solver successfully reached the end of the integration interval.,5.395,True,True,phi_strong
MDA-MB-231/ATCC,tanimoto+zero,6,38721,713563,1.9999999494757503e-05,9.999999747378752e-05,-10.20400047302246,,mitotane,arsenic trioxide,other,other,241279087.64641,244530347.38759416,1.013475099615549,0.56622678054667,4.4,0.43377321945333,0.0233784788620716,7.4,-0.000396423081029,0.2582822950765284,0.8787655895904795,0.0561269573768822,,0.032961004094692,0.0808841421741919,7.88520765295262,0.0917542281686182,0.3461598730509008,5.25,0.2033398275045627,0.060731260348103,166.03773584905662,1.1110288055148971,0.6577897029037927,0.5920545890787642,400.0,2.404551954742679,1.44702356770017,0.6017851121270623,400.0,-0.0291291503775477,0.0002407741156998,0.0293699244932476,0.1427199614657887,1.0,2,True,The solver successfully reached the end of the integration interval.,2.734,True,True,phi_strong
MDA-MB-231/ATCC,random,8,24559,409962,9.999999974752427e-07,2.0000000233721948e-07,-40.54999923706055,,NSC24559,carmustine,other,alkylator,241279087.64641,244539030.47178447,1.0135110873353097,0.5442035995821173,4.4,0.4557964004178827,0.0252048866703497,7.6,-0.0004118442696001,0.275511291149559,0.8719078831716869,0.0595293957365324,,0.0336923037296005,0.0862654838023509,7.837424699039528,0.1022517194660339,0.3687452747607578,5.25,0.2033398275045627,0.060731260348103,166.03773584905662,2.464070125116591,1.4875928645731196,0.6037136887501252,400.0,7.600000280806509e-05,4.843731994881973e-05,0.6373331336729843,400.0,-0.0321878105359976,0.0002668164466639,0.0324546269826615,0.1427836168955542,1.0,2,True,The solver successfully reached the end of the integration interval.,5.568,True,True,phi_strong
MDA-MB-231/ATCC,tanimoto+zero,2,49842,713563,4.999999858590343e-10,9.999999747378752e-05,-22.812000274658203,,vinblastine,arsenic trioxide,antimitotic,other,241279087.64641,244540162.3216949,1.0135157783755546,0.4817850887270657,4.4,0.5182149112729343,0.035376070088401,9.6,-0.0004138543987476,0.3284193467675956,0.8348465003245527,0.0783933690556361,,0.0368294360090618,0.120892725917755,7.536075832343943,0.2267697917057078,0.4551502871896054,5.25,0.2033398275045627,0.060731260348103,166.03773584905662,0.000189999992406,5.916228681385439e-05,0.3113804693602769,218.0153409455196,2.404551954742679,1.4543854829316931,0.6048467699203168,400.0,-0.0598481332292979,0.0010509874978682,0.0608991207271661,0.1434935706117658,1.0,2,True,The solver successfully reached the end of the integration interval.,5.91,True,True,phi_strong
MDA-MB-435,no_treatment,-1,-1,-1,0.0,0.0,,,,,,,241279087.64641,244307242.44601148,1.012550423781605,1.0,0.0,0.0,-0.0005289501584925,0.0,0.0,0.0,1.0,0.0,,0.001098475822591,6.230461558811701e-22,0.0,-4.4497688561597695,-0.0250950517930392,5.25,0.2033398275045627,0.0578624312878497,166.03773584905662,,,,,,,,,0.0,0.0,0.0,0.1416738683806418,1.0,0,True,The solver successfully reached the end of the integration interval.,0.143,,,phi_strong
MDA-MB-231/ATCC,tanimoto+zero,7,82151,713563,1.999999987845058e-08,9.999999747378752e-05,-54.54100036621094,,daunorubicin,arsenic trioxide,dna_intercalator,other,241279087.64641,244514281.8216458,1.0134085146242633,0.5912548812128915,4.4,0.4087451187871085,0.0211772747142173,7.200000000000001,-0.0003678891345308,0.2394979620434243,0.8877125482983629,0.0517276410882533,,0.0319664641771912,0.0743192167400917,7.937872621624721,0.0791548992620519,0.320945464827835,5.25,0.2033398275045627,0.060731260348103,166.03773584905662,0.1181595423028795,0.0269428783622344,0.228021180829996,142.87555348867272,2.404551954742679,1.4463031161669415,0.6014854922615788,400.0,-0.0269315123794846,0.0002093273398078,0.0271408397192924,0.1426350083392719,1.0,2,True,The solver successfully reached the end of the integration interval.,1.703,True,True,phi_strong
MDA-MB-435,act_hamming+zero,0,740,24559,1.0000000116860974e-07,9.999999974752427e-07,-92.08999633789062,,NSC740,NSC24559,other,other,241279087.64641,244686704.3623936,1.0141231332944087,0.185369797221518,4.6000000000000005,0.814630202778482,0.1016828343330373,11.8,-0.000674029813794,0.7431316338320494,0.6672949743384122,0.1756821459799114,,0.0404336447693281,0.6382628973498554,4.065274923837392,0.798952385537221,0.8054193467856655,5.25,0.2033398275045627,0.060731260348103,166.03773584905662,73.75906315777168,48.345348564514865,0.6554496016456104,400.0,2.539011248752824,1.581662876082902,0.6229444146258996,400.0,-0.1334954895694886,0.0026299588906146,0.1361254484601033,0.1454666721723321,1.0,2,True,The solver successfully reached the end of the integration interval.,1.81,True,True,phi_strong
MDA-MB-435,act_hamming+zero,1,740,24559,1.0000000116860974e-07,9.999999974752427e-07,-92.08999633789062,,NSC740,NSC24559,other,other,241279087.64641,244686704.3623936,1.0141231332944087,0.185369797221518,4.6000000000000005,0.814630202778482,0.1016828343330373,11.8,-0.000674029813794,0.7431316338320494,0.6672949743384122,0.1756821459799114,,0.0404336447693281,0.6382628973498554,4.065274923837392,0.798952385537221,0.8054193467856655,5.25,0.2033398275045627,0.060731260348103,166.03773584905662,73.75906315777168,48.345348564514865,0.6554496016456104,400.0,2.539011248752824,1.581662876082902,0.6229444146258996,400.0,-0.1334954895694886,0.0026299588906146,0.1361254484601033,0.1454666721723321,1.0,2,True,The solver successfully reached the end of the integration interval.,1.83,True,True,phi_strong
MDA-MB-435,act_hamming+zero,4,740,24559,1.0000000116860974e-07,9.999999974752427e-07,-92.08999633789062,,NSC740,NSC24559,other,other,241279087.64641,244686704.3623936,1.0141231332944087,0.185369797221518,4.6000000000000005,0.814630202778482,0.1016828343330373,11.8,-0.000674029813794,0.7431316338320494,0.6672949743384122,0.1756821459799114,,0.0404336447693281,0.6382628973498554,4.065274923837392,0.798952385537221,0.8054193467856655,5.25,0.2033398275045627,0.060731260348103,166.03773584905662,73.75906315777168,48.345348564514865,0.6554496016456104,400.0,2.539011248752824,1.581662876082902,0.6229444146258996,400.0,-0.1334954895694886,0.0026299588906146,0.1361254484601033,0.1454666721723321,1.0,2,True,The solver successfully reached the end of the integration interval.,1.783,True,True,phi_strong
MDA-MB-435,hamming+zero,0,740,24559,1.0000000116860974e-07,9.999999974752427e-07,-92.08999633789062,,NSC740,NSC24559,other,other,241279087.64641,244686704.3623936,1.0141231332944087,0.185369797221518,4.6000000000000005,0.814630202778482,0.1016828343330373,11.8,-0.000674029813794,0.7431316338320494,0.6672949743384122,0.1756821459799114,,0.0404336447693281,0.6382628973498554,4.065274923837392,0.798952385537221,0.8054193467856655,5.25,0.2033398275045627,0.060731260348103,166.03773584905662,73.75906315777168,48.345348564514865,0.6554496016456104,400.0,2.539011248752824,1.581662876082902,0.6229444146258996,400.0,-0.1334954895694886,0.0026299588906146,0.1361254484601033,0.1454666721723321,1.0,2,True,The solver successfully reached the end of the integration interval.,1.784,True,True,phi_strong
MDA-MB-435,hamming+zero,1,740,24559,1.0000000116860974e-07,9.999999974752427e-07,-92.08999633789062,,NSC740,NSC24559,other,other,241279087.64641,244686704.3623936,1.0141231332944087,0.185369797221518,4.6000000000000005,0.814630202778482,0.1016828343330373,11.8,-0.000674029813794,0.7431316338320494,0.6672949743384122,0.1756821459799114,,0.0404336447693281,0.6382628973498554,4.065274923837392,0.798952385537221,0.8054193467856655,5.25,0.2033398275045627,0.060731260348103,166.03773584905662,73.75906315777168,48.345348564514865,0.6554496016456104,400.0,2.539011248752824,1.581662876082902,0.6229444146258996,400.0,-0.1334954895694886,0.0026299588906146,0.1361254484601033,0.1454666721723321,1.0,2,True,The solver successfully reached the end of the integration interval.,1.809,True,True,phi_strong
MDA-MB-231/ATCC,tanimoto+zero,8,49842,713563,4.999999858590343e-10,9.999999747378752e-05,-22.812000274658203,,vinblastine,arsenic trioxide,antimitotic,other,241279087.64641,244540162.3216949,1.0135157783755546,0.4817850887270657,4.4,0.5182149112729343,0.035376070088401,9.6,-0.0004138543987476,0.3284193467675956,0.8348465003245527,0.0783933690556361,,0.0368294360090618,0.120892725917755,7.536075832343943,0.2267697917057078,0.4551502871896054,5.25,0.2033398275045627,0.060731260348103,166.03773584905662,0.000189999992406,5.916228681385439e-05,0.3113804693602769,218.0153409455196,2.404551954742679,1.4543854829316931,0.6048467699203168,400.0,-0.0598481332292979,0.0010509874978682,0.0608991207271661,0.1434935706117658,1.0,2,True,The solver successfully reached the end of the integration interval.,5.965,True,True,phi_strong
MDA-MB-435,hamming+zero,4,740,24559,1.0000000116860974e-07,9.999999974752427e-07,-92.08999633789062,,NSC740,NSC24559,other,other,241279087.64641,244686704.3623936,1.0141231332944087,0.185369797221518,4.6000000000000005,0.814630202778482,0.1016828343330373,11.8,-0.000674029813794,0.7431316338320494,0.6672949743384122,0.1756821459799114,,0.0404336447693281,0.6382628973498554,4.065274923837392,0.798952385537221,0.8054193467856655,5.25,0.2033398275045627,0.060731260348103,166.03773584905662,73.75906315777168,48.345348564514865,0.6554496016456104,400.0,2.539011248752824,1.581662876082902,0.6229444146258996,400.0,-0.1334954895694886,0.0026299588906146,0.1361254484601033,0.1454666721723321,1.0,2,True,The solver successfully reached the end of the integration interval.,1.784,True,True,phi_strong
MDA-MB-435,ours+zero,0,740,24559,1.0000000116860974e-07,9.999999974752427e-07,-92.08999633789062,,NSC740,NSC24559,other,other,241279087.64641,244686704.3623936,1.0141231332944087,0.185369797221518,4.6000000000000005,0.814630202778482,0.1016828343330373,11.8,-0.000674029813794,0.7431316338320494,0.6672949743384122,0.1756821459799114,,0.0404336447693281,0.6382628973498554,4.065274923837392,0.798952385537221,0.8054193467856655,5.25,0.2033398275045627,0.060731260348103,166.03773584905662,73.75906315777168,48.345348564514865,0.6554496016456104,400.0,2.539011248752824,1.581662876082902,0.6229444146258996,400.0,-0.1334954895694886,0.0026299588906146,0.1361254484601033,0.1454666721723321,1.0,2,True,The solver successfully reached the end of the integration interval.,1.766,True,True,phi_strong
MDA-MB-435,ours+zero,4,740,24559,1.0000000116860974e-07,9.999999974752427e-07,-92.08999633789062,,NSC740,NSC24559,other,other,241279087.64641,244686704.3623936,1.0141231332944087,0.185369797221518,4.6000000000000005,0.814630202778482,0.1016828343330373,11.8,-0.000674029813794,0.7431316338320494,0.6672949743384122,0.1756821459799114,,0.0404336447693281,0.6382628973498554,4.065274923837392,0.798952385537221,0.8054193467856655,5.25,0.2033398275045627,0.060731260348103,166.03773584905662,73.75906315777168,48.345348564514865,0.6554496016456104,400.0,2.539011248752824,1.581662876082902,0.6229444146258996,400.0,-0.1334954895694886,0.0026299588906146,0.1361254484601033,0.1454666721723321,1.0,2,True,The solver successfully reached the end of the integration interval.,1.759,True,True,phi_strong
MDA-MB-435,random,1,743414,761432,4.999999873689376e-06,4.999999969612645e-09,-52.07500076293945,,sunitinib,NSC761432,kinase_inhibitor,other,241279087.64641,241137307.0277536,0.9994123791662204,0.027967385106434,4.4,0.972032614893566,0.2080690385668603,,0.0056719352585934,1.5646208385818323,0.4860896575249316,0.3132836192620872,,0.0358726573711404,1.368220804300257,2.593339559666538,0.90289614901137,0.9602677006908475,5.25,0.1968849621189929,0.0498007529556812,168.55345911949686,21.67723172355619,14.221579144097904,0.656060668883454,400.0,9.51437302409918,6.212073825335465,0.6529146807257564,400.0,-0.1248500442723379,0.0089281243841762,0.1337781686565141,0.1325246954934534,1.0,2,True,The solver successfully reached the end of the integration interval.,1.683,True,True,phi_strong
MDA-MB-435,random,0,24559,712807,9.999999974752427e-07,2.0000000233721948e-07,-89.3499984741211,,NSC24559,capecitabine,other,antimetabolite,241279087.64641,244544113.6690721,1.0135321550429883,0.5484687508638804,4.4,0.4515312491361196,0.0246158308324013,7.6,-0.0004208717920529,0.2721208126163603,0.8739905267862245,0.0584932746731088,,0.0334711022682699,0.0845416421893363,7.851370430396464,0.0971131426387487,0.3612441016646225,5.25,0.2033398275045627,0.060731260348103,166.03773584905662,2.539011248752824,1.531994538906983,0.6033823361985917,400.0,3.54117948981554,2.319810575084776,0.6550954510373083,400.0,-0.0317874853708237,0.0002570910379927,0.0320445764088165,0.1427907647171516,1.0,2,True,The solver successfully reached the end of the integration interval.,5.62,True,True,phi_strong
MDA-MB-435,ours+zero,1,279836,754143,4.999999987376214e-07,9.99999993922529e-09,-79.33200073242188,,NSC279836,bendamustine,other,alkylator,241279087.64641,244078301.42207295,1.011601559849087,0.0712994189926442,4.6000000000000005,0.9287005810073558,0.1406095246089889,13.2,0.0004071694255044,1.1580846178147837,0.5975686188850379,0.2236122174224261,,0.039370070069146,1.038851851892839,3.0354284608285327,0.8702997399571594,0.9066782948021556,5.25,0.2033398275045627,0.060731260348103,166.03773584905662,2.716704000731691,1.745090408485086,0.6423557399021314,400.0,4.982556569608383,3.3001783883520126,0.6623463963222797,400.0,-0.1489046301040473,0.0035491154081084,0.1524537455121557,0.1443145400872839,1.0,2,True,The solver successfully reached the end of the integration interval.,8.357,True,True,phi_strong
MDA-MB-435,tanimoto+zero,0,740,24559,1.0000000116860974e-07,9.999999974752427e-07,-92.08999633789062,,NSC740,NSC24559,other,other,241279087.64641,244686704.3623936,1.0141231332944087,0.185369797221518,4.6000000000000005,0.814630202778482,0.1016828343330373,11.8,-0.000674029813794,0.7431316338320494,0.6672949743384122,0.1756821459799114,,0.0404336447693281,0.6382628973498554,4.065274923837392,0.798952385537221,0.8054193467856655,5.25,0.2033398275045627,0.060731260348103,166.03773584905662,73.75906315777168,48.345348564514865,0.6554496016456104,400.0,2.539011248752824,1.581662876082902,0.6229444146258996,400.0,-0.1334954895694886,0.0026299588906146,0.1361254484601033,0.1454666721723321,1.0,2,True,The solver successfully reached the end of the integration interval.,1.81,True,True,phi_strong
MDA-MB-435,random,4,27640,754143,7.000000135093387e-09,9.99999993922529e-09,-62.209999084472656,,NSC27640,bendamustine,other,alkylator,241279087.64641,243082593.5718465,1.0074747709925007,0.0409366898018561,4.6000000000000005,0.9590633101981438,0.1926259222968494,15.0,0.0021824803404372,1.3990578866006371,0.5154277604919618,0.2878321944312159,,0.0369315126760556,1.2064889032322,2.8038823026192925,0.8984091659567368,0.9504077846900586,5.25,0.1968849621189929,0.0578624312878497,168.55345911949686,9.564820525819265,6.232091516435911,0.6515638740541981,400.0,4.982556569608383,3.3038442926904494,0.6630821439825867,400.0,-0.208962723259459,0.007520032588913,0.2164827558483721,0.1380847330083218,1.0,2,True,The solver successfully reached the end of the integration interval.,5.338,True,True,phi_strong
OVCAR-8,no_treatment,-1,-1,-1,0.0,0.0,,,,,,,241279087.64641,244307242.44601148,1.012550423781605,1.0,0.0,0.0,-0.0005289501584925,0.0,0.0,0.0,1.0,0.0,,0.001098475822591,6.230461558811701e-22,0.0,-4.4497688561597695,-0.0250950517930392,5.25,0.2033398275045627,0.0578624312878497,166.03773584905662,,,,,,,,,0.0,0.0,0.0,0.1416738683806418,1.0,0,True,The solver successfully reached the end of the integration interval.,0.169,,,phi_strong
MDA-MB-435,tanimoto+zero,1,713563,753082,9.999999747378752e-05,4.999999987376214e-07,2.67549991607666,,arsenic trioxide,pazopanib,other,kinase_inhibitor,241279087.64641,244507087.38538852,1.0133786967219849,0.6003491141545773,4.4,0.3996508858454227,0.0205853584939673,7.200000000000001,-0.0003551105356232,0.2328688270548737,0.8900768719888487,0.0505724836484942,,0.0316865637848761,0.0726324156839968,7.951751328131069,0.0767306126041988,0.3132287190186529,5.25,0.2033398275045627,0.060731260348103,166.03773584905662,2.308439627427034,1.3861727369602248,0.600480393981644,400.0,1.7043675242828893,1.0161600990158737,0.5962094938668946,400.0,-0.0255828498790244,0.0002018236288927,0.0257846735079172,0.1425989122843811,1.0,2,True,The solver successfully reached the end of the integration interval.,1.809,True,True,phi_strong
MDA-MB-435,tanimoto+zero,4,740,24559,1.0000000116860974e-07,9.999999974752427e-07,-92.08999633789062,,NSC740,NSC24559,other,other,241279087.64641,244686704.3623936,1.0141231332944087,0.185369797221518,4.6000000000000005,0.814630202778482,0.1016828343330373,11.8,-0.000674029813794,0.7431316338320494,0.6672949743384122,0.1756821459799114,,0.0404336447693281,0.6382628973498554,4.065274923837392,0.798952385537221,0.8054193467856655,5.25,0.2033398275045627,0.060731260348103,166.03773584905662,73.75906315777168,48.345348564514865,0.6554496016456104,400.0,2.539011248752824,1.581662876082902,0.6229444146258996,400.0,-0.1334954895694886,0.0026299588906146,0.1361254484601033,0.1454666721723321,1.0,2,True,The solver successfully reached the end of the integration interval.,1.952,True,True,phi_strong
OVCAR-8,act_hamming+zero,2,740,3053,1.0000000116860974e-07,9.99999993922529e-09,-26.979999542236328,,NSC740,dactinomycin,other,dna_intercalator,241279087.64641,244516115.5477379,1.0134161146450935,0.2836320045433225,5.0,0.7163679954566775,0.0670313909963398,10.6,-0.0003711460982182,0.5581764925697581,0.7405368585065628,0.1304533206030859,,0.0412196759586037,0.3691417684815707,5.342278331017705,0.5703610330329694,0.7105496537480125,5.25,0.2033398275045627,0.060731260348103,166.03773584905662,61.005743661518544,39.94472823529371,0.6547699583324678,400.0,0.2050804643318288,0.0738990253057995,0.3603416129691799,327.30695829220343,-0.0967772643492841,0.0013485164256816,0.0981257807749658,0.1438543453716113,1.0,2,True,The solver successfully reached the end of the integration interval.,1.953,True,True,phi_strong
OVCAR-8,act_hamming+zero,8,740,3053,1.0000000116860974e-07,9.99999993922529e-09,-26.979999542236328,,NSC740,dactinomycin,other,dna_intercalator,241279087.64641,244516115.5477379,1.0134161146450935,0.2836320045433225,5.0,0.7163679954566775,0.0670313909963398,10.6,-0.0003711460982182,0.5581764925697581,0.7405368585065628,0.1304533206030859,,0.0412196759586037,0.3691417684815707,5.342278331017705,0.5703610330329694,0.7105496537480125,5.25,0.2033398275045627,0.060731260348103,166.03773584905662,61.005743661518544,39.94472823529371,0.6547699583324678,400.0,0.2050804643318288,0.0738990253057995,0.3603416129691799,327.30695829220343,-0.0967772643492841,0.0013485164256816,0.0981257807749658,0.1438543453716113,1.0,2,True,The solver successfully reached the end of the integration interval.,1.918,True,True,phi_strong
OVCAR-8,hamming+zero,2,740,3053,1.0000000116860974e-07,9.99999993922529e-09,-26.979999542236328,,NSC740,dactinomycin,other,dna_intercalator,241279087.64641,244516115.5477379,1.0134161146450935,0.2836320045433225,5.0,0.7163679954566775,0.0670313909963398,10.6,-0.0003711460982182,0.5581764925697581,0.7405368585065628,0.1304533206030859,,0.0412196759586037,0.3691417684815707,5.342278331017705,0.5703610330329694,0.7105496537480125,5.25,0.2033398275045627,0.060731260348103,166.03773584905662,61.005743661518544,39.94472823529371,0.6547699583324678,400.0,0.2050804643318288,0.0738990253057995,0.3603416129691799,327.30695829220343,-0.0967772643492841,0.0013485164256816,0.0981257807749658,0.1438543453716113,1.0,2,True,The solver successfully reached the end of the integration interval.,1.839,True,True,phi_strong
OVCAR-8,hamming+zero,8,740,3053,1.0000000116860974e-07,9.99999993922529e-09,-26.979999542236328,,NSC740,dactinomycin,other,dna_intercalator,241279087.64641,244516115.5477379,1.0134161146450935,0.2836320045433225,5.0,0.7163679954566775,0.0670313909963398,10.6,-0.0003711460982182,0.5581764925697581,0.7405368585065628,0.1304533206030859,,0.0412196759586037,0.3691417684815707,5.342278331017705,0.5703610330329694,0.7105496537480125,5.25,0.2033398275045627,0.060731260348103,166.03773584905662,61.005743661518544,39.94472823529371,0.6547699583324678,400.0,0.2050804643318288,0.0738990253057995,0.3603416129691799,327.30695829220343,-0.0967772643492841,0.0013485164256816,0.0981257807749658,0.1438543453716113,1.0,2,True,The solver successfully reached the end of the integration interval.,1.843,True,True,phi_strong
OVCAR-8,ours+zero,2,125066,681239,9.999999974752427e-07,3.000000106112566e-07,-93.2300033569336,,bleomycin,bortezomib,dna_cleaver,proteasome,241279087.64641,240280170.825393,0.995859911313653,0.037299203759348,5.0,0.962700796240652,0.2237668557019639,,0.0072184097153422,1.4392321660277698,0.4457378193891161,0.3509205158909624,,0.0335919138688328,1.029390674522217,3.219654758295019,0.8711755031257007,0.96177926336935,5.25,0.190568164729299,0.0523986702186213,171.0691823899371,0.0469345509671727,0.0262980549613681,0.5603133388825143,400.0,2.8664938663465582,1.748218178612193,0.6098803137647579,400.0,-0.3083416717716547,0.018357990609564,0.3266996623812187,0.1316125696241971,1.0,2,True,The solver successfully reached the end of the integration interval.,1.607,True,True,phi_strong
OVCAR-8,ours+zero,8,125066,681239,9.999999974752427e-07,3.000000106112566e-07,-93.2300033569336,,bleomycin,bortezomib,dna_cleaver,proteasome,241279087.64641,240280170.825393,0.995859911313653,0.037299203759348,5.0,0.962700796240652,0.2237668557019639,,0.0072184097153422,1.4392321660277698,0.4457378193891161,0.3509205158909624,,0.0335919138688328,1.029390674522217,3.219654758295019,0.8711755031257007,0.96177926336935,5.25,0.190568164729299,0.0523986702186213,171.0691823899371,0.0469345509671727,0.0262980549613681,0.5603133388825143,400.0,2.8664938663465582,1.748218178612193,0.6098803137647579,400.0,-0.3083416717716547,0.018357990609564,0.3266996623812187,0.1316125696241971,1.0,2,True,The solver successfully reached the end of the integration interval.,1.638,True,True,phi_strong
OVCAR-8,random,8,85998,713563,9.999999747378752e-05,9.999999747378752e-05,-19.92300033569336,,streptozocin,arsenic trioxide,alkylator,other,241279087.64641,244543074.0268832,1.0135278461648385,0.5181130456906851,4.4,0.4818869543093149,0.0275543652387572,7.800000000000001,-0.0004190254510439,0.2968481735736038,0.8630192282334462,0.0639795280128854,,0.0345696828606695,0.0935335017578029,7.769850551269637,0.1155546502937373,0.3961906616259267,5.25,0.2033398275045627,0.060731260348103,166.03773584905662,0.014237267842602,0.009088747504577,0.6383772227267444,400.0,2.3689685491773296,1.433225175304042,0.6049996635885087,400.0,-0.0348383787626211,0.0003005461241377,0.0351389248867589,0.1428347402159107,1.0,2,True,The solver successfully reached the end of the integration interval.,2.015,True,True,phi_strong
OVCAR-8,tanimoto+zero,2,1390,713563,0.0001999999949475,9.999999747378752e-05,-43.05500030517578,,NSC1390,arsenic trioxide,other,other,241279087.64641,244554969.23508596,1.013577146783134,0.5066716703475439,4.4,0.4933283296524561,0.0283168779907882,8.0,-0.0004401501451855,0.3065460790418366,0.8603256841064214,0.0653371115068359,,0.0348309098666936,0.0958323978943545,7.745828730730474,0.1182244196826046,0.4046110531964682,5.25,0.2033398275045627,0.060731260348103,166.03773584905662,9.765587997067096,6.139270748852806,0.6286637067523856,400.0,2.3689685491773296,1.433431903952081,0.6050869288449896,400.0,-0.0372572345032689,0.0003098936334905,0.0375671281367594,0.1428923724415639,1.0,2,True,The solver successfully reached the end of the integration interval.,1.661,True,True,phi_strong
PC-3,no_treatment,-1,-1,-1,0.0,0.0,,,,,,,241279087.64641,244307242.44601148,1.012550423781605,1.0,0.0,0.0,-0.0005289501584925,0.0,0.0,0.0,1.0,0.0,,0.001098475822591,6.230461558811701e-22,0.0,-4.4497688561597695,-0.0250950517930392,5.25,0.2033398275045627,0.0578624312878497,166.03773584905662,,,,,,,,,0.0,0.0,0.0,0.1416738683806418,1.0,0,True,The solver successfully reached the end of the integration interval.,0.173,,,phi_strong
OVCAR-8,tanimoto+zero,8,1390,713563,0.0001999999949475,9.999999747378752e-05,-43.05500030517578,,NSC1390,arsenic trioxide,other,other,241279087.64641,244554969.23508596,1.013577146783134,0.5066716703475439,4.4,0.4933283296524561,0.0283168779907882,8.0,-0.0004401501451855,0.3065460790418366,0.8603256841064214,0.0653371115068359,,0.0348309098666936,0.0958323978943545,7.745828730730474,0.1182244196826046,0.4046110531964682,5.25,0.2033398275045627,0.060731260348103,166.03773584905662,9.765587997067096,6.139270748852806,0.6286637067523856,400.0,2.3689685491773296,1.433431903952081,0.6050869288449896,400.0,-0.0372572345032689,0.0003098936334905,0.0375671281367594,0.1428923724415639,1.0,2,True,The solver successfully reached the end of the integration interval.,1.611,True,True,phi_strong
OVCAR-8,random,2,8806,754143,1.0000000116860974e-07,9.99999993922529e-09,12.972000122070312,,melphalan,bendamustine,alkylator,alkylator,241279087.64641,244447236.19373423,1.0131306387894132,0.1330993894206253,4.4,0.8669006105793747,0.1006461141827248,11.8,-0.000248789592553,0.8870966380024459,0.6743583736950451,0.1711092453709884,,0.0409912169761728,0.7852406580610299,3.573612332230662,0.7469369312455088,0.8242398625782885,5.25,0.2033398275045627,0.060731260348103,166.03773584905662,0.0342117755132451,0.022372049787828,0.653928346372044,400.0,4.068882418645005,2.6866729376778467,0.6602975120063918,400.0,-0.1085673535993485,0.0018323978744768,0.1103997514738254,0.1440388766429232,1.0,2,True,The solver successfully reached the end of the integration interval.,7.228,True,True,phi_strong
PC-3,act_hamming+zero,1,740,6396,9.99999993922529e-09,1.0000000116860974e-07,-31.86000061035156,,NSC740,thiotepa,other,alkylator,241279087.64641,244504598.69189608,1.013368382137672,0.5295234362926413,4.4,0.4704765637073587,0.0266202198363756,8.0,-0.0003506900856352,0.2873875147991068,0.8676199875300673,0.0616704516163189,,0.03414856323565,0.0901326533520683,7.809402136381166,0.1166325000104849,0.3894990603597913,5.25,0.2033398275045627,0.060731260348103,166.03773584905662,5.297392148459928,3.2967945777471397,0.6223429350431594,400.0,6.333358819046819e-05,4.059030619721184e-05,0.6408969925269566,400.0,-0.0410968722920814,0.0003298533349035,0.041426725626985,0.1427702531833559,1.0,2,True,The solver successfully reached the end of the integration interval.,8.186,True,True,phi_strong
PC-3,act_hamming+zero,6,740,6396,9.99999993922529e-09,1.0000000116860974e-07,-31.86000061035156,,NSC740,thiotepa,other,alkylator,241279087.64641,244504598.69189608,1.013368382137672,0.5295234362926413,4.4,0.4704765637073587,0.0266202198363756,8.0,-0.0003506900856352,0.2873875147991068,0.8676199875300673,0.0616704516163189,,0.03414856323565,0.0901326533520683,7.809402136381166,0.1166325000104849,0.3894990603597913,5.25,0.2033398275045627,0.060731260348103,166.03773584905662,5.297392148459928,3.2967945777471397,0.6223429350431594,400.0,6.333358819046819e-05,4.059030619721184e-05,0.6408969925269566,400.0,-0.0410968722920814,0.0003298533349035,0.041426725626985,0.1427702531833559,1.0,2,True,The solver successfully reached the end of the integration interval.,8.158,True,True,phi_strong
PC-3,act_hamming+zero,9,681239,750690,3.000000106112566e-07,1.0000000116860974e-07,-37.0,,bortezomib,everolimus,proteasome,kinase_inhibitor,241279087.64641,228642244.252873,0.9476256168041548,0.0092128334138294,4.4,0.9907871665861706,0.2874751010647327,,0.0287798674355363,2.0468794828674217,0.3539072675406326,0.4511105189663663,,0.0297569739587604,1.7809883927808816,2.2597656842751532,0.8390093280006601,0.9871752601405114,5.25,0.1610029557745819,0.0,183.6477987421384,16.44251124641934,10.657384657829004,0.6481603994736416,400.0,0.1288778901525277,0.0832753861468744,0.6461572737442983,400.0,0.4995899332133131,0.0262155625345269,-0.4733743706787862,0.0733189405214975,1.0,2,True,The solver successfully reached the end of the integration interval.,7.148,True,True,phi_strong
PC-3,hamming+zero,1,740,6396,9.99999993922529e-09,1.0000000116860974e-07,-31.86000061035156,,NSC740,thiotepa,other,alkylator,241279087.64641,244504598.69189608,1.013368382137672,0.5295234362926413,4.4,0.4704765637073587,0.0266202198363756,8.0,-0.0003506900856352,0.2873875147991068,0.8676199875300673,0.0616704516163189,,0.03414856323565,0.0901326533520683,7.809402136381166,0.1166325000104849,0.3894990603597913,5.25,0.2033398275045627,0.060731260348103,166.03773584905662,5.297392148459928,3.2967945777471397,0.6223429350431594,400.0,6.333358819046819e-05,4.059030619721184e-05,0.6408969925269566,400.0,-0.0410968722920814,0.0003298533349035,0.041426725626985,0.1427702531833559,1.0,2,True,The solver successfully reached the end of the integration interval.,8.167,True,True,phi_strong
PC-3,hamming+zero,6,740,6396,9.99999993922529e-09,1.0000000116860974e-07,-31.86000061035156,,NSC740,thiotepa,other,alkylator,241279087.64641,244504598.69189608,1.013368382137672,0.5295234362926413,4.4,0.4704765637073587,0.0266202198363756,8.0,-0.0003506900856352,0.2873875147991068,0.8676199875300673,0.0616704516163189,,0.03414856323565,0.0901326533520683,7.809402136381166,0.1166325000104849,0.3894990603597913,5.25,0.2033398275045627,0.060731260348103,166.03773584905662,5.297392148459928,3.2967945777471397,0.6223429350431594,400.0,6.333358819046819e-05,4.059030619721184e-05,0.6408969925269566,400.0,-0.0410968722920814,0.0003298533349035,0.041426725626985,0.1427702531833559,1.0,2,True,The solver successfully reached the end of the integration interval.,8.214,True,True,phi_strong
PC-3,hamming+zero,9,681239,750690,3.000000106112566e-07,1.0000000116860974e-07,-37.0,,bortezomib,everolimus,proteasome,kinase_inhibitor,241279087.64641,228642244.252873,0.9476256168041548,0.0092128334138294,4.4,0.9907871665861706,0.2874751010647327,,0.0287798674355363,2.0468794828674217,0.3539072675406326,0.4511105189663663,,0.0297569739587604,1.7809883927808816,2.2597656842751532,0.8390093280006601,0.9871752601405114,5.25,0.1610029557745819,0.0,183.6477987421384,16.44251124641934,10.657384657829004,0.6481603994736416,400.0,0.1288778901525277,0.0832753861468744,0.6461572737442983,400.0,0.4995899332133131,0.0262155625345269,-0.4733743706787862,0.0733189405214975,1.0,2,True,The solver successfully reached the end of the integration interval.,7.072,True,True,phi_strong
PC-3,ours+zero,6,24559,681239,9.999999974752427e-07,3.000000106112566e-07,-82.56999969482422,,NSC24559,bortezomib,other,proteasome,241279087.64641,197322509.06723815,0.817818531195752,0.0010813157631495,4.6000000000000005,0.9989186842368504,0.4304475454618762,,0.0927597126241548,2.977218074613681,0.1928159308234349,0.7148570867045302,,0.0188784823504837,2.1808013752063373,2.1591437052602056,0.6470239758559071,0.9985257174792416,5.25,0.0,0.0,400.0,2.422824516355851,1.5777944558081791,0.6512211037806923,400.0,16.44251124641934,10.6718544185912,0.6490404208125563,400.0,0.6866676674258994,0.1263835610727893,-0.56028410635311,0.0,1.0,2,True,The solver successfully reached the end of the integration interval.,4.371,True,True,phi_strong
PC-3,ours+zero,9,123127,681239,4.999999987376214e-07,3.000000106112566e-07,-91.41999816894533,,doxorubicin,bortezomib,dna_intercalator,proteasome,241279087.64641,226166707.17072147,0.937365560260094,0.0068959510448082,4.4,0.9931040489551918,0.3081753190797742,,0.0335076666955592,2.1726785314832124,0.3306845611154573,0.4805860808010901,,0.0285012834830622,1.846810715817604,2.2243052749557997,0.8145115485642488,0.9903727319793308,5.25,0.1554832211935119,0.0,186.16352201257865,8.609056652850331,5.429799489974995,0.6307078358204634,400.0,16.44251124641934,10.660017899362108,0.6483205478532681,400.0,0.540309358887108,0.0321911308672474,-0.5081182280198605,0.0661806512063959,1.0,2,True,The solver successfully reached the end of the integration interval.,3.884,True,True,phi_strong
PC-3,ours+zero,1,673596,754143,9.99999993922529e-09,9.99999993922529e-09,-76.30000305175781,,NSC673596,bendamustine,other,alkylator,241279087.64641,244505534.329723,1.013372259961631,0.491711924091298,4.4,0.508288075908702,0.0297240134766821,8.200000000000001,-0.0003523519830801,0.3195619610744995,0.8551401612202184,0.067962696668654,,0.0352861750913841,0.1004141748043263,7.706775514201492,0.1276884591413244,0.4248070901379651,5.25,0.2033398275045627,0.060731260348103,166.03773584905662,0.0325309557626348,0.0193631022147857,0.5952208215482618,400.0,1.1090544281393298,0.7179548682857783,0.6473576499670061,400.0,-0.0424381020975594,0.0003546854808362,0.0427927875783957,0.1427974537109579,1.0,2,True,The solver successfully reached the end of the integration interval.,7.526,True,True,phi_strong
PC-3,random,6,279836,737754,4.999999987376214e-07,1.0000000116860974e-07,27.4950008392334,,NSC279836,ixabepilone,other,antimitotic,241279087.64641,244327499.29373783,1.012634379867165,0.9707540544884814,4.4,0.0292459455115186,0.001127281712742,1.7999999999999998,-3.600823454359375e-05,0.0241634880888754,0.9876873641162002,0.0053805023007597,,0.005211639647596,0.0048410518060756,0.0,0.3782257054087914,0.0125673564518464,5.25,0.2033398275045627,0.0578624312878497,166.03773584905662,0.4513395075304535,0.261198781791113,0.5787190738526009,400.0,0.0037159631513533,0.0010272833531729,0.2764514370382874,161.68036500267516,-0.0027591903199652,1.4629657859366318e-05,0.0027738199778246,0.1417650098248511,1.0,2,True,The solver successfully reached the end of the integration interval.,3.176,True,True,phi_strong
PC-3,random,1,279836,761432,4.999999987376214e-07,4.999999858590343e-10,28.219999313354492,,NSC279836,NSC761432,other,other,241279087.64641,244463643.170331,1.0131986387837637,0.6873841794213339,4.4,0.3126158205786661,0.0177846909551309,7.4,-0.0002779378880977,0.1740731688457473,0.9067162309668966,0.0425286099717703,,0.0298857153611091,0.0632234672714185,8.047486934295572,0.115613573538015,0.2790581974946416,5.25,0.2033398275045627,0.060731260348103,166.03773584905662,0.4513395075304535,0.2660810984552061,0.5895364664863791,400.0,2.404650062963026,1.455676122787233,0.6053588192344042,400.0,-0.0317489358864535,0.0002303206328314,0.031979256519285,0.1425171444794762,1.0,2,True,The solver successfully reached the end of the integration interval.,5.759,True,True,phi_strong
PC-3,tanimoto+zero,1,750,92859,4.999999873689376e-05,6.000000212225132e-06,-39.7599983215332,,NSC750,dromostanolone,other,hormonal,241279087.64641,244472712.59240943,1.0132362277110385,0.6674157918015138,4.4,0.3325842081984862,0.0167181186587005,7.0,-0.0002940495963671,0.1868762228698406,0.9085363081617032,0.0416577121432977,,0.0294533927293716,0.0609108937948825,8.04081966689469,0.0770148702347915,0.2680712617761414,5.25,0.2033398275045627,0.060731260348103,166.03773584905662,231.23362626659684,152.10007284871998,0.6577766188441763,400.0,11.901275414901978,7.775123295112244,0.6533016860845651,400.0,-0.033273498152855,0.0002009444260651,0.0334744425789201,0.1425315830196091,1.0,2,True,The solver successfully reached the end of the integration interval.,3.724,True,True,phi_strong
PC-3,random,9,681239,750690,3.000000106112566e-07,1.0000000116860974e-07,-37.0,,bortezomib,everolimus,proteasome,kinase_inhibitor,241279087.64641,228642244.252873,0.9476256168041548,0.0092128334138294,4.4,0.9907871665861706,0.2874751010647327,,0.0287798674355363,2.0468794828674217,0.3539072675406326,0.4511105189663663,,0.0297569739587604,1.7809883927808816,2.2597656842751532,0.8390093280006601,0.9871752601405114,5.25,0.1610029557745819,0.0,183.6477987421384,16.44251124641934,10.657384657829004,0.6481603994736416,400.0,0.1288778901525277,0.0832753861468744,0.6461572737442983,400.0,0.4995899332133131,0.0262155625345269,-0.4733743706787862,0.0733189405214975,1.0,2,True,The solver successfully reached the end of the integration interval.,7.099,True,True,phi_strong
PC-3,tanimoto+zero,6,750,92859,4.999999873689376e-05,6.000000212225132e-06,-39.7599983215332,,NSC750,dromostanolone,other,hormonal,241279087.64641,244472712.59240943,1.0132362277110385,0.6674157918015138,4.4,0.3325842081984862,0.0167181186587005,7.0,-0.0002940495963671,0.1868762228698406,0.9085363081617032,0.0416577121432977,,0.0294533927293716,0.0609108937948825,8.04081966689469,0.0770148702347915,0.2680712617761414,5.25,0.2033398275045627,0.060731260348103,166.03773584905662,231.23362626659684,152.10007284871998,0.6577766188441763,400.0,11.901275414901978,7.775123295112244,0.6533016860845651,400.0,-0.033273498152855,0.0002009444260651,0.0334744425789201,0.1425315830196091,1.0,2,True,The solver successfully reached the end of the integration interval.,3.669,True,True,phi_strong
T-47D,no_treatment,-1,-1,-1,0.0,0.0,,,,,,,241279087.64641,244307242.44601148,1.012550423781605,1.0,0.0,0.0,-0.0005289501584925,0.0,0.0,0.0,1.0,0.0,,0.001098475822591,6.230461558811701e-22,0.0,-4.4497688561597695,-0.0250950517930392,5.25,0.2033398275045627,0.0578624312878497,166.03773584905662,,,,,,,,,0.0,0.0,0.0,0.1416738683806418,1.0,0,True,The solver successfully reached the end of the integration interval.,0.151,,,phi_strong
PC-3,tanimoto+zero,9,681239,750690,3.000000106112566e-07,1.0000000116860974e-07,-37.0,,bortezomib,everolimus,proteasome,kinase_inhibitor,241279087.64641,228642244.252873,0.9476256168041548,0.0092128334138294,4.4,0.9907871665861706,0.2874751010647327,,0.0287798674355363,2.0468794828674217,0.3539072675406326,0.4511105189663663,,0.0297569739587604,1.7809883927808816,2.2597656842751532,0.8390093280006601,0.9871752601405114,5.25,0.1610029557745819,0.0,183.6477987421384,16.44251124641934,10.657384657829004,0.6481603994736416,400.0,0.1288778901525277,0.0832753861468744,0.6461572737442983,400.0,0.4995899332133131,0.0262155625345269,-0.4733743706787862,0.0733189405214975,1.0,2,True,The solver successfully reached the end of the integration interval.,6.873,True,True,phi_strong
T-47D,act_hamming+zero,9,79037,279836,4.999999873689376e-05,4.999999987376214e-07,38.91999816894531,,lomustine,NSC279836,alkylator,other,241279087.64641,244465870.56423408,1.0132078703915453,0.4893138982064067,4.4,0.5106861017935933,0.0304144416250586,8.6,-0.0002818948792547,0.3216851498017858,0.853353870274416,0.0688708374864895,,0.035442653849642,0.1023341884189702,7.695979901170715,0.1392442587617218,0.4327474693009737,5.25,0.2033398275045627,0.060731260348103,166.03773584905662,5.002740239714067,3.2804488242173497,0.6557303931504637,400.0,11.09291211405064,7.064305433598631,0.6368305599979247,400.0,-0.0457037841641401,0.0003930759702314,0.0460968601343715,0.1427154897951791,1.0,2,True,The solver successfully reached the end of the integration interval.,6.172,True,True,phi_strong
T-47D,hamming+zero,9,79037,279836,4.999999873689376e-05,4.999999987376214e-07,38.91999816894531,,lomustine,NSC279836,alkylator,other,241279087.64641,244465870.56423408,1.0132078703915453,0.4893138982064067,4.4,0.5106861017935933,0.0304144416250586,8.6,-0.0002818948792547,0.3216851498017858,0.853353870274416,0.0688708374864895,,0.035442653849642,0.1023341884189702,7.695979901170715,0.1392442587617218,0.4327474693009737,5.25,0.2033398275045627,0.060731260348103,166.03773584905662,5.002740239714067,3.2804488242173497,0.6557303931504637,400.0,11.09291211405064,7.064305433598631,0.6368305599979247,400.0,-0.0457037841641401,0.0003930759702314,0.0460968601343715,0.1427154897951791,1.0,2,True,The solver successfully reached the end of the integration interval.,6.167,True,True,phi_strong
T-47D,tanimoto+zero,9,713563,747972,9.999999747378752e-05,2.9999999242136255e-05,24.45599937438965,,arsenic trioxide,lapatinib,other,kinase_inhibitor,241279087.64641,244403701.42449197,1.0129502055423096,0.807144797846523,4.4,0.1928552021534769,0.0090872680311719,5.6,-0.0001714371374469,0.1043212491750525,0.945080084356924,0.0245313886117399,,0.0233669885665533,0.0383993907609811,8.041871936955353,0.0790595197511698,0.1530204196545098,5.25,0.2033398275045627,0.060731260348103,166.03773584905662,2.247734761770227,1.344988606667321,0.5983751417396157,400.0,456.90223552326705,301.04427787072416,0.6588811663964685,400.0,-0.0142084261559429,9.22744725617708e-05,0.0143007006285047,0.1421294072292359,1.0,2,True,The solver successfully reached the end of the integration interval.,3.82,True,True,phi_strong
T-47D,random,9,45388,125973,4.999999987376214e-07,5.99999978589949e-08,29.951000213623047,,dacarbazine,paclitaxel,alkylator,antimitotic,241279087.64641,244507483.8866109,1.0133803400522303,0.6957767768166562,4.6000000000000005,0.3042232231833438,0.0187065251653436,7.6,-0.0003558148021341,0.1687006796304647,0.9042792528714084,0.0436974331827195,,0.0304475120142108,0.066421378419777,8.052272321432824,0.176402462559739,0.2865794404599896,5.25,0.2033398275045627,0.060731260348103,166.03773584905662,0.0778429239898828,0.0496288300595278,0.6375509489594465,400.0,7.097702764445099,2.8331988136881208,0.3991712400074872,400.0,-0.0416493543419351,0.0003089048338101,0.0419582591757453,0.1427714548157029,1.0,2,True,The solver successfully reached the end of the integration interval.,4.878,True,True,phi_strong
T-47D,ours+zero,9,673596,681239,9.99999993922529e-09,2.999999892949745e-08,-88.95999908447266,,NSC673596,bortezomib,other,proteasome,241279087.64641,233523305.9868647,0.9678555579134512,0.0090474881832859,4.800000000000001,0.990952511816714,0.3129406468310747,,0.0196061114235234,2.0545282129357636,0.3451441882560193,0.461999435123977,,0.0292697290652564,1.4837946723863422,2.5946048332105107,0.7958639893965658,0.9902107447953028,5.25,0.1724312542656479,0.0359946996815853,178.61635220125788,4.84315787577589,3.1482581984183495,0.6500424473389664,400.0,0.5207749686267218,0.3236087882713949,0.6213985075449151,400.0,-0.2518474238008048,0.0332507695069388,0.2850981933077436,0.1056088849789658,1.0,2,True,The solver successfully reached the end of the integration interval.,8.971,True,True,phi_strong
DU-145,no_treatment,-1,-1,-1,0.0,0.0,,,,,,,241279087.64641,244307242.44601148,1.012550423781605,1.0,0.0,0.0,-0.0005289501584925,0.0,0.0,0.0,1.0,0.0,,0.001098475822591,6.230461558811701e-22,0.0,-4.4497688561597695,-0.0250950517930392,5.25,0.2033398275045627,0.0578624312878497,166.03773584905662,,,,,,,,,0.0,0.0,0.0,0.1416738683806418,1.0,0,True,The solver successfully reached the end of the integration interval.,0.162,,,phi_weak
DU-145,ours+zero,7,67574,754143,1.0000000116860974e-07,9.99999993922529e-09,-66.76000213623047,,vincristine,bendamustine,antimitotic,alkylator,241279087.64641,235011472.8544604,0.9740233815823496,0.011790803542853,4.4,0.988209196457147,0.2680587242977191,,0.0168472774529371,1.939729297944122,0.3890065494423788,0.4100430866878141,,0.0318989281831858,2.006372919568153,2.0318739367066825,0.8593639351244493,0.9826597006257238,5.25,0.178342803429609,0.0283778241901845,176.1006289308176,10.501821987414438,6.7112145288631835,0.6390523984224848,400.0,15.711282702554875,10.470994357751522,0.6664633662309947,400.0,0.0846655835256062,0.0190910480533829,-0.0655745354722233,0.1031669237654311,1.0,2,True,The solver successfully reached the end of the integration interval.,4.336,True,True,phi_weak
DU-145,hamming+zero,7,740,9706,9.99999993922529e-09,4.999999873689376e-06,-42.18000030517578,,NSC740,triethylenemelamine,other,alkylator,241279087.64641,236185063.00047877,0.978887417489756,0.0096849050930782,4.4,0.9903150949069218,0.2873956068569668,,0.0146839135927491,2.025177331980764,0.3782946805906364,0.4221697655176602,,0.0315024267151705,1.99780970494137,2.0449008635610713,0.8385608509163427,0.9863123901488248,5.25,0.1843879427084984,0.0380910942784249,173.58490566037736,1.4550478895615448,0.9476193148471792,0.6512633169295403,400.0,9.924387754952315,6.6090487424675946,0.6659401975874681,400.0,-0.0970285836079765,0.0216501568617333,0.1186787404697098,0.1146789808497588,1.0,2,True,The solver successfully reached the end of the integration interval.,9.79,True,True,phi_weak
DU-145,act_hamming+zero,7,740,9706,9.99999993922529e-09,4.999999873689376e-06,-42.18000030517578,,NSC740,triethylenemelamine,other,alkylator,241279087.64641,236185063.00047877,0.978887417489756,0.0096849050930782,4.4,0.9903150949069218,0.2873956068569668,,0.0146839135927491,2.025177331980764,0.3782946805906364,0.4221697655176602,,0.0315024267151705,1.99780970494137,2.0449008635610713,0.8385608509163427,0.9863123901488248,5.25,0.1843879427084984,0.0380910942784249,173.58490566037736,1.4550478895615448,0.9476193148471792,0.6512633169295403,400.0,9.924387754952315,6.6090487424675946,0.6659401975874681,400.0,-0.0970285836079765,0.0216501568617333,0.1186787404697098,0.1146789808497588,1.0,2,True,The solver successfully reached the end of the integration interval.,9.967,True,True,phi_weak
MDA-MB-231/ATCC,no_treatment,-1,-1,-1,0.0,0.0,,,,,,,241279087.64641,244307242.44601148,1.012550423781605,1.0,0.0,0.0,-0.0005289501584925,0.0,0.0,0.0,1.0,0.0,,0.001098475822591,6.230461558811701e-22,0.0,-4.4497688561597695,-0.0250950517930392,5.25,0.2033398275045627,0.0578624312878497,166.03773584905662,,,,,,,,,0.0,0.0,0.0,0.1416738683806418,1.0,0,True,The solver successfully reached the end of the integration interval.,0.159,,,phi_weak
MDA-MB-231/ATCC,act_hamming+zero,2,740,24559,9.999999717180683e-10,9.999999974752427e-07,-47.369998931884766,,NSC740,NSC24559,other,other,241279087.64641,244528364.49212423,1.0134668813505958,0.5362000901363478,4.4,0.4637999098636521,0.0255617323786105,7.800000000000001,-0.0003929013747803,0.2819458185490077,0.8698100649179769,0.0605755712475418,,0.0338720183702237,0.087675727542793,7.824545245915267,0.1007531932835432,0.372250301241139,5.25,0.2033398275045627,0.060731260348103,166.03773584905662,0.0018356311089325,0.0010702075656629,0.583018864986062,400.0,2.464070125116591,1.4896033684562735,0.6045296167802006,400.0,-0.0307501842534894,0.0002698588673094,0.0310200431207988,0.1427435952628534,1.0,2,True,The solver successfully reached the end of the integration interval.,1.736,True,True,phi_weak
MDA-MB-231/ATCC,act_hamming+zero,6,740,24559,9.999999717180683e-10,9.999999974752427e-07,-47.369998931884766,,NSC740,NSC24559,other,other,241279087.64641,244528364.49212423,1.0134668813505958,0.5362000901363478,4.4,0.4637999098636521,0.0255617323786105,7.800000000000001,-0.0003929013747803,0.2819458185490077,0.8698100649179769,0.0605755712475418,,0.0338720183702237,0.087675727542793,7.824545245915267,0.1007531932835432,0.372250301241139,5.25,0.2033398275045627,0.060731260348103,166.03773584905662,0.0018356311089325,0.0010702075656629,0.583018864986062,400.0,2.464070125116591,1.4896033684562735,0.6045296167802006,400.0,-0.0307501842534894,0.0002698588673094,0.0310200431207988,0.1427435952628534,1.0,2,True,The solver successfully reached the end of the integration interval.,1.716,True,True,phi_weak
DU-145,random,7,66847,754143,9.999999974752427e-07,9.99999993922529e-09,-38.16999816894531,,thalidomide,bendamustine,other,alkylator,241279087.64641,234869405.36486787,0.9734345717895974,0.0119457113008366,4.4,0.9880542886991632,0.2706249764308844,,0.0171098934968237,1.9340606865187888,0.3846707591269159,0.4149108254750385,,0.0316833063608542,1.9998679662163272,2.04033566244242,0.8545129769633079,0.982881420174862,5.25,0.178342803429609,0.0283778241901845,176.1006289308176,1899.9999729811136,1255.0510183664746,0.6605531769546767,400.0,15.711282702554875,10.471131170135,0.6664720741376671,400.0,0.0689996936328691,0.019977839576858,-0.0490218540560111,0.1034547423830841,1.0,2,True,The solver successfully reached the end of the integration interval.,10.959,True,True,phi_weak
MDA-MB-231/ATCC,act_hamming+zero,8,740,24559,9.999999717180683e-10,9.999999974752427e-07,-47.369998931884766,,NSC740,NSC24559,other,other,241279087.64641,244528364.49212423,1.0134668813505958,0.5362000901363478,4.4,0.4637999098636521,0.0255617323786105,7.800000000000001,-0.0003929013747803,0.2819458185490077,0.8698100649179769,0.0605755712475418,,0.0338720183702237,0.087675727542793,7.824545245915267,0.1007531932835432,0.372250301241139,5.25,0.2033398275045627,0.060731260348103,166.03773584905662,0.0018356311089325,0.0010702075656629,0.583018864986062,400.0,2.464070125116591,1.4896033684562735,0.6045296167802006,400.0,-0.0307501842534894,0.0002698588673094,0.0310200431207988,0.1427435952628534,1.0,2,True,The solver successfully reached the end of the integration interval.,1.737,True,True,phi_weak
MDA-MB-231/ATCC,act_hamming+zero,7,82151,713563,1.999999987845058e-08,9.999999747378752e-05,-54.54100036621094,,daunorubicin,arsenic trioxide,dna_intercalator,other,241279087.64641,244517385.04673868,1.013421376182731,0.5532998209937818,4.4,0.4467001790062181,0.0241383288210172,7.6,-0.000373400898391,0.2683121714925419,0.8754001742051631,0.057793371298032,,0.0332984750431924,0.0833095511626835,7.8643951948713084,0.0932080593991458,0.3561925260571925,5.25,0.2033398275045627,0.060731260348103,166.03773584905662,0.1181595423028795,0.0279948006413849,0.2369237396809277,147.86093499266497,2.404551954742679,1.45146260170136,0.6036312082334221,400.0,-0.0288931002196768,0.0002502861869403,0.0291433864066171,0.1426844811610842,1.0,2,True,The solver successfully reached the end of the integration interval.,4.912,True,True,phi_weak
MDA-MB-231/ATCC,hamming+zero,2,740,24559,9.999999717180683e-10,9.999999974752427e-07,-47.369998931884766,,NSC740,NSC24559,other,other,241279087.64641,244528364.49212423,1.0134668813505958,0.5362000901363478,4.4,0.4637999098636521,0.0255617323786105,7.800000000000001,-0.0003929013747803,0.2819458185490077,0.8698100649179769,0.0605755712475418,,0.0338720183702237,0.087675727542793,7.824545245915267,0.1007531932835432,0.372250301241139,5.25,0.2033398275045627,0.060731260348103,166.03773584905662,0.0018356311089325,0.0010702075656629,0.583018864986062,400.0,2.464070125116591,1.4896033684562735,0.6045296167802006,400.0,-0.0307501842534894,0.0002698588673094,0.0310200431207988,0.1427435952628534,1.0,2,True,The solver successfully reached the end of the integration interval.,1.776,True,True,phi_weak
DU-145,tanimoto+zero,7,740,9706,9.99999993922529e-09,4.999999873689376e-06,-42.18000030517578,,NSC740,triethylenemelamine,other,alkylator,241279087.64641,236185063.00047877,0.978887417489756,0.0096849050930782,4.4,0.9903150949069218,0.2873956068569668,,0.0146839135927491,2.025177331980764,0.3782946805906364,0.4221697655176602,,0.0315024267151705,1.99780970494137,2.0449008635610713,0.8385608509163427,0.9863123901488248,5.25,0.1843879427084984,0.0380910942784249,173.58490566037736,1.4550478895615448,0.9476193148471792,0.6512633169295403,400.0,9.924387754952315,6.6090487424675946,0.6659401975874681,400.0,-0.0970285836079765,0.0216501568617333,0.1186787404697098,0.1146789808497588,1.0,2,True,The solver successfully reached the end of the integration interval.,9.71,True,True,phi_weak
MDA-MB-231/ATCC,hamming+zero,6,740,24559,9.999999717180683e-10,9.999999974752427e-07,-47.369998931884766,,NSC740,NSC24559,other,other,241279087.64641,244528364.49212423,1.0134668813505958,0.5362000901363478,4.4,0.4637999098636521,0.0255617323786105,7.800000000000001,-0.0003929013747803,0.2819458185490077,0.8698100649179769,0.0605755712475418,,0.0338720183702237,0.087675727542793,7.824545245915267,0.1007531932835432,0.372250301241139,5.25,0.2033398275045627,0.060731260348103,166.03773584905662,0.0018356311089325,0.0010702075656629,0.583018864986062,400.0,2.464070125116591,1.4896033684562735,0.6045296167802006,400.0,-0.0307501842534894,0.0002698588673094,0.0310200431207988,0.1427435952628534,1.0,2,True,The solver successfully reached the end of the integration interval.,1.722,True,True,phi_weak
MDA-MB-231/ATCC,hamming+zero,8,740,24559,9.999999717180683e-10,9.999999974752427e-07,-47.369998931884766,,NSC740,NSC24559,other,other,241279087.64641,244528364.49212423,1.0134668813505958,0.5362000901363478,4.4,0.4637999098636521,0.0255617323786105,7.800000000000001,-0.0003929013747803,0.2819458185490077,0.8698100649179769,0.0605755712475418,,0.0338720183702237,0.087675727542793,7.824545245915267,0.1007531932835432,0.372250301241139,5.25,0.2033398275045627,0.060731260348103,166.03773584905662,0.0018356311089325,0.0010702075656629,0.583018864986062,400.0,2.464070125116591,1.4896033684562735,0.6045296167802006,400.0,-0.0307501842534894,0.0002698588673094,0.0310200431207988,0.1427435952628534,1.0,2,True,The solver successfully reached the end of the integration interval.,1.718,True,True,phi_weak
MDA-MB-231/ATCC,ours+zero,6,613327,754143,9.99999993922529e-09,9.99999993922529e-09,-90.0999984741211,,gemcitabine,bendamustine,antimetabolite,alkylator,241279087.64641,232951586.61596733,0.965486022383148,0.0087894551317613,4.4,0.9912105448682386,0.2889097106205447,,0.0206706690073911,2.067310747698307,0.3630111223147843,0.4400800683910575,,0.0306488994947542,2.187400312872354,1.924155814918661,0.837021993114804,0.9869715252168462,5.25,0.1724312542656479,0.0190944306728874,178.61635220125788,6.90651974161988,4.596256433039082,0.6654953008157275,400.0,16.469569332401257,10.97846496279439,0.6665908950755627,400.0,0.1349573237540282,0.023735591806916,-0.1112217319471121,0.0950650951345911,1.0,2,True,The solver successfully reached the end of the integration interval.,2.618,True,True,phi_weak
MDA-MB-231/ATCC,hamming+zero,7,82151,713563,1.999999987845058e-08,9.999999747378752e-05,-54.54100036621094,,daunorubicin,arsenic trioxide,dna_intercalator,other,241279087.64641,244517385.04673868,1.013421376182731,0.5532998209937818,4.4,0.4467001790062181,0.0241383288210172,7.6,-0.000373400898391,0.2683121714925419,0.8754001742051631,0.057793371298032,,0.0332984750431924,0.0833095511626835,7.8643951948713084,0.0932080593991458,0.3561925260571925,5.25,0.2033398275045627,0.060731260348103,166.03773584905662,0.1181595423028795,0.0279948006413849,0.2369237396809277,147.86093499266497,2.404551954742679,1.45146260170136,0.6036312082334221,400.0,-0.0288931002196768,0.0002502861869403,0.0291433864066171,0.1426844811610842,1.0,2,True,The solver successfully reached the end of the integration interval.,5.044,True,True,phi_weak
MDA-MB-231/ATCC,ours+zero,8,119875,713563,4.999999873689376e-06,9.999999747378752e-05,-42.95500183105469,,cisplatin,arsenic trioxide,platinum,other,241279087.64641,244517671.6397376,1.0134225639897712,0.5524406159047264,4.4,0.4475593840952736,0.0241838499704357,7.6,-0.0003739099243034,0.2689871004209763,0.8751621269978462,0.0579114848768935,,0.0333209751394466,0.0834720399355891,7.862838726791411,0.0931289094357681,0.3566637936933932,5.25,0.2033398275045627,0.060731260348103,166.03773584905662,0.9406837398224496,0.608433135511865,0.6467988227655603,400.0,2.404551954742679,1.4515662751893297,0.6036743237451353,400.0,-0.0289136708574317,0.0002502014768936,0.0291638723343254,0.1426854479840255,1.0,2,True,The solver successfully reached the end of the integration interval.,1.77,True,True,phi_weak
MDA-MB-231/ATCC,ours+zero,7,82151,713563,1.999999987845058e-08,9.999999747378752e-05,-54.54100036621094,,daunorubicin,arsenic trioxide,dna_intercalator,other,241279087.64641,244517385.04673868,1.013421376182731,0.5532998209937818,4.4,0.4467001790062181,0.0241383288210172,7.6,-0.000373400898391,0.2683121714925419,0.8754001742051631,0.057793371298032,,0.0332984750431924,0.0833095511626835,7.8643951948713084,0.0932080593991458,0.3561925260571925,5.25,0.2033398275045627,0.060731260348103,166.03773584905662,0.1181595423028795,0.0279948006413849,0.2369237396809277,147.86093499266497,2.404551954742679,1.45146260170136,0.6036312082334221,400.0,-0.0288931002196768,0.0002502861869403,0.0291433864066171,0.1426844811610842,1.0,2,True,The solver successfully reached the end of the integration interval.,4.898,True,True,phi_weak
MDA-MB-231/ATCC,random,2,246131,686673,1.9999999494757503e-05,2.0000000233721948e-07,-27.8799991607666,,mitoxantrone,NSC686673,dna_intercalator,other,241279087.64641,244366224.25816408,1.0127948785030148,0.8250155751214041,4.4,0.1749844248785959,0.0074594926356812,5.200000000000001,-0.0001048367771947,0.0948105537118366,0.9516934094725852,0.0215029381904843,,0.021679790146172,0.0337208726551363,7.973487915036452,0.0635029770955422,0.1253719934703454,5.25,0.2033398275045627,0.060731260348103,166.03773584905662,2.3045305279580006,0.5491124458009803,0.2382751884339488,141.26048635483147,0.0031046155193241,0.0017775541081117,0.5725520912485431,400.0,-0.0058902550279857,5.719807860649073e-05,0.0059474531065922,0.141934988178832,1.0,2,True,The solver successfully reached the end of the integration interval.,3.288,True,True,phi_weak
MDA-MB-231/ATCC,random,6,125973,737754,5.99999978589949e-08,9.999999747378752e-06,25.70599937438965,,paclitaxel,ixabepilone,antimitotic,antimitotic,241279087.64641,244397912.07521173,1.012926211132613,0.7392329433805799,4.6000000000000005,0.2607670566194201,0.0141291994180292,7.000000000000001,-0.0001611496000212,0.1423892960237803,0.9218220085017,0.0353529273063761,,0.0278280522832744,0.0540883160016963,8.112830429214474,0.1312909872188586,0.2347605999771476,5.25,0.2033398275045627,0.060731260348103,166.03773584905662,6.251790332932513,2.4710659457943644,0.3952573285731524,400.0,0.376363529046734,0.1181574027961605,0.3139448795568303,207.29770614363736,-0.0234731858207952,0.0002044845078637,0.0236776703286589,0.1422434390830075,1.0,2,True,The solver successfully reached the end of the integration interval.,1.474,True,True,phi_weak
MDA-MB-231/ATCC,random,7,82151,713563,1.999999987845058e-08,9.999999747378752e-05,-54.54100036621094,,daunorubicin,arsenic trioxide,dna_intercalator,other,241279087.64641,244517385.04673868,1.013421376182731,0.5532998209937818,4.4,0.4467001790062181,0.0241383288210172,7.6,-0.000373400898391,0.2683121714925419,0.8754001742051631,0.057793371298032,,0.0332984750431924,0.0833095511626835,7.8643951948713084,0.0932080593991458,0.3561925260571925,5.25,0.2033398275045627,0.060731260348103,166.03773584905662,0.1181595423028795,0.0279948006413849,0.2369237396809277,147.86093499266497,2.404551954742679,1.45146260170136,0.6036312082334221,400.0,-0.0288931002196768,0.0002502861869403,0.0291433864066171,0.1426844811610842,1.0,2,True,The solver successfully reached the end of the integration interval.,4.988,True,True,phi_weak
MDA-MB-231/ATCC,random,8,24559,409962,9.999999974752427e-07,2.0000000233721948e-07,-40.54999923706055,,NSC24559,carmustine,other,alkylator,241279087.64641,244540375.94538623,1.0135166637556072,0.5043785365563382,4.4,0.4956214634436617,0.0286786870379056,8.0,-0.0004142337865297,0.3085161039776283,0.8582077788575052,0.0664075533088475,,0.0349967522011954,0.0974634003585219,7.732300196457578,0.120714296406024,0.4067677816277899,5.25,0.2033398275045627,0.060731260348103,166.03773584905662,2.464070125116591,1.4939373334492885,0.6062884810872015,400.0,7.600000280806509e-05,4.8535650616261064e-05,0.6386269581967763,400.0,-0.0343194454330579,0.0003171445633235,0.0346365899963815,0.1428349266629797,1.0,2,True,The solver successfully reached the end of the integration interval.,6.933,True,True,phi_weak
MDA-MB-231/ATCC,tanimoto+zero,2,49842,713563,4.999999858590343e-10,9.999999747378752e-05,-22.812000274658203,,vinblastine,arsenic trioxide,antimitotic,other,241279087.64641,244427299.75212625,1.013048010652004,0.4338389118649454,4.4,0.5661610881350545,0.0411651102273311,10.4,-0.000213368289346,0.3739441990506083,0.8133975581531102,0.0896971356961493,,0.0381905402601646,0.1456963099345596,7.281306614497849,0.276246771973939,0.5042233249040775,5.25,0.2033398275045627,0.060731260348103,166.03773584905662,0.000189999992406,6.256479792036042e-05,0.329288423268159,240.9398616228372,2.404551954742679,1.4637932540531773,0.6087592539500042,400.0,-0.0593437964448615,0.0013083529029837,0.0606521493478452,0.1433117419200607,1.0,2,True,The solver successfully reached the end of the integration interval.,4.897,True,True,phi_weak
MDA-MB-231/ATCC,ours+zero,2,681239,754143,3.000000106112566e-07,9.99999993922529e-09,-93.95999908447266,,bortezomib,bendamustine,proteasome,alkylator,241279087.64641,135024731.537397,0.5596205326143856,0.0003301966848967,4.6000000000000005,0.9996698033151032,0.4895165902774662,,0.2575230192800746,3.492397899959967,0.094592208022936,1.024144636875334,,0.009731860947555,3.3398873623222873,1.7429704201408964,0.6178074270333115,0.9996117669518976,5.25,0.0,0.0,400.0,3.2756952361042613,2.1248955304369908,0.6486853560174601,400.0,16.469569332401257,10.98308359970297,0.6668713296646744,400.0,0.9316581668615318,0.3614380261260687,-0.5702201407354631,0.0,1.0,2,True,The solver successfully reached the end of the integration interval.,19.281,True,True,phi_weak
MDA-MB-231/ATCC,tanimoto+zero,6,38721,713563,1.9999999494757503e-05,9.999999747378752e-05,-10.20400047302246,,mitotane,arsenic trioxide,other,other,241279087.64641,244534638.72670877,1.0134928854052605,0.5279789579680587,4.4,0.4720210420319413,0.0265726462147428,7.800000000000001,-0.0004040445830805,0.2886560866611596,0.8658791250932905,0.0625427303486247,,0.0342586729893183,0.0908782609473696,7.796108069609002,0.108394760834752,0.3822670753279356,5.25,0.2033398275045627,0.060731260348103,166.03773584905662,1.1110288055148971,0.6606016831300525,0.5945855587640702,400.0,2.404551954742679,1.4523257325512116,0.6039901652724451,400.0,-0.0313040582114008,0.0002869466424878,0.0315910048538886,0.1427779051784113,1.0,2,True,The solver successfully reached the end of the integration interval.,3.976,True,True,phi_weak
MDA-MB-435,no_treatment,-1,-1,-1,0.0,0.0,,,,,,,241279087.64641,244307242.44601148,1.012550423781605,1.0,0.0,0.0,-0.0005289501584925,0.0,0.0,0.0,1.0,0.0,,0.001098475822591,6.230461558811701e-22,0.0,-4.4497688561597695,-0.0250950517930392,5.25,0.2033398275045627,0.0578624312878497,166.03773584905662,,,,,,,,,0.0,0.0,0.0,0.1416738683806418,1.0,0,True,The solver successfully reached the end of the integration interval.,0.147,,,phi_weak
MDA-MB-435,act_hamming+zero,0,740,24559,1.0000000116860974e-07,9.999999974752427e-07,-92.08999633789062,,NSC740,NSC24559,other,other,241279087.64641,244596066.3169838,1.013747476844884,0.1482817664385105,4.6000000000000005,0.8517182335614895,0.1172462235080677,12.4,-0.0005131265252208,0.8400828576710644,0.6355615427155217,0.1968423894566863,,0.0398820297109505,0.7554356000811596,3.698357218782235,0.8483291509798719,0.8442753457941579,5.25,0.2033398275045627,0.060731260348103,166.03773584905662,73.75906315777168,48.40908518504267,0.6563137208168568,400.0,2.539011248752824,1.596912875367964,0.6289506894277748,400.0,-0.145734528873332,0.0033075850494733,0.1490421139228054,0.1457129251649808,1.0,2,True,The solver successfully reached the end of the integration interval.,1.658,True,True,phi_weak
MDA-MB-231/ATCC,tanimoto+zero,7,82151,713563,1.999999987845058e-08,9.999999747378752e-05,-54.54100036621094,,daunorubicin,arsenic trioxide,dna_intercalator,other,241279087.64641,244517385.04673868,1.013421376182731,0.5532998209937818,4.4,0.4467001790062181,0.0241383288210172,7.6,-0.000373400898391,0.2683121714925419,0.8754001742051631,0.057793371298032,,0.0332984750431924,0.0833095511626835,7.8643951948713084,0.0932080593991458,0.3561925260571925,5.25,0.2033398275045627,0.060731260348103,166.03773584905662,0.1181595423028795,0.0279948006413849,0.2369237396809277,147.86093499266497,2.404551954742679,1.45146260170136,0.6036312082334221,400.0,-0.0288931002196768,0.0002502861869403,0.0291433864066171,0.1426844811610842,1.0,2,True,The solver successfully reached the end of the integration interval.,4.936,True,True,phi_weak
MDA-MB-231/ATCC,tanimoto+zero,8,49842,713563,4.999999858590343e-10,9.999999747378752e-05,-22.812000274658203,,vinblastine,arsenic trioxide,antimitotic,other,241279087.64641,244427299.75212625,1.013048010652004,0.4338389118649454,4.4,0.5661610881350545,0.0411651102273311,10.4,-0.000213368289346,0.3739441990506083,0.8133975581531102,0.0896971356961493,,0.0381905402601646,0.1456963099345596,7.281306614497849,0.276246771973939,0.5042233249040775,5.25,0.2033398275045627,0.060731260348103,166.03773584905662,0.000189999992406,6.256479792036042e-05,0.329288423268159,240.9398616228372,2.404551954742679,1.4637932540531773,0.6087592539500042,400.0,-0.0593437964448615,0.0013083529029837,0.0606521493478452,0.1433117419200607,1.0,2,True,The solver successfully reached the end of the integration interval.,4.852,True,True,phi_weak
MDA-MB-435,act_hamming+zero,1,740,24559,1.0000000116860974e-07,9.999999974752427e-07,-92.08999633789062,,NSC740,NSC24559,other,other,241279087.64641,244596066.3169838,1.013747476844884,0.1482817664385105,4.6000000000000005,0.8517182335614895,0.1172462235080677,12.4,-0.0005131265252208,0.8400828576710644,0.6355615427155217,0.1968423894566863,,0.0398820297109505,0.7554356000811596,3.698357218782235,0.8483291509798719,0.8442753457941579,5.25,0.2033398275045627,0.060731260348103,166.03773584905662,73.75906315777168,48.40908518504267,0.6563137208168568,400.0,2.539011248752824,1.596912875367964,0.6289506894277748,400.0,-0.145734528873332,0.0033075850494733,0.1490421139228054,0.1457129251649808,1.0,2,True,The solver successfully reached the end of the integration interval.,1.649,True,True,phi_weak
MDA-MB-435,act_hamming+zero,4,740,24559,1.0000000116860974e-07,9.999999974752427e-07,-92.08999633789062,,NSC740,NSC24559,other,other,241279087.64641,244596066.3169838,1.013747476844884,0.1482817664385105,4.6000000000000005,0.8517182335614895,0.1172462235080677,12.4,-0.0005131265252208,0.8400828576710644,0.6355615427155217,0.1968423894566863,,0.0398820297109505,0.7554356000811596,3.698357218782235,0.8483291509798719,0.8442753457941579,5.25,0.2033398275045627,0.060731260348103,166.03773584905662,73.75906315777168,48.40908518504267,0.6563137208168568,400.0,2.539011248752824,1.596912875367964,0.6289506894277748,400.0,-0.145734528873332,0.0033075850494733,0.1490421139228054,0.1457129251649808,1.0,2,True,The solver successfully reached the end of the integration interval.,1.699,True,True,phi_weak
MDA-MB-435,hamming+zero,0,740,24559,1.0000000116860974e-07,9.999999974752427e-07,-92.08999633789062,,NSC740,NSC24559,other,other,241279087.64641,244596066.3169838,1.013747476844884,0.1482817664385105,4.6000000000000005,0.8517182335614895,0.1172462235080677,12.4,-0.0005131265252208,0.8400828576710644,0.6355615427155217,0.1968423894566863,,0.0398820297109505,0.7554356000811596,3.698357218782235,0.8483291509798719,0.8442753457941579,5.25,0.2033398275045627,0.060731260348103,166.03773584905662,73.75906315777168,48.40908518504267,0.6563137208168568,400.0,2.539011248752824,1.596912875367964,0.6289506894277748,400.0,-0.145734528873332,0.0033075850494733,0.1490421139228054,0.1457129251649808,1.0,2,True,The solver successfully reached the end of the integration interval.,1.673,True,True,phi_weak
MDA-MB-435,hamming+zero,1,740,24559,1.0000000116860974e-07,9.999999974752427e-07,-92.08999633789062,,NSC740,NSC24559,other,other,241279087.64641,244596066.3169838,1.013747476844884,0.1482817664385105,4.6000000000000005,0.8517182335614895,0.1172462235080677,12.4,-0.0005131265252208,0.8400828576710644,0.6355615427155217,0.1968423894566863,,0.0398820297109505,0.7554356000811596,3.698357218782235,0.8483291509798719,0.8442753457941579,5.25,0.2033398275045627,0.060731260348103,166.03773584905662,73.75906315777168,48.40908518504267,0.6563137208168568,400.0,2.539011248752824,1.596912875367964,0.6289506894277748,400.0,-0.145734528873332,0.0033075850494733,0.1490421139228054,0.1457129251649808,1.0,2,True,The solver successfully reached the end of the integration interval.,1.658,True,True,phi_weak
MDA-MB-435,hamming+zero,4,740,24559,1.0000000116860974e-07,9.999999974752427e-07,-92.08999633789062,,NSC740,NSC24559,other,other,241279087.64641,244596066.3169838,1.013747476844884,0.1482817664385105,4.6000000000000005,0.8517182335614895,0.1172462235080677,12.4,-0.0005131265252208,0.8400828576710644,0.6355615427155217,0.1968423894566863,,0.0398820297109505,0.7554356000811596,3.698357218782235,0.8483291509798719,0.8442753457941579,5.25,0.2033398275045627,0.060731260348103,166.03773584905662,73.75906315777168,48.40908518504267,0.6563137208168568,400.0,2.539011248752824,1.596912875367964,0.6289506894277748,400.0,-0.145734528873332,0.0033075850494733,0.1490421139228054,0.1457129251649808,1.0,2,True,The solver successfully reached the end of the integration interval.,1.692,True,True,phi_weak
MDA-MB-435,ours+zero,0,740,24559,1.0000000116860974e-07,9.999999974752427e-07,-92.08999633789062,,NSC740,NSC24559,other,other,241279087.64641,244596066.3169838,1.013747476844884,0.1482817664385105,4.6000000000000005,0.8517182335614895,0.1172462235080677,12.4,-0.0005131265252208,0.8400828576710644,0.6355615427155217,0.1968423894566863,,0.0398820297109505,0.7554356000811596,3.698357218782235,0.8483291509798719,0.8442753457941579,5.25,0.2033398275045627,0.060731260348103,166.03773584905662,73.75906315777168,48.40908518504267,0.6563137208168568,400.0,2.539011248752824,1.596912875367964,0.6289506894277748,400.0,-0.145734528873332,0.0033075850494733,0.1490421139228054,0.1457129251649808,1.0,2,True,The solver successfully reached the end of the integration interval.,1.7,True,True,phi_weak
MDA-MB-435,ours+zero,4,740,24559,1.0000000116860974e-07,9.999999974752427e-07,-92.08999633789062,,NSC740,NSC24559,other,other,241279087.64641,244596066.3169838,1.013747476844884,0.1482817664385105,4.6000000000000005,0.8517182335614895,0.1172462235080677,12.4,-0.0005131265252208,0.8400828576710644,0.6355615427155217,0.1968423894566863,,0.0398820297109505,0.7554356000811596,3.698357218782235,0.8483291509798719,0.8442753457941579,5.25,0.2033398275045627,0.060731260348103,166.03773584905662,73.75906315777168,48.40908518504267,0.6563137208168568,400.0,2.539011248752824,1.596912875367964,0.6289506894277748,400.0,-0.145734528873332,0.0033075850494733,0.1490421139228054,0.1457129251649808,1.0,2,True,The solver successfully reached the end of the integration interval.,1.767,True,True,phi_weak
MDA-MB-435,ours+zero,1,279836,754143,4.999999987376214e-07,9.99999993922529e-09,-79.33200073242188,,NSC279836,bendamustine,other,alkylator,241279087.64641,243860074.07078555,1.0106970995686038,0.0607505351206696,4.6000000000000005,0.9392494648793304,0.1518416246085351,13.599999999999998,0.0007956403699673,1.2276205009189043,0.5774798179616821,0.2384631890999462,,0.0388936813294408,1.134954964756289,2.873893885730932,0.8842212711785327,0.9200668795180904,5.25,0.1968849621189929,0.0578624312878497,168.55345911949686,2.716704000731691,1.7516811971017563,0.6447817637217654,400.0,4.982556569608383,3.303495701483751,0.6630121816646826,400.0,-0.1529284996143138,0.0041360018192482,0.1570645014335621,0.1377970907422562,1.0,2,True,The solver successfully reached the end of the integration interval.,4.62,True,True,phi_weak
MDA-MB-435,random,1,743414,761432,4.999999873689376e-06,4.999999969612645e-09,-52.07500076293945,,sunitinib,NSC761432,kinase_inhibitor,other,241279087.64641,239673378.04989883,0.9933450113220572,0.0212725697956014,4.4,0.9787274302043986,0.2267867479495386,,0.0083165447122792,1.6834527439442009,0.4545619301005313,0.3424069395736414,,0.0347330151182634,1.5720244747516725,2.3727469061993345,0.8943488922173468,0.96926137731428,5.25,0.190568164729299,0.047290154371214,171.0691823899371,21.67723172355619,14.241848643696391,0.6569957282977271,400.0,9.51437302409918,6.22705200100903,0.6544889490076102,400.0,-0.0702688630771242,0.0112775954109163,0.0815464584880405,0.123463429284643,1.0,2,True,The solver successfully reached the end of the integration interval.,5.163,True,True,phi_weak
MDA-MB-435,tanimoto+zero,0,740,24559,1.0000000116860974e-07,9.999999974752427e-07,-92.08999633789062,,NSC740,NSC24559,other,other,241279087.64641,244596066.3169838,1.013747476844884,0.1482817664385105,4.6000000000000005,0.8517182335614895,0.1172462235080677,12.4,-0.0005131265252208,0.8400828576710644,0.6355615427155217,0.1968423894566863,,0.0398820297109505,0.7554356000811596,3.698357218782235,0.8483291509798719,0.8442753457941579,5.25,0.2033398275045627,0.060731260348103,166.03773584905662,73.75906315777168,48.40908518504267,0.6563137208168568,400.0,2.539011248752824,1.596912875367964,0.6289506894277748,400.0,-0.145734528873332,0.0033075850494733,0.1490421139228054,0.1457129251649808,1.0,2,True,The solver successfully reached the end of the integration interval.,1.685,True,True,phi_weak
MDA-MB-435,random,0,24559,712807,9.999999974752427e-07,2.0000000233721948e-07,-89.3499984741211,,NSC24559,capecitabine,other,antimetabolite,241279087.64641,244547134.90582943,1.0135446767944043,0.5077079534847928,4.4,0.4922920465152072,0.0281206152053273,8.0,-0.0004262372793974,0.3056587343156831,0.8600947697921072,0.0654536932562264,,0.034816530493648,0.095734387331168,7.747821975079021,0.1156722423601533,0.3999621622916472,5.25,0.2033398275045627,0.060731260348103,166.03773584905662,2.539011248752824,1.5384020706978876,0.6059059688898815,400.0,3.54117948981554,2.3215722592054147,0.6555929361621671,400.0,-0.0340868917755259,0.0003080966083305,0.0343949883838564,0.1428487925286889,1.0,2,True,The solver successfully reached the end of the integration interval.,9.198,True,True,phi_weak
MDA-MB-435,tanimoto+zero,4,740,24559,1.0000000116860974e-07,9.999999974752427e-07,-92.08999633789062,,NSC740,NSC24559,other,other,241279087.64641,244596066.3169838,1.013747476844884,0.1482817664385105,4.6000000000000005,0.8517182335614895,0.1172462235080677,12.4,-0.0005131265252208,0.8400828576710644,0.6355615427155217,0.1968423894566863,,0.0398820297109505,0.7554356000811596,3.698357218782235,0.8483291509798719,0.8442753457941579,5.25,0.2033398275045627,0.060731260348103,166.03773584905662,73.75906315777168,48.40908518504267,0.6563137208168568,400.0,2.539011248752824,1.596912875367964,0.6289506894277748,400.0,-0.145734528873332,0.0033075850494733,0.1490421139228054,0.1457129251649808,1.0,2,True,The solver successfully reached the end of the integration interval.,1.687,True,True,phi_weak
OVCAR-8,no_treatment,-1,-1,-1,0.0,0.0,,,,,,,241279087.64641,244307242.44601148,1.012550423781605,1.0,0.0,0.0,-0.0005289501584925,0.0,0.0,0.0,1.0,0.0,,0.001098475822591,6.230461558811701e-22,0.0,-4.4497688561597695,-0.0250950517930392,5.25,0.2033398275045627,0.0578624312878497,166.03773584905662,,,,,,,,,0.0,0.0,0.0,0.1416738683806418,1.0,0,True,The solver successfully reached the end of the integration interval.,0.149,,,phi_weak
MDA-MB-435,tanimoto+zero,1,713563,753082,9.999999747378752e-05,4.999999987376214e-07,2.67549991607666,,arsenic trioxide,pazopanib,other,kinase_inhibitor,241279087.64641,244510881.4512487,1.0133944215239028,0.5638967860566633,4.4,0.4361032139433367,0.0233861397225192,7.6,-0.0003618495185323,0.2600730818781486,0.878320496694027,0.0563469823312736,,0.0329855891704895,0.0810822302762455,7.884722074897642,0.0898311883877609,0.3469302136330198,5.25,0.2033398275045627,0.060731260348103,166.03773584905662,2.308439627427034,1.3907635060804855,0.602469083252837,400.0,1.7043675242828893,1.019766908101012,0.5983257094329334,400.0,-0.0274723638451983,0.0002402510973549,0.0277126149425532,0.1426483893941975,1.0,2,True,The solver successfully reached the end of the integration interval.,3.865,True,True,phi_weak
MDA-MB-435,random,4,27640,754143,7.000000135093387e-09,9.99999993922529e-09,-62.209999084472656,,NSC27640,bendamustine,other,alkylator,241279087.64641,242497103.3470508,1.0050481610840047,0.0336749020329011,4.6000000000000005,0.9663250979670988,0.2076303707330211,15.6,0.0032297864723707,1.48386426773965,0.4913303954595363,0.3086263680206321,,0.0361555554474394,1.320406831985122,2.652192477852014,0.8947885762794053,0.9591821108384512,5.25,0.1968849621189929,0.0578624312878497,168.55345911949686,9.564820525819265,6.244912384499526,0.652904293148211,400.0,4.982556569608383,3.3069396047755166,0.6637033736749794,400.0,-0.2120106054406432,0.0090432307175857,0.2210538361582289,0.1373440757984099,1.0,2,True,The solver successfully reached the end of the integration interval.,9.442,True,True,phi_weak
OVCAR-8,act_hamming+zero,2,740,3053,1.0000000116860974e-07,9.99999993922529e-09,-26.979999542236328,,NSC740,dactinomycin,other,dna_intercalator,241279087.64641,244398222.05956247,1.0129274958869352,0.2416722426951248,4.800000000000001,0.7583277573048751,0.0792229127036883,11.4,-0.0001617004410921,0.6278294651860642,0.7128798694574657,0.1469836488681257,,0.0411218202430706,0.4963259473201412,4.634299603223426,0.668051476722564,0.7528576771455473,5.25,0.2033398275045627,0.060731260348103,166.03773584905662,61.005743661518544,40.010493904503214,0.6558479825521937,400.0,0.2050804643318288,0.0829137014528273,0.4042983895270954,400.0,-0.099757878469604,0.0016408724326326,0.1013987509022367,0.14370540851554,1.0,2,True,The solver successfully reached the end of the integration interval.,1.725,True,True,phi_weak
OVCAR-8,act_hamming+zero,8,740,3053,1.0000000116860974e-07,9.99999993922529e-09,-26.979999542236328,,NSC740,dactinomycin,other,dna_intercalator,241279087.64641,244398222.05956247,1.0129274958869352,0.2416722426951248,4.800000000000001,0.7583277573048751,0.0792229127036883,11.4,-0.0001617004410921,0.6278294651860642,0.7128798694574657,0.1469836488681257,,0.0411218202430706,0.4963259473201412,4.634299603223426,0.668051476722564,0.7528576771455473,5.25,0.2033398275045627,0.060731260348103,166.03773584905662,61.005743661518544,40.010493904503214,0.6558479825521937,400.0,0.2050804643318288,0.0829137014528273,0.4042983895270954,400.0,-0.099757878469604,0.0016408724326326,0.1013987509022367,0.14370540851554,1.0,2,True,The solver successfully reached the end of the integration interval.,1.736,True,True,phi_weak
OVCAR-8,hamming+zero,2,740,3053,1.0000000116860974e-07,9.99999993922529e-09,-26.979999542236328,,NSC740,dactinomycin,other,dna_intercalator,241279087.64641,244398222.05956247,1.0129274958869352,0.2416722426951248,4.800000000000001,0.7583277573048751,0.0792229127036883,11.4,-0.0001617004410921,0.6278294651860642,0.7128798694574657,0.1469836488681257,,0.0411218202430706,0.4963259473201412,4.634299603223426,0.668051476722564,0.7528576771455473,5.25,0.2033398275045627,0.060731260348103,166.03773584905662,61.005743661518544,40.010493904503214,0.6558479825521937,400.0,0.2050804643318288,0.0829137014528273,0.4042983895270954,400.0,-0.099757878469604,0.0016408724326326,0.1013987509022367,0.14370540851554,1.0,2,True,The solver successfully reached the end of the integration interval.,1.708,True,True,phi_weak
OVCAR-8,hamming+zero,8,740,3053,1.0000000116860974e-07,9.99999993922529e-09,-26.979999542236328,,NSC740,dactinomycin,other,dna_intercalator,241279087.64641,244398222.05956247,1.0129274958869352,0.2416722426951248,4.800000000000001,0.7583277573048751,0.0792229127036883,11.4,-0.0001617004410921,0.6278294651860642,0.7128798694574657,0.1469836488681257,,0.0411218202430706,0.4963259473201412,4.634299603223426,0.668051476722564,0.7528576771455473,5.25,0.2033398275045627,0.060731260348103,166.03773584905662,61.005743661518544,40.010493904503214,0.6558479825521937,400.0,0.2050804643318288,0.0829137014528273,0.4042983895270954,400.0,-0.099757878469604,0.0016408724326326,0.1013987509022367,0.14370540851554,1.0,2,True,The solver successfully reached the end of the integration interval.,1.756,True,True,phi_weak
OVCAR-8,ours+zero,2,125066,681239,9.999999974752427e-07,3.000000106112566e-07,-93.2300033569336,,bleomycin,bortezomib,dna_cleaver,proteasome,241279087.64641,238354424.4441058,0.9878785052163732,0.0282041712627533,5.0,0.9717958287372466,0.2450311392183051,,0.0107131238380193,1.560618383724416,0.4109490796412128,0.3862119878584115,,0.032140179650997,1.1348997976412138,3.0540450725078556,0.8489088982166749,0.9710659704686816,5.25,0.1843879427084984,0.0498007529556812,173.58490566037736,0.0469345509671727,0.027042565038859,0.5761760681970363,400.0,2.8664938663465582,1.7702769466012969,0.6175756967021087,400.0,-0.3077648167862012,0.0235453588554059,0.3313101756416072,0.1237304448098664,1.0,2,True,The solver successfully reached the end of the integration interval.,1.739,True,True,phi_weak
OVCAR-8,ours+zero,8,125066,681239,9.999999974752427e-07,3.000000106112566e-07,-93.2300033569336,,bleomycin,bortezomib,dna_cleaver,proteasome,241279087.64641,238354424.4441058,0.9878785052163732,0.0282041712627533,5.0,0.9717958287372466,0.2450311392183051,,0.0107131238380193,1.560618383724416,0.4109490796412128,0.3862119878584115,,0.032140179650997,1.1348997976412138,3.0540450725078556,0.8489088982166749,0.9710659704686816,5.25,0.1843879427084984,0.0498007529556812,173.58490566037736,0.0469345509671727,0.027042565038859,0.5761760681970363,400.0,2.8664938663465582,1.7702769466012969,0.6175756967021087,400.0,-0.3077648167862012,0.0235453588554059,0.3313101756416072,0.1237304448098664,1.0,2,True,The solver successfully reached the end of the integration interval.,1.688,True,True,phi_weak
OVCAR-8,random,8,85998,713563,9.999999747378752e-05,9.999999747378752e-05,-19.92300033569336,,streptozocin,arsenic trioxide,alkylator,other,241279087.64641,244542759.2995248,1.0135265417527508,0.4788227516935869,4.4,0.521177248306413,0.0311874768437614,8.200000000000001,-0.0004184665129364,0.3310979230842135,0.8490667607539999,0.0710581605367646,,0.0358143567814185,0.105800891659924,7.648965197376582,0.1356302899604126,0.4342284463223556,5.25,0.2033398275045627,0.060731260348103,166.03773584905662,0.014237267842602,0.0091088872153685,0.6397917996676366,400.0,2.3689685491773296,1.439961281819826,0.6078431401378801,400.0,-0.0369127897261953,0.0003534774729667,0.0372662671991621,0.1428822115385142,1.0,2,True,The solver successfully reached the end of the integration interval.,2.539,True,True,phi_weak
OVCAR-8,tanimoto+zero,2,1390,713563,0.0001999999949475,9.999999747378752e-05,-43.05500030517578,,NSC1390,arsenic trioxide,other,other,241279087.64641,244544072.02647725,1.013531982452006,0.4590950913951028,4.4,0.5409049086048971,0.0328135554604349,8.4,-0.0004207978374996,0.3493700518497656,0.8432235431035138,0.074057276304674,,0.0363091955623131,0.1114428007839336,7.590018809114436,0.1432220419018953,0.4510614944017254,5.25,0.2033398275045627,0.060731260348103,166.03773584905662,9.765587997067096,6.1631320396116935,0.631107112184404,400.0,2.3689685491773296,1.44312083024695,0.6091768633855869,400.0,-0.0388256382614742,0.0003748164454807,0.0392004547069549,0.1429117587904797,1.0,2,True,The solver successfully reached the end of the integration interval.,3.217,True,True,phi_weak
PC-3,no_treatment,-1,-1,-1,0.0,0.0,,,,,,,241279087.64641,244307242.44601148,1.012550423781605,1.0,0.0,0.0,-0.0005289501584925,0.0,0.0,0.0,1.0,0.0,,0.001098475822591,6.230461558811701e-22,0.0,-4.4497688561597695,-0.0250950517930392,5.25,0.2033398275045627,0.0578624312878497,166.03773584905662,,,,,,,,,0.0,0.0,0.0,0.1416738683806418,1.0,0,True,The solver successfully reached the end of the integration interval.,0.153,,,phi_weak
OVCAR-8,tanimoto+zero,8,1390,713563,0.0001999999949475,9.999999747378752e-05,-43.05500030517578,,NSC1390,arsenic trioxide,other,other,241279087.64641,244544072.02647725,1.013531982452006,0.4590950913951028,4.4,0.5409049086048971,0.0328135554604349,8.4,-0.0004207978374996,0.3493700518497656,0.8432235431035138,0.074057276304674,,0.0363091955623131,0.1114428007839336,7.590018809114436,0.1432220419018953,0.4510614944017254,5.25,0.2033398275045627,0.060731260348103,166.03773584905662,9.765587997067096,6.1631320396116935,0.631107112184404,400.0,2.3689685491773296,1.44312083024695,0.6091768633855869,400.0,-0.0388256382614742,0.0003748164454807,0.0392004547069549,0.1429117587904797,1.0,2,True,The solver successfully reached the end of the integration interval.,3.204,True,True,phi_weak
OVCAR-8,random,2,8806,754143,1.0000000116860974e-07,9.99999993922529e-09,12.972000122070312,,melphalan,bendamustine,alkylator,alkylator,241279087.64641,244362293.5373403,1.0127785873239403,0.1165759127961978,4.4,0.8834240872038022,0.1089884701132319,12.2,-9.78509341282996e-05,0.9446638765107068,0.6568362038455459,0.1825429175557618,,0.0406935869809545,0.8686047012499966,3.36613151058312,0.7854453697837358,0.8447101555713181,5.25,0.2033398275045627,0.060731260348103,166.03773584905662,0.0342117755132451,0.0224243195268815,0.6554561752633933,400.0,4.068882418645005,2.6901543979733233,0.6611531426040034,400.0,-0.1120535391757524,0.0020915266866584,0.1141450658624109,0.1439722137329334,1.0,2,True,The solver successfully reached the end of the integration interval.,7.818,True,True,phi_weak
PC-3,act_hamming+zero,1,740,6396,9.99999993922529e-09,1.0000000116860974e-07,-31.86000061035156,,NSC740,thiotepa,other,alkylator,241279087.64641,244463494.14495572,1.0131980211364708,0.4826030712177085,4.4,0.5173969287822915,0.0307997529866678,8.4,-0.0002776731414996,0.3276826198314404,0.8506008087225256,0.0702742087092711,,0.0356592683345355,0.1044342973574012,7.670224114401007,0.1358990648678992,0.4343943175075762,5.25,0.2033398275045627,0.060731260348103,166.03773584905662,5.297392148459928,3.318001745143431,0.626346257206586,400.0,6.333358819046819e-05,4.074988232398068e-05,0.643416605442128,400.0,-0.0419600210180417,0.0004387272052157,0.0423987482232575,0.1427216359309249,1.0,2,True,The solver successfully reached the end of the integration interval.,5.666,True,True,phi_weak
PC-3,act_hamming+zero,6,740,6396,9.99999993922529e-09,1.0000000116860974e-07,-31.86000061035156,,NSC740,thiotepa,other,alkylator,241279087.64641,244463494.14495572,1.0131980211364708,0.4826030712177085,4.4,0.5173969287822915,0.0307997529866678,8.4,-0.0002776731414996,0.3276826198314404,0.8506008087225256,0.0702742087092711,,0.0356592683345355,0.1044342973574012,7.670224114401007,0.1358990648678992,0.4343943175075762,5.25,0.2033398275045627,0.060731260348103,166.03773584905662,5.297392148459928,3.318001745143431,0.626346257206586,400.0,6.333358819046819e-05,4.074988232398068e-05,0.643416605442128,400.0,-0.0419600210180417,0.0004387272052157,0.0423987482232575,0.1427216359309249,1.0,2,True,The solver successfully reached the end of the integration interval.,5.781,True,True,phi_weak
PC-3,act_hamming+zero,9,681239,750690,3.000000106112566e-07,1.0000000116860974e-07,-37.0,,bortezomib,everolimus,proteasome,kinase_inhibitor,241279087.64641,226414935.51734552,0.9383943620060118,0.0071722493793427,4.4,0.9928277506206572,0.3050850815026115,,0.0330312699448628,2.155617319615831,0.3321565020932271,0.4786572416551565,,0.0286696087610793,1.973110089331716,2.113883297405793,0.8185357376520831,0.9899571620947596,5.25,0.1554832211935119,0.0,186.16352201257865,16.44251124641934,10.680075180447298,0.6495403907826478,400.0,0.1288778901525277,0.0835024642013195,0.6479192365928236,400.0,0.547515996839377,0.0312930451520574,-0.5162229516873196,0.0662108868402015,1.0,2,True,The solver successfully reached the end of the integration interval.,6.38,True,True,phi_weak
PC-3,hamming+zero,1,740,6396,9.99999993922529e-09,1.0000000116860974e-07,-31.86000061035156,,NSC740,thiotepa,other,alkylator,241279087.64641,244463494.14495572,1.0131980211364708,0.4826030712177085,4.4,0.5173969287822915,0.0307997529866678,8.4,-0.0002776731414996,0.3276826198314404,0.8506008087225256,0.0702742087092711,,0.0356592683345355,0.1044342973574012,7.670224114401007,0.1358990648678992,0.4343943175075762,5.25,0.2033398275045627,0.060731260348103,166.03773584905662,5.297392148459928,3.318001745143431,0.626346257206586,400.0,6.333358819046819e-05,4.074988232398068e-05,0.643416605442128,400.0,-0.0419600210180417,0.0004387272052157,0.0423987482232575,0.1427216359309249,1.0,2,True,The solver successfully reached the end of the integration interval.,5.703,True,True,phi_weak
PC-3,hamming+zero,6,740,6396,9.99999993922529e-09,1.0000000116860974e-07,-31.86000061035156,,NSC740,thiotepa,other,alkylator,241279087.64641,244463494.14495572,1.0131980211364708,0.4826030712177085,4.4,0.5173969287822915,0.0307997529866678,8.4,-0.0002776731414996,0.3276826198314404,0.8506008087225256,0.0702742087092711,,0.0356592683345355,0.1044342973574012,7.670224114401007,0.1358990648678992,0.4343943175075762,5.25,0.2033398275045627,0.060731260348103,166.03773584905662,5.297392148459928,3.318001745143431,0.626346257206586,400.0,6.333358819046819e-05,4.074988232398068e-05,0.643416605442128,400.0,-0.0419600210180417,0.0004387272052157,0.0423987482232575,0.1427216359309249,1.0,2,True,The solver successfully reached the end of the integration interval.,5.744,True,True,phi_weak
PC-3,ours+zero,1,673596,754143,9.99999993922529e-09,9.99999993922529e-09,-76.30000305175781,,NSC673596,bendamustine,other,alkylator,241279087.64641,244482958.90457928,1.0132786943511014,0.4549417324301898,4.4,0.5450582675698101,0.033326769900887,8.6,-0.0003122513152356,0.353316924114864,0.8410211687862525,0.0751930727260408,,0.036453437514809,0.1135075276225959,7.574193688757752,0.1464166160285546,0.461377625641975,5.25,0.2033398275045627,0.060731260348103,166.03773584905662,0.0325309557626348,0.0195433010035163,0.6007601235609502,400.0,1.1090544281393298,0.7198679803119952,0.6490826437794617,400.0,-0.0431836488672623,0.0004085147020815,0.0435921635693439,0.1427678865613028,1.0,2,True,The solver successfully reached the end of the integration interval.,3.258,True,True,phi_weak
PC-3,hamming+zero,9,681239,750690,3.000000106112566e-07,1.0000000116860974e-07,-37.0,,bortezomib,everolimus,proteasome,kinase_inhibitor,241279087.64641,226414935.51734552,0.9383943620060118,0.0071722493793427,4.4,0.9928277506206572,0.3050850815026115,,0.0330312699448628,2.155617319615831,0.3321565020932271,0.4786572416551565,,0.0286696087610793,1.973110089331716,2.113883297405793,0.8185357376520831,0.9899571620947596,5.25,0.1554832211935119,0.0,186.16352201257865,16.44251124641934,10.680075180447298,0.6495403907826478,400.0,0.1288778901525277,0.0835024642013195,0.6479192365928236,400.0,0.547515996839377,0.0312930451520574,-0.5162229516873196,0.0662108868402015,1.0,2,True,The solver successfully reached the end of the integration interval.,6.376,True,True,phi_weak
PC-3,ours+zero,9,123127,681239,4.999999987376214e-07,3.000000106112566e-07,-91.41999816894533,,doxorubicin,bortezomib,dna_intercalator,proteasome,241279087.64641,223379228.5203563,0.9258126375532154,0.0052662484686194,4.4,0.9947337515313806,0.326982102908977,,0.0388935550573086,2.289771355355924,0.3078490929092114,0.5116621217382602,,0.0272655805882028,2.0473971382896132,2.0816393021574497,0.7912050947599973,0.9926080164321136,5.25,0.1396837645843649,0.0,193.71069182389937,8.609056652850331,5.470179458954777,0.635398241588256,400.0,16.44251124641934,10.682207259424157,0.6496700594777092,400.0,0.5890944436700292,0.0390331538741921,-0.550061289795837,0.0520688962952465,1.0,2,True,The solver successfully reached the end of the integration interval.,1.607,True,True,phi_weak
PC-3,random,1,279836,761432,4.999999987376214e-07,4.999999858590343e-10,28.219999313354492,,NSC279836,NSC761432,other,other,241279087.64641,244415873.66425255,1.0130006543395067,0.6382910476870749,4.4,0.3617089523129251,0.0215172066089295,8.0,-0.0001930661262637,0.2062539479004467,0.8896384350225133,0.0507864625452803,,0.0318976796926099,0.0745745274401852,7.976407611982856,0.1290260407973084,0.3260682325390172,5.25,0.2033398275045627,0.060731260348103,166.03773584905662,0.4513395075304535,0.268983879234463,0.5959679459620842,400.0,2.404650062963026,1.4682147683811022,0.6105731519920026,400.0,-0.0306145526651864,0.0002915163173334,0.0309060689825199,0.1424015589665787,1.0,2,True,The solver successfully reached the end of the integration interval.,2.657,True,True,phi_weak
PC-3,random,6,279836,737754,4.999999987376214e-07,1.0000000116860974e-07,27.4950008392334,,NSC279836,ixabepilone,other,antimitotic,241279087.64641,244322515.2264711,1.0126137230115906,0.9617583247323396,4.4,0.0382416752676604,0.0015095059627712,2.4000000000000004,-2.7148916638565885e-05,0.0282067470653815,0.9853758691031476,0.0063980773804386,,0.008058168594089,0.0084374200203164,2.788034366788074,0.3099271770400315,0.0195841472804852,5.25,0.2033398275045627,0.0578624312878497,166.03773584905662,0.4513395075304535,0.2615339573743704,0.5794616979253113,400.0,0.0037159631513533,0.0010359613752911,0.2787867729296007,163.10626325708105,-0.0025673396689527,2.007475901855127e-05,0.0025874144279712,0.1417519645580552,1.0,2,True,The solver successfully reached the end of the integration interval.,2.184,True,True,phi_weak
PC-3,tanimoto+zero,1,750,92859,4.999999873689376e-05,6.000000212225132e-06,-39.7599983215332,,NSC750,dromostanolone,other,hormonal,241279087.64641,244403576.08643565,1.012949686068958,0.6022315817537877,4.4,0.3977684182462123,0.0213330915525705,7.800000000000001,-0.0001712144172513,0.2315091744989391,0.8863340252002007,0.052402578380372,,0.0320615259691627,0.0753430212842467,7.954919805193377,0.0891574721509746,0.3276744141616919,5.25,0.2033398275045627,0.060731260348103,166.03773584905662,231.23362626659684,152.20221012736096,0.658218324837764,400.0,11.901275414901978,7.799752808118846,0.6553711712572016,400.0,-0.0305105419129041,0.0002721690580186,0.0307827109709227,0.1423459253587003,1.0,2,True,The solver successfully reached the end of the integration interval.,3.57,True,True,phi_weak
PC-3,ours+zero,6,24559,681239,9.999999974752427e-07,3.000000106112566e-07,-82.56999969482422,,NSC24559,bortezomib,other,proteasome,241279087.64641,184442408.44966635,0.7644359494593383,0.0007190306198064,4.6000000000000005,0.9992809693801936,0.451701940451168,,0.1220755571458063,3.154423223546808,0.1635680973494466,0.7863013980740677,,0.016398768249481,2.427489432162981,2.044858934487725,0.6219114217392354,0.999015299309006,5.25,0.0,0.0,400.0,2.422824516355851,1.5806216471539225,0.652388002714832,400.0,16.44251124641934,10.692054073408007,0.6502689226219261,400.0,0.7812904943240153,0.1704285233434677,-0.6108619709805476,0.0,1.0,2,True,The solver successfully reached the end of the integration interval.,11.054,True,True,phi_weak
PC-3,random,9,681239,750690,3.000000106112566e-07,1.0000000116860974e-07,-37.0,,bortezomib,everolimus,proteasome,kinase_inhibitor,241279087.64641,226414935.51734552,0.9383943620060118,0.0071722493793427,4.4,0.9928277506206572,0.3050850815026115,,0.0330312699448628,2.155617319615831,0.3321565020932271,0.4786572416551565,,0.0286696087610793,1.973110089331716,2.113883297405793,0.8185357376520831,0.9899571620947596,5.25,0.1554832211935119,0.0,186.16352201257865,16.44251124641934,10.680075180447298,0.6495403907826478,400.0,0.1288778901525277,0.0835024642013195,0.6479192365928236,400.0,0.547515996839377,0.0312930451520574,-0.5162229516873196,0.0662108868402015,1.0,2,True,The solver successfully reached the end of the integration interval.,6.564,True,True,phi_weak
T-47D,no_treatment,-1,-1,-1,0.0,0.0,,,,,,,241279087.64641,244307242.44601148,1.012550423781605,1.0,0.0,0.0,-0.0005289501584925,0.0,0.0,0.0,1.0,0.0,,0.001098475822591,6.230461558811701e-22,0.0,-4.4497688561597695,-0.0250950517930392,5.25,0.2033398275045627,0.0578624312878497,166.03773584905662,,,,,,,,,0.0,0.0,0.0,0.1416738683806418,1.0,0,True,The solver successfully reached the end of the integration interval.,0.153,,,phi_weak
PC-3,tanimoto+zero,6,750,92859,4.999999873689376e-05,6.000000212225132e-06,-39.7599983215332,,NSC750,dromostanolone,other,hormonal,241279087.64641,244403576.08643565,1.012949686068958,0.6022315817537877,4.4,0.3977684182462123,0.0213330915525705,7.800000000000001,-0.0001712144172513,0.2315091744989391,0.8863340252002007,0.052402578380372,,0.0320615259691627,0.0753430212842467,7.954919805193377,0.0891574721509746,0.3276744141616919,5.25,0.2033398275045627,0.060731260348103,166.03773584905662,231.23362626659684,152.20221012736096,0.658218324837764,400.0,11.901275414901978,7.799752808118846,0.6553711712572016,400.0,-0.0305105419129041,0.0002721690580186,0.0307827109709227,0.1423459253587003,1.0,2,True,The solver successfully reached the end of the integration interval.,3.681,True,True,phi_weak
T-47D,act_hamming+zero,9,79037,279836,4.999999873689376e-05,4.999999987376214e-07,38.91999816894531,,lomustine,NSC279836,alkylator,other,241279087.64641,244404765.13475308,1.0129546141724628,0.439317770146679,4.4,0.560682229853321,0.0355630552678166,9.2,-0.0001733272990474,0.3684939306234521,0.832613776987901,0.0795564072610108,,0.0370571142894994,0.1222702892046489,7.492582577444259,0.1672016766511377,0.4822005842626987,5.25,0.2033398275045627,0.060731260348103,166.03773584905662,5.002740239714067,3.289221734021992,0.6574840140430694,400.0,11.09291211405064,7.105650204535525,0.6405576940914622,400.0,-0.044775520036165,0.0004800871944067,0.0452556072305717,0.1425773549727197,1.0,2,True,The solver successfully reached the end of the integration interval.,3.532,True,True,phi_weak
T-47D,hamming+zero,9,79037,279836,4.999999873689376e-05,4.999999987376214e-07,38.91999816894531,,lomustine,NSC279836,alkylator,other,241279087.64641,244404765.13475308,1.0129546141724628,0.439317770146679,4.4,0.560682229853321,0.0355630552678166,9.2,-0.0001733272990474,0.3684939306234521,0.832613776987901,0.0795564072610108,,0.0370571142894994,0.1222702892046489,7.492582577444259,0.1672016766511377,0.4822005842626987,5.25,0.2033398275045627,0.060731260348103,166.03773584905662,5.002740239714067,3.289221734021992,0.6574840140430694,400.0,11.09291211405064,7.105650204535525,0.6405576940914622,400.0,-0.044775520036165,0.0004800871944067,0.0452556072305717,0.1425773549727197,1.0,2,True,The solver successfully reached the end of the integration interval.,3.414,True,True,phi_weak
T-47D,random,9,45388,125973,4.999999987376214e-07,5.99999978589949e-08,29.951000213623047,,dacarbazine,paclitaxel,alkylator,antimitotic,241279087.64641,244422999.80724573,1.0130301891950249,0.6447102437878084,4.6000000000000005,0.3552897562121916,0.0231597406447054,8.600000000000001,-0.0002057281494675,0.2018060379240298,0.884802161364779,0.0531538251582169,,0.0326219086060971,0.0799960443741229,7.964920855033571,0.2070281384520407,0.3377932908189789,5.25,0.2033398275045627,0.060731260348103,166.03773584905662,0.0778429239898828,0.0498041759072352,0.6398035088418349,400.0,7.097702764445099,2.980048014599873,0.4198609202864885,400.0,-0.0391292551077875,0.0004102621027881,0.0395395172105756,0.1425596409309565,1.0,2,True,The solver successfully reached the end of the integration interval.,1.651,True,True,phi_weak
T-47D,ours+zero,9,673596,681239,9.99999993922529e-09,2.999999892949745e-08,-88.95999908447266,,NSC673596,bortezomib,other,proteasome,241279087.64641,228795055.24288455,0.9482589538724526,0.0064058131988221,4.800000000000001,0.9935941868011778,0.3366856698113386,,0.0284897075719745,2.204481967528743,0.3098023004933697,0.5089153616321174,,0.0272809134593309,1.6789035446019245,2.4145741516082,0.7643243292077517,0.9930413373153874,5.25,0.1610029557745819,0.0204743643181549,183.6477987421384,4.84315787577589,3.158182696424563,0.6520916264615082,400.0,0.5207749686267218,0.3273511229038643,0.6285845953139527,400.0,-0.1370755895998934,0.0439581174203137,0.1810337070202071,0.0894772493748691,1.0,2,True,The solver successfully reached the end of the integration interval.,2.381,True,True,phi_weak
PC-3,tanimoto+zero,9,681239,750690,3.000000106112566e-07,1.0000000116860974e-07,-37.0,,bortezomib,everolimus,proteasome,kinase_inhibitor,241279087.64641,226414935.51734552,0.9383943620060118,0.0071722493793427,4.4,0.9928277506206572,0.3050850815026115,,0.0330312699448628,2.155617319615831,0.3321565020932271,0.4786572416551565,,0.0286696087610793,1.973110089331716,2.113883297405793,0.8185357376520831,0.9899571620947596,5.25,0.1554832211935119,0.0,186.16352201257865,16.44251124641934,10.680075180447298,0.6495403907826478,400.0,0.1288778901525277,0.0835024642013195,0.6479192365928236,400.0,0.547515996839377,0.0312930451520574,-0.5162229516873196,0.0662108868402015,1.0,2,True,The solver successfully reached the end of the integration interval.,6.699,True,True,phi_weak
T-47D,tanimoto+zero,9,713563,747972,9.999999747378752e-05,2.9999999242136255e-05,24.45599937438965,,arsenic trioxide,lapatinib,other,kinase_inhibitor,241279087.64641,244384349.87470984,1.012870001534698,0.7777908668804489,4.4,0.2222091331195511,0.010857192884908,6.200000000000001,-0.0001370489347537,0.1204098620131628,0.9361547945658996,0.0286523340957639,,0.02511420340656,0.0438868883845908,8.08946687744463,0.0797248374298877,0.1798781680263007,5.25,0.2033398275045627,0.060731260348103,166.03773584905662,2.247734761770227,1.3497151993302663,0.60047796665621,400.0,456.90223552326705,301.0733651285765,0.6589448282820773,400.0,-0.0137316471453061,0.0001186865067347,0.0138503336520409,0.1420837434389694,1.0,2,True,The solver successfully reached the end of the integration interval.,4.539,True,True,phi_weak
DU-145,no_treatment,-1,-1,-1,0.0,0.0,,,,,,,814309305.0081123,658309479.1393347,0.8084268165556286,0.8084268165556286,21.0,0.1915731834443713,,,0.0,0.0,1.0,0.0,,0.0173982680412371,0.0453834702764911,15.271595056279116,0.974511970768028,0.1277617581108494,5.25,0.4237959699125112,0.2474944586689752,150.68493150684935,,,,,,,,,0.0,0.0,0.0,0.1811352562414221,1.0,0,True,The solver successfully reached the end of the integration interval.,0.18,,,radius_large
DU-145,act_hamming+zero,7,740,9706,9.99999993922529e-09,4.999999873689376e-06,-42.18000030517578,,NSC740,triethylenemelamine,other,alkylator,814309305.0081123,629925183.3795108,0.7735699193235123,0.0075464451832422,4.4,0.9924535548167576,0.2924746271391566,,0.0191411375557863,2.069699079452294,0.3562699961956477,0.448220750860721,,0.0254479239387491,1.7268316433320998,2.406813103098505,0.8239534501312801,0.9897175896914938,5.25,0.4010297071895137,0.2020067751259964,158.90410958904113,1.4550478895615448,0.9311818870241776,0.6399664874980672,600.0,9.924387754952315,6.480216880361356,0.6529588565428328,600.0,-0.6340119083031108,0.040747594441181,0.6747595027442919,0.145815155262778,1.0,2,True,The solver successfully reached the end of the integration interval.,1.866,True,True,radius_large
DU-145,hamming+zero,7,740,9706,9.99999993922529e-09,4.999999873689376e-06,-42.18000030517578,,NSC740,triethylenemelamine,other,alkylator,814309305.0081123,629925183.3795108,0.7735699193235123,0.0075464451832422,4.4,0.9924535548167576,0.2924746271391566,,0.0191411375557863,2.069699079452294,0.3562699961956477,0.448220750860721,,0.0254479239387491,1.7268316433320998,2.406813103098505,0.8239534501312801,0.9897175896914938,5.25,0.4010297071895137,0.2020067751259964,158.90410958904113,1.4550478895615448,0.9311818870241776,0.6399664874980672,600.0,9.924387754952315,6.480216880361356,0.6529588565428328,600.0,-0.6340119083031108,0.040747594441181,0.6747595027442919,0.145815155262778,1.0,2,True,The solver successfully reached the end of the integration interval.,1.867,True,True,radius_large
DU-145,ours+zero,7,67574,754143,1.0000000116860974e-07,9.99999993922529e-09,-66.76000213623047,,vincristine,bendamustine,antimitotic,alkylator,814309305.0081123,619993434.0768201,0.7613733875614299,0.0084471691190693,4.4,0.9915528308809306,0.2746483961343114,,0.0260430184274092,2.02073031197383,0.3573353186046433,0.4469240565178181,,0.0254317166456954,1.8839784696631492,2.2546983230982036,0.8468918452246722,0.9876912539998128,5.25,0.4010297071895137,0.1665776731022413,158.90410958904113,10.501821987414438,6.641627267958309,0.6324261900380475,600.0,15.711282702554875,10.284304054508963,0.6545808034398485,600.0,0.6661736786679503,0.0409607159373718,-0.6252129627305785,0.132299168575168,1.0,2,True,The solver successfully reached the end of the integration interval.,3.609,True,True,radius_large
DU-145,tanimoto+zero,7,740,9706,9.99999993922529e-09,4.999999873689376e-06,-42.18000030517578,,NSC740,triethylenemelamine,other,alkylator,814309305.0081123,629925183.3795108,0.7735699193235123,0.0075464451832422,4.4,0.9924535548167576,0.2924746271391566,,0.0191411375557863,2.069699079452294,0.3562699961956477,0.448220750860721,,0.0254479239387491,1.7268316433320998,2.406813103098505,0.8239534501312801,0.9897175896914938,5.25,0.4010297071895137,0.2020067751259964,158.90410958904113,1.4550478895615448,0.9311818870241776,0.6399664874980672,600.0,9.924387754952315,6.480216880361356,0.6529588565428328,600.0,-0.6340119083031108,0.040747594441181,0.6747595027442919,0.145815155262778,1.0,2,True,The solver successfully reached the end of the integration interval.,2.065,True,True,radius_large
MDA-MB-231/ATCC,no_treatment,-1,-1,-1,0.0,0.0,,,,,,,814309305.0081123,658309479.1393347,0.8084268165556286,0.8084268165556286,21.0,0.1915731834443713,,,0.0,0.0,1.0,0.0,,0.0173982680412371,0.0453834702764911,15.271595056279116,0.974511970768028,0.1277617581108494,5.25,0.4237959699125112,0.2474944586689752,150.68493150684935,,,,,,,,,0.0,0.0,0.0,0.1811352562414221,1.0,0,True,The solver successfully reached the end of the integration interval.,0.18,,,radius_large
DU-145,random,7,66847,754143,9.999999974752427e-07,9.99999993922529e-09,-38.16999816894531,,thalidomide,bendamustine,other,alkylator,814309305.0081123,616201668.838408,0.7567169686612746,0.0084766937435961,4.4,0.9915233062564038,0.2781018657671807,,0.0287072384687005,2.0192150084495046,0.3451709869042214,0.4619657157289492,,0.0247932869684847,1.8862947528501044,2.2666652271391525,0.8365719102322928,0.987967573147677,5.25,0.4010297071895137,0.1505334115734095,158.90410958904113,1899.9999729811136,1249.6833581823985,0.6577280926070941,600.0,15.711282702554875,10.28478781194041,0.6546115938877453,600.0,0.6782263944084499,0.0463653595364917,-0.6318610348719581,0.1307266029811239,1.0,2,True,The solver successfully reached the end of the integration interval.,2.274,True,True,radius_large
MDA-MB-231/ATCC,act_hamming+zero,2,740,24559,9.999999717180683e-10,9.999999974752427e-07,-47.369998931884766,,NSC740,NSC24559,other,other,814309305.0081123,659389657.2276974,0.8097533126201086,0.5798010070635733,4.4,0.4201989929364267,0.012513096453323,,-0.0007120221534352,0.1841625358146358,0.9093316145585096,0.0412777096169591,,0.028233339427867,0.0970590553089527,9.855475143627237,-0.8238489130443307,0.3676672435014024,5.25,0.4237959699125112,0.2474944586689752,150.68493150684935,0.0018356311089325,0.000955992327331,0.5207976279542085,600.0,2.464070125116591,1.35334554972644,0.5492317511306236,600.0,0.0159706511171969,-0.0003607667787264,-0.0163314178959234,0.1825063296329362,1.0,2,True,The solver successfully reached the end of the integration interval.,1.693,True,True,radius_large
MDA-MB-231/ATCC,act_hamming+zero,6,740,24559,9.999999717180683e-10,9.999999974752427e-07,-47.369998931884766,,NSC740,NSC24559,other,other,814309305.0081123,659389657.2276974,0.8097533126201086,0.5798010070635733,4.4,0.4201989929364267,0.012513096453323,,-0.0007120221534352,0.1841625358146358,0.9093316145585096,0.0412777096169591,,0.028233339427867,0.0970590553089527,9.855475143627237,-0.8238489130443307,0.3676672435014024,5.25,0.4237959699125112,0.2474944586689752,150.68493150684935,0.0018356311089325,0.000955992327331,0.5207976279542085,600.0,2.464070125116591,1.35334554972644,0.5492317511306236,600.0,0.0159706511171969,-0.0003607667787264,-0.0163314178959234,0.1825063296329362,1.0,2,True,The solver successfully reached the end of the integration interval.,1.744,True,True,radius_large
MDA-MB-231/ATCC,act_hamming+zero,7,82151,713563,1.999999987845058e-08,9.999999747378752e-05,-54.54100036621094,,daunorubicin,arsenic trioxide,dna_intercalator,other,814309305.0081123,659327033.5420759,0.809676408567513,0.5912701511054869,4.4,0.4087298488945131,0.0116123243423762,,-0.0006707742928255,0.1756555459572447,0.9133066528533698,0.0393833787837302,,0.0278913977911903,0.0943266195441266,9.969439397789262,-0.8742916582299352,0.35746138926485,5.25,0.4237959699125112,0.2474944586689752,150.68493150684935,0.1181595423028795,0.0162999293382948,0.1379484806780403,114.51912657505652,2.404551954742679,1.3185889704104483,0.5483720024471487,600.0,0.0159117793126332,-0.0003465095231016,-0.0162582888357348,0.1824238194216856,1.0,2,True,The solver successfully reached the end of the integration interval.,1.842,True,True,radius_large
MDA-MB-231/ATCC,act_hamming+zero,8,740,24559,9.999999717180683e-10,9.999999974752427e-07,-47.369998931884766,,NSC740,NSC24559,other,other,814309305.0081123,659389657.2276974,0.8097533126201086,0.5798010070635733,4.4,0.4201989929364267,0.012513096453323,,-0.0007120221534352,0.1841625358146358,0.9093316145585096,0.0412777096169591,,0.028233339427867,0.0970590553089527,9.855475143627237,-0.8238489130443307,0.3676672435014024,5.25,0.4237959699125112,0.2474944586689752,150.68493150684935,0.0018356311089325,0.000955992327331,0.5207976279542085,600.0,2.464070125116591,1.35334554972644,0.5492317511306236,600.0,0.0159706511171969,-0.0003607667787264,-0.0163314178959234,0.1825063296329362,1.0,2,True,The solver successfully reached the end of the integration interval.,1.856,True,True,radius_large
MDA-MB-231/ATCC,hamming+zero,2,740,24559,9.999999717180683e-10,9.999999974752427e-07,-47.369998931884766,,NSC740,NSC24559,other,other,814309305.0081123,659389657.2276974,0.8097533126201086,0.5798010070635733,4.4,0.4201989929364267,0.012513096453323,,-0.0007120221534352,0.1841625358146358,0.9093316145585096,0.0412777096169591,,0.028233339427867,0.0970590553089527,9.855475143627237,-0.8238489130443307,0.3676672435014024,5.25,0.4237959699125112,0.2474944586689752,150.68493150684935,0.0018356311089325,0.000955992327331,0.5207976279542085,600.0,2.464070125116591,1.35334554972644,0.5492317511306236,600.0,0.0159706511171969,-0.0003607667787264,-0.0163314178959234,0.1825063296329362,1.0,2,True,The solver successfully reached the end of the integration interval.,1.821,True,True,radius_large
MDA-MB-231/ATCC,hamming+zero,6,740,24559,9.999999717180683e-10,9.999999974752427e-07,-47.369998931884766,,NSC740,NSC24559,other,other,814309305.0081123,659389657.2276974,0.8097533126201086,0.5798010070635733,4.4,0.4201989929364267,0.012513096453323,,-0.0007120221534352,0.1841625358146358,0.9093316145585096,0.0412777096169591,,0.028233339427867,0.0970590553089527,9.855475143627237,-0.8238489130443307,0.3676672435014024,5.25,0.4237959699125112,0.2474944586689752,150.68493150684935,0.0018356311089325,0.000955992327331,0.5207976279542085,600.0,2.464070125116591,1.35334554972644,0.5492317511306236,600.0,0.0159706511171969,-0.0003607667787264,-0.0163314178959234,0.1825063296329362,1.0,2,True,The solver successfully reached the end of the integration interval.,1.879,True,True,radius_large
MDA-MB-231/ATCC,hamming+zero,7,82151,713563,1.999999987845058e-08,9.999999747378752e-05,-54.54100036621094,,daunorubicin,arsenic trioxide,dna_intercalator,other,814309305.0081123,659327033.5420759,0.809676408567513,0.5912701511054869,4.4,0.4087298488945131,0.0116123243423762,,-0.0006707742928255,0.1756555459572447,0.9133066528533698,0.0393833787837302,,0.0278913977911903,0.0943266195441266,9.969439397789262,-0.8742916582299352,0.35746138926485,5.25,0.4237959699125112,0.2474944586689752,150.68493150684935,0.1181595423028795,0.0162999293382948,0.1379484806780403,114.51912657505652,2.404551954742679,1.3185889704104483,0.5483720024471487,600.0,0.0159117793126332,-0.0003465095231016,-0.0162582888357348,0.1824238194216856,1.0,2,True,The solver successfully reached the end of the integration interval.,1.764,True,True,radius_large
MDA-MB-231/ATCC,hamming+zero,8,740,24559,9.999999717180683e-10,9.999999974752427e-07,-47.369998931884766,,NSC740,NSC24559,other,other,814309305.0081123,659389657.2276974,0.8097533126201086,0.5798010070635733,4.4,0.4201989929364267,0.012513096453323,,-0.0007120221534352,0.1841625358146358,0.9093316145585096,0.0412777096169591,,0.028233339427867,0.0970590553089527,9.855475143627237,-0.8238489130443307,0.3676672435014024,5.25,0.4237959699125112,0.2474944586689752,150.68493150684935,0.0018356311089325,0.000955992327331,0.5207976279542085,600.0,2.464070125116591,1.35334554972644,0.5492317511306236,600.0,0.0159706511171969,-0.0003607667787264,-0.0163314178959234,0.1825063296329362,1.0,2,True,The solver successfully reached the end of the integration interval.,1.754,True,True,radius_large
MDA-MB-231/ATCC,ours+zero,7,82151,713563,1.999999987845058e-08,9.999999747378752e-05,-54.54100036621094,,daunorubicin,arsenic trioxide,dna_intercalator,other,814309305.0081123,659327033.5420759,0.809676408567513,0.5912701511054869,4.4,0.4087298488945131,0.0116123243423762,,-0.0006707742928255,0.1756555459572447,0.9133066528533698,0.0393833787837302,,0.0278913977911903,0.0943266195441266,9.969439397789262,-0.8742916582299352,0.35746138926485,5.25,0.4237959699125112,0.2474944586689752,150.68493150684935,0.1181595423028795,0.0162999293382948,0.1379484806780403,114.51912657505652,2.404551954742679,1.3185889704104483,0.5483720024471487,600.0,0.0159117793126332,-0.0003465095231016,-0.0162582888357348,0.1824238194216856,1.0,2,True,The solver successfully reached the end of the integration interval.,1.697,True,True,radius_large
MDA-MB-231/ATCC,ours+zero,2,681239,754143,3.000000106112566e-07,9.99999993922529e-09,-93.95999908447266,,bortezomib,bendamustine,proteasome,alkylator,814309305.0081123,294450235.49084544,0.3615950765635818,0.0002520737977189,4.6000000000000005,0.999747926202281,0.4797419244189923,,0.3494182026473259,3.5442102626963377,0.0778276744761581,1.1088659462602224,,0.005935961191272,2.675090696449673,2.2792423859603876,0.7683270549618422,0.9997107529070396,5.25,0.0,0.0,600.0,3.2756952361042613,2.110038136837546,0.6441497101381706,600.0,16.469569332401257,10.791842911919382,0.6552595695801315,600.0,0.9987195693157924,0.5158359982773392,-0.4828835710384531,0.0,1.0,2,True,The solver successfully reached the end of the integration interval.,3.801,True,True,radius_large
MDA-MB-231/ATCC,random,2,246131,686673,1.9999999494757503e-05,2.0000000233721948e-07,-27.8799991607666,,mitoxantrone,NSC686673,dna_intercalator,other,814309305.0081123,658568699.5066832,0.8087451481352316,0.7612683509968131,4.4,0.2387316490031868,0.0010290302606686,,-0.0001709770553054,0.0659037263746139,0.9654850011525578,0.015254468614028,,0.0224348919501813,0.0631540467605283,12.092210988515312,-0.5274421324733083,0.218605914055818,5.25,0.4237959699125112,0.2474944586689752,150.68493150684935,2.3045305279580006,0.3352564300788528,0.145477105211497,114.1746092799092,0.0031046155193241,0.0015982964144814,0.5148129952108705,600.0,0.00670933808753,-0.0001307900911036,-0.0068401281786336,0.1814506453495262,1.0,2,True,The solver successfully reached the end of the integration interval.,1.924,True,True,radius_large
MDA-MB-231/ATCC,random,6,125973,737754,5.99999978589949e-08,9.999999747378752e-06,25.70599937438965,,paclitaxel,ixabepilone,antimitotic,antimitotic,814309305.0081123,659112894.1203746,0.8094134379488742,0.713064670617273,4.6000000000000005,0.286935329382727,0.0051465402060577,,-0.0005296991204655,0.0926090476697716,0.9477800894927056,0.0232924189899363,,0.0247542128360445,0.0744018136840708,11.09851481054774,-0.5692731942289648,0.2778937732577272,5.25,0.4237959699125112,0.2474944586689752,150.68493150684935,6.251790332932513,1.6210721424598384,0.2592972662439634,204.7288424362626,0.376363529046734,0.0742262543561964,0.1972195726408431,145.9517632706216,-0.014682552075059,-4.446163323645891e-05,0.0146380904418226,0.1822243752241679,1.0,2,True,The solver successfully reached the end of the integration interval.,1.993,True,True,radius_large
MDA-MB-231/ATCC,random,7,82151,713563,1.999999987845058e-08,9.999999747378752e-05,-54.54100036621094,,daunorubicin,arsenic trioxide,dna_intercalator,other,814309305.0081123,659327033.5420759,0.809676408567513,0.5912701511054869,4.4,0.4087298488945131,0.0116123243423762,,-0.0006707742928255,0.1756555459572447,0.9133066528533698,0.0393833787837302,,0.0278913977911903,0.0943266195441266,9.969439397789262,-0.8742916582299352,0.35746138926485,5.25,0.4237959699125112,0.2474944586689752,150.68493150684935,0.1181595423028795,0.0162999293382948,0.1379484806780403,114.51912657505652,2.404551954742679,1.3185889704104483,0.5483720024471487,600.0,0.0159117793126332,-0.0003465095231016,-0.0162582888357348,0.1824238194216856,1.0,2,True,The solver successfully reached the end of the integration interval.,1.768,True,True,radius_large
MDA-MB-231/ATCC,ours+zero,6,613327,754143,9.99999993922529e-09,9.99999993922529e-09,-90.0999984741211,,gemcitabine,bendamustine,antimetabolite,alkylator,814309305.0081123,613353298.9646071,0.7532190719084277,0.0063281952187499,4.4,0.99367180478125,0.2948267627595297,,0.0307194031362155,2.146161632901459,0.333545644816304,0.4768447256592625,,0.024333454586883,2.0071385823603443,2.172126015113641,0.8248813520839317,0.9907101792832326,5.25,0.3936262233163901,0.1216026724631728,161.64383561643837,6.90651974161988,4.5236183681114746,0.6549779827387403,600.0,16.469569332401257,10.784268804461568,0.6547996846065206,600.0,0.7626426196317846,0.0485918856341006,-0.7140507339976839,0.1221170109868943,1.0,2,True,The solver successfully reached the end of the integration interval.,9.077,True,True,radius_large
MDA-MB-231/ATCC,random,8,24559,409962,9.999999974752427e-07,2.0000000233721948e-07,-40.54999923706055,,NSC24559,carmustine,other,alkylator,814309305.0081123,659409912.3550298,0.8097781866172592,0.5472766016518146,4.4,0.4527233983481854,0.0157178855917291,,-0.0007253626036967,0.2092346205195527,0.895439621050115,0.0479636930408718,,0.0293216045754447,0.1071092551838294,9.495833937101514,-0.6426305254677136,0.4018062231948336,5.25,0.4237959699125112,0.2474944586689752,150.68493150684935,2.464070125116591,1.3618750725920736,0.5526933096222798,600.0,7.600000280806509e-05,4.5811705366097344e-05,0.6027855746504766,600.0,0.0398103317551783,-0.0003000209146863,-0.0401103526698647,0.1825771645712076,1.0,2,True,The solver successfully reached the end of the integration interval.,2.409,True,True,radius_large
MDA-MB-231/ATCC,tanimoto+zero,2,49842,713563,4.999999858590343e-10,9.999999747378752e-05,-22.812000274658203,,vinblastine,arsenic trioxide,antimitotic,other,814309305.0081123,656911104.5786629,0.8067095642142006,0.5117906164450332,4.4,0.4882093835549668,0.022120134571955,,0.0009235052913471,0.2383491822240056,0.8634794697243302,0.0637479838538254,,0.030875093036649,0.1304024161817009,8.93289694903959,-0.2818761994766003,0.4531246459015076,5.25,0.4237959699125112,0.2474944586689752,150.68493150684935,0.000189999992406,3.86172828104264e-05,0.2032488650204311,158.15443114445117,2.404551954742679,1.325224279201696,0.5511314806851465,600.0,-0.0497553523087734,0.0064835122999012,0.0562388646086747,0.1840278401031642,1.0,2,True,The solver successfully reached the end of the integration interval.,2.095,True,True,radius_large
MDA-MB-231/ATCC,tanimoto+zero,6,38721,713563,1.9999999494757503e-05,9.999999747378752e-05,-10.20400047302246,,mitotane,arsenic trioxide,other,other,814309305.0081123,659411332.7136075,0.8097799308667342,0.5754130353489136,4.4,0.4245869646510863,0.0130600548892638,,-0.0007262980661711,0.1874618050365771,0.9069132556417018,0.042434250313378,,0.0284304009626302,0.0987391994431134,9.790256413729695,-0.7975624969645689,0.3730565693954997,5.25,0.4237959699125112,0.2474944586689752,150.68493150684935,1.1110288055148971,0.5948232955644571,0.5353806243473509,600.0,2.404551954742679,1.3190500452447762,0.5485637532776593,600.0,0.0161207068593582,-0.0003732430431706,-0.0164939499025289,0.1825351535165513,1.0,2,True,The solver successfully reached the end of the integration interval.,1.918,True,True,radius_large
MDA-MB-231/ATCC,tanimoto+zero,7,82151,713563,1.999999987845058e-08,9.999999747378752e-05,-54.54100036621094,,daunorubicin,arsenic trioxide,dna_intercalator,other,814309305.0081123,659327033.5420759,0.809676408567513,0.5912701511054869,4.4,0.4087298488945131,0.0116123243423762,,-0.0006707742928255,0.1756555459572447,0.9133066528533698,0.0393833787837302,,0.0278913977911903,0.0943266195441266,9.969439397789262,-0.8742916582299352,0.35746138926485,5.25,0.4237959699125112,0.2474944586689752,150.68493150684935,0.1181595423028795,0.0162999293382948,0.1379484806780403,114.51912657505652,2.404551954742679,1.3185889704104483,0.5483720024471487,600.0,0.0159117793126332,-0.0003465095231016,-0.0162582888357348,0.1824238194216856,1.0,2,True,The solver successfully reached the end of the integration interval.,2.019,True,True,radius_large
MDA-MB-435,no_treatment,-1,-1,-1,0.0,0.0,,,,,,,814309305.0081123,658309479.1393347,0.8084268165556286,0.8084268165556286,21.0,0.1915731834443713,,,0.0,0.0,1.0,0.0,,0.0173982680412371,0.0453834702764911,15.271595056279116,0.974511970768028,0.1277617581108494,5.25,0.4237959699125112,0.2474944586689752,150.68493150684935,,,,,,,,,0.0,0.0,0.0,0.1811352562414221,1.0,0,True,The solver successfully reached the end of the integration interval.,0.182,,,radius_large
MDA-MB-231/ATCC,ours+zero,8,119875,713563,4.999999873689376e-06,9.999999747378752e-05,-42.95500183105469,,cisplatin,arsenic trioxide,platinum,other,814309305.0081123,659328925.9729645,0.8096787325381185,0.5908976377952019,4.4,0.4091023622047981,0.0116264549065181,,-0.0006720208231072,0.1759292473420495,0.9132020107024348,0.0394331409443835,,0.0278992922105043,0.0943863191403795,9.966788448110492,-0.8749637766087273,0.3575951367276007,5.25,0.4237959699125112,0.2474944586689752,150.68493150684935,0.9406837398224496,0.5835226882033041,0.6203176088846203,600.0,2.404551954742679,1.3186339456534897,0.5483907066564516,600.0,0.0158361616593188,-0.0003473017461672,-0.0161834634054861,0.1824262445239543,1.0,2,True,The solver successfully reached the end of the integration interval.,11.997,True,True,radius_large
MDA-MB-231/ATCC,tanimoto+zero,8,49842,713563,4.999999858590343e-10,9.999999747378752e-05,-22.812000274658203,,vinblastine,arsenic trioxide,antimitotic,other,814309305.0081123,656911104.5786629,0.8067095642142006,0.5117906164450332,4.4,0.4882093835549668,0.022120134571955,,0.0009235052913471,0.2383491822240056,0.8634794697243302,0.0637479838538254,,0.030875093036649,0.1304024161817009,8.93289694903959,-0.2818761994766003,0.4531246459015076,5.25,0.4237959699125112,0.2474944586689752,150.68493150684935,0.000189999992406,3.86172828104264e-05,0.2032488650204311,158.15443114445117,2.404551954742679,1.325224279201696,0.5511314806851465,600.0,-0.0497553523087734,0.0064835122999012,0.0562388646086747,0.1840278401031642,1.0,2,True,The solver successfully reached the end of the integration interval.,2.804,True,True,radius_large
MDA-MB-435,act_hamming+zero,0,740,24559,1.0000000116860974e-07,9.999999974752427e-07,-92.08999633789062,,NSC740,NSC24559,other,other,814309305.0081123,661371462.4868665,0.81218703804481,0.2039274511735984,5.0,0.7960725488264015,0.0953512098573567,,-0.0020153429755967,0.6330428823769801,0.6440915522985181,0.1910523968760677,,0.0334663248965316,0.5579812348600022,4.7574558045494655,0.8825328136437319,0.7953103671015442,5.25,0.4237959699125112,0.2474944586689752,150.68493150684935,73.75906315777168,47.675644386263905,0.6463699828221113,600.0,2.539011248752824,1.4871546952248398,0.5857219797491399,600.0,-0.5738547750718317,0.0067320495925921,0.5805868246644238,0.189833735909666,1.0,2,True,The solver successfully reached the end of the integration interval.,2.963,True,True,radius_large
MDA-MB-435,act_hamming+zero,1,740,24559,1.0000000116860974e-07,9.999999974752427e-07,-92.08999633789062,,NSC740,NSC24559,other,other,814309305.0081123,661371462.4868665,0.81218703804481,0.2039274511735984,5.0,0.7960725488264015,0.0953512098573567,,-0.0020153429755967,0.6330428823769801,0.6440915522985181,0.1910523968760677,,0.0334663248965316,0.5579812348600022,4.7574558045494655,0.8825328136437319,0.7953103671015442,5.25,0.4237959699125112,0.2474944586689752,150.68493150684935,73.75906315777168,47.675644386263905,0.6463699828221113,600.0,2.539011248752824,1.4871546952248398,0.5857219797491399,600.0,-0.5738547750718317,0.0067320495925921,0.5805868246644238,0.189833735909666,1.0,2,True,The solver successfully reached the end of the integration interval.,2.953,True,True,radius_large
MDA-MB-435,act_hamming+zero,4,740,24559,1.0000000116860974e-07,9.999999974752427e-07,-92.08999633789062,,NSC740,NSC24559,other,other,814309305.0081123,661371462.4868665,0.81218703804481,0.2039274511735984,5.0,0.7960725488264015,0.0953512098573567,,-0.0020153429755967,0.6330428823769801,0.6440915522985181,0.1910523968760677,,0.0334663248965316,0.5579812348600022,4.7574558045494655,0.8825328136437319,0.7953103671015442,5.25,0.4237959699125112,0.2474944586689752,150.68493150684935,73.75906315777168,47.675644386263905,0.6463699828221113,600.0,2.539011248752824,1.4871546952248398,0.5857219797491399,600.0,-0.5738547750718317,0.0067320495925921,0.5805868246644238,0.189833735909666,1.0,2,True,The solver successfully reached the end of the integration interval.,2.368,True,True,radius_large
MDA-MB-435,hamming+zero,0,740,24559,1.0000000116860974e-07,9.999999974752427e-07,-92.08999633789062,,NSC740,NSC24559,other,other,814309305.0081123,661371462.4868665,0.81218703804481,0.2039274511735984,5.0,0.7960725488264015,0.0953512098573567,,-0.0020153429755967,0.6330428823769801,0.6440915522985181,0.1910523968760677,,0.0334663248965316,0.5579812348600022,4.7574558045494655,0.8825328136437319,0.7953103671015442,5.25,0.4237959699125112,0.2474944586689752,150.68493150684935,73.75906315777168,47.675644386263905,0.6463699828221113,600.0,2.539011248752824,1.4871546952248398,0.5857219797491399,600.0,-0.5738547750718317,0.0067320495925921,0.5805868246644238,0.189833735909666,1.0,2,True,The solver successfully reached the end of the integration interval.,2.288,True,True,radius_large
MDA-MB-435,hamming+zero,1,740,24559,1.0000000116860974e-07,9.999999974752427e-07,-92.08999633789062,,NSC740,NSC24559,other,other,814309305.0081123,661371462.4868665,0.81218703804481,0.2039274511735984,5.0,0.7960725488264015,0.0953512098573567,,-0.0020153429755967,0.6330428823769801,0.6440915522985181,0.1910523968760677,,0.0334663248965316,0.5579812348600022,4.7574558045494655,0.8825328136437319,0.7953103671015442,5.25,0.4237959699125112,0.2474944586689752,150.68493150684935,73.75906315777168,47.675644386263905,0.6463699828221113,600.0,2.539011248752824,1.4871546952248398,0.5857219797491399,600.0,-0.5738547750718317,0.0067320495925921,0.5805868246644238,0.189833735909666,1.0,2,True,The solver successfully reached the end of the integration interval.,2.185,True,True,radius_large
MDA-MB-435,hamming+zero,4,740,24559,1.0000000116860974e-07,9.999999974752427e-07,-92.08999633789062,,NSC740,NSC24559,other,other,814309305.0081123,661371462.4868665,0.81218703804481,0.2039274511735984,5.0,0.7960725488264015,0.0953512098573567,,-0.0020153429755967,0.6330428823769801,0.6440915522985181,0.1910523968760677,,0.0334663248965316,0.5579812348600022,4.7574558045494655,0.8825328136437319,0.7953103671015442,5.25,0.4237959699125112,0.2474944586689752,150.68493150684935,73.75906315777168,47.675644386263905,0.6463699828221113,600.0,2.539011248752824,1.4871546952248398,0.5857219797491399,600.0,-0.5738547750718317,0.0067320495925921,0.5805868246644238,0.189833735909666,1.0,2,True,The solver successfully reached the end of the integration interval.,2.139,True,True,radius_large
MDA-MB-435,ours+zero,0,740,24559,1.0000000116860974e-07,9.999999974752427e-07,-92.08999633789062,,NSC740,NSC24559,other,other,814309305.0081123,661371462.4868665,0.81218703804481,0.2039274511735984,5.0,0.7960725488264015,0.0953512098573567,,-0.0020153429755967,0.6330428823769801,0.6440915522985181,0.1910523968760677,,0.0334663248965316,0.5579812348600022,4.7574558045494655,0.8825328136437319,0.7953103671015442,5.25,0.4237959699125112,0.2474944586689752,150.68493150684935,73.75906315777168,47.675644386263905,0.6463699828221113,600.0,2.539011248752824,1.4871546952248398,0.5857219797491399,600.0,-0.5738547750718317,0.0067320495925921,0.5805868246644238,0.189833735909666,1.0,2,True,The solver successfully reached the end of the integration interval.,2.004,True,True,radius_large
MDA-MB-435,ours+zero,1,279836,754143,4.999999987376214e-07,9.99999993922529e-09,-79.33200073242188,,NSC279836,bendamustine,other,alkylator,814309305.0081123,659791396.1585869,0.810246661926593,0.0506093895695787,4.6000000000000005,0.9493906104304212,0.1567167419735673,,-0.0009765393033698,1.2415068681167238,0.5657891321980102,0.2473453988227608,,0.0329191512728534,1.0406407012022798,3.2169024012622023,0.8869250860677098,0.939550723298851,5.25,0.4237959699125112,0.2474944586689752,150.68493150684935,2.716704000731691,1.6997232366152035,0.6256563969270913,600.0,4.982556569608383,3.220467792372267,0.646348465367326,600.0,-0.9167759927206572,0.0071602806127668,0.923936273333424,0.187004167197962,1.0,2,True,The solver successfully reached the end of the integration interval.,2.012,True,True,radius_large
MDA-MB-435,ours+zero,4,740,24559,1.0000000116860974e-07,9.999999974752427e-07,-92.08999633789062,,NSC740,NSC24559,other,other,814309305.0081123,661371462.4868665,0.81218703804481,0.2039274511735984,5.0,0.7960725488264015,0.0953512098573567,,-0.0020153429755967,0.6330428823769801,0.6440915522985181,0.1910523968760677,,0.0334663248965316,0.5579812348600022,4.7574558045494655,0.8825328136437319,0.7953103671015442,5.25,0.4237959699125112,0.2474944586689752,150.68493150684935,73.75906315777168,47.675644386263905,0.6463699828221113,600.0,2.539011248752824,1.4871546952248398,0.5857219797491399,600.0,-0.5738547750718317,0.0067320495925921,0.5805868246644238,0.189833735909666,1.0,2,True,The solver successfully reached the end of the integration interval.,2.081,True,True,radius_large
MDA-MB-435,random,0,24559,712807,9.999999974752427e-07,2.0000000233721948e-07,-89.3499984741211,,NSC24559,capecitabine,other,antimetabolite,814309305.0081123,659499493.5875545,0.8098881954701284,0.5608019126370906,4.4,0.4391980873629094,0.0141044476573699,,-0.0007843577626547,0.1986320150261259,0.902486319143691,0.0445593728743115,,0.0288029572895963,0.1019389518859371,9.667107246760422,-0.7392904674869214,0.3851648874666852,5.25,0.4237959699125112,0.2474944586689752,150.68493150684935,2.539011248752824,1.3975705966399912,0.5504389148832978,600.0,3.54117948981554,2.2413985209707974,0.6329525310470925,600.0,0.0155697970574835,-0.000383169211424,-0.0159529662689075,0.1826524701990539,1.0,2,True,The solver successfully reached the end of the integration interval.,1.963,True,True,radius_large
MDA-MB-435,random,1,743414,761432,4.999999873689376e-06,4.999999969612645e-09,-52.07500076293945,,sunitinib,NSC761432,kinase_inhibitor,other,814309305.0081123,647657528.0882727,0.7953458521290269,0.0186016535652627,4.4,0.9813983464347372,0.2258423511946314,,0.0070846906958722,1.677889949294642,0.4556990650345496,0.3413218624659436,,0.0292884032835841,1.210359923791951,3.0020460847233137,0.8859734858586339,0.9750173156750812,5.25,0.416114009253141,0.2316455593163409,153.4246575342466,21.67723172355619,14.010660122862683,0.6463306893397092,600.0,9.51437302409918,6.082865879862214,0.6393343906587203,600.0,-1.1201834456794093,0.0204754913103704,1.1406589369897795,0.1705008225867156,1.0,2,True,The solver successfully reached the end of the integration interval.,1.824,True,True,radius_large
MDA-MB-435,random,4,27640,754143,7.000000135093387e-09,9.99999993922529e-09,-62.209999084472656,,NSC27640,bendamustine,other,alkylator,814309305.0081123,653095225.806889,0.8020235330607978,0.0276652093104579,4.800000000000001,0.972334790689542,0.2176063600295153,,0.0034535996013242,1.5021635163467348,0.4542323035086847,0.3427219834216568,,0.0292215978066806,1.1799447377662375,3.0585657972591593,0.8796441725082289,0.9696033482477212,5.25,0.416114009253141,0.2368509330900255,153.4246575342466,9.564820525819265,6.125941910147094,0.640465954756886,600.0,4.982556569608383,3.227652778872091,0.6477904934505895,600.0,-1.6820758734483277,0.0228325451444074,1.7049084185927352,0.180051858640052,1.0,2,True,The solver successfully reached the end of the integration interval.,2.256,True,True,radius_large
MDA-MB-435,tanimoto+zero,1,713563,753082,9.999999747378752e-05,4.999999987376214e-07,2.67549991607666,,arsenic trioxide,pazopanib,other,kinase_inhibitor,814309305.0081123,659282954.461852,0.8096222779319512,0.5990443780399861,4.4,0.4009556219600139,0.0110818899462999,,-0.000641738715225,0.1699825044459298,0.9156123084599352,0.0382883777927098,,0.0276846164529795,0.0927513842243485,10.038906328791205,-0.9093205410197628,0.350993866404349,5.25,0.4237959699125112,0.2474944586689752,150.68493150684935,2.308439627427034,1.2630244643639554,0.5471334183305938,600.0,1.7043675242828893,0.9224941484845414,0.5412530662203738,600.0,0.0158644875229305,-0.0003415206486816,-0.0162060081716122,0.1823651895016222,1.0,2,True,The solver successfully reached the end of the integration interval.,1.904,True,True,radius_large
OVCAR-8,no_treatment,-1,-1,-1,0.0,0.0,,,,,,,814309305.0081123,658309479.1393347,0.8084268165556286,0.8084268165556286,21.0,0.1915731834443713,,,0.0,0.0,1.0,0.0,,0.0173982680412371,0.0453834702764911,15.271595056279116,0.974511970768028,0.1277617581108494,5.25,0.4237959699125112,0.2474944586689752,150.68493150684935,,,,,,,,,0.0,0.0,0.0,0.1811352562414221,1.0,0,True,The solver successfully reached the end of the integration interval.,0.15,,,radius_large
MDA-MB-435,tanimoto+zero,0,740,24559,1.0000000116860974e-07,9.999999974752427e-07,-92.08999633789062,,NSC740,NSC24559,other,other,814309305.0081123,661371462.4868665,0.81218703804481,0.2039274511735984,5.0,0.7960725488264015,0.0953512098573567,,-0.0020153429755967,0.6330428823769801,0.6440915522985181,0.1910523968760677,,0.0334663248965316,0.5579812348600022,4.7574558045494655,0.8825328136437319,0.7953103671015442,5.25,0.4237959699125112,0.2474944586689752,150.68493150684935,73.75906315777168,47.675644386263905,0.6463699828221113,600.0,2.539011248752824,1.4871546952248398,0.5857219797491399,600.0,-0.5738547750718317,0.0067320495925921,0.5805868246644238,0.189833735909666,1.0,2,True,The solver successfully reached the end of the integration interval.,2.211,True,True,radius_large
MDA-MB-435,tanimoto+zero,4,740,24559,1.0000000116860974e-07,9.999999974752427e-07,-92.08999633789062,,NSC740,NSC24559,other,other,814309305.0081123,661371462.4868665,0.81218703804481,0.2039274511735984,5.0,0.7960725488264015,0.0953512098573567,,-0.0020153429755967,0.6330428823769801,0.6440915522985181,0.1910523968760677,,0.0334663248965316,0.5579812348600022,4.7574558045494655,0.8825328136437319,0.7953103671015442,5.25,0.4237959699125112,0.2474944586689752,150.68493150684935,73.75906315777168,47.675644386263905,0.6463699828221113,600.0,2.539011248752824,1.4871546952248398,0.5857219797491399,600.0,-0.5738547750718317,0.0067320495925921,0.5805868246644238,0.189833735909666,1.0,2,True,The solver successfully reached the end of the integration interval.,2.013,True,True,radius_large
OVCAR-8,act_hamming+zero,2,740,3053,1.0000000116860974e-07,9.99999993922529e-09,-26.979999542236328,,NSC740,dactinomycin,other,dna_intercalator,814309305.0081123,660653715.7308996,0.8113056201959009,0.2230456665963557,5.4,0.7769543334036442,0.0816851858521799,,-0.0015437733091747,0.5911456346686152,0.6855468632763075,0.1639628519369751,,0.0343570955361586,0.4938029351828645,5.0464400991750935,0.7914607412726251,0.7768416436451993,5.25,0.4237959699125112,0.2474944586689752,150.68493150684935,61.005743661518544,39.425820593156125,0.6462640765745686,600.0,0.2050804643318288,0.0588408008859808,0.2869156800365632,230.71798217965164,-0.6051945081392822,0.0042593848206886,0.6094538929599709,0.1866127417103429,1.0,2,True,The solver successfully reached the end of the integration interval.,1.884,True,True,radius_large
OVCAR-8,act_hamming+zero,8,740,3053,1.0000000116860974e-07,9.99999993922529e-09,-26.979999542236328,,NSC740,dactinomycin,other,dna_intercalator,814309305.0081123,660653715.7308996,0.8113056201959009,0.2230456665963557,5.4,0.7769543334036442,0.0816851858521799,,-0.0015437733091747,0.5911456346686152,0.6855468632763075,0.1639628519369751,,0.0343570955361586,0.4938029351828645,5.0464400991750935,0.7914607412726251,0.7768416436451993,5.25,0.4237959699125112,0.2474944586689752,150.68493150684935,61.005743661518544,39.425820593156125,0.6462640765745686,600.0,0.2050804643318288,0.0588408008859808,0.2869156800365632,230.71798217965164,-0.6051945081392822,0.0042593848206886,0.6094538929599709,0.1866127417103429,1.0,2,True,The solver successfully reached the end of the integration interval.,1.929,True,True,radius_large
OVCAR-8,hamming+zero,2,740,3053,1.0000000116860974e-07,9.99999993922529e-09,-26.979999542236328,,NSC740,dactinomycin,other,dna_intercalator,814309305.0081123,660653715.7308996,0.8113056201959009,0.2230456665963557,5.4,0.7769543334036442,0.0816851858521799,,-0.0015437733091747,0.5911456346686152,0.6855468632763075,0.1639628519369751,,0.0343570955361586,0.4938029351828645,5.0464400991750935,0.7914607412726251,0.7768416436451993,5.25,0.4237959699125112,0.2474944586689752,150.68493150684935,61.005743661518544,39.425820593156125,0.6462640765745686,600.0,0.2050804643318288,0.0588408008859808,0.2869156800365632,230.71798217965164,-0.6051945081392822,0.0042593848206886,0.6094538929599709,0.1866127417103429,1.0,2,True,The solver successfully reached the end of the integration interval.,1.944,True,True,radius_large
OVCAR-8,hamming+zero,8,740,3053,1.0000000116860974e-07,9.99999993922529e-09,-26.979999542236328,,NSC740,dactinomycin,other,dna_intercalator,814309305.0081123,660653715.7308996,0.8113056201959009,0.2230456665963557,5.4,0.7769543334036442,0.0816851858521799,,-0.0015437733091747,0.5911456346686152,0.6855468632763075,0.1639628519369751,,0.0343570955361586,0.4938029351828645,5.0464400991750935,0.7914607412726251,0.7768416436451993,5.25,0.4237959699125112,0.2474944586689752,150.68493150684935,61.005743661518544,39.425820593156125,0.6462640765745686,600.0,0.2050804643318288,0.0588408008859808,0.2869156800365632,230.71798217965164,-0.6051945081392822,0.0042593848206886,0.6094538929599709,0.1866127417103429,1.0,2,True,The solver successfully reached the end of the integration interval.,1.95,True,True,radius_large
OVCAR-8,ours+zero,2,125066,681239,9.999999974752427e-07,3.000000106112566e-07,-93.2300033569336,,bleomycin,bortezomib,dna_cleaver,proteasome,814309305.0081123,615904930.9584309,0.756352564278134,0.0349469442225214,5.6000000000000005,0.9650530557774786,0.2247434376514842,,0.0289164275540582,1.3947268126940142,0.3799939992202508,0.4202232616097941,,0.0244015004682333,0.8726446426901671,3.987402233649059,0.8348450910064343,0.9646436969963758,5.25,0.3863144225698152,0.1973272226481886,164.38356164383566,0.0469345509671727,0.0234654851094122,0.4999618538126548,600.0,2.8664938663465582,1.6224199881754355,0.5659945786813295,600.0,-2.806480554845804,0.09027262384995,2.896753178695754,0.1504039281705236,1.0,2,True,The solver successfully reached the end of the integration interval.,2.194,True,True,radius_large
OVCAR-8,ours+zero,8,125066,681239,9.999999974752427e-07,3.000000106112566e-07,-93.2300033569336,,bleomycin,bortezomib,dna_cleaver,proteasome,814309305.0081123,615904930.9584309,0.756352564278134,0.0349469442225214,5.6000000000000005,0.9650530557774786,0.2247434376514842,,0.0289164275540582,1.3947268126940142,0.3799939992202508,0.4202232616097941,,0.0244015004682333,0.8726446426901671,3.987402233649059,0.8348450910064343,0.9646436969963758,5.25,0.3863144225698152,0.1973272226481886,164.38356164383566,0.0469345509671727,0.0234654851094122,0.4999618538126548,600.0,2.8664938663465582,1.6224199881754355,0.5659945786813295,600.0,-2.806480554845804,0.09027262384995,2.896753178695754,0.1504039281705236,1.0,2,True,The solver successfully reached the end of the integration interval.,2.237,True,True,radius_large
OVCAR-8,random,2,8806,754143,1.0000000116860974e-07,9.99999993922529e-09,12.972000122070312,,melphalan,bendamustine,alkylator,alkylator,814309305.0081123,660826898.2521776,0.8115182943237942,0.1073505543192419,4.6000000000000005,0.8926494456807581,0.1016861463791935,,-0.0016576035280789,0.9149336758520932,0.6576577630972658,0.1820000490375189,,0.0348740022761782,0.8016722745877899,3.747501297553367,0.7772668911970186,0.8698913369246772,5.25,0.4237959699125112,0.2474944586689752,150.68493150684935,0.0342117755132451,0.0216581836684222,0.633062252499499,600.0,4.068882418645005,2.612849008311901,0.6421539723878323,600.0,-0.5187066652171861,0.0028437573592856,0.5215504225764718,0.1860900507221985,1.0,2,True,The solver successfully reached the end of the integration interval.,1.917,True,True,radius_large
OVCAR-8,random,8,85998,713563,9.999999747378752e-05,9.999999747378752e-05,-19.92300033569336,,streptozocin,arsenic trioxide,alkylator,other,814309305.0081123,659372433.0735546,0.8097321607629006,0.5128363885356617,4.4,0.4871636114643383,0.0190281632006208,,-0.0007006776430719,0.2374626680021772,0.8813596882427289,0.0548468171958586,,0.0303226472247751,0.1181653915488532,9.160269144577033,-0.4967775739335185,0.4374132283417823,5.25,0.4237959699125112,0.2474944586689752,150.68493150684935,0.014237267842602,0.0086187227172252,0.6053635298926915,600.0,2.3689685491773296,1.319178259541112,0.556857650136057,600.0,0.0680324005859358,-0.0002148786567452,-0.0682472792426811,0.1825758312387563,1.0,2,True,The solver successfully reached the end of the integration interval.,1.876,True,True,radius_large
PC-3,no_treatment,-1,-1,-1,0.0,0.0,,,,,,,814309305.0081123,658309479.1393347,0.8084268165556286,0.8084268165556286,21.0,0.1915731834443713,,,0.0,0.0,1.0,0.0,,0.0173982680412371,0.0453834702764911,15.271595056279116,0.974511970768028,0.1277617581108494,5.25,0.4237959699125112,0.2474944586689752,150.68493150684935,,,,,,,,,0.0,0.0,0.0,0.1811352562414221,1.0,0,True,The solver successfully reached the end of the integration interval.,0.183,,,radius_large
OVCAR-8,tanimoto+zero,2,1390,713563,0.0001999999949475,9.999999747378752e-05,-43.05500030517578,,NSC1390,arsenic trioxide,other,other,814309305.0081123,659426698.2377284,0.8097988002619705,0.5021745457198732,4.4,0.4978254542801268,0.019358692429944,,-0.000736417826416,0.2465868057987341,0.880401383832992,0.0553192834851594,,0.0304162554880241,0.1190810871997072,9.12944307946492,-0.4851234601999374,0.4434895665012083,5.25,0.4237959699125112,0.2474944586689752,150.68493150684935,9.765587997067096,5.802777737583958,0.594206691837369,600.0,2.3689685491773296,1.3183917372285978,0.5565256396867045,600.0,0.0575493825449484,-0.0002246215582195,-0.057774004103168,0.1826391277506772,1.0,2,True,The solver successfully reached the end of the integration interval.,1.841,True,True,radius_large
OVCAR-8,tanimoto+zero,8,1390,713563,0.0001999999949475,9.999999747378752e-05,-43.05500030517578,,NSC1390,arsenic trioxide,other,other,814309305.0081123,659426698.2377284,0.8097988002619705,0.5021745457198732,4.4,0.4978254542801268,0.019358692429944,,-0.000736417826416,0.2465868057987341,0.880401383832992,0.0553192834851594,,0.0304162554880241,0.1190810871997072,9.12944307946492,-0.4851234601999374,0.4434895665012083,5.25,0.4237959699125112,0.2474944586689752,150.68493150684935,9.765587997067096,5.802777737583958,0.594206691837369,600.0,2.3689685491773296,1.3183917372285978,0.5565256396867045,600.0,0.0575493825449484,-0.0002246215582195,-0.057774004103168,0.1826391277506772,1.0,2,True,The solver successfully reached the end of the integration interval.,1.777,True,True,radius_large
PC-3,act_hamming+zero,1,740,6396,9.99999993922529e-09,1.0000000116860974e-07,-31.86000061035156,,NSC740,thiotepa,other,alkylator,814309305.0081123,659359909.2544106,0.809716781079693,0.47779798943137,4.4,0.52220201056863,0.0228313267713391,,-0.000692428773499,0.2681971832544009,0.8663977404316298,0.0622826890228033,,0.031254374756117,0.1314929871373699,8.82837144114244,-0.3183745455959685,0.4727129894876919,5.25,0.4237959699125112,0.2474944586689752,150.68493150684935,5.297392148459928,3.093843918998235,0.5840315068797928,600.0,6.333358819046819e-05,3.8614638323024104e-05,0.6097023621477943,600.0,0.0460381267479836,0.0002618159214756,-0.045776310826508,0.1827554455169422,1.0,2,True,The solver successfully reached the end of the integration interval.,2.31,True,True,radius_large
PC-3,act_hamming+zero,9,681239,750690,3.000000106112566e-07,1.0000000116860974e-07,-37.0,,bortezomib,everolimus,proteasome,kinase_inhibitor,814309305.0081123,599377085.3416364,0.7360557980307806,0.005528752930686,4.6000000000000005,0.994471247069314,0.3051954493653713,,0.0407299731297893,2.2031107845800877,0.3186185224876557,0.4967289806367224,,0.0229462279107338,1.4876172242173529,2.7617359421905516,0.8093622544633534,0.9925083350544098,5.25,0.3863144225698152,0.0,164.38356164383566,16.44251124641934,10.442630738716185,0.6350995040973598,600.0,0.1288778901525277,0.0808820077930919,0.6275863741823178,600.0,0.8683562009229293,0.0615986868379756,-0.8067575140849537,0.1055130089636376,1.0,2,True,The solver successfully reached the end of the integration interval.,1.779,True,True,radius_large
PC-3,act_hamming+zero,6,740,6396,9.99999993922529e-09,1.0000000116860974e-07,-31.86000061035156,,NSC740,thiotepa,other,alkylator,814309305.0081123,659359909.2544106,0.809716781079693,0.47779798943137,4.4,0.52220201056863,0.0228313267713391,,-0.000692428773499,0.2681971832544009,0.8663977404316298,0.0622826890228033,,0.031254374756117,0.1314929871373699,8.82837144114244,-0.3183745455959685,0.4727129894876919,5.25,0.4237959699125112,0.2474944586689752,150.68493150684935,5.297392148459928,3.093843918998235,0.5840315068797928,600.0,6.333358819046819e-05,3.8614638323024104e-05,0.6097023621477943,600.0,0.0460381267479836,0.0002618159214756,-0.045776310826508,0.1827554455169422,1.0,2,True,The solver successfully reached the end of the integration interval.,2.312,True,True,radius_large
PC-3,hamming+zero,1,740,6396,9.99999993922529e-09,1.0000000116860974e-07,-31.86000061035156,,NSC740,thiotepa,other,alkylator,814309305.0081123,659359909.2544106,0.809716781079693,0.47779798943137,4.4,0.52220201056863,0.0228313267713391,,-0.000692428773499,0.2681971832544009,0.8663977404316298,0.0622826890228033,,0.031254374756117,0.1314929871373699,8.82837144114244,-0.3183745455959685,0.4727129894876919,5.25,0.4237959699125112,0.2474944586689752,150.68493150684935,5.297392148459928,3.093843918998235,0.5840315068797928,600.0,6.333358819046819e-05,3.8614638323024104e-05,0.6097023621477943,600.0,0.0460381267479836,0.0002618159214756,-0.045776310826508,0.1827554455169422,1.0,2,True,The solver successfully reached the end of the integration interval.,2.284,True,True,radius_large
PC-3,hamming+zero,9,681239,750690,3.000000106112566e-07,1.0000000116860974e-07,-37.0,,bortezomib,everolimus,proteasome,kinase_inhibitor,814309305.0081123,599377085.3416364,0.7360557980307806,0.005528752930686,4.6000000000000005,0.994471247069314,0.3051954493653713,,0.0407299731297893,2.2031107845800877,0.3186185224876557,0.4967289806367224,,0.0229462279107338,1.4876172242173529,2.7617359421905516,0.8093622544633534,0.9925083350544098,5.25,0.3863144225698152,0.0,164.38356164383566,16.44251124641934,10.442630738716185,0.6350995040973598,600.0,0.1288778901525277,0.0808820077930919,0.6275863741823178,600.0,0.8683562009229293,0.0615986868379756,-0.8067575140849537,0.1055130089636376,1.0,2,True,The solver successfully reached the end of the integration interval.,1.806,True,True,radius_large
PC-3,hamming+zero,6,740,6396,9.99999993922529e-09,1.0000000116860974e-07,-31.86000061035156,,NSC740,thiotepa,other,alkylator,814309305.0081123,659359909.2544106,0.809716781079693,0.47779798943137,4.4,0.52220201056863,0.0228313267713391,,-0.000692428773499,0.2681971832544009,0.8663977404316298,0.0622826890228033,,0.031254374756117,0.1314929871373699,8.82837144114244,-0.3183745455959685,0.4727129894876919,5.25,0.4237959699125112,0.2474944586689752,150.68493150684935,5.297392148459928,3.093843918998235,0.5840315068797928,600.0,6.333358819046819e-05,3.8614638323024104e-05,0.6097023621477943,600.0,0.0460381267479836,0.0002618159214756,-0.045776310826508,0.1827554455169422,1.0,2,True,The solver successfully reached the end of the integration interval.,2.289,True,True,radius_large
PC-3,ours+zero,1,673596,754143,9.99999993922529e-09,9.99999993922529e-09,-76.30000305175781,,NSC673596,bendamustine,other,alkylator,814309305.0081123,659244733.2897189,0.8095753410101968,0.4373392363599281,4.4,0.5626607636400719,0.0266145037059094,,-0.000616560261548,0.3066230588764697,0.8501419268639104,0.0705085649816316,,0.0322173743169918,0.1474692707311669,8.465370019834895,-0.2462717722644067,0.5123698526650798,5.25,0.4237959699125112,0.2474944586689752,150.68493150684935,0.0325309557626348,0.0179515383440063,0.5518294167251451,600.0,1.1090544281393298,0.6876760382801481,0.620056167517286,600.0,0.0609531953724794,0.0003229814334596,-0.0606302139390197,0.182623821040448,1.0,2,True,The solver successfully reached the end of the integration interval.,1.98,True,True,radius_large
PC-3,ours+zero,9,123127,681239,4.999999987376214e-07,3.000000106112566e-07,-91.41999816894533,,doxorubicin,bortezomib,dna_intercalator,proteasome,814309305.0081123,591093638.4925642,0.7258834387096628,0.0041169435878086,4.6000000000000005,0.9958830564121912,0.326082782907828,,0.0467738232555029,2.3311630510268047,0.2972428755316309,0.5268885459754763,,0.0217927389152225,1.5179364970027154,2.756023713604435,0.7863001125235076,0.9944120276214292,5.25,0.3790937337153559,0.0,167.1232876712329,8.609056652850331,5.249546390566672,0.6097702224817657,600.0,16.44251124641934,10.445206600621884,0.6352561627650717,600.0,0.8741173238377159,0.0724122589224438,-0.801705064915272,0.0962301627254994,1.0,2,True,The solver successfully reached the end of the integration interval.,1.894,True,True,radius_large
PC-3,ours+zero,6,24559,681239,9.999999974752427e-07,3.000000106112566e-07,-82.56999969482422,,NSC24559,bortezomib,other,proteasome,814309305.0081123,495707160.7252813,0.6087455438328105,0.0006618970035487,4.6000000000000005,0.9993381029964512,0.4454269343488449,,0.1232049160960186,3.1249475521559833,0.1731151096904395,0.761665024736964,,0.013434490184148,1.6331725634479228,2.9153612909357305,0.677105233665541,0.9991457395146064,5.25,0.0,0.0,600.0,2.422824516355851,1.5369722289324137,0.6343720804196584,600.0,16.44251124641934,10.455563209068906,0.635886030568828,600.0,0.7172395886964889,0.2114078125281623,-0.5058317761683265,0.0,1.0,2,True,The solver successfully reached the end of the integration interval.,2.039,True,True,radius_large
PC-3,random,1,279836,761432,4.999999987376214e-07,4.999999858590343e-10,28.219999313354492,,NSC279836,NSC761432,other,other,814309305.0081123,658836503.9305898,0.8090740212332785,0.5803499494643234,4.6000000000000005,0.4196500505356766,0.0172650117793867,,-0.0003475453348757,0.1820480162095344,0.8884810302811629,0.0513518402640392,,0.029632994139446,0.1129629238237282,9.384358744693111,-0.301366470142131,0.4072263425122356,5.25,0.4237959699125112,0.2474944586689752,150.68493150684935,0.4513395075304535,0.2458737049547478,0.5447644198046586,600.0,2.404650062963026,1.35657233517363,0.5641454264251873,600.0,0.0767170830590553,0.000542184951925,-0.0761748981071303,0.182183068542155,1.0,2,True,The solver successfully reached the end of the integration interval.,1.698,True,True,radius_large
PC-3,random,6,279836,737754,4.999999987376214e-07,1.0000000116860974e-07,27.4950008392334,,NSC279836,ixabepilone,other,antimitotic,814309305.0081123,658378657.2453097,0.8085117696631882,0.8085117696631882,21.0,0.1914882303368118,,,-4.5635209873765955e-05,-4.5635209873765955e-05,0.9887611668770712,0.0049085986288246,,0.0192402171852232,0.051138376017989,13.889628022783883,0.792994306030419,0.1571279045838305,5.25,0.4237959699125112,0.2474944586689752,150.68493150684935,0.4513395075304535,0.2358767666248241,0.5226149333025288,600.0,0.0037159631513533,0.0006898811484802,0.1856533879322731,128.842594642515,0.0089137367480535,-1.5826568074972514e-05,-0.0089295633161284,0.1812277703355899,1.0,2,True,The solver successfully reached the end of the integration interval.,1.573,True,True,radius_large
PC-3,random,9,681239,750690,3.000000106112566e-07,1.0000000116860974e-07,-37.0,,bortezomib,everolimus,proteasome,kinase_inhibitor,814309305.0081123,599377085.3416364,0.7360557980307806,0.005528752930686,4.6000000000000005,0.994471247069314,0.3051954493653713,,0.0407299731297893,2.2031107845800877,0.3186185224876557,0.4967289806367224,,0.0229462279107338,1.4876172242173529,2.7617359421905516,0.8093622544633534,0.9925083350544098,5.25,0.3863144225698152,0.0,164.38356164383566,16.44251124641934,10.442630738716185,0.6350995040973598,600.0,0.1288778901525277,0.0808820077930919,0.6275863741823178,600.0,0.8683562009229293,0.0615986868379756,-0.8067575140849537,0.1055130089636376,1.0,2,True,The solver successfully reached the end of the integration interval.,1.731,True,True,radius_large
PC-3,tanimoto+zero,1,750,92859,4.999999873689376e-05,6.000000212225132e-06,-39.7599983215332,,NSC750,dromostanolone,other,hormonal,814309305.0081123,658812537.6636598,0.8090445898283044,0.5430034105919002,4.6000000000000005,0.4569965894080998,0.015973618631871,,-0.0003317468678301,0.210935409777955,0.8894756850157797,0.0508659194269442,,0.0296258113730163,0.11135112159153,9.39190867100376,-0.5102131482187593,0.4165436071620244,5.25,0.4237959699125112,0.2474944586689752,150.68493150684935,231.23362626659684,150.8680071349995,0.6524483898421366,600.0,11.901275414901978,7.51746455558236,0.6316520115289069,600.0,0.0631996453956027,0.0003596395246844,-0.0628400058709183,0.1820149036881503,1.0,2,True,The solver successfully reached the end of the integration interval.,1.855,True,True,radius_large
T-47D,no_treatment,-1,-1,-1,0.0,0.0,,,,,,,814309305.0081123,658309479.1393347,0.8084268165556286,0.8084268165556286,21.0,0.1915731834443713,,,0.0,0.0,1.0,0.0,,0.0173982680412371,0.0453834702764911,15.271595056279116,0.974511970768028,0.1277617581108494,5.25,0.4237959699125112,0.2474944586689752,150.68493150684935,,,,,,,,,0.0,0.0,0.0,0.1811352562414221,1.0,0,True,The solver successfully reached the end of the integration interval.,0.167,,,radius_large
PC-3,tanimoto+zero,6,750,92859,4.999999873689376e-05,6.000000212225132e-06,-39.7599983215332,,NSC750,dromostanolone,other,hormonal,814309305.0081123,658812537.6636598,0.8090445898283044,0.5430034105919002,4.6000000000000005,0.4569965894080998,0.015973618631871,,-0.0003317468678301,0.210935409777955,0.8894756850157797,0.0508659194269442,,0.0296258113730163,0.11135112159153,9.39190867100376,-0.5102131482187593,0.4165436071620244,5.25,0.4237959699125112,0.2474944586689752,150.68493150684935,231.23362626659684,150.8680071349995,0.6524483898421366,600.0,11.901275414901978,7.51746455558236,0.6316520115289069,600.0,0.0631996453956027,0.0003596395246844,-0.0628400058709183,0.1820149036881503,1.0,2,True,The solver successfully reached the end of the integration interval.,1.812,True,True,radius_large
PC-3,tanimoto+zero,9,681239,750690,3.000000106112566e-07,1.0000000116860974e-07,-37.0,,bortezomib,everolimus,proteasome,kinase_inhibitor,814309305.0081123,599377085.3416364,0.7360557980307806,0.005528752930686,4.6000000000000005,0.994471247069314,0.3051954493653713,,0.0407299731297893,2.2031107845800877,0.3186185224876557,0.4967289806367224,,0.0229462279107338,1.4876172242173529,2.7617359421905516,0.8093622544633534,0.9925083350544098,5.25,0.3863144225698152,0.0,164.38356164383566,16.44251124641934,10.442630738716185,0.6350995040973598,600.0,0.1288778901525277,0.0808820077930919,0.6275863741823178,600.0,0.8683562009229293,0.0615986868379756,-0.8067575140849537,0.1055130089636376,1.0,2,True,The solver successfully reached the end of the integration interval.,1.699,True,True,radius_large
T-47D,ours+zero,9,673596,681239,9.99999993922529e-09,2.999999892949745e-08,-88.95999908447266,,NSC673596,bortezomib,other,proteasome,814309305.0081123,596845477.9440557,0.7329468965580711,0.005620338352389,5.2,0.9943796616476108,0.3442848075028235,,0.0425682008949488,2.1912372817455927,0.2749555152528497,0.5607375645078121,,0.0201646363710894,1.3047969859911874,3.147164623865528,0.7321632885269631,0.9943538384903496,5.25,0.3719635855185788,0.1466901463059911,169.86301369863014,4.84315787577589,3.078858039062101,0.6357129207911394,600.0,0.5207749686267218,0.3131684262392851,0.6013507658885892,600.0,-3.130794786146182,0.099043283706466,3.229838069852648,0.1169189831635908,1.0,2,True,The solver successfully reached the end of the integration interval.,1.84,True,True,radius_large
T-47D,act_hamming+zero,9,79037,279836,4.999999873689376e-05,4.999999987376214e-07,38.91999816894531,,lomustine,NSC279836,alkylator,other,814309305.0081123,659012637.7542048,0.8092903196625507,0.3939155745634024,4.6000000000000005,0.6060844254365976,0.0294083831971382,,-0.000463634416256,0.3503348149629853,0.8358942146167646,0.0778486805934533,,0.032981064721204,0.1648888791648775,8.13331300022659,-0.1293136511813344,0.5562258431757539,5.25,0.4237959699125112,0.2474944586689752,150.68493150684935,5.002740239714067,3.171689422193175,0.6339904272891957,600.0,11.09291211405064,6.80404198846041,0.61336842106972,600.0,-0.016946124295599,0.0007273587088412,0.0176734830044402,0.1824538270487219,1.0,2,True,The solver successfully reached the end of the integration interval.,2.496,True,True,radius_large
T-47D,hamming+zero,9,79037,279836,4.999999873689376e-05,4.999999987376214e-07,38.91999816894531,,lomustine,NSC279836,alkylator,other,814309305.0081123,659012637.7542048,0.8092903196625507,0.3939155745634024,4.6000000000000005,0.6060844254365976,0.0294083831971382,,-0.000463634416256,0.3503348149629853,0.8358942146167646,0.0778486805934533,,0.032981064721204,0.1648888791648775,8.13331300022659,-0.1293136511813344,0.5562258431757539,5.25,0.4237959699125112,0.2474944586689752,150.68493150684935,5.002740239714067,3.171689422193175,0.6339904272891957,600.0,11.09291211405064,6.80404198846041,0.61336842106972,600.0,-0.016946124295599,0.0007273587088412,0.0176734830044402,0.1824538270487219,1.0,2,True,The solver successfully reached the end of the integration interval.,2.553,True,True,radius_large
T-47D,tanimoto+zero,9,713563,747972,9.999999747378752e-05,2.9999999242136255e-05,24.45599937438965,,arsenic trioxide,lapatinib,other,kinase_inhibitor,814309305.0081123,658641600.1617957,0.8088346726619244,0.7188182227921183,4.4,0.2811817772078817,0.0054599297402225,,-0.0002190488814714,0.0908224227709045,0.9448956028688176,0.0246161720225466,,0.0248802597921358,0.0754601133475728,11.057657773065907,-0.636502153023746,0.2670389945500229,5.25,0.4237959699125112,0.2474944586689752,150.68493150684935,2.247734761770227,1.2332633892713265,0.548669447234983,600.0,456.90223552326705,298.9416480920647,0.6542792414874091,600.0,0.0479731275123198,3.584576719550814e-05,-0.0479372817451243,0.1816423783273916,1.0,2,True,The solver successfully reached the end of the integration interval.,1.826,True,True,radius_large
T-47D,random,9,45388,125973,4.999999987376214e-07,5.99999978589949e-08,29.951000213623047,,dacarbazine,paclitaxel,alkylator,antimitotic,814309305.0081123,659539097.5385793,0.8099368304922033,0.6467628834038951,4.800000000000001,0.3532371165961049,0.0114595488990475,,-0.0008104370260098,0.1333523881653774,0.9178266406962862,0.0372393406929215,,0.0276045420801605,0.0935041080230463,10.07380598380165,-0.3546494791015169,0.3478114813592711,5.25,0.4237959699125112,0.2474944586689752,150.68493150684935,0.0778429239898828,0.0468748749651679,0.6021725875978169,600.0,7.097702764445099,1.9387917460672923,0.2731576413398692,225.0274070670862,-0.0514609033718962,0.0004073802953742,0.0518682836672704,0.1830761246732612,1.0,2,True,The solver successfully reached the end of the integration interval.,2.884,True,True,radius_large
DU-145,no_treatment,-1,-1,-1,0.0,0.0,,,,,,,58906027.25742431,64905420.3665175,1.10184684638255,1.0,0.0,0.0,0.0021941401521776,0.0,0.0,0.0,1.0,0.0,,0.0066682628176832,5.78243091032978e-23,0.0,-2.2528097622290995,-0.0944270043552504,5.25,0.0,0.0,250.0,,,,,,,,,0.0,0.0,0.0,0.0,1.0,0,True,The solver successfully reached the end of the integration interval.,0.153,,,radius_small
DU-145,ours+zero,7,67574,754143,1.0000000116860974e-07,9.99999993922529e-09,-66.76000213623047,,vincristine,bendamustine,antimitotic,alkylator,58906027.25742431,64359297.51309978,1.0925757602332309,0.0245867646326867,4.4,0.9754132353673132,0.2188106474056719,11.8,0.0036696719219171,1.646891752844364,0.4872775923764278,0.3122235593369895,,0.0384887167779453,1.6236966388681655,2.2513106400543785,0.8929508470345737,0.9624595625016552,5.25,0.0,0.0,250.0,10.501821987414438,6.750451645631839,0.6427886183675265,250.0,15.711282702554875,9.519198851563903,0.6058829843355786,250.0,0.0211646172376888,0.0064129215046521,-0.0147516957330366,0.0,1.0,2,True,The solver successfully reached the end of the integration interval.,6.638,True,True,radius_small
DU-145,act_hamming+zero,7,740,9706,9.99999993922529e-09,4.999999873689376e-06,-42.18000030517578,,NSC740,triethylenemelamine,other,alkylator,58906027.25742431,64224362.72861949,1.0902850814901095,0.0186275146563096,4.4,0.9813724853436904,0.2407562267411387,12.2,0.0045811633776366,1.7674382228442036,0.4609174135652237,0.3363768838207466,,0.0375212705324217,1.743965457187782,2.1549466249227223,0.8813746030415909,0.971931739330018,5.25,0.0,0.0,250.0,1.4550478895615448,0.940404126639532,0.6463045879011635,250.0,9.924387754952315,6.011335874939639,0.6057135234301939,250.0,0.0236130417299731,0.0083679850264801,-0.0152450567034929,0.0,1.0,2,True,The solver successfully reached the end of the integration interval.,12.848,True,True,radius_small
DU-145,hamming+zero,7,740,9706,9.99999993922529e-09,4.999999873689376e-06,-42.18000030517578,,NSC740,triethylenemelamine,other,alkylator,58906027.25742431,64224362.72861949,1.0902850814901095,0.0186275146563096,4.4,0.9813724853436904,0.2407562267411387,12.2,0.0045811633776366,1.7674382228442036,0.4609174135652237,0.3363768838207466,,0.0375212705324217,1.743965457187782,2.1549466249227223,0.8813746030415909,0.971931739330018,5.25,0.0,0.0,250.0,1.4550478895615448,0.940404126639532,0.6463045879011635,250.0,9.924387754952315,6.011335874939639,0.6057135234301939,250.0,0.0236130417299731,0.0083679850264801,-0.0152450567034929,0.0,1.0,2,True,The solver successfully reached the end of the integration interval.,12.898,True,True,radius_small
MDA-MB-231/ATCC,no_treatment,-1,-1,-1,0.0,0.0,,,,,,,58906027.25742431,64905420.3665175,1.10184684638255,1.0,0.0,0.0,0.0021941401521776,0.0,0.0,0.0,1.0,0.0,,0.0066682628176832,5.78243091032978e-23,0.0,-2.2528097622290995,-0.0944270043552504,5.25,0.0,0.0,250.0,,,,,,,,,0.0,0.0,0.0,0.0,1.0,0,True,The solver successfully reached the end of the integration interval.,0.171,,,radius_small
MDA-MB-231/ATCC,act_hamming+zero,2,740,24559,9.999999717180683e-10,9.999999974752427e-07,-47.369998931884766,,NSC740,NSC24559,other,other,58906027.25742431,64881669.61454249,1.1014436490684412,0.3702060737473718,4.4,0.6297939262526282,0.0443761852927638,5.800000000000001,0.0001589498715233,0.4691495969385848,0.807189710547955,0.0930243827978138,,0.0403114586496568,0.1330304042898619,6.887787654156141,0.2911050359559011,0.5148425214151218,5.25,0.0,0.0,250.0,0.0018356311089325,0.0011452407534077,0.6238948271440785,250.0,2.464070125116591,1.5641828248966407,0.6347963919341091,250.0,0.0004991866880956,0.0003411597068687,-0.0001580269812269,0.0,1.0,2,True,The solver successfully reached the end of the integration interval.,2.404,True,True,radius_small
MDA-MB-231/ATCC,act_hamming+zero,6,740,24559,9.999999717180683e-10,9.999999974752427e-07,-47.369998931884766,,NSC740,NSC24559,other,other,58906027.25742431,64881669.61454249,1.1014436490684412,0.3702060737473718,4.4,0.6297939262526282,0.0443761852927638,5.800000000000001,0.0001589498715233,0.4691495969385848,0.807189710547955,0.0930243827978138,,0.0403114586496568,0.1330304042898619,6.887787654156141,0.2911050359559011,0.5148425214151218,5.25,0.0,0.0,250.0,0.0018356311089325,0.0011452407534077,0.6238948271440785,250.0,2.464070125116591,1.5641828248966407,0.6347963919341091,250.0,0.0004991866880956,0.0003411597068687,-0.0001580269812269,0.0,1.0,2,True,The solver successfully reached the end of the integration interval.,2.388,True,True,radius_small
MDA-MB-231/ATCC,act_hamming+zero,7,82151,713563,1.999999987845058e-08,9.999999747378752e-05,-54.54100036621094,,daunorubicin,arsenic trioxide,dna_intercalator,other,58906027.25742431,64883219.06920627,1.1014699529075545,0.388219456019741,4.4,0.611780543980259,0.0421682471993939,5.6,0.0001485785050112,0.4485158399059909,0.8140155068179848,0.0893673218167733,,0.0397579854820119,0.123760419190242,6.944397984458755,0.2823955961476845,0.4956771239340386,5.25,0.0,0.0,250.0,0.1181595423028795,0.0530932214021213,0.4493350292947728,250.0,2.404551954742679,1.5250382260105524,0.6342296838305385,250.0,0.0004636855230515,0.0003193675584489,-0.0001443179646025,0.0,1.0,2,True,The solver successfully reached the end of the integration interval.,6.956,True,True,radius_small
DU-145,tanimoto+zero,7,740,9706,9.99999993922529e-09,4.999999873689376e-06,-42.18000030517578,,NSC740,triethylenemelamine,other,alkylator,58906027.25742431,64224362.72861949,1.0902850814901095,0.0186275146563096,4.4,0.9813724853436904,0.2407562267411387,12.2,0.0045811633776366,1.7674382228442036,0.4609174135652237,0.3363768838207466,,0.0375212705324217,1.743965457187782,2.1549466249227223,0.8813746030415909,0.971931739330018,5.25,0.0,0.0,250.0,1.4550478895615448,0.940404126639532,0.6463045879011635,250.0,9.924387754952315,6.011335874939639,0.6057135234301939,250.0,0.0236130417299731,0.0083679850264801,-0.0152450567034929,0.0,1.0,2,True,The solver successfully reached the end of the integration interval.,12.892,True,True,radius_small
MDA-MB-231/ATCC,act_hamming+zero,8,740,24559,9.999999717180683e-10,9.999999974752427e-07,-47.369998931884766,,NSC740,NSC24559,other,other,58906027.25742431,64881669.61454249,1.1014436490684412,0.3702060737473718,4.4,0.6297939262526282,0.0443761852927638,5.800000000000001,0.0001589498715233,0.4691495969385848,0.807189710547955,0.0930243827978138,,0.0403114586496568,0.1330304042898619,6.887787654156141,0.2911050359559011,0.5148425214151218,5.25,0.0,0.0,250.0,0.0018356311089325,0.0011452407534077,0.6238948271440785,250.0,2.464070125116591,1.5641828248966407,0.6347963919341091,250.0,0.0004991866880956,0.0003411597068687,-0.0001580269812269,0.0,1.0,2,True,The solver successfully reached the end of the integration interval.,2.394,True,True,radius_small
MDA-MB-231/ATCC,hamming+zero,2,740,24559,9.999999717180683e-10,9.999999974752427e-07,-47.369998931884766,,NSC740,NSC24559,other,other,58906027.25742431,64881669.61454249,1.1014436490684412,0.3702060737473718,4.4,0.6297939262526282,0.0443761852927638,5.800000000000001,0.0001589498715233,0.4691495969385848,0.807189710547955,0.0930243827978138,,0.0403114586496568,0.1330304042898619,6.887787654156141,0.2911050359559011,0.5148425214151218,5.25,0.0,0.0,250.0,0.0018356311089325,0.0011452407534077,0.6238948271440785,250.0,2.464070125116591,1.5641828248966407,0.6347963919341091,250.0,0.0004991866880956,0.0003411597068687,-0.0001580269812269,0.0,1.0,2,True,The solver successfully reached the end of the integration interval.,2.409,True,True,radius_small
MDA-MB-231/ATCC,hamming+zero,6,740,24559,9.999999717180683e-10,9.999999974752427e-07,-47.369998931884766,,NSC740,NSC24559,other,other,58906027.25742431,64881669.61454249,1.1014436490684412,0.3702060737473718,4.4,0.6297939262526282,0.0443761852927638,5.800000000000001,0.0001589498715233,0.4691495969385848,0.807189710547955,0.0930243827978138,,0.0403114586496568,0.1330304042898619,6.887787654156141,0.2911050359559011,0.5148425214151218,5.25,0.0,0.0,250.0,0.0018356311089325,0.0011452407534077,0.6238948271440785,250.0,2.464070125116591,1.5641828248966407,0.6347963919341091,250.0,0.0004991866880956,0.0003411597068687,-0.0001580269812269,0.0,1.0,2,True,The solver successfully reached the end of the integration interval.,2.439,True,True,radius_small
MDA-MB-231/ATCC,hamming+zero,8,740,24559,9.999999717180683e-10,9.999999974752427e-07,-47.369998931884766,,NSC740,NSC24559,other,other,58906027.25742431,64881669.61454249,1.1014436490684412,0.3702060737473718,4.4,0.6297939262526282,0.0443761852927638,5.800000000000001,0.0001589498715233,0.4691495969385848,0.807189710547955,0.0930243827978138,,0.0403114586496568,0.1330304042898619,6.887787654156141,0.2911050359559011,0.5148425214151218,5.25,0.0,0.0,250.0,0.0018356311089325,0.0011452407534077,0.6238948271440785,250.0,2.464070125116591,1.5641828248966407,0.6347963919341091,250.0,0.0004991866880956,0.0003411597068687,-0.0001580269812269,0.0,1.0,2,True,The solver successfully reached the end of the integration interval.,2.454,True,True,radius_small
DU-145,random,7,66847,754143,9.999999974752427e-07,9.99999993922529e-09,-38.16999816894531,,thalidomide,bendamustine,other,alkylator,58906027.25742431,64367011.47167931,1.0927067138714013,0.0251837248680919,4.4,0.974816275131908,0.2185065098979916,11.8,0.0036176214953159,1.6364731705784752,0.4880997664682905,0.3114914001319586,,0.038513584394206,1.60601595446599,2.268430405246959,0.8927068672601361,0.9622115345267188,5.25,0.0,0.0,250.0,1899.9999729811136,1237.4689966001215,0.6512994811565833,250.0,15.711282702554875,9.519145870265396,0.6058796121539746,250.0,0.020261152988941,0.0063983476133351,-0.0138628053756059,0.0,1.0,2,True,The solver successfully reached the end of the integration interval.,27.437,True,True,radius_small
MDA-MB-231/ATCC,hamming+zero,7,82151,713563,1.999999987845058e-08,9.999999747378752e-05,-54.54100036621094,,daunorubicin,arsenic trioxide,dna_intercalator,other,58906027.25742431,64883219.06920627,1.1014699529075545,0.388219456019741,4.4,0.611780543980259,0.0421682471993939,5.6,0.0001485785050112,0.4485158399059909,0.8140155068179848,0.0893673218167733,,0.0397579854820119,0.123760419190242,6.944397984458755,0.2823955961476845,0.4956771239340386,5.25,0.0,0.0,250.0,0.1181595423028795,0.0530932214021213,0.4493350292947728,250.0,2.404551954742679,1.5250382260105524,0.6342296838305385,250.0,0.0004636855230515,0.0003193675584489,-0.0001443179646025,0.0,1.0,2,True,The solver successfully reached the end of the integration interval.,6.926,True,True,radius_small
MDA-MB-231/ATCC,ours+zero,6,613327,754143,9.99999993922529e-09,9.99999993922529e-09,-90.0999984741211,,gemcitabine,bendamustine,antimetabolite,alkylator,58906027.25742431,64225522.33629147,1.0903047672120294,0.0190693074621772,4.4,0.9809306925378228,0.2374112725252876,12.2,0.0045733220126892,1.7572582155109084,0.4632562774799693,0.3341786869438964,,0.037609479402997,1.7586590316218529,2.1405768290067506,0.8839259620721556,0.9705976951639894,5.25,0.0,0.0,250.0,6.90651974161988,4.095856864527446,0.5930420845458684,250.0,16.469569332401257,9.979435454209383,0.6059317795624707,250.0,0.0256157114093055,0.0080822952511465,-0.0175334161581589,0.0,1.0,2,True,The solver successfully reached the end of the integration interval.,7.858,True,True,radius_small
MDA-MB-231/ATCC,ours+zero,7,82151,713563,1.999999987845058e-08,9.999999747378752e-05,-54.54100036621094,,daunorubicin,arsenic trioxide,dna_intercalator,other,58906027.25742431,64883219.06920627,1.1014699529075545,0.388219456019741,4.4,0.611780543980259,0.0421682471993939,5.6,0.0001485785050112,0.4485158399059909,0.8140155068179848,0.0893673218167733,,0.0397579854820119,0.123760419190242,6.944397984458755,0.2823955961476845,0.4956771239340386,5.25,0.0,0.0,250.0,0.1181595423028795,0.0530932214021213,0.4493350292947728,250.0,2.404551954742679,1.5250382260105524,0.6342296838305385,250.0,0.0004636855230515,0.0003193675584489,-0.0001443179646025,0.0,1.0,2,True,The solver successfully reached the end of the integration interval.,7.03,True,True,radius_small
MDA-MB-231/ATCC,random,2,246131,686673,1.9999999494757503e-05,2.0000000233721948e-07,-27.8799991607666,,mitoxantrone,NSC686673,dna_intercalator,other,58906027.25742431,64899749.60302579,1.1017505784154888,0.7601657908791534,4.4,0.2398342091208466,0.0141484278524917,3.2,3.794581209317045e-05,0.1566848151144608,0.923002118287626,0.03479730226816,,0.0255519579445325,0.0350858124814778,5.229131911211401,0.3683596496847867,0.1587581598478075,5.25,0.0,0.0,250.0,2.3045305279580006,0.9474774699124724,0.4111368707933817,250.0,0.0031046155193241,0.0018941310565547,0.6101016518036039,250.0,5.094814127826197e-05,9.214789019196255e-05,4.119974891370059e-05,0.0,1.0,2,True,The solver successfully reached the end of the integration interval.,4.869,True,True,radius_small
MDA-MB-231/ATCC,random,6,125973,737754,5.99999978589949e-08,9.999999747378752e-06,25.70599937438965,,paclitaxel,ixabepilone,antimitotic,antimitotic,58906027.25742431,64898287.22880677,1.101725752870683,0.7838768009201385,4.4,0.2161231990798615,0.0144628232304421,3.2,4.773180068483556e-05,0.1433453250653525,0.9248629384376794,0.0339226234671153,,0.0255345929997013,0.0350999883573587,5.247280851919941,0.3896358849541105,0.1701876796725657,5.25,0.0,0.0,250.0,6.251790332932513,3.3573780219639193,0.53702665047455,250.0,0.376363529046734,0.1746902104670629,0.4641528654743038,250.0,0.0002538229921786,8.691896041801428e-05,-0.0001669040317606,0.0,1.0,2,True,The solver successfully reached the end of the integration interval.,2.445,True,True,radius_small
MDA-MB-231/ATCC,ours+zero,2,681239,754143,3.000000106112566e-07,9.99999993922529e-09,-93.95999908447266,,bortezomib,bendamustine,proteasome,alkylator,58906027.25742431,52241467.39775916,0.8868611554715707,0.0008484271641926,4.6000000000000005,0.9991515728358074,0.4577980163020056,,0.0942655997861532,3.1094187439557426,0.1695792922062411,0.7706271817351814,,0.0186973349890808,3.333435313200672,1.5462925310691062,0.5900652768659856,0.9989294635409628,5.25,0.0,0.0,250.0,3.2756952361042613,2.1698743462291454,0.6624164306596931,250.0,16.469569332401257,9.982015467053008,0.606088432890287,250.0,0.3990347897054739,0.1628731350965381,-0.2361616546089358,0.0,1.0,2,True,The solver successfully reached the end of the integration interval.,23.115,True,True,radius_small
MDA-MB-231/ATCC,random,7,82151,713563,1.999999987845058e-08,9.999999747378752e-05,-54.54100036621094,,daunorubicin,arsenic trioxide,dna_intercalator,other,58906027.25742431,64883219.06920627,1.1014699529075545,0.388219456019741,4.4,0.611780543980259,0.0421682471993939,5.6,0.0001485785050112,0.4485158399059909,0.8140155068179848,0.0893673218167733,,0.0397579854820119,0.123760419190242,6.944397984458755,0.2823955961476845,0.4956771239340386,5.25,0.0,0.0,250.0,0.1181595423028795,0.0530932214021213,0.4493350292947728,250.0,2.404551954742679,1.5250382260105524,0.6342296838305385,250.0,0.0004636855230515,0.0003193675584489,-0.0001443179646025,0.0,1.0,2,True,The solver successfully reached the end of the integration interval.,6.936,True,True,radius_small
MDA-MB-231/ATCC,ours+zero,8,119875,713563,4.999999873689376e-06,9.999999747378752e-05,-42.95500183105469,,cisplatin,arsenic trioxide,platinum,other,58906027.25742431,64882944.59451703,1.1014652933726643,0.3864325076849161,4.4,0.6135674923150839,0.0423544919146301,5.6,0.0001504156995401,0.4505194833850159,0.8133806684291524,0.0897061536603637,,0.039808693643032,0.1245530618773015,6.939853493501117,0.2829215890641829,0.4972858966920677,5.25,0.0,0.0,250.0,0.9406837398224496,0.5475922539040998,0.5821215257823589,250.0,2.404551954742679,1.5251629503857005,0.6342815539408524,250.0,0.0004688620581911,0.0003234137961602,-0.0001454482620308,0.0,1.0,2,True,The solver successfully reached the end of the integration interval.,15.342,True,True,radius_small
MDA-MB-231/ATCC,tanimoto+zero,2,49842,713563,4.999999858590343e-10,9.999999747378752e-05,-22.812000274658203,,vinblastine,arsenic trioxide,antimitotic,other,58906027.25742431,64863336.89497472,1.101132429310102,0.2899484010351884,4.4,0.7100515989648115,0.0612734752576395,6.800000000000001,0.0002816798202704,0.5752724185135997,0.7612265150010727,0.1184860927994932,,0.0433144284078312,0.2519769959973317,5.9630990032416245,0.4273846198567551,0.6298530828984951,5.25,0.0,0.0,250.0,0.000189999992406,9.841539176647654e-05,0.5179757668418045,250.0,2.404551954742679,1.5302624743411526,0.6364023332175879,250.0,0.0009605479089812,0.0005920931661401,-0.000368454742841,0.0,1.0,2,True,The solver successfully reached the end of the integration interval.,2.468,True,True,radius_small
MDA-MB-231/ATCC,tanimoto+zero,6,38721,713563,1.9999999494757503e-05,9.999999747378752e-05,-10.20400047302246,,mitotane,arsenic trioxide,other,other,58906027.25742431,64879092.38062583,1.1013998974518977,0.3465427236634938,4.4,0.6534572763365061,0.0477992991109086,6.0,0.0001762012879225,0.4978363521970774,0.796884462896993,0.0986046406661286,,0.0410979459504547,0.1492224273432693,6.775311692030396,0.3087503480188999,0.542184656141404,5.25,0.0,0.0,250.0,1.1110288055148971,0.7006039958271493,0.6305903072445184,250.0,2.404551954742679,1.5264859608967434,0.6348317647643006,250.0,0.0005210490853865,0.0003833123617767,-0.0001377367236097,0.0,1.0,2,True,The solver successfully reached the end of the integration interval.,1.808,True,True,radius_small
MDA-MB-231/ATCC,tanimoto+zero,8,49842,713563,4.999999858590343e-10,9.999999747378752e-05,-22.812000274658203,,vinblastine,arsenic trioxide,antimitotic,other,58906027.25742431,64863336.89497472,1.101132429310102,0.2899484010351884,4.4,0.7100515989648115,0.0612734752576395,6.800000000000001,0.0002816798202704,0.5752724185135997,0.7612265150010727,0.1184860927994932,,0.0433144284078312,0.2519769959973317,5.9630990032416245,0.4273846198567551,0.6298530828984951,5.25,0.0,0.0,250.0,0.000189999992406,9.841539176647654e-05,0.5179757668418045,250.0,2.404551954742679,1.5302624743411526,0.6364023332175879,250.0,0.0009605479089812,0.0005920931661401,-0.000368454742841,0.0,1.0,2,True,The solver successfully reached the end of the integration interval.,2.505,True,True,radius_small
MDA-MB-435,no_treatment,-1,-1,-1,0.0,0.0,,,,,,,58906027.25742431,64905420.3665175,1.10184684638255,1.0,0.0,0.0,0.0021941401521776,0.0,0.0,0.0,1.0,0.0,,0.0066682628176832,5.78243091032978e-23,0.0,-2.2528097622290995,-0.0944270043552504,5.25,0.0,0.0,250.0,,,,,,,,,0.0,0.0,0.0,0.0,1.0,0,True,The solver successfully reached the end of the integration interval.,0.133,,,radius_small
MDA-MB-231/ATCC,tanimoto+zero,7,82151,713563,1.999999987845058e-08,9.999999747378752e-05,-54.54100036621094,,daunorubicin,arsenic trioxide,dna_intercalator,other,58906027.25742431,64883219.06920627,1.1014699529075545,0.388219456019741,4.4,0.611780543980259,0.0421682471993939,5.6,0.0001485785050112,0.4485158399059909,0.8140155068179848,0.0893673218167733,,0.0397579854820119,0.123760419190242,6.944397984458755,0.2823955961476845,0.4956771239340386,5.25,0.0,0.0,250.0,0.1181595423028795,0.0530932214021213,0.4493350292947728,250.0,2.404551954742679,1.5250382260105524,0.6342296838305385,250.0,0.0004636855230515,0.0003193675584489,-0.0001443179646025,0.0,1.0,2,True,The solver successfully reached the end of the integration interval.,6.957,True,True,radius_small
MDA-MB-435,act_hamming+zero,0,740,24559,1.0000000116860974e-07,9.999999974752427e-07,-92.08999633789062,,NSC740,NSC24559,other,other,58906027.25742431,64769261.93693054,1.0995353948057538,0.1042646364119922,4.4,0.8957353635880078,0.1280100992257077,9.2,0.0009120188353683,1.0194561035097098,0.6282596339429786,0.2018608430677457,,0.042375737350732,0.9227178662922694,3.1921748726424237,0.8387388358249357,0.8719020132954833,5.25,0.0,0.0,250.0,73.75906315777168,47.96527699534878,0.6502967220821444,250.0,2.539011248752824,1.6298355355837768,0.6419174142628792,250.0,0.0030282248772245,0.0019263188616059,-0.0011019060156185,0.0,1.0,2,True,The solver successfully reached the end of the integration interval.,6.44,True,True,radius_small
MDA-MB-231/ATCC,random,8,24559,409962,9.999999974752427e-07,2.0000000233721948e-07,-40.54999923706055,,NSC24559,carmustine,other,alkylator,58906027.25742431,64879005.271586046,1.101398418672156,0.3489856613859246,4.4,0.6510143386140754,0.0473558857410337,6.0,0.0001767843879523,0.4947855529538679,0.7983809814026358,0.0977898171243259,,0.0409944447275078,0.1467860068586824,6.792715730861805,0.3055310614040867,0.5396109228230113,5.25,0.0,0.0,250.0,2.464070125116591,1.565409076989786,0.6352940450165624,250.0,7.600000280806509e-05,4.534189803170106e-05,0.5966038994262957,250.0,0.0005727432267644,0.000376379564561,-0.0001963636622034,0.0,1.0,2,True,The solver successfully reached the end of the integration interval.,14.559,True,True,radius_small
MDA-MB-435,act_hamming+zero,1,740,24559,1.0000000116860974e-07,9.999999974752427e-07,-92.08999633789062,,NSC740,NSC24559,other,other,58906027.25742431,64769261.93693054,1.0995353948057538,0.1042646364119922,4.4,0.8957353635880078,0.1280100992257077,9.2,0.0009120188353683,1.0194561035097098,0.6282596339429786,0.2018608430677457,,0.042375737350732,0.9227178662922694,3.1921748726424237,0.8387388358249357,0.8719020132954833,5.25,0.0,0.0,250.0,73.75906315777168,47.96527699534878,0.6502967220821444,250.0,2.539011248752824,1.6298355355837768,0.6419174142628792,250.0,0.0030282248772245,0.0019263188616059,-0.0011019060156185,0.0,1.0,2,True,The solver successfully reached the end of the integration interval.,6.393,True,True,radius_small
MDA-MB-435,act_hamming+zero,4,740,24559,1.0000000116860974e-07,9.999999974752427e-07,-92.08999633789062,,NSC740,NSC24559,other,other,58906027.25742431,64769261.93693054,1.0995353948057538,0.1042646364119922,4.4,0.8957353635880078,0.1280100992257077,9.2,0.0009120188353683,1.0194561035097098,0.6282596339429786,0.2018608430677457,,0.042375737350732,0.9227178662922694,3.1921748726424237,0.8387388358249357,0.8719020132954833,5.25,0.0,0.0,250.0,73.75906315777168,47.96527699534878,0.6502967220821444,250.0,2.539011248752824,1.6298355355837768,0.6419174142628792,250.0,0.0030282248772245,0.0019263188616059,-0.0011019060156185,0.0,1.0,2,True,The solver successfully reached the end of the integration interval.,6.53,True,True,radius_small
MDA-MB-435,hamming+zero,0,740,24559,1.0000000116860974e-07,9.999999974752427e-07,-92.08999633789062,,NSC740,NSC24559,other,other,58906027.25742431,64769261.93693054,1.0995353948057538,0.1042646364119922,4.4,0.8957353635880078,0.1280100992257077,9.2,0.0009120188353683,1.0194561035097098,0.6282596339429786,0.2018608430677457,,0.042375737350732,0.9227178662922694,3.1921748726424237,0.8387388358249357,0.8719020132954833,5.25,0.0,0.0,250.0,73.75906315777168,47.96527699534878,0.6502967220821444,250.0,2.539011248752824,1.6298355355837768,0.6419174142628792,250.0,0.0030282248772245,0.0019263188616059,-0.0011019060156185,0.0,1.0,2,True,The solver successfully reached the end of the integration interval.,6.412,True,True,radius_small
MDA-MB-435,hamming+zero,1,740,24559,1.0000000116860974e-07,9.999999974752427e-07,-92.08999633789062,,NSC740,NSC24559,other,other,58906027.25742431,64769261.93693054,1.0995353948057538,0.1042646364119922,4.4,0.8957353635880078,0.1280100992257077,9.2,0.0009120188353683,1.0194561035097098,0.6282596339429786,0.2018608430677457,,0.042375737350732,0.9227178662922694,3.1921748726424237,0.8387388358249357,0.8719020132954833,5.25,0.0,0.0,250.0,73.75906315777168,47.96527699534878,0.6502967220821444,250.0,2.539011248752824,1.6298355355837768,0.6419174142628792,250.0,0.0030282248772245,0.0019263188616059,-0.0011019060156185,0.0,1.0,2,True,The solver successfully reached the end of the integration interval.,6.4,True,True,radius_small
MDA-MB-435,hamming+zero,4,740,24559,1.0000000116860974e-07,9.999999974752427e-07,-92.08999633789062,,NSC740,NSC24559,other,other,58906027.25742431,64769261.93693054,1.0995353948057538,0.1042646364119922,4.4,0.8957353635880078,0.1280100992257077,9.2,0.0009120188353683,1.0194561035097098,0.6282596339429786,0.2018608430677457,,0.042375737350732,0.9227178662922694,3.1921748726424237,0.8387388358249357,0.8719020132954833,5.25,0.0,0.0,250.0,73.75906315777168,47.96527699534878,0.6502967220821444,250.0,2.539011248752824,1.6298355355837768,0.6419174142628792,250.0,0.0030282248772245,0.0019263188616059,-0.0011019060156185,0.0,1.0,2,True,The solver successfully reached the end of the integration interval.,6.439,True,True,radius_small
MDA-MB-435,ours+zero,0,740,24559,1.0000000116860974e-07,9.999999974752427e-07,-92.08999633789062,,NSC740,NSC24559,other,other,58906027.25742431,64769261.93693054,1.0995353948057538,0.1042646364119922,4.4,0.8957353635880078,0.1280100992257077,9.2,0.0009120188353683,1.0194561035097098,0.6282596339429786,0.2018608430677457,,0.042375737350732,0.9227178662922694,3.1921748726424237,0.8387388358249357,0.8719020132954833,5.25,0.0,0.0,250.0,73.75906315777168,47.96527699534878,0.6502967220821444,250.0,2.539011248752824,1.6298355355837768,0.6419174142628792,250.0,0.0030282248772245,0.0019263188616059,-0.0011019060156185,0.0,1.0,2,True,The solver successfully reached the end of the integration interval.,6.502,True,True,radius_small
MDA-MB-435,ours+zero,1,279836,754143,4.999999987376214e-07,9.99999993922529e-09,-79.33200073242188,,NSC279836,bendamustine,other,alkylator,58906027.25742431,64775132.149491236,1.099635048658407,0.0927084275380991,4.4,0.9072915724619008,0.1242882249395521,9.0,0.0008726593410044,1.0704739217114054,0.6318782721934252,0.1993665780570207,,0.0425766198522913,0.9955315867478371,3.0362649670209136,0.8262434803326651,0.8642614581750161,5.25,0.0,0.0,250.0,2.716704000731691,1.7500457542207826,0.6441797684802768,250.0,4.982556569608383,3.0124673701217897,0.604602743197467,250.0,0.0039868463954012,0.0016766376577975,-0.0023102087376036,0.0,1.0,2,True,The solver successfully reached the end of the integration interval.,7.552,True,True,radius_small
MDA-MB-435,ours+zero,4,740,24559,1.0000000116860974e-07,9.999999974752427e-07,-92.08999633789062,,NSC740,NSC24559,other,other,58906027.25742431,64769261.93693054,1.0995353948057538,0.1042646364119922,4.4,0.8957353635880078,0.1280100992257077,9.2,0.0009120188353683,1.0194561035097098,0.6282596339429786,0.2018608430677457,,0.042375737350732,0.9227178662922694,3.1921748726424237,0.8387388358249357,0.8719020132954833,5.25,0.0,0.0,250.0,73.75906315777168,47.96527699534878,0.6502967220821444,250.0,2.539011248752824,1.6298355355837768,0.6419174142628792,250.0,0.0030282248772245,0.0019263188616059,-0.0011019060156185,0.0,1.0,2,True,The solver successfully reached the end of the integration interval.,6.864,True,True,radius_small
MDA-MB-435,random,1,743414,761432,4.999999873689376e-06,4.999999969612645e-09,-52.07500076293945,,sunitinib,NSC761432,kinase_inhibitor,other,58906027.25742431,64520953.78792254,1.095320068113922,0.0360126251794706,4.4,0.9639873748205292,0.1912712951271566,11.0,0.0025801882464814,1.481138355727368,0.5250818250214623,0.2797730139534567,,0.0397392067035237,1.4291340865131332,2.438934486536751,0.8983998870883829,0.9458720306040852,5.25,0.0,0.0,250.0,21.67723172355619,14.088580604909538,0.6499252664997706,250.0,9.51437302409918,6.173041522286654,0.6488122240583601,250.0,0.0151144673259804,0.0044857432774759,-0.0106287240485044,0.0,1.0,2,True,The solver successfully reached the end of the integration interval.,2.466,True,True,radius_small
MDA-MB-435,tanimoto+zero,0,740,24559,1.0000000116860974e-07,9.999999974752427e-07,-92.08999633789062,,NSC740,NSC24559,other,other,58906027.25742431,64769261.93693054,1.0995353948057538,0.1042646364119922,4.4,0.8957353635880078,0.1280100992257077,9.2,0.0009120188353683,1.0194561035097098,0.6282596339429786,0.2018608430677457,,0.042375737350732,0.9227178662922694,3.1921748726424237,0.8387388358249357,0.8719020132954833,5.25,0.0,0.0,250.0,73.75906315777168,47.96527699534878,0.6502967220821444,250.0,2.539011248752824,1.6298355355837768,0.6419174142628792,250.0,0.0030282248772245,0.0019263188616059,-0.0011019060156185,0.0,1.0,2,True,The solver successfully reached the end of the integration interval.,6.616,True,True,radius_small
MDA-MB-435,random,0,24559,712807,9.999999974752427e-07,2.0000000233721948e-07,-89.3499984741211,,NSC24559,capecitabine,other,antimetabolite,58906027.25742431,64878490.4135019,1.1013896783427173,0.3412089877637185,4.4,0.6587910122362814,0.0483057699930851,6.0,0.0001802308173662,0.504572674252272,0.7955185685420548,0.0993496788442563,,0.0412062095992128,0.1516907321870233,6.756223380017222,0.3100061662011053,0.5469259924027456,5.25,0.0,0.0,250.0,2.539011248752824,1.6138422123324072,0.6356183782663961,250.0,3.54117948981554,2.0917967094571424,0.5907062083334568,250.0,0.0005676852523864,0.000386565948879,-0.0001811193035073,0.0,1.0,2,True,The solver successfully reached the end of the integration interval.,16.31,True,True,radius_small
MDA-MB-435,random,4,27640,754143,7.000000135093387e-09,9.99999993922529e-09,-62.209999084472656,,NSC27640,bendamustine,other,alkylator,58906027.25742431,64674732.80375714,1.0979306501374315,0.0597919988201058,4.4,0.940208001179894,0.1607611469183105,10.2,0.0015463238612047,1.260950064685588,0.5738272650208809,0.2412188203862851,,0.0411289550733994,1.1720569605453222,2.7611622839658447,0.8839758696095205,0.9186491169061892,5.25,0.0,0.0,250.0,9.564820525819265,6.199643686418346,0.6481714601631089,250.0,4.982556569608383,3.013644295040011,0.6048389522403106,250.0,0.0071665947639851,0.0029491382601036,-0.0042174565038815,0.0,1.0,2,True,The solver successfully reached the end of the integration interval.,14.157,True,True,radius_small
OVCAR-8,no_treatment,-1,-1,-1,0.0,0.0,,,,,,,58906027.25742431,64905420.3665175,1.10184684638255,1.0,0.0,0.0,0.0021941401521776,0.0,0.0,0.0,1.0,0.0,,0.0066682628176832,5.78243091032978e-23,0.0,-2.2528097622290995,-0.0944270043552504,5.25,0.0,0.0,250.0,,,,,,,,,0.0,0.0,0.0,0.0,1.0,0,True,The solver successfully reached the end of the integration interval.,0.138,,,radius_small
MDA-MB-435,tanimoto+zero,4,740,24559,1.0000000116860974e-07,9.999999974752427e-07,-92.08999633789062,,NSC740,NSC24559,other,other,58906027.25742431,64769261.93693054,1.0995353948057538,0.1042646364119922,4.4,0.8957353635880078,0.1280100992257077,9.2,0.0009120188353683,1.0194561035097098,0.6282596339429786,0.2018608430677457,,0.042375737350732,0.9227178662922694,3.1921748726424237,0.8387388358249357,0.8719020132954833,5.25,0.0,0.0,250.0,73.75906315777168,47.96527699534878,0.6502967220821444,250.0,2.539011248752824,1.6298355355837768,0.6419174142628792,250.0,0.0030282248772245,0.0019263188616059,-0.0011019060156185,0.0,1.0,2,True,The solver successfully reached the end of the integration interval.,6.694,True,True,radius_small
OVCAR-8,act_hamming+zero,2,740,3053,1.0000000116860974e-07,9.99999993922529e-09,-26.979999542236328,,NSC740,dactinomycin,other,dna_intercalator,58906027.25742431,64870421.93125346,1.1012527062428474,0.3587279344455126,4.6000000000000005,0.6412720655544873,0.0512132168679917,6.2,0.0002342443309908,0.4832681120117343,0.7870560266099114,0.1039943512731274,,0.0418749498022922,0.1729227691583489,6.602292097146553,0.3684937963253994,0.5924154519856362,5.25,0.0,0.0,250.0,61.005743661518544,39.6281457860861,0.6495805707403073,250.0,0.2050804643318288,0.1007946906305835,0.4914885040804935,250.0,0.0012059666937089,0.0004311859945153,-0.0007747806991936,0.0,1.0,2,True,The solver successfully reached the end of the integration interval.,7.289,True,True,radius_small
OVCAR-8,act_hamming+zero,8,740,3053,1.0000000116860974e-07,9.99999993922529e-09,-26.979999542236328,,NSC740,dactinomycin,other,dna_intercalator,58906027.25742431,64870421.93125346,1.1012527062428474,0.3587279344455126,4.6000000000000005,0.6412720655544873,0.0512132168679917,6.2,0.0002342443309908,0.4832681120117343,0.7870560266099114,0.1039943512731274,,0.0418749498022922,0.1729227691583489,6.602292097146553,0.3684937963253994,0.5924154519856362,5.25,0.0,0.0,250.0,61.005743661518544,39.6281457860861,0.6495805707403073,250.0,0.2050804643318288,0.1007946906305835,0.4914885040804935,250.0,0.0012059666937089,0.0004311859945153,-0.0007747806991936,0.0,1.0,2,True,The solver successfully reached the end of the integration interval.,7.314,True,True,radius_small
OVCAR-8,hamming+zero,2,740,3053,1.0000000116860974e-07,9.99999993922529e-09,-26.979999542236328,,NSC740,dactinomycin,other,dna_intercalator,58906027.25742431,64870421.93125346,1.1012527062428474,0.3587279344455126,4.6000000000000005,0.6412720655544873,0.0512132168679917,6.2,0.0002342443309908,0.4832681120117343,0.7870560266099114,0.1039943512731274,,0.0418749498022922,0.1729227691583489,6.602292097146553,0.3684937963253994,0.5924154519856362,5.25,0.0,0.0,250.0,61.005743661518544,39.6281457860861,0.6495805707403073,250.0,0.2050804643318288,0.1007946906305835,0.4914885040804935,250.0,0.0012059666937089,0.0004311859945153,-0.0007747806991936,0.0,1.0,2,True,The solver successfully reached the end of the integration interval.,7.553,True,True,radius_small
MDA-MB-435,tanimoto+zero,1,713563,753082,9.999999747378752e-05,4.999999987376214e-07,2.67549991607666,,arsenic trioxide,pazopanib,other,kinase_inhibitor,58906027.25742431,64883138.39959861,1.1014685834448454,0.3904293528228921,4.4,0.6095706471771078,0.0419955827433936,5.6,0.0001491184656935,0.4460506757570528,0.814465251159952,0.0891274399637118,,0.039716475605258,0.123148992430491,6.948242941134554,0.2822936694239149,0.4937220673872962,5.25,0.0,0.0,250.0,2.308439627427034,1.4629397454974438,0.6337353284512895,250.0,1.7043675242828893,1.0769453589334552,0.631873902541401,250.0,0.0004473403170814,0.0003233912422566,-0.0001239490748248,0.0,1.0,2,True,The solver successfully reached the end of the integration interval.,24.166,True,True,radius_small
OVCAR-8,hamming+zero,8,740,3053,1.0000000116860974e-07,9.99999993922529e-09,-26.979999542236328,,NSC740,dactinomycin,other,dna_intercalator,58906027.25742431,64870421.93125346,1.1012527062428474,0.3587279344455126,4.6000000000000005,0.6412720655544873,0.0512132168679917,6.2,0.0002342443309908,0.4832681120117343,0.7870560266099114,0.1039943512731274,,0.0418749498022922,0.1729227691583489,6.602292097146553,0.3684937963253994,0.5924154519856362,5.25,0.0,0.0,250.0,61.005743661518544,39.6281457860861,0.6495805707403073,250.0,0.2050804643318288,0.1007946906305835,0.4914885040804935,250.0,0.0012059666937089,0.0004311859945153,-0.0007747806991936,0.0,1.0,2,True,The solver successfully reached the end of the integration interval.,7.354,True,True,radius_small
OVCAR-8,ours+zero,2,125066,681239,9.999999974752427e-07,3.000000106112566e-07,-93.2300033569336,,bleomycin,bortezomib,dna_cleaver,proteasome,58906027.25742431,64375658.53019225,1.0928535079927422,0.0388753724287373,4.6000000000000005,0.9611246275712626,0.2085383173432824,11.599999999999998,0.0035592823323568,1.4483587462547631,0.4977138424928122,0.3030202804240621,,0.0385155216901181,1.2277722710455004,2.733892992975053,0.8952297821376376,0.9556605024108968,5.25,0.0,0.0,250.0,0.0469345509671727,0.0290355167462945,0.6186384262332174,250.0,2.8664938663465582,1.867656586550276,0.6515473863304184,250.0,0.0181201250348819,0.006519967073144,-0.0116001579617378,0.0,1.0,2,True,The solver successfully reached the end of the integration interval.,12.268,True,True,radius_small
OVCAR-8,ours+zero,8,125066,681239,9.999999974752427e-07,3.000000106112566e-07,-93.2300033569336,,bleomycin,bortezomib,dna_cleaver,proteasome,58906027.25742431,64375658.53019225,1.0928535079927422,0.0388753724287373,4.6000000000000005,0.9611246275712626,0.2085383173432824,11.599999999999998,0.0035592823323568,1.4483587462547631,0.4977138424928122,0.3030202804240621,,0.0385155216901181,1.2277722710455004,2.733892992975053,0.8952297821376376,0.9556605024108968,5.25,0.0,0.0,250.0,0.0469345509671727,0.0290355167462945,0.6186384262332174,250.0,2.8664938663465582,1.867656586550276,0.6515473863304184,250.0,0.0181201250348819,0.006519967073144,-0.0116001579617378,0.0,1.0,2,True,The solver successfully reached the end of the integration interval.,12.366,True,True,radius_small
OVCAR-8,random,2,8806,754143,1.0000000116860974e-07,9.99999993922529e-09,12.972000122070312,,melphalan,bendamustine,alkylator,alkylator,58906027.25742431,64829383.65994176,1.1005560326896922,0.1502657291557804,4.4,0.8497342708442195,0.0931041094600078,8.0,0.0005090742783612,0.8607331935301721,0.6890987583829027,0.1617185325957451,,0.0436684722961215,0.7586747711878897,3.5582611660542205,0.700075616576801,0.7834008459244663,5.25,0.0,0.0,250.0,0.0342117755132451,0.0205530789687774,0.60076037155161,250.0,4.068882418645005,2.4575376670740634,0.6039834564431719,250.0,0.0022884747766994,0.0009851835656533,-0.0013032912110461,0.0,1.0,2,True,The solver successfully reached the end of the integration interval.,13.484,True,True,radius_small
OVCAR-8,tanimoto+zero,2,1390,713563,0.0001999999949475,9.999999747378752e-05,-43.05500030517578,,NSC1390,arsenic trioxide,other,other,58906027.25742431,64877063.323714525,1.1013654517931804,0.3273431975836193,4.4,0.6726568024163807,0.0504605450349141,6.200000000000001,0.0001897838145524,0.5225898162067913,0.7895659137554043,0.1026116088027958,,0.0416478708362606,0.1632809522485412,6.666812813287837,0.321970239595477,0.5639887578203147,5.25,0.0,0.0,250.0,9.765587997067096,6.285827834624715,0.6436712092003616,250.0,2.3689685491773296,1.505916390655417,0.6356844168228302,250.0,0.0006215648425098,0.0004033512932682,-0.0002182135492415,0.0,1.0,2,True,The solver successfully reached the end of the integration interval.,2.173,True,True,radius_small
PC-3,no_treatment,-1,-1,-1,0.0,0.0,,,,,,,58906027.25742431,64905420.3665175,1.10184684638255,1.0,0.0,0.0,0.0021941401521776,0.0,0.0,0.0,1.0,0.0,,0.0066682628176832,5.78243091032978e-23,0.0,-2.2528097622290995,-0.0944270043552504,5.25,0.0,0.0,250.0,,,,,,,,,0.0,0.0,0.0,0.0,1.0,0,True,The solver successfully reached the end of the integration interval.,0.147,,,radius_small
OVCAR-8,tanimoto+zero,8,1390,713563,0.0001999999949475,9.999999747378752e-05,-43.05500030517578,,NSC1390,arsenic trioxide,other,other,58906027.25742431,64877063.323714525,1.1013654517931804,0.3273431975836193,4.4,0.6726568024163807,0.0504605450349141,6.200000000000001,0.0001897838145524,0.5225898162067913,0.7895659137554043,0.1026116088027958,,0.0416478708362606,0.1632809522485412,6.666812813287837,0.321970239595477,0.5639887578203147,5.25,0.0,0.0,250.0,9.765587997067096,6.285827834624715,0.6436712092003616,250.0,2.3689685491773296,1.505916390655417,0.6356844168228302,250.0,0.0006215648425098,0.0004033512932682,-0.0002182135492415,0.0,1.0,2,True,The solver successfully reached the end of the integration interval.,2.081,True,True,radius_small
OVCAR-8,random,8,85998,713563,9.999999747378752e-05,9.999999747378752e-05,-19.92300033569336,,streptozocin,arsenic trioxide,alkylator,other,58906027.25742431,64878455.124608554,1.1013890792717056,0.3407759710368885,4.4,0.6592240289631115,0.0485938794486493,6.0,0.0001804670401224,0.5051241726332221,0.794818939956916,0.0997317925174675,,0.0412623259758484,0.1530730493882003,6.745891592282807,0.3120398146624821,0.5495244643968461,5.25,0.0,0.0,250.0,0.014237267842602,0.00849679044018,0.5967992267979398,250.0,2.3689685491773296,1.505014491045935,0.635303702773336,250.0,0.0005749752058726,0.0003860304190669,-0.0001889447868057,0.0,1.0,2,True,The solver successfully reached the end of the integration interval.,8.841,True,True,radius_small
PC-3,act_hamming+zero,9,681239,750690,3.000000106112566e-07,1.0000000116860974e-07,-37.0,,bortezomib,everolimus,proteasome,kinase_inhibitor,58906027.25742431,63629847.826113455,1.0801924826477545,0.0137205993346688,4.4,0.9862794006653312,0.2676016445924625,13.4,0.0086200824146201,1.9002200542551184,0.4139333290558341,0.383069603697605,,0.0353839693828834,1.9163959602596985,2.0452832110378463,0.865729601518693,0.9804319835095018,5.25,0.0,0.0,250.0,16.44251124641934,10.919342249818328,0.6640921259638011,250.0,0.1288778901525277,0.0830772892105736,0.6446201835881329,250.0,0.0703460434131011,0.0127555518142749,-0.0575904915988262,0.0,1.0,2,True,The solver successfully reached the end of the integration interval.,3.287,True,True,radius_small
PC-3,act_hamming+zero,1,740,6396,9.99999993922529e-09,1.0000000116860974e-07,-31.86000061035156,,NSC740,thiotepa,other,alkylator,58906027.25742431,64890130.14105309,1.1015872765867871,0.5139464426328864,4.4,0.4860535573671136,0.0298314727919276,4.800000000000001,0.0001023218523439,0.326675272257875,0.8562873333484771,0.0673804802425499,,0.0357401038542419,0.0812199303084559,7.018527777645334,0.259687875141131,0.3734634332627942,5.25,0.0,0.0,250.0,5.297392148459928,3.387390281378081,0.6394448789982203,250.0,6.333358819046819e-05,3.77603525796506e-05,0.5962136941632118,250.0,0.0004888504784819,0.0001944097191682,-0.0002944407593136,0.0,1.0,2,True,The solver successfully reached the end of the integration interval.,7.846,True,True,radius_small
PC-3,act_hamming+zero,6,740,6396,9.99999993922529e-09,1.0000000116860974e-07,-31.86000061035156,,NSC740,thiotepa,other,alkylator,58906027.25742431,64890130.14105309,1.1015872765867871,0.5139464426328864,4.4,0.4860535573671136,0.0298314727919276,4.800000000000001,0.0001023218523439,0.326675272257875,0.8562873333484771,0.0673804802425499,,0.0357401038542419,0.0812199303084559,7.018527777645334,0.259687875141131,0.3734634332627942,5.25,0.0,0.0,250.0,5.297392148459928,3.387390281378081,0.6394448789982203,250.0,6.333358819046819e-05,3.77603525796506e-05,0.5962136941632118,250.0,0.0004888504784819,0.0001944097191682,-0.0002944407593136,0.0,1.0,2,True,The solver successfully reached the end of the integration interval.,7.989,True,True,radius_small
PC-3,hamming+zero,9,681239,750690,3.000000106112566e-07,1.0000000116860974e-07,-37.0,,bortezomib,everolimus,proteasome,kinase_inhibitor,58906027.25742431,63629847.826113455,1.0801924826477545,0.0137205993346688,4.4,0.9862794006653312,0.2676016445924625,13.4,0.0086200824146201,1.9002200542551184,0.4139333290558341,0.383069603697605,,0.0353839693828834,1.9163959602596985,2.0452832110378463,0.865729601518693,0.9804319835095018,5.25,0.0,0.0,250.0,16.44251124641934,10.919342249818328,0.6640921259638011,250.0,0.1288778901525277,0.0830772892105736,0.6446201835881329,250.0,0.0703460434131011,0.0127555518142749,-0.0575904915988262,0.0,1.0,2,True,The solver successfully reached the end of the integration interval.,3.219,True,True,radius_small
PC-3,ours+zero,1,673596,754143,9.99999993922529e-09,9.99999993922529e-09,-76.30000305175781,,NSC673596,bendamustine,other,alkylator,58906027.25742431,64888192.31741089,1.1015543797215184,0.4722165995192687,4.4,0.5277834004807314,0.0334762804333329,5.0,0.0001152914469392,0.3634518871420099,0.8429120985863147,0.0742177125512399,,0.0371373325281629,0.0926939441434146,7.045146864028829,0.2597873630397734,0.4138067301218654,5.25,0.0,0.0,250.0,0.0325309557626348,0.0203166782071533,0.6245337012350906,250.0,1.1090544281393298,0.6646700578615226,0.5993123881004156,250.0,0.0005143913491171,0.0002244120130477,-0.0002899793360693,0.0,1.0,2,True,The solver successfully reached the end of the integration interval.,2.437,True,True,radius_small
PC-3,hamming+zero,1,740,6396,9.99999993922529e-09,1.0000000116860974e-07,-31.86000061035156,,NSC740,thiotepa,other,alkylator,58906027.25742431,64890130.14105309,1.1015872765867871,0.5139464426328864,4.4,0.4860535573671136,0.0298314727919276,4.800000000000001,0.0001023218523439,0.326675272257875,0.8562873333484771,0.0673804802425499,,0.0357401038542419,0.0812199303084559,7.018527777645334,0.259687875141131,0.3734634332627942,5.25,0.0,0.0,250.0,5.297392148459928,3.387390281378081,0.6394448789982203,250.0,6.333358819046819e-05,3.77603525796506e-05,0.5962136941632118,250.0,0.0004888504784819,0.0001944097191682,-0.0002944407593136,0.0,1.0,2,True,The solver successfully reached the end of the integration interval.,8.108,True,True,radius_small
PC-3,hamming+zero,6,740,6396,9.99999993922529e-09,1.0000000116860974e-07,-31.86000061035156,,NSC740,thiotepa,other,alkylator,58906027.25742431,64890130.14105309,1.1015872765867871,0.5139464426328864,4.4,0.4860535573671136,0.0298314727919276,4.800000000000001,0.0001023218523439,0.326675272257875,0.8562873333484771,0.0673804802425499,,0.0357401038542419,0.0812199303084559,7.018527777645334,0.259687875141131,0.3734634332627942,5.25,0.0,0.0,250.0,5.297392148459928,3.387390281378081,0.6394448789982203,250.0,6.333358819046819e-05,3.77603525796506e-05,0.5962136941632118,250.0,0.0004888504784819,0.0001944097191682,-0.0002944407593136,0.0,1.0,2,True,The solver successfully reached the end of the integration interval.,8.152,True,True,radius_small
PC-3,random,1,279836,761432,4.999999987376214e-07,4.999999858590343e-10,28.219999313354492,,NSC279836,NSC761432,other,other,58906027.25742431,64897019.94124035,1.101704239154253,0.7106341619263391,4.4,0.2893658380736609,0.0176752955652582,3.5999999999999996,5.62124770528701e-05,0.1859470553654862,0.907821059737674,0.0419997466628162,,0.0287210456425395,0.0453230005640825,6.160988142086259,0.3259375654062797,0.2185608500303794,5.25,0.0,0.0,250.0,0.4513395075304535,0.2804880356808891,0.6214568656211943,250.0,2.404650062963026,1.5169360341051117,0.6308344226335922,250.0,0.0002746625493372,0.0001059828641388,-0.0001686796851984,0.0,1.0,2,True,The solver successfully reached the end of the integration interval.,1.815,True,True,radius_small
PC-3,random,6,279836,737754,4.999999987376214e-07,1.0000000116860974e-07,27.4950008392334,,NSC279836,ixabepilone,other,antimitotic,58906027.25742431,64904272.068942,1.1018273526629945,0.982879494522514,0.4,0.017120505477486,0.0052467338886731,0.4,7.683544907571929e-06,0.0151481696907369,0.981836198296001,0.0079609603901435,,0.0061992875433204,6.620361756762501e-18,0.0,0.7111911306944723,-0.0364136341057235,5.25,0.0,0.0,250.0,0.4513395075304535,0.2771391612686514,0.6140370090467914,250.0,0.0037159631513533,0.0015827909492225,0.4259436611060279,250.0,3.214572834520091e-05,1.5307790131036114e-05,-1.6837938214164794e-05,0.0,1.0,2,True,The solver successfully reached the end of the integration interval.,3.119,True,True,radius_small
PC-3,random,9,681239,750690,3.000000106112566e-07,1.0000000116860974e-07,-37.0,,bortezomib,everolimus,proteasome,kinase_inhibitor,58906027.25742431,63629847.826113455,1.0801924826477545,0.0137205993346688,4.4,0.9862794006653312,0.2676016445924625,13.4,0.0086200824146201,1.9002200542551184,0.4139333290558341,0.383069603697605,,0.0353839693828834,1.9163959602596985,2.0452832110378463,0.865729601518693,0.9804319835095018,5.25,0.0,0.0,250.0,16.44251124641934,10.919342249818328,0.6640921259638011,250.0,0.1288778901525277,0.0830772892105736,0.6446201835881329,250.0,0.0703460434131011,0.0127555518142749,-0.0575904915988262,0.0,1.0,2,True,The solver successfully reached the end of the integration interval.,3.221,True,True,radius_small
PC-3,ours+zero,9,123127,681239,4.999999987376214e-07,3.000000106112566e-07,-91.41999816894533,,doxorubicin,bortezomib,dna_intercalator,proteasome,58906027.25742431,63259937.766596764,1.0739128186347635,0.0101128010190281,4.4,0.989887198980972,0.2902189066854916,14.000000000000002,0.0111522066828016,2.0327216745389816,0.3861499107628972,0.4132440611886442,,0.0340624898503618,2.0483908289114656,1.9672052146482697,0.8435069737966712,0.9855307228034088,5.25,0.0,0.0,250.0,8.609056652850331,5.525928737341541,0.6418738963126683,250.0,16.44251124641934,10.922001154653092,0.664253835133095,250.0,0.0889437701535668,0.0167146084944315,-0.0722291616591352,0.0,1.0,2,True,The solver successfully reached the end of the integration interval.,9.958,True,True,radius_small
PC-3,tanimoto+zero,1,750,92859,4.999999873689376e-05,6.000000212225132e-06,-39.7599983215332,,NSC750,dromostanolone,other,hormonal,58906027.25742431,64897588.4919493,1.1017138909799733,0.7048548006475003,4.4,0.2951451993524997,0.016663544431254,3.4000000000000004,5.240772062175364e-05,0.1894934746257023,0.9104883823699136,0.0407255913351003,,0.0280495611790451,0.0429144241970877,5.992265061394428,0.321963909303891,0.1994898401795227,5.25,0.0,0.0,250.0,231.23362626659684,150.40817178472346,0.6504597718469931,250.0,11.901275414901978,7.341089177530586,0.6168321395485535,250.0,0.000272074856354,9.64965964830311e-05,-0.000175578259871,0.0,1.0,2,True,The solver successfully reached the end of the integration interval.,3.803,True,True,radius_small
PC-3,tanimoto+zero,6,750,92859,4.999999873689376e-05,6.000000212225132e-06,-39.7599983215332,,NSC750,dromostanolone,other,hormonal,58906027.25742431,64897588.4919493,1.1017138909799733,0.7048548006475003,4.4,0.2951451993524997,0.016663544431254,3.4000000000000004,5.240772062175364e-05,0.1894934746257023,0.9104883823699136,0.0407255913351003,,0.0280495611790451,0.0429144241970877,5.992265061394428,0.321963909303891,0.1994898401795227,5.25,0.0,0.0,250.0,231.23362626659684,150.40817178472346,0.6504597718469931,250.0,11.901275414901978,7.341089177530586,0.6168321395485535,250.0,0.000272074856354,9.64965964830311e-05,-0.000175578259871,0.0,1.0,2,True,The solver successfully reached the end of the integration interval.,3.994,True,True,radius_small
T-47D,no_treatment,-1,-1,-1,0.0,0.0,,,,,,,58906027.25742431,64905420.3665175,1.10184684638255,1.0,0.0,0.0,0.0021941401521776,0.0,0.0,0.0,1.0,0.0,,0.0066682628176832,5.78243091032978e-23,0.0,-2.2528097622290995,-0.0944270043552504,5.25,0.0,0.0,250.0,,,,,,,,,0.0,0.0,0.0,0.0,1.0,0,True,The solver successfully reached the end of the integration interval.,0.173,,,radius_small
PC-3,tanimoto+zero,9,681239,750690,3.000000106112566e-07,1.0000000116860974e-07,-37.0,,bortezomib,everolimus,proteasome,kinase_inhibitor,58906027.25742431,63629847.826113455,1.0801924826477545,0.0137205993346688,4.4,0.9862794006653312,0.2676016445924625,13.4,0.0086200824146201,1.9002200542551184,0.4139333290558341,0.383069603697605,,0.0353839693828834,1.9163959602596985,2.0452832110378463,0.865729601518693,0.9804319835095018,5.25,0.0,0.0,250.0,16.44251124641934,10.919342249818328,0.6640921259638011,250.0,0.1288778901525277,0.0830772892105736,0.6446201835881329,250.0,0.0703460434131011,0.0127555518142749,-0.0575904915988262,0.0,1.0,2,True,The solver successfully reached the end of the integration interval.,3.587,True,True,radius_small
PC-3,ours+zero,6,24559,681239,9.999999974752427e-07,3.000000106112566e-07,-82.56999969482422,,NSC24559,bortezomib,other,proteasome,58906027.25742431,56847643.88731925,0.9650564897016438,0.0013388147527135,4.6000000000000005,0.9986611852472864,0.4280017606407063,,0.0575684974279518,2.9113128195757656,0.2148201082795162,0.6679250688472558,,0.0227705010637284,2.9351531449371553,1.6427229387943214,0.6438007284408609,0.9981205723056548,5.25,0.0,0.0,250.0,2.422824516355851,1.5702243433739973,0.6480966049228187,250.0,16.44251124641934,10.93293688290987,0.6649189238225832,250.0,0.2813891189026389,0.1001272701182548,-0.1812618487843841,0.0,1.0,2,True,The solver successfully reached the end of the integration interval.,26.96,True,True,radius_small
T-47D,ours+zero,9,673596,681239,9.99999993922529e-09,2.999999892949745e-08,-88.95999908447266,,NSC673596,bortezomib,other,proteasome,58906027.25742431,63870511.0092155,1.0842780269342551,0.0152799048939631,4.6000000000000005,0.9847200951060368,0.2663921398027492,12.8,0.006980576181048,1.8539126577924157,0.4238999283925374,0.3727366567951394,,0.0357878763808511,1.6481294192718965,2.2743320357312062,0.8618018183733396,0.9808334649380722,5.25,0.0,0.0,250.0,4.84315787577589,3.137558751415989,0.6478332591859484,250.0,0.5207749686267218,0.3392372155529267,0.6514084508468057,250.0,0.03814464344594,0.0124067600624964,-0.0257378833834436,0.0,1.0,2,True,The solver successfully reached the end of the integration interval.,10.018,True,True,radius_small
T-47D,act_hamming+zero,9,79037,279836,4.999999873689376e-05,4.999999987376214e-07,38.91999816894531,,lomustine,NSC279836,alkylator,other,58906027.25742431,64890245.62683311,1.1015892370955058,0.529249278415305,4.4,0.470750721584695,0.0287010492489278,4.800000000000001,0.0001015489336848,0.3139328620514369,0.8604689061031396,0.065264818714472,,0.0352696423022044,0.0778632698335565,7.000011934420185,0.2612482907672486,0.3593464941605042,5.25,0.0,0.0,250.0,5.002740239714067,3.0145906167473333,0.6025878763034943,250.0,11.09291211405064,7.141788741488825,0.6438154984066633,250.0,0.0005371871138841,0.0001853734528798,-0.0003518136610043,0.0,1.0,2,True,The solver successfully reached the end of the integration interval.,24.199,True,True,radius_small
T-47D,hamming+zero,9,79037,279836,4.999999873689376e-05,4.999999987376214e-07,38.91999816894531,,lomustine,NSC279836,alkylator,other,58906027.25742431,64890245.62683311,1.1015892370955058,0.529249278415305,4.4,0.470750721584695,0.0287010492489278,4.800000000000001,0.0001015489336848,0.3139328620514369,0.8604689061031396,0.065264818714472,,0.0352696423022044,0.0778632698335565,7.000011934420185,0.2612482907672486,0.3593464941605042,5.25,0.0,0.0,250.0,5.002740239714067,3.0145906167473333,0.6025878763034943,250.0,11.09291211405064,7.141788741488825,0.6438154984066633,250.0,0.0005371871138841,0.0001853734528798,-0.0003518136610043,0.0,1.0,2,True,The solver successfully reached the end of the integration interval.,24.058,True,True,radius_small
T-47D,random,9,45388,125973,4.999999987376214e-07,5.99999978589949e-08,29.951000213623047,,dacarbazine,paclitaxel,alkylator,antimitotic,58906027.25742431,64893689.22397899,1.1016476962601482,0.6944655299893281,4.6000000000000005,0.3055344700106719,0.0203849354140772,3.999999999999999,7.850239498320092e-05,0.1963826146124447,0.8966505198160531,0.0473767954063936,,0.0309459231517757,0.0543816560887501,6.607308340389484,0.3349688581244431,0.2680677945700885,5.25,0.0,0.0,250.0,0.0778429239898828,0.0462975754134043,0.5947563765644469,250.0,7.097702764445099,3.916445310706312,0.5517905497994605,250.0,0.0004207776731435,0.0001422912813136,-0.0002784863918299,0.0,1.0,2,True,The solver successfully reached the end of the integration interval.,3.181,True,True,radius_small
T-47D,tanimoto+zero,9,713563,747972,9.999999747378752e-05,2.9999999242136255e-05,24.45599937438965,,arsenic trioxide,lapatinib,other,kinase_inhibitor,58906027.25742431,64899506.72253868,1.1017464552298248,0.7626099171155339,4.4,0.237390082884466,0.0137789621624694,3.0,3.957111655636108e-05,0.1552906880037182,0.9244931632984024,0.034096296135697,,0.0251929792121606,0.0340456430004839,5.083452337040086,0.3673055321605835,0.1563875682772673,5.25,0.0,0.0,250.0,2.247734761770227,1.4124944522556675,0.6284079760119218,250.0,456.90223552326705,297.3450485716943,0.6507848407245371,250.0,0.0001581747186349,7.984241497260847e-05,-7.83323036623873e-05,0.0,1.0,2,True,The solver successfully reached the end of the integration interval.,1.935,True,True,radius_small
DU-145,no_treatment,-1,-1,-1,0.0,0.0,,,,,,,241279087.64641,249442891.4440707,1.0338355216661983,1.0,0.0,0.0,-0.0005037697657058,0.0,0.0,0.0,1.0,0.0,,0.0025056205528986,2.3658399494782287e-21,0.0,-8.683980056672901,-0.0449025614547689,5.25,0.2099342535129908,0.0731543947229665,163.52201257861637,,,,,,,,,0.0,0.0,0.0,0.1606509578089608,1.0,0,True,The solver successfully reached the end of the integration interval.,0.176,,,rho_high
DU-145,ours+zero,7,67574,754143,1.0000000116860974e-07,9.99999993922529e-09,-66.76000213623047,,vincristine,bendamustine,antimitotic,alkylator,241279087.64641,249393224.8232827,1.0336296744820412,0.0581334114139208,4.4,0.9418665885860792,0.1108510460771867,7.800000000000001,8.648106546775324e-05,1.2557083443881432,0.674051925475704,0.1713066463742618,,0.0425129097139448,1.5260484606130549,2.282747266331344,0.6793387805954239,0.8826271603641553,5.25,0.2099342535129908,0.0731543947229665,163.52201257861637,10.501821987414438,6.554652765865126,0.6241443412124423,400.0,15.711282702554875,10.464777982152125,0.6660677030813279,400.0,-0.0093831193421205,2.188169455941136e-05,0.0094050010366799,0.1604997851850732,1.0,2,True,The solver successfully reached the end of the integration interval.,2.765,True,True,rho_high
DU-145,hamming+zero,7,740,9706,9.99999993922529e-09,4.999999873689376e-06,-42.18000030517578,,NSC740,triethylenemelamine,other,alkylator,241279087.64641,249479903.1505665,1.0339889195709102,0.0534018160939116,4.4,0.9465981839060884,0.1132791659021919,7.200000000000001,-6.443473860312576e-05,1.2925781267716123,0.6789071396912862,0.1681896240664783,,0.042665478512795,1.505778026071828,2.301456182541446,0.6589389183980734,0.8929946403507724,5.25,0.2099342535129908,0.0731543947229665,163.52201257861637,1.4550478895615448,0.9420626431643268,0.6474444242850331,400.0,9.924387754952315,6.602931849937525,0.6653238479766806,400.0,-0.0186038835549084,1.508170321018465e-05,0.0186189652581186,0.1608385532338746,1.0,2,True,The solver successfully reached the end of the integration interval.,5.412,True,True,rho_high
DU-145,act_hamming+zero,7,740,9706,9.99999993922529e-09,4.999999873689376e-06,-42.18000030517578,,NSC740,triethylenemelamine,other,alkylator,241279087.64641,249479903.1505665,1.0339889195709102,0.0534018160939116,4.4,0.9465981839060884,0.1132791659021919,7.200000000000001,-6.443473860312576e-05,1.2925781267716123,0.6789071396912862,0.1681896240664783,,0.042665478512795,1.505778026071828,2.301456182541446,0.6589389183980734,0.8929946403507724,5.25,0.2099342535129908,0.0731543947229665,163.52201257861637,1.4550478895615448,0.9420626431643268,0.6474444242850331,400.0,9.924387754952315,6.602931849937525,0.6653238479766806,400.0,-0.0186038835549084,1.508170321018465e-05,0.0186189652581186,0.1608385532338746,1.0,2,True,The solver successfully reached the end of the integration interval.,5.423,True,True,rho_high
MDA-MB-231/ATCC,no_treatment,-1,-1,-1,0.0,0.0,,,,,,,241279087.64641,249442891.4440707,1.0338355216661983,1.0,0.0,0.0,-0.0005037697657058,0.0,0.0,0.0,1.0,0.0,,0.0025056205528986,2.3658399494782287e-21,0.0,-8.683980056672901,-0.0449025614547689,5.25,0.2099342535129908,0.0731543947229665,163.52201257861637,,,,,,,,,0.0,0.0,0.0,0.1606509578089608,1.0,0,True,The solver successfully reached the end of the integration interval.,0.17,,,rho_high
DU-145,random,7,66847,754143,9.999999974752427e-07,9.99999993922529e-09,-38.16999816894531,,thalidomide,bendamustine,other,alkylator,241279087.64641,249403771.75502744,1.0336733870633827,0.0588538190324682,4.4,0.9411461809675318,0.1119118557149688,7.800000000000001,6.811497950542723e-05,1.2503595040553903,0.6724973567945849,0.1723094182873123,,0.0424846438401119,1.525266726712869,2.2840240834988963,0.6842548959706711,0.8838126071883203,5.25,0.2099342535129908,0.0731543947229665,163.52201257861637,1899.9999729811136,1255.009028241679,0.6605310768886805,400.0,15.711282702554875,10.464912962944918,0.6660762944099514,400.0,-0.0108182772764648,2.2771403239696397e-05,0.0108410486797045,0.1605433162375886,1.0,2,True,The solver successfully reached the end of the integration interval.,3.333,True,True,rho_high
MDA-MB-231/ATCC,act_hamming+zero,2,740,24559,9.999999717180683e-10,9.999999974752427e-07,-47.369998931884766,,NSC740,NSC24559,other,other,241279087.64641,249474720.5135176,1.0339674397273837,0.7196228898969238,4.4,0.2803771101030762,0.0078445710586991,2.4000000000000004,-5.541271309069028e-05,0.1630291845665248,0.9367133598293604,0.0283932856215538,,0.0223833083132689,0.0330188486418284,7.01711042023792,0.0655168627639507,0.1323039824379107,5.25,0.2099342535129908,0.0731543947229665,163.52201257861637,0.0018356311089325,0.0010594970524797,0.5771840798099714,400.0,2.464070125116591,1.479239306583778,0.6003235425427618,400.0,-0.0049858718489086,-6.782538397587246e-07,0.0049851935950688,0.1607798810264703,1.0,2,True,The solver successfully reached the end of the integration interval.,2.725,True,True,rho_high
MDA-MB-231/ATCC,act_hamming+zero,6,740,24559,9.999999717180683e-10,9.999999974752427e-07,-47.369998931884766,,NSC740,NSC24559,other,other,241279087.64641,249474720.5135176,1.0339674397273837,0.7196228898969238,4.4,0.2803771101030762,0.0078445710586991,2.4000000000000004,-5.541271309069028e-05,0.1630291845665248,0.9367133598293604,0.0283932856215538,,0.0223833083132689,0.0330188486418284,7.01711042023792,0.0655168627639507,0.1323039824379107,5.25,0.2099342535129908,0.0731543947229665,163.52201257861637,0.0018356311089325,0.0010594970524797,0.5771840798099714,400.0,2.464070125116591,1.479239306583778,0.6003235425427618,400.0,-0.0049858718489086,-6.782538397587246e-07,0.0049851935950688,0.1607798810264703,1.0,2,True,The solver successfully reached the end of the integration interval.,2.682,True,True,rho_high
MDA-MB-231/ATCC,act_hamming+zero,7,82151,713563,1.999999987845058e-08,9.999999747378752e-05,-54.54100036621094,,daunorubicin,arsenic trioxide,dna_intercalator,other,241279087.64641,249472977.76505268,1.0339602167704258,0.7328872335855346,4.4,0.2671127664144653,0.0073978281384929,2.4000000000000004,-5.237886387457248e-05,0.1550969969440827,0.9394631394791828,0.0271202550896247,,0.0217668848304965,0.0314558730225862,6.918016873549326,0.0726980921193937,0.1237187626361342,5.25,0.2099342535129908,0.0731543947229665,163.52201257861637,0.1181595423028795,0.0259584955118477,0.2196902171921764,131.7423298500005,2.404551954742679,1.4417287674953203,0.599583121775219,400.0,-0.0046962180300256,-6.519834410134706e-07,0.0046955660465846,0.160772790014845,1.0,2,True,The solver successfully reached the end of the integration interval.,2.384,True,True,rho_high
DU-145,tanimoto+zero,7,740,9706,9.99999993922529e-09,4.999999873689376e-06,-42.18000030517578,,NSC740,triethylenemelamine,other,alkylator,241279087.64641,249479903.1505665,1.0339889195709102,0.0534018160939116,4.4,0.9465981839060884,0.1132791659021919,7.200000000000001,-6.443473860312576e-05,1.2925781267716123,0.6789071396912862,0.1681896240664783,,0.042665478512795,1.505778026071828,2.301456182541446,0.6589389183980734,0.8929946403507724,5.25,0.2099342535129908,0.0731543947229665,163.52201257861637,1.4550478895615448,0.9420626431643268,0.6474444242850331,400.0,9.924387754952315,6.602931849937525,0.6653238479766806,400.0,-0.0186038835549084,1.508170321018465e-05,0.0186189652581186,0.1608385532338746,1.0,2,True,The solver successfully reached the end of the integration interval.,5.394,True,True,rho_high
MDA-MB-231/ATCC,act_hamming+zero,8,740,24559,9.999999717180683e-10,9.999999974752427e-07,-47.369998931884766,,NSC740,NSC24559,other,other,241279087.64641,249474720.5135176,1.0339674397273837,0.7196228898969238,4.4,0.2803771101030762,0.0078445710586991,2.4000000000000004,-5.541271309069028e-05,0.1630291845665248,0.9367133598293604,0.0283932856215538,,0.0223833083132689,0.0330188486418284,7.01711042023792,0.0655168627639507,0.1323039824379107,5.25,0.2099342535129908,0.0731543947229665,163.52201257861637,0.0018356311089325,0.0010594970524797,0.5771840798099714,400.0,2.464070125116591,1.479239306583778,0.6003235425427618,400.0,-0.0049858718489086,-6.782538397587246e-07,0.0049851935950688,0.1607798810264703,1.0,2,True,The solver successfully reached the end of the integration interval.,2.719,True,True,rho_high
MDA-MB-231/ATCC,hamming+zero,2,740,24559,9.999999717180683e-10,9.999999974752427e-07,-47.369998931884766,,NSC740,NSC24559,other,other,241279087.64641,249474720.5135176,1.0339674397273837,0.7196228898969238,4.4,0.2803771101030762,0.0078445710586991,2.4000000000000004,-5.541271309069028e-05,0.1630291845665248,0.9367133598293604,0.0283932856215538,,0.0223833083132689,0.0330188486418284,7.01711042023792,0.0655168627639507,0.1323039824379107,5.25,0.2099342535129908,0.0731543947229665,163.52201257861637,0.0018356311089325,0.0010594970524797,0.5771840798099714,400.0,2.464070125116591,1.479239306583778,0.6003235425427618,400.0,-0.0049858718489086,-6.782538397587246e-07,0.0049851935950688,0.1607798810264703,1.0,2,True,The solver successfully reached the end of the integration interval.,2.669,True,True,rho_high
MDA-MB-231/ATCC,hamming+zero,6,740,24559,9.999999717180683e-10,9.999999974752427e-07,-47.369998931884766,,NSC740,NSC24559,other,other,241279087.64641,249474720.5135176,1.0339674397273837,0.7196228898969238,4.4,0.2803771101030762,0.0078445710586991,2.4000000000000004,-5.541271309069028e-05,0.1630291845665248,0.9367133598293604,0.0283932856215538,,0.0223833083132689,0.0330188486418284,7.01711042023792,0.0655168627639507,0.1323039824379107,5.25,0.2099342535129908,0.0731543947229665,163.52201257861637,0.0018356311089325,0.0010594970524797,0.5771840798099714,400.0,2.464070125116591,1.479239306583778,0.6003235425427618,400.0,-0.0049858718489086,-6.782538397587246e-07,0.0049851935950688,0.1607798810264703,1.0,2,True,The solver successfully reached the end of the integration interval.,2.678,True,True,rho_high
MDA-MB-231/ATCC,hamming+zero,7,82151,713563,1.999999987845058e-08,9.999999747378752e-05,-54.54100036621094,,daunorubicin,arsenic trioxide,dna_intercalator,other,241279087.64641,249472977.76505268,1.0339602167704258,0.7328872335855346,4.4,0.2671127664144653,0.0073978281384929,2.4000000000000004,-5.237886387457248e-05,0.1550969969440827,0.9394631394791828,0.0271202550896247,,0.0217668848304965,0.0314558730225862,6.918016873549326,0.0726980921193937,0.1237187626361342,5.25,0.2099342535129908,0.0731543947229665,163.52201257861637,0.1181595423028795,0.0259584955118477,0.2196902171921764,131.7423298500005,2.404551954742679,1.4417287674953203,0.599583121775219,400.0,-0.0046962180300256,-6.519834410134706e-07,0.0046955660465846,0.160772790014845,1.0,2,True,The solver successfully reached the end of the integration interval.,2.237,True,True,rho_high
MDA-MB-231/ATCC,hamming+zero,8,740,24559,9.999999717180683e-10,9.999999974752427e-07,-47.369998931884766,,NSC740,NSC24559,other,other,241279087.64641,249474720.5135176,1.0339674397273837,0.7196228898969238,4.4,0.2803771101030762,0.0078445710586991,2.4000000000000004,-5.541271309069028e-05,0.1630291845665248,0.9367133598293604,0.0283932856215538,,0.0223833083132689,0.0330188486418284,7.01711042023792,0.0655168627639507,0.1323039824379107,5.25,0.2099342535129908,0.0731543947229665,163.52201257861637,0.0018356311089325,0.0010594970524797,0.5771840798099714,400.0,2.464070125116591,1.479239306583778,0.6003235425427618,400.0,-0.0049858718489086,-6.782538397587246e-07,0.0049851935950688,0.1607798810264703,1.0,2,True,The solver successfully reached the end of the integration interval.,2.725,True,True,rho_high
MDA-MB-231/ATCC,ours+zero,7,82151,713563,1.999999987845058e-08,9.999999747378752e-05,-54.54100036621094,,daunorubicin,arsenic trioxide,dna_intercalator,other,241279087.64641,249472977.76505268,1.0339602167704258,0.7328872335855346,4.4,0.2671127664144653,0.0073978281384929,2.4000000000000004,-5.237886387457248e-05,0.1550969969440827,0.9394631394791828,0.0271202550896247,,0.0217668848304965,0.0314558730225862,6.918016873549326,0.0726980921193937,0.1237187626361342,5.25,0.2099342535129908,0.0731543947229665,163.52201257861637,0.1181595423028795,0.0259584955118477,0.2196902171921764,131.7423298500005,2.404551954742679,1.4417287674953203,0.599583121775219,400.0,-0.0046962180300256,-6.519834410134706e-07,0.0046955660465846,0.160772790014845,1.0,2,True,The solver successfully reached the end of the integration interval.,2.377,True,True,rho_high
MDA-MB-231/ATCC,ours+zero,6,613327,754143,9.99999993922529e-09,9.99999993922529e-09,-90.0999984741211,,gemcitabine,bendamustine,antimetabolite,alkylator,241279087.64641,249365888.01651663,1.0335163749539606,0.0468057168828112,4.4,0.9531942831171888,0.1216057991817128,8.200000000000001,0.0001340881127881,1.349835252234395,0.6596009132651095,0.1807187517150219,,0.0422857898440826,1.681472730793386,2.1365952235440644,0.7134974729964834,0.9026913999666952,5.25,0.2099342535129908,0.0731543947229665,163.52201257861637,6.90651974161988,4.593598663294041,0.6651104804076969,400.0,16.469569332401257,10.972740947074186,0.6662433440495049,400.0,-0.00756520876275,2.5984362960085328e-05,0.0075911931257101,0.1603971004104447,1.0,2,True,The solver successfully reached the end of the integration interval.,7.191,True,True,rho_high
MDA-MB-231/ATCC,ours+zero,8,119875,713563,4.999999873689376e-06,9.999999747378752e-05,-42.95500183105469,,cisplatin,arsenic trioxide,platinum,other,241279087.64641,249473028.9847921,1.0339604290546314,0.7320744471070398,4.4,0.2679255528929601,0.0074153971558102,2.4000000000000004,-5.246802963558207e-05,0.1555789054109695,0.9393116655335152,0.0271902840241437,,0.0217973597833606,0.0315316569044549,6.923119787221193,0.0721597137084596,0.1240015190132529,5.25,0.2099342535129908,0.0731543947229665,163.52201257861637,0.9406837398224496,0.6071769635043672,0.6454634408998816,400.0,2.404551954742679,1.4418156573511132,0.5996192573453494,400.0,-0.0047036723032571,-6.530369978108297e-07,0.0047030192662593,0.1607729967932756,1.0,2,True,The solver successfully reached the end of the integration interval.,4.744,True,True,rho_high
MDA-MB-231/ATCC,ours+zero,2,681239,754143,3.000000106112566e-07,9.99999993922529e-09,-93.95999908447266,,bortezomib,bendamustine,proteasome,alkylator,241279087.64641,247930228.77398983,1.0275661732330774,0.0030333626440834,4.4,0.9969666373559164,0.316066254356344,12.4,0.0026416509029888,2.5382098194596683,0.4866920701340056,0.3127457298302553,,0.0379524936267861,3.0163107195333674,1.4325728440128185,0.8559138657463724,0.9945116453714724,5.25,0.2099342535129908,0.0699034531552081,163.52201257861637,3.2756952361042613,2.117520341138563,0.646433867778524,400.0,16.469569332401257,10.980776589122952,0.6667312524997251,400.0,0.1335594158636992,0.0002161316619424,-0.1333432842017567,0.1549107095764513,1.0,2,True,The solver successfully reached the end of the integration interval.,10.494,True,True,rho_high
MDA-MB-231/ATCC,random,6,125973,737754,5.99999978589949e-08,9.999999747378752e-06,25.70599937438965,,paclitaxel,ixabepilone,antimitotic,antimitotic,241279087.64641,249473670.42568415,1.033963087556445,0.8981580975184387,4.4,0.1018419024815613,0.0041874894246332,2.2,-5.358467892990369e-05,0.0667813638636591,0.9677181044686536,0.0142511339139797,,0.014015804617107,0.0157288940963122,3.8767854473315553,0.2719509062939147,0.0637603515259758,5.25,0.2099342535129908,0.0731543947229665,163.52201257861637,6.251790332932513,2.3117581408548182,0.369775379170537,400.0,0.376363529046734,0.1082965453385641,0.2877445261841953,177.3638984911957,-0.0052960137971731,-2.438445112495913e-07,0.0052957699526618,0.1607767467259219,1.0,2,True,The solver successfully reached the end of the integration interval.,1.568,True,True,rho_high
MDA-MB-231/ATCC,random,7,82151,713563,1.999999987845058e-08,9.999999747378752e-05,-54.54100036621094,,daunorubicin,arsenic trioxide,dna_intercalator,other,241279087.64641,249472977.76505268,1.0339602167704258,0.7328872335855346,4.4,0.2671127664144653,0.0073978281384929,2.4000000000000004,-5.237886387457248e-05,0.1550969969440827,0.9394631394791828,0.0271202550896247,,0.0217668848304965,0.0314558730225862,6.918016873549326,0.0726980921193937,0.1237187626361342,5.25,0.2099342535129908,0.0731543947229665,163.52201257861637,0.1181595423028795,0.0259584955118477,0.2196902171921764,131.7423298500005,2.404551954742679,1.4417287674953203,0.599583121775219,400.0,-0.0046962180300256,-6.519834410134706e-07,0.0046955660465846,0.160772790014845,1.0,2,True,The solver successfully reached the end of the integration interval.,2.307,True,True,rho_high
MDA-MB-231/ATCC,random,2,246131,686673,1.9999999494757503e-05,2.0000000233721948e-07,-27.8799991607666,,mitoxantrone,NSC686673,dna_intercalator,other,241279087.64641,249450085.05471715,1.0338653361466683,0.919332663590717,4.4,0.080667336409283,0.0021367530081989,1.2000000000000002,-1.252431104907766e-05,0.0566614628457021,0.9762866063673424,0.0104226687148636,,0.0062351086181071,0.004669724723577,0.0,0.3479683510227618,0.0165560671845909,5.25,0.2099342535129908,0.0731543947229665,163.52201257861637,2.3045305279580006,0.5352083957249123,0.2322418337409268,135.9362640982235,0.0031046155193241,0.0017710158886389,0.5704461237198502,400.0,-0.0010175475794809,-2.446382409981851e-07,0.0010173029412399,0.1606798426164129,1.0,2,True,The solver successfully reached the end of the integration interval.,5.345,True,True,rho_high
MDA-MB-231/ATCC,random,8,24559,409962,9.999999974752427e-07,2.0000000233721948e-07,-40.54999923706055,,NSC24559,carmustine,other,alkylator,241279087.64641,249474790.0144145,1.0339677277792725,0.695505163256274,4.4,0.304494836743726,0.0089403702754944,2.5999999999999996,-5.553370271133742e-05,0.1778337951447331,0.930672702796502,0.0312030240249374,,0.0237085491740843,0.0366049433088448,7.20149951112096,0.0545572267122632,0.1535069676329031,5.25,0.2099342535129908,0.0731543947229665,163.52201257861637,2.464070125116591,1.482426187993224,0.601616882929856,400.0,7.600000280806509e-05,4.834529511338111e-05,0.6361222806198467,400.0,-0.0051285279457524,-5.509134326509013e-08,0.0051284728544092,0.1607810367392352,1.0,2,True,The solver successfully reached the end of the integration interval.,5.824,True,True,rho_high
MDA-MB-231/ATCC,tanimoto+zero,6,38721,713563,1.9999999494757503e-05,9.999999747378752e-05,-10.20400047302246,,mitotane,arsenic trioxide,other,other,241279087.64641,249475506.0566668,1.033970695472243,0.7104659283692667,4.4,0.2895340716307333,0.0082110037507363,2.5999999999999996,-5.678021243968503e-05,0.168590898163553,0.9345681515190656,0.0293890230711781,,0.0228491522073984,0.0342400469205475,7.08508638522225,0.0606071358749957,0.1398054333779398,5.25,0.2099342535129908,0.0731543947229665,163.52201257861637,1.1110288055148971,0.6552042492249626,0.5897275083892299,400.0,2.404551954742679,1.442304801804235,0.5998226817097749,400.0,-0.0050848630148983,-7.152696657186652e-07,0.0050841477452325,0.1607830050254224,1.0,2,True,The solver successfully reached the end of the integration interval.,5.126,True,True,rho_high
MDA-MB-231/ATCC,tanimoto+zero,2,49842,713563,4.999999858590343e-10,9.999999747378752e-05,-22.812000274658203,,vinblastine,arsenic trioxide,antimitotic,other,241279087.64641,249492014.81527093,1.034039117310062,0.6537261622053651,4.4,0.3462738377946349,0.0127367185982402,3.5999999999999996,-8.551820626711792e-05,0.2047382877433946,0.9139339826245484,0.0390851740882227,,0.0271680139803866,0.0478430521513229,7.544027984409586,0.0557553305376447,0.2107842549485947,5.25,0.2099342535129908,0.0731543947229665,163.52201257861637,0.000189999992406,5.6432119298110335e-05,0.2970111660715223,192.8311825595489,2.404551954742679,1.4470203445721133,0.601783771699358,400.0,-0.0119617721126028,8.836723363647714e-05,0.0120501393462393,0.1609345084926765,1.0,2,True,The solver successfully reached the end of the integration interval.,5.743,True,True,rho_high
MDA-MB-435,no_treatment,-1,-1,-1,0.0,0.0,,,,,,,241279087.64641,249442891.4440707,1.0338355216661983,1.0,0.0,0.0,-0.0005037697657058,0.0,0.0,0.0,1.0,0.0,,0.0025056205528986,2.3658399494782287e-21,0.0,-8.683980056672901,-0.0449025614547689,5.25,0.2099342535129908,0.0731543947229665,163.52201257861637,,,,,,,,,0.0,0.0,0.0,0.1606509578089608,1.0,0,True,The solver successfully reached the end of the integration interval.,0.156,,,rho_high
MDA-MB-231/ATCC,tanimoto+zero,7,82151,713563,1.999999987845058e-08,9.999999747378752e-05,-54.54100036621094,,daunorubicin,arsenic trioxide,dna_intercalator,other,241279087.64641,249472977.76505268,1.0339602167704258,0.7328872335855346,4.4,0.2671127664144653,0.0073978281384929,2.4000000000000004,-5.237886387457248e-05,0.1550969969440827,0.9394631394791828,0.0271202550896247,,0.0217668848304965,0.0314558730225862,6.918016873549326,0.0726980921193937,0.1237187626361342,5.25,0.2099342535129908,0.0731543947229665,163.52201257861637,0.1181595423028795,0.0259584955118477,0.2196902171921764,131.7423298500005,2.404551954742679,1.4417287674953203,0.599583121775219,400.0,-0.0046962180300256,-6.519834410134706e-07,0.0046955660465846,0.160772790014845,1.0,2,True,The solver successfully reached the end of the integration interval.,2.293,True,True,rho_high
MDA-MB-435,act_hamming+zero,0,740,24559,1.0000000116860974e-07,9.999999974752427e-07,-92.08999633789062,,NSC740,NSC24559,other,other,241279087.64641,249545174.99957675,1.0342594438407382,0.367605687196871,4.4,0.632394312803129,0.0383266992745058,5.200000000000001,-0.0001780450770475,0.4547519318786225,0.8231214650194021,0.0845360728128822,,0.038232782124793,0.1244696682597285,7.254769283415246,0.1106625728856393,0.5403588357320994,5.25,0.2099342535129908,0.0731543947229665,163.52201257861637,73.75906315777168,48.27993021152801,0.6545626821243182,400.0,2.539011248752824,1.5683039183268264,0.6176829342907345,400.0,-0.0190225497099105,5.2813136171003805e-06,0.0190278310235276,0.1610774330892475,1.0,2,True,The solver successfully reached the end of the integration interval.,4.174,True,True,rho_high
MDA-MB-435,act_hamming+zero,1,740,24559,1.0000000116860974e-07,9.999999974752427e-07,-92.08999633789062,,NSC740,NSC24559,other,other,241279087.64641,249545174.99957675,1.0342594438407382,0.367605687196871,4.4,0.632394312803129,0.0383266992745058,5.200000000000001,-0.0001780450770475,0.4547519318786225,0.8231214650194021,0.0845360728128822,,0.038232782124793,0.1244696682597285,7.254769283415246,0.1106625728856393,0.5403588357320994,5.25,0.2099342535129908,0.0731543947229665,163.52201257861637,73.75906315777168,48.27993021152801,0.6545626821243182,400.0,2.539011248752824,1.5683039183268264,0.6176829342907345,400.0,-0.0190225497099105,5.2813136171003805e-06,0.0190278310235276,0.1610774330892475,1.0,2,True,The solver successfully reached the end of the integration interval.,4.13,True,True,rho_high
MDA-MB-231/ATCC,tanimoto+zero,8,49842,713563,4.999999858590343e-10,9.999999747378752e-05,-22.812000274658203,,vinblastine,arsenic trioxide,antimitotic,other,241279087.64641,249492014.81527093,1.034039117310062,0.6537261622053651,4.4,0.3462738377946349,0.0127367185982402,3.5999999999999996,-8.551820626711792e-05,0.2047382877433946,0.9139339826245484,0.0390851740882227,,0.0271680139803866,0.0478430521513229,7.544027984409586,0.0557553305376447,0.2107842549485947,5.25,0.2099342535129908,0.0731543947229665,163.52201257861637,0.000189999992406,5.6432119298110335e-05,0.2970111660715223,192.8311825595489,2.404551954742679,1.4470203445721133,0.601783771699358,400.0,-0.0119617721126028,8.836723363647714e-05,0.0120501393462393,0.1609345084926765,1.0,2,True,The solver successfully reached the end of the integration interval.,5.733,True,True,rho_high
MDA-MB-435,act_hamming+zero,4,740,24559,1.0000000116860974e-07,9.999999974752427e-07,-92.08999633789062,,NSC740,NSC24559,other,other,241279087.64641,249545174.99957675,1.0342594438407382,0.367605687196871,4.4,0.632394312803129,0.0383266992745058,5.200000000000001,-0.0001780450770475,0.4547519318786225,0.8231214650194021,0.0845360728128822,,0.038232782124793,0.1244696682597285,7.254769283415246,0.1106625728856393,0.5403588357320994,5.25,0.2099342535129908,0.0731543947229665,163.52201257861637,73.75906315777168,48.27993021152801,0.6545626821243182,400.0,2.539011248752824,1.5683039183268264,0.6176829342907345,400.0,-0.0190225497099105,5.2813136171003805e-06,0.0190278310235276,0.1610774330892475,1.0,2,True,The solver successfully reached the end of the integration interval.,4.054,True,True,rho_high
MDA-MB-435,hamming+zero,0,740,24559,1.0000000116860974e-07,9.999999974752427e-07,-92.08999633789062,,NSC740,NSC24559,other,other,241279087.64641,249545174.99957675,1.0342594438407382,0.367605687196871,4.4,0.632394312803129,0.0383266992745058,5.200000000000001,-0.0001780450770475,0.4547519318786225,0.8231214650194021,0.0845360728128822,,0.038232782124793,0.1244696682597285,7.254769283415246,0.1106625728856393,0.5403588357320994,5.25,0.2099342535129908,0.0731543947229665,163.52201257861637,73.75906315777168,48.27993021152801,0.6545626821243182,400.0,2.539011248752824,1.5683039183268264,0.6176829342907345,400.0,-0.0190225497099105,5.2813136171003805e-06,0.0190278310235276,0.1610774330892475,1.0,2,True,The solver successfully reached the end of the integration interval.,4.148,True,True,rho_high
MDA-MB-435,hamming+zero,1,740,24559,1.0000000116860974e-07,9.999999974752427e-07,-92.08999633789062,,NSC740,NSC24559,other,other,241279087.64641,249545174.99957675,1.0342594438407382,0.367605687196871,4.4,0.632394312803129,0.0383266992745058,5.200000000000001,-0.0001780450770475,0.4547519318786225,0.8231214650194021,0.0845360728128822,,0.038232782124793,0.1244696682597285,7.254769283415246,0.1106625728856393,0.5403588357320994,5.25,0.2099342535129908,0.0731543947229665,163.52201257861637,73.75906315777168,48.27993021152801,0.6545626821243182,400.0,2.539011248752824,1.5683039183268264,0.6176829342907345,400.0,-0.0190225497099105,5.2813136171003805e-06,0.0190278310235276,0.1610774330892475,1.0,2,True,The solver successfully reached the end of the integration interval.,4.059,True,True,rho_high
MDA-MB-435,ours+zero,1,279836,754143,4.999999987376214e-07,9.99999993922529e-09,-79.33200073242188,,NSC279836,bendamustine,other,alkylator,241279087.64641,249527207.00663444,1.0341849740923752,0.2108882104677123,4.4,0.7891117895322877,0.0489630333171216,5.0,-0.0001467734600619,0.6960818520367036,0.789446147150869,0.102677490472548,,0.0411535781556182,0.1867795239956148,6.636236744988925,0.1092386407628716,0.6516563697309027,5.25,0.2099342535129908,0.0731543947229665,163.52201257861637,2.716704000731691,1.7293576944557945,0.6365646364086871,400.0,4.982556569608383,3.2928120593152914,0.6608679727592331,400.0,-0.0171478551802246,1.9704778404516787e-06,0.0171498256580651,0.1610021147569654,1.0,2,True,The solver successfully reached the end of the integration interval.,1.726,True,True,rho_high
MDA-MB-435,hamming+zero,4,740,24559,1.0000000116860974e-07,9.999999974752427e-07,-92.08999633789062,,NSC740,NSC24559,other,other,241279087.64641,249545174.99957675,1.0342594438407382,0.367605687196871,4.4,0.632394312803129,0.0383266992745058,5.200000000000001,-0.0001780450770475,0.4547519318786225,0.8231214650194021,0.0845360728128822,,0.038232782124793,0.1244696682597285,7.254769283415246,0.1106625728856393,0.5403588357320994,5.25,0.2099342535129908,0.0731543947229665,163.52201257861637,73.75906315777168,48.27993021152801,0.6545626821243182,400.0,2.539011248752824,1.5683039183268264,0.6176829342907345,400.0,-0.0190225497099105,5.2813136171003805e-06,0.0190278310235276,0.1610774330892475,1.0,2,True,The solver successfully reached the end of the integration interval.,4.078,True,True,rho_high
MDA-MB-435,ours+zero,0,740,24559,1.0000000116860974e-07,9.999999974752427e-07,-92.08999633789062,,NSC740,NSC24559,other,other,241279087.64641,249545174.99957675,1.0342594438407382,0.367605687196871,4.4,0.632394312803129,0.0383266992745058,5.200000000000001,-0.0001780450770475,0.4547519318786225,0.8231214650194021,0.0845360728128822,,0.038232782124793,0.1244696682597285,7.254769283415246,0.1106625728856393,0.5403588357320994,5.25,0.2099342535129908,0.0731543947229665,163.52201257861637,73.75906315777168,48.27993021152801,0.6545626821243182,400.0,2.539011248752824,1.5683039183268264,0.6176829342907345,400.0,-0.0190225497099105,5.2813136171003805e-06,0.0190278310235276,0.1610774330892475,1.0,2,True,The solver successfully reached the end of the integration interval.,4.065,True,True,rho_high
MDA-MB-435,random,1,743414,761432,4.999999873689376e-06,4.999999969612645e-09,-52.07500076293945,,sunitinib,NSC761432,kinase_inhibitor,other,241279087.64641,249462991.85549617,1.0339188293893065,0.0978482275004749,4.4,0.902151772499525,0.0833611682137564,6.6,-3.4994567364280134e-05,1.0295811906638543,0.721241784301297,0.1419191208766744,,0.0431903225694556,1.1000282612250505,2.8318947407016832,0.5173590703272845,0.8143035787514235,5.25,0.2099342535129908,0.0731543947229665,163.52201257861637,21.67723172355619,14.204279403629318,0.6552626084719955,400.0,9.51437302409918,6.199813846893473,0.6516261062278954,400.0,-0.0128646917027122,1.045386436737683e-05,0.0128751455670795,0.1607590734890505,1.0,2,True,The solver successfully reached the end of the integration interval.,1.707,True,True,rho_high
MDA-MB-435,ours+zero,4,740,24559,1.0000000116860974e-07,9.999999974752427e-07,-92.08999633789062,,NSC740,NSC24559,other,other,241279087.64641,249545174.99957675,1.0342594438407382,0.367605687196871,4.4,0.632394312803129,0.0383266992745058,5.200000000000001,-0.0001780450770475,0.4547519318786225,0.8231214650194021,0.0845360728128822,,0.038232782124793,0.1244696682597285,7.254769283415246,0.1106625728856393,0.5403588357320994,5.25,0.2099342535129908,0.0731543947229665,163.52201257861637,73.75906315777168,48.27993021152801,0.6545626821243182,400.0,2.539011248752824,1.5683039183268264,0.6176829342907345,400.0,-0.0190225497099105,5.2813136171003805e-06,0.0190278310235276,0.1610774330892475,1.0,2,True,The solver successfully reached the end of the integration interval.,4.158,True,True,rho_high
MDA-MB-435,random,0,24559,712807,9.999999974752427e-07,2.0000000233721948e-07,-89.3499984741211,,NSC24559,capecitabine,other,antimetabolite,241279087.64641,249477794.9614741,1.0339801820167651,0.6974738607020015,4.4,0.3025261392979985,0.0086354318125158,2.5999999999999996,-6.076478865302119e-05,0.1766062174256547,0.932018682571956,0.0305753820059042,,0.0233835754601187,0.03568382543022,7.155616093918318,0.0550531604574486,0.1474195820095097,5.25,0.2099342535129908,0.0731543947229665,163.52201257861637,2.539011248752824,1.5268982817857224,0.6013751544171941,400.0,3.54117948981554,2.318342675885282,0.6546809283609751,400.0,-0.0055024846499678,-7.194681468369879e-07,0.0055017651818209,0.160792402015498,1.0,2,True,The solver successfully reached the end of the integration interval.,4.769,True,True,rho_high
MDA-MB-435,tanimoto+zero,1,713563,753082,9.999999747378752e-05,4.999999987376214e-07,2.67549991607666,,arsenic trioxide,pazopanib,other,kinase_inhibitor,241279087.64641,249471854.7571175,1.033955562376437,0.7395231069708005,4.4,0.2604768930291995,0.0071820269094994,2.4000000000000004,-5.042387359273567e-05,0.1511824051667922,0.9407672456846632,0.0265178116612613,,0.0214580729849752,0.0306937333845121,6.86376171584001,0.0762309832845224,0.1197146263209417,5.25,0.2099342535129908,0.0731543947229665,163.52201257861637,2.308439627427034,1.3817883041945282,0.5985810881849474,400.0,1.7043675242828893,1.012670426488398,0.5941620055888345,400.0,-0.0044919248900343,-6.50858319906078e-07,0.0044912740317144,0.1607681777022772,1.0,2,True,The solver successfully reached the end of the integration interval.,1.962,True,True,rho_high
MDA-MB-435,tanimoto+zero,0,740,24559,1.0000000116860974e-07,9.999999974752427e-07,-92.08999633789062,,NSC740,NSC24559,other,other,241279087.64641,249545174.99957675,1.0342594438407382,0.367605687196871,4.4,0.632394312803129,0.0383266992745058,5.200000000000001,-0.0001780450770475,0.4547519318786225,0.8231214650194021,0.0845360728128822,,0.038232782124793,0.1244696682597285,7.254769283415246,0.1106625728856393,0.5403588357320994,5.25,0.2099342535129908,0.0731543947229665,163.52201257861637,73.75906315777168,48.27993021152801,0.6545626821243182,400.0,2.539011248752824,1.5683039183268264,0.6176829342907345,400.0,-0.0190225497099105,5.2813136171003805e-06,0.0190278310235276,0.1610774330892475,1.0,2,True,The solver successfully reached the end of the integration interval.,4.19,True,True,rho_high
MDA-MB-435,random,4,27640,754143,7.000000135093387e-09,9.99999993922529e-09,-62.209999084472656,,NSC27640,bendamustine,other,alkylator,241279087.64641,249550282.98049676,1.034280614266115,0.1452018569989087,4.4,0.8547981430010914,0.0711073964493167,6.0,-0.0001869346307064,0.8581619829496243,0.7461284089343887,0.1271864238777701,,0.0434750818328844,0.8707756564017144,3.278309008292156,0.3980490942414358,0.7711418480825677,5.25,0.2099342535129908,0.0731543947229665,163.52201257861637,9.564820525819265,6.206260481175772,0.6488632446811313,400.0,4.982556569608383,3.2981289014996813,0.6619350639422658,400.0,-0.0226363006557299,4.705445061592428e-06,0.0226410061007915,0.1611024050082498,1.0,2,True,The solver successfully reached the end of the integration interval.,4.561,True,True,rho_high
OVCAR-8,no_treatment,-1,-1,-1,0.0,0.0,,,,,,,241279087.64641,249442891.4440707,1.0338355216661983,1.0,0.0,0.0,-0.0005037697657058,0.0,0.0,0.0,1.0,0.0,,0.0025056205528986,2.3658399494782287e-21,0.0,-8.683980056672901,-0.0449025614547689,5.25,0.2099342535129908,0.0731543947229665,163.52201257861637,,,,,,,,,0.0,0.0,0.0,0.1606509578089608,1.0,0,True,The solver successfully reached the end of the integration interval.,0.19,,,rho_high
OVCAR-8,act_hamming+zero,2,740,3053,1.0000000116860974e-07,9.99999993922529e-09,-26.979999542236328,,NSC740,dactinomycin,other,dna_intercalator,241279087.64641,249517631.4457813,1.034145287433467,0.5077139513746892,4.6000000000000005,0.4922860486253108,0.0261691173346461,4.3999999999999995,-0.0001301071691007,0.3142582628578755,0.8598401805769698,0.0655822640397552,,0.0347841044977223,0.0879739761865944,7.55861060464977,0.0861220559093089,0.4463982124584729,5.25,0.2099342535129908,0.0731543947229665,163.52201257861637,61.005743661518544,39.886714687317834,0.6538190061024982,400.0,0.2050804643318288,0.0632882386258833,0.3086019862110332,203.7255964187347,-0.0147954119615019,1.296959122654151e-06,0.0147967089206245,0.1609611480135104,1.0,2,True,The solver successfully reached the end of the integration interval.,1.777,True,True,rho_high
OVCAR-8,act_hamming+zero,8,740,3053,1.0000000116860974e-07,9.99999993922529e-09,-26.979999542236328,,NSC740,dactinomycin,other,dna_intercalator,241279087.64641,249517631.4457813,1.034145287433467,0.5077139513746892,4.6000000000000005,0.4922860486253108,0.0261691173346461,4.3999999999999995,-0.0001301071691007,0.3142582628578755,0.8598401805769698,0.0655822640397552,,0.0347841044977223,0.0879739761865944,7.55861060464977,0.0861220559093089,0.4463982124584729,5.25,0.2099342535129908,0.0731543947229665,163.52201257861637,61.005743661518544,39.886714687317834,0.6538190061024982,400.0,0.2050804643318288,0.0632882386258833,0.3086019862110332,203.7255964187347,-0.0147954119615019,1.296959122654151e-06,0.0147967089206245,0.1609611480135104,1.0,2,True,The solver successfully reached the end of the integration interval.,1.732,True,True,rho_high
OVCAR-8,hamming+zero,2,740,3053,1.0000000116860974e-07,9.99999993922529e-09,-26.979999542236328,,NSC740,dactinomycin,other,dna_intercalator,241279087.64641,249517631.4457813,1.034145287433467,0.5077139513746892,4.6000000000000005,0.4922860486253108,0.0261691173346461,4.3999999999999995,-0.0001301071691007,0.3142582628578755,0.8598401805769698,0.0655822640397552,,0.0347841044977223,0.0879739761865944,7.55861060464977,0.0861220559093089,0.4463982124584729,5.25,0.2099342535129908,0.0731543947229665,163.52201257861637,61.005743661518544,39.886714687317834,0.6538190061024982,400.0,0.2050804643318288,0.0632882386258833,0.3086019862110332,203.7255964187347,-0.0147954119615019,1.296959122654151e-06,0.0147967089206245,0.1609611480135104,1.0,2,True,The solver successfully reached the end of the integration interval.,1.769,True,True,rho_high
OVCAR-8,hamming+zero,8,740,3053,1.0000000116860974e-07,9.99999993922529e-09,-26.979999542236328,,NSC740,dactinomycin,other,dna_intercalator,241279087.64641,249517631.4457813,1.034145287433467,0.5077139513746892,4.6000000000000005,0.4922860486253108,0.0261691173346461,4.3999999999999995,-0.0001301071691007,0.3142582628578755,0.8598401805769698,0.0655822640397552,,0.0347841044977223,0.0879739761865944,7.55861060464977,0.0861220559093089,0.4463982124584729,5.25,0.2099342535129908,0.0731543947229665,163.52201257861637,61.005743661518544,39.886714687317834,0.6538190061024982,400.0,0.2050804643318288,0.0632882386258833,0.3086019862110332,203.7255964187347,-0.0147954119615019,1.296959122654151e-06,0.0147967089206245,0.1609611480135104,1.0,2,True,The solver successfully reached the end of the integration interval.,1.772,True,True,rho_high
MDA-MB-435,tanimoto+zero,4,740,24559,1.0000000116860974e-07,9.999999974752427e-07,-92.08999633789062,,NSC740,NSC24559,other,other,241279087.64641,249545174.99957675,1.0342594438407382,0.367605687196871,4.4,0.632394312803129,0.0383266992745058,5.200000000000001,-0.0001780450770475,0.4547519318786225,0.8231214650194021,0.0845360728128822,,0.038232782124793,0.1244696682597285,7.254769283415246,0.1106625728856393,0.5403588357320994,5.25,0.2099342535129908,0.0731543947229665,163.52201257861637,73.75906315777168,48.27993021152801,0.6545626821243182,400.0,2.539011248752824,1.5683039183268264,0.6176829342907345,400.0,-0.0190225497099105,5.2813136171003805e-06,0.0190278310235276,0.1610774330892475,1.0,2,True,The solver successfully reached the end of the integration interval.,4.129,True,True,rho_high
OVCAR-8,ours+zero,2,125066,681239,9.999999974752427e-07,3.000000106112566e-07,-93.2300033569336,,bleomycin,bortezomib,dna_cleaver,proteasome,241279087.64641,249523965.7648966,1.034171540513156,0.1425605417345436,4.6000000000000005,0.8574394582654563,0.0853620079854631,7.6,-0.0001411321411829,0.8658780232929304,0.7138682664878229,0.1463819232599844,,0.0427036097203297,0.800902734101631,3.4749099234981453,0.5882558071819611,0.8198588575024345,5.25,0.2099342535129908,0.0731543947229665,163.52201257861637,0.0469345509671727,0.0247331439536183,0.5269709296018896,400.0,2.8664938663465582,1.712278684371264,0.597342525122379,400.0,-0.0314229514605606,0.0001594861940937,0.0315824376546544,0.16116150805615,1.0,2,True,The solver successfully reached the end of the integration interval.,1.913,True,True,rho_high
OVCAR-8,ours+zero,8,125066,681239,9.999999974752427e-07,3.000000106112566e-07,-93.2300033569336,,bleomycin,bortezomib,dna_cleaver,proteasome,241279087.64641,249523965.7648966,1.034171540513156,0.1425605417345436,4.6000000000000005,0.8574394582654563,0.0853620079854631,7.6,-0.0001411321411829,0.8658780232929304,0.7138682664878229,0.1463819232599844,,0.0427036097203297,0.800902734101631,3.4749099234981453,0.5882558071819611,0.8198588575024345,5.25,0.2099342535129908,0.0731543947229665,163.52201257861637,0.0469345509671727,0.0247331439536183,0.5269709296018896,400.0,2.8664938663465582,1.712278684371264,0.597342525122379,400.0,-0.0314229514605606,0.0001594861940937,0.0315824376546544,0.16116150805615,1.0,2,True,The solver successfully reached the end of the integration interval.,1.925,True,True,rho_high
OVCAR-8,random,2,8806,754143,1.0000000116860974e-07,9.99999993922529e-09,12.972000122070312,,melphalan,bendamustine,alkylator,alkylator,241279087.64641,249514313.39781564,1.034131535524845,0.3153970650849286,4.4,0.6846029349150714,0.0331816073695697,4.4,-0.0001243319479467,0.5212765058769655,0.8293238702903859,0.0812758342122734,,0.037196511430635,0.1097206495781671,7.362806365267462,0.0389002645391595,0.5062239781142204,5.25,0.2099342535129908,0.0731543947229665,163.52201257861637,0.0342117755132451,0.0222505054699805,0.6503756421927361,400.0,4.068882418645005,2.678776975870547,0.6583569393884371,400.0,-0.014036921343921,9.27983847431868e-07,0.0140378493277685,0.1609467423264123,1.0,2,True,The solver successfully reached the end of the integration interval.,3.046,True,True,rho_high
OVCAR-8,random,8,85998,713563,9.999999747378752e-05,9.999999747378752e-05,-19.92300033569336,,streptozocin,arsenic trioxide,alkylator,other,241279087.64641,249473602.09614876,1.0339628043593552,0.6763353505223092,4.4,0.3236646494776908,0.0098519516344099,2.8,-5.34657279231499e-05,0.1899720659673374,0.9256514449691682,0.0335525165829259,,0.0247176871733056,0.0395526369298836,7.314624667152693,0.0470620407413616,0.1707464833919836,5.25,0.2099342535129908,0.0731543947229665,163.52201257861637,0.014237267842602,0.0090699202654843,0.6370548314294185,400.0,2.3689685491773296,1.42762556814024,0.6026359314208755,400.0,-0.0049807673162567,-4.688720498524646e-07,0.0049802984442068,0.1607758143804882,1.0,2,True,The solver successfully reached the end of the integration interval.,2.459,True,True,rho_high
PC-3,no_treatment,-1,-1,-1,0.0,0.0,,,,,,,241279087.64641,249442891.4440707,1.0338355216661983,1.0,0.0,0.0,-0.0005037697657058,0.0,0.0,0.0,1.0,0.0,,0.0025056205528986,2.3658399494782287e-21,0.0,-8.683980056672901,-0.0449025614547689,5.25,0.2099342535129908,0.0731543947229665,163.52201257861637,,,,,,,,,0.0,0.0,0.0,0.1606509578089608,1.0,0,True,The solver successfully reached the end of the integration interval.,0.155,,,rho_high
OVCAR-8,tanimoto+zero,2,1390,713563,0.0001999999949475,9.999999747378752e-05,-43.05500030517578,,NSC1390,arsenic trioxide,other,other,241279087.64641,249475631.62384796,1.03397121589522,0.6645623322827482,4.4,0.3354376677172518,0.0101870117367418,2.8,-5.6998803519118245e-05,0.1975984319611608,0.9235795919344476,0.0345256721257769,,0.0250877154218424,0.0406734063936528,7.347748321189266,0.0430241536629467,0.1755401752740498,5.25,0.2099342535129908,0.0731543947229665,163.52201257861637,9.765587997067096,6.128136265467806,0.6275235313335226,400.0,2.3689685491773296,1.4287594228288245,0.6031145594250245,400.0,-0.0054049608023341,-4.509158781917933e-07,0.0054045098864559,0.1607842236599847,1.0,2,True,The solver successfully reached the end of the integration interval.,2.845,True,True,rho_high
OVCAR-8,tanimoto+zero,8,1390,713563,0.0001999999949475,9.999999747378752e-05,-43.05500030517578,,NSC1390,arsenic trioxide,other,other,241279087.64641,249475631.62384796,1.03397121589522,0.6645623322827482,4.4,0.3354376677172518,0.0101870117367418,2.8,-5.6998803519118245e-05,0.1975984319611608,0.9235795919344476,0.0345256721257769,,0.0250877154218424,0.0406734063936528,7.347748321189266,0.0430241536629467,0.1755401752740498,5.25,0.2099342535129908,0.0731543947229665,163.52201257861637,9.765587997067096,6.128136265467806,0.6275235313335226,400.0,2.3689685491773296,1.4287594228288245,0.6031145594250245,400.0,-0.0054049608023341,-4.509158781917933e-07,0.0054045098864559,0.1607842236599847,1.0,2,True,The solver successfully reached the end of the integration interval.,2.752,True,True,rho_high
PC-3,act_hamming+zero,1,740,6396,9.99999993922529e-09,1.0000000116860974e-07,-31.86000061035156,,NSC740,thiotepa,other,alkylator,241279087.64641,249466629.13278636,1.033933904368766,0.693222735783464,4.4,0.3067772642165359,0.0101714564495405,3.0,-4.1326720797836034e-05,0.1792613556481206,0.9261109598594384,0.0333369762039089,,0.0248750539665837,0.040113306013487,7.352742054896007,0.0594722615067704,0.1730445949655203,5.25,0.2099342535129908,0.0731543947229665,163.52201257861637,5.297392148459928,3.2861009566707033,0.6203242774137548,400.0,6.333358819046819e-05,4.05005254299426e-05,0.6394794071692593,400.0,-0.0050483226369328,4.602852322732609e-06,0.0050529254892556,0.1607553802263088,1.0,2,True,The solver successfully reached the end of the integration interval.,4.458,True,True,rho_high
PC-3,act_hamming+zero,6,740,6396,9.99999993922529e-09,1.0000000116860974e-07,-31.86000061035156,,NSC740,thiotepa,other,alkylator,241279087.64641,249466629.13278636,1.033933904368766,0.693222735783464,4.4,0.3067772642165359,0.0101714564495405,3.0,-4.1326720797836034e-05,0.1792613556481206,0.9261109598594384,0.0333369762039089,,0.0248750539665837,0.040113306013487,7.352742054896007,0.0594722615067704,0.1730445949655203,5.25,0.2099342535129908,0.0731543947229665,163.52201257861637,5.297392148459928,3.2861009566707033,0.6203242774137548,400.0,6.333358819046819e-05,4.05005254299426e-05,0.6394794071692593,400.0,-0.0050483226369328,4.602852322732609e-06,0.0050529254892556,0.1607553802263088,1.0,2,True,The solver successfully reached the end of the integration interval.,4.34,True,True,rho_high
PC-3,act_hamming+zero,9,681239,750690,3.000000106112566e-07,1.0000000116860974e-07,-37.0,,bortezomib,everolimus,proteasome,kinase_inhibitor,241279087.64641,248546484.11738524,1.030120291575478,0.037594810835023,4.4,0.962405189164977,0.1416027920962318,10.6,0.0015635079585904,1.4450062496410927,0.6176787210338197,0.2092373598032685,,0.0411245305734506,1.6262290726965007,2.2055395806246776,0.8104311405365123,0.9262958152337978,5.25,0.2099342535129908,0.0731543947229665,163.52201257861637,16.44251124641934,10.645109095206852,0.6474138247906032,400.0,0.1288778901525277,0.0831481960725113,0.6451703699843702,400.0,0.1018099213302154,7.091211356480276e-05,-0.1017390092166506,0.1571406115739685,1.0,2,True,The solver successfully reached the end of the integration interval.,4.397,True,True,rho_high
PC-3,hamming+zero,1,740,6396,9.99999993922529e-09,1.0000000116860974e-07,-31.86000061035156,,NSC740,thiotepa,other,alkylator,241279087.64641,249466629.13278636,1.033933904368766,0.693222735783464,4.4,0.3067772642165359,0.0101714564495405,3.0,-4.1326720797836034e-05,0.1792613556481206,0.9261109598594384,0.0333369762039089,,0.0248750539665837,0.040113306013487,7.352742054896007,0.0594722615067704,0.1730445949655203,5.25,0.2099342535129908,0.0731543947229665,163.52201257861637,5.297392148459928,3.2861009566707033,0.6203242774137548,400.0,6.333358819046819e-05,4.05005254299426e-05,0.6394794071692593,400.0,-0.0050483226369328,4.602852322732609e-06,0.0050529254892556,0.1607553802263088,1.0,2,True,The solver successfully reached the end of the integration interval.,4.333,True,True,rho_high
PC-3,hamming+zero,6,740,6396,9.99999993922529e-09,1.0000000116860974e-07,-31.86000061035156,,NSC740,thiotepa,other,alkylator,241279087.64641,249466629.13278636,1.033933904368766,0.693222735783464,4.4,0.3067772642165359,0.0101714564495405,3.0,-4.1326720797836034e-05,0.1792613556481206,0.9261109598594384,0.0333369762039089,,0.0248750539665837,0.040113306013487,7.352742054896007,0.0594722615067704,0.1730445949655203,5.25,0.2099342535129908,0.0731543947229665,163.52201257861637,5.297392148459928,3.2861009566707033,0.6203242774137548,400.0,6.333358819046819e-05,4.05005254299426e-05,0.6394794071692593,400.0,-0.0050483226369328,4.602852322732609e-06,0.0050529254892556,0.1607553802263088,1.0,2,True,The solver successfully reached the end of the integration interval.,4.323,True,True,rho_high
PC-3,hamming+zero,9,681239,750690,3.000000106112566e-07,1.0000000116860974e-07,-37.0,,bortezomib,everolimus,proteasome,kinase_inhibitor,241279087.64641,248546484.11738524,1.030120291575478,0.037594810835023,4.4,0.962405189164977,0.1416027920962318,10.6,0.0015635079585904,1.4450062496410927,0.6176787210338197,0.2092373598032685,,0.0411245305734506,1.6262290726965007,2.2055395806246776,0.8104311405365123,0.9262958152337978,5.25,0.2099342535129908,0.0731543947229665,163.52201257861637,16.44251124641934,10.645109095206852,0.6474138247906032,400.0,0.1288778901525277,0.0831481960725113,0.6451703699843702,400.0,0.1018099213302154,7.091211356480276e-05,-0.1017390092166506,0.1571406115739685,1.0,2,True,The solver successfully reached the end of the integration interval.,4.363,True,True,rho_high
PC-3,ours+zero,6,24559,681239,9.999999974752427e-07,3.000000106112566e-07,-82.56999969482422,,NSC24559,bortezomib,other,proteasome,241279087.64641,248487628.2372703,1.029876358789222,0.00635978404766,4.4,0.99364021595234,0.2466683796419516,11.2,0.0016663611972136,2.2166917845496923,0.5430531998246809,0.2651576229736622,,0.0395713470693889,2.1395048382549624,1.8311541499151265,0.8505098285085482,0.9867509972238808,5.25,0.2099342535129908,0.0699034531552081,163.52201257861637,2.422824516355851,1.5768405878440397,0.6508274029750004,400.0,16.44251124641934,10.664221528455617,0.64857620400156,400.0,0.0881688279134879,0.000115120663796,-0.0880537072496918,0.1569910524186788,1.0,2,True,The solver successfully reached the end of the integration interval.,1.712,True,True,rho_high
PC-3,ours+zero,9,123127,681239,4.999999987376214e-07,3.000000106112566e-07,-91.41999816894533,,doxorubicin,bortezomib,dna_intercalator,proteasome,241279087.64641,248438867.47801727,1.0296742660188594,0.0297960714535125,4.4,0.9702039285464876,0.1536234909419284,10.8,0.0017515912218855,1.5459751464997842,0.6050508839366368,0.218208100250603,,0.0408639045910825,1.7076379668475272,2.134752787281879,0.8248464509773731,0.940204150687385,5.25,0.2099342535129908,0.0699034531552081,163.52201257861637,8.609056652850331,5.368588603908252,0.6235977785244092,400.0,16.44251124641934,10.64913989461378,0.6476589697898384,400.0,0.1152799736302113,7.94939056162347e-05,-0.1152004797245951,0.1567181013618303,1.0,2,True,The solver successfully reached the end of the integration interval.,1.795,True,True,rho_high
PC-3,ours+zero,1,673596,754143,9.99999993922529e-09,9.99999993922529e-09,-76.30000305175781,,NSC673596,bendamustine,other,alkylator,241279087.64641,249468206.64474365,1.0339404424901284,0.6685770081034532,4.4,0.3314229918965468,0.0110144131191,3.0,-4.40729902064138e-05,0.1949827161489983,0.9203176057508148,0.0360622698051343,,0.0258384717264867,0.0431369578335335,7.430408042803073,0.0469905980590155,0.1892918205258691,5.25,0.2099342535129908,0.0731543947229665,163.52201257861637,0.0325309557626348,0.0192070632760966,0.5904241921523234,400.0,1.1090544281393298,0.7163776324165718,0.6459355052740241,400.0,-0.0049024558107413,3.9605999202496633e-07,0.0049028518707333,0.160755816675706,1.0,2,True,The solver successfully reached the end of the integration interval.,5.352,True,True,rho_high
PC-3,random,1,279836,761432,4.999999987376214e-07,4.999999858590343e-10,28.219999313354492,,NSC279836,NSC761432,other,other,241279087.64641,249458889.3467065,1.033901826221607,0.8131525633678186,4.4,0.1868474366321814,0.0076337823013376,3.0,-2.7852379392699017e-05,0.1099621181776034,0.9459093968798176,0.0241504601305078,,0.0211541761523824,0.0301109485773701,6.886777464726148,0.1396198159852371,0.1300891040002462,5.25,0.2099342535129908,0.0731543947229665,163.52201257861637,0.4513395075304535,0.2653443216000588,0.5879040437915909,400.0,2.404650062963026,1.452809636662196,0.6041667596623327,400.0,-0.0032314085748776,4.529725262658602e-07,0.0032318615474039,0.1607177507062374,1.0,2,True,The solver successfully reached the end of the integration interval.,4.072,True,True,rho_high
PC-3,random,6,279836,737754,4.999999987376214e-07,1.0000000116860974e-07,27.4950008392334,,NSC279836,ixabepilone,other,antimitotic,241279087.64641,249444689.25476736,1.0338429728328709,0.9999365428921392,0.2,6.34571078609314e-05,0.0007937744423363,0.2,-3.1300809852868365e-06,0.0060017624331653,0.992984975583496,0.0030573225726398,,0.0023586651870094,1.2627602904212531e-20,0.0,-1.2676402267366171,-0.0271219095364199,5.25,0.2099342535129908,0.0731543947229665,163.52201257861637,0.4513395075304535,0.2605410863869378,0.5772618661559517,400.0,0.0037159631513533,0.001010743066025,0.2720002930214522,156.55440521144666,-0.0002919503840901,-1.3027273704224742e-08,0.0002919373568164,0.160658296919658,1.0,2,True,The solver successfully reached the end of the integration interval.,2.658,True,True,rho_high
PC-3,random,9,681239,750690,3.000000106112566e-07,1.0000000116860974e-07,-37.0,,bortezomib,everolimus,proteasome,kinase_inhibitor,241279087.64641,248546484.11738524,1.030120291575478,0.037594810835023,4.4,0.962405189164977,0.1416027920962318,10.6,0.0015635079585904,1.4450062496410927,0.6176787210338197,0.2092373598032685,,0.0411245305734506,1.6262290726965007,2.2055395806246776,0.8104311405365123,0.9262958152337978,5.25,0.2099342535129908,0.0731543947229665,163.52201257861637,16.44251124641934,10.645109095206852,0.6474138247906032,400.0,0.1288778901525277,0.0831481960725113,0.6451703699843702,400.0,0.1018099213302154,7.091211356480276e-05,-0.1017390092166506,0.1571406115739685,1.0,2,True,The solver successfully reached the end of the integration interval.,4.279,True,True,rho_high
PC-3,tanimoto+zero,6,750,92859,4.999999873689376e-05,6.000000212225132e-06,-39.7599983215332,,NSC750,dromostanolone,other,hormonal,241279087.64641,249462227.15154248,1.033915660014119,0.7906225363722583,4.4,0.2093774636277416,0.0069660307199984,2.5999999999999996,-3.366327884764655e-05,0.1221649640082194,0.9458579517648532,0.0241740807195526,,0.020696775957257,0.0289620514356812,6.7663390827504895,0.1142430671436789,0.1147817694660234,5.25,0.2099342535129908,0.0731543947229665,163.52201257861637,231.23362626659684,152.0867448485096,0.6577189801675462,400.0,11.901275414901978,7.774046234237447,0.6532111864668981,400.0,-0.0038892010440809,3.368610956844265e-07,0.0038895379051766,0.1607312907675662,1.0,2,True,The solver successfully reached the end of the integration interval.,6.577,True,True,rho_high
PC-3,tanimoto+zero,1,750,92859,4.999999873689376e-05,6.000000212225132e-06,-39.7599983215332,,NSC750,dromostanolone,other,hormonal,241279087.64641,249462227.15154248,1.033915660014119,0.7906225363722583,4.4,0.2093774636277416,0.0069660307199984,2.5999999999999996,-3.366327884764655e-05,0.1221649640082194,0.9458579517648532,0.0241740807195526,,0.020696775957257,0.0289620514356812,6.7663390827504895,0.1142430671436789,0.1147817694660234,5.25,0.2099342535129908,0.0731543947229665,163.52201257861637,231.23362626659684,152.0867448485096,0.6577189801675462,400.0,11.901275414901978,7.774046234237447,0.6532111864668981,400.0,-0.0038892010440809,3.368610956844265e-07,0.0038895379051766,0.1607312907675662,1.0,2,True,The solver successfully reached the end of the integration interval.,6.625,True,True,rho_high
T-47D,no_treatment,-1,-1,-1,0.0,0.0,,,,,,,241279087.64641,249442891.4440707,1.0338355216661983,1.0,0.0,0.0,-0.0005037697657058,0.0,0.0,0.0,1.0,0.0,,0.0025056205528986,2.3658399494782287e-21,0.0,-8.683980056672901,-0.0449025614547689,5.25,0.2099342535129908,0.0731543947229665,163.52201257861637,,,,,,,,,0.0,0.0,0.0,0.1606509578089608,1.0,0,True,The solver successfully reached the end of the integration interval.,0.157,,,rho_high
PC-3,tanimoto+zero,9,681239,750690,3.000000106112566e-07,1.0000000116860974e-07,-37.0,,bortezomib,everolimus,proteasome,kinase_inhibitor,241279087.64641,248546484.11738524,1.030120291575478,0.037594810835023,4.4,0.962405189164977,0.1416027920962318,10.6,0.0015635079585904,1.4450062496410927,0.6176787210338197,0.2092373598032685,,0.0411245305734506,1.6262290726965007,2.2055395806246776,0.8104311405365123,0.9262958152337978,5.25,0.2099342535129908,0.0731543947229665,163.52201257861637,16.44251124641934,10.645109095206852,0.6474138247906032,400.0,0.1288778901525277,0.0831481960725113,0.6451703699843702,400.0,0.1018099213302154,7.091211356480276e-05,-0.1017390092166506,0.1571406115739685,1.0,2,True,The solver successfully reached the end of the integration interval.,4.215,True,True,rho_high
T-47D,ours+zero,9,673596,681239,9.99999993922529e-09,2.999999892949745e-08,-88.95999908447266,,NSC673596,bortezomib,other,proteasome,241279087.64641,249539113.56647065,1.034234321758401,0.0446485221954818,4.6000000000000005,0.9553514778045182,0.1399842673415315,7.8,-0.0001674959693683,1.3700702714076074,0.6461089728444409,0.1896942276492465,,0.0419637466787652,1.3476567987285089,2.496592756169074,0.7440530681259286,0.936962884518523,5.25,0.2099342535129908,0.0731543947229665,163.52201257861637,4.84315787577589,3.1425020582606433,0.6488539376299403,400.0,0.5207749686267218,0.3206103003565405,0.6156407655344621,400.0,-0.0318192440929507,2.324462044722697e-05,0.031842488713398,0.161097097833393,1.0,2,True,The solver successfully reached the end of the integration interval.,1.706,True,True,rho_high
T-47D,act_hamming+zero,9,79037,279836,4.999999873689376e-05,4.999999987376214e-07,38.91999816894531,,lomustine,NSC279836,alkylator,other,241279087.64641,249468133.00177148,1.0339401372710857,0.6616373797787176,4.4,0.3383626202212824,0.0117516235541107,3.2,-4.394478653030714e-05,0.1995141204965625,0.917385115179374,0.0374483106918333,,0.0264433941554884,0.0451830899800584,7.479307815849721,0.0476938865799638,0.2012259365789667,5.25,0.2099342535129908,0.0731543947229665,163.52201257861637,5.002740239714067,3.2764748901377954,0.6549360416772436,400.0,11.09291211405064,7.044279874608064,0.6350253028405005,400.0,-0.0054934053825874,7.407664607272935e-07,0.0054941461490481,0.1607566632505893,1.0,2,True,The solver successfully reached the end of the integration interval.,6.96,True,True,rho_high
T-47D,hamming+zero,9,79037,279836,4.999999873689376e-05,4.999999987376214e-07,38.91999816894531,,lomustine,NSC279836,alkylator,other,241279087.64641,249468133.00177148,1.0339401372710857,0.6616373797787176,4.4,0.3383626202212824,0.0117516235541107,3.2,-4.394478653030714e-05,0.1995141204965625,0.917385115179374,0.0374483106918333,,0.0264433941554884,0.0451830899800584,7.479307815849721,0.0476938865799638,0.2012259365789667,5.25,0.2099342535129908,0.0731543947229665,163.52201257861637,5.002740239714067,3.2764748901377954,0.6549360416772436,400.0,11.09291211405064,7.044279874608064,0.6350253028405005,400.0,-0.0054934053825874,7.407664607272935e-07,0.0054941461490481,0.1607566632505893,1.0,2,True,The solver successfully reached the end of the integration interval.,7.028,True,True,rho_high
T-47D,random,9,45388,125973,4.999999987376214e-07,5.99999978589949e-08,29.951000213623047,,dacarbazine,paclitaxel,alkylator,antimitotic,241279087.64641,249492156.68635204,1.0340397053058246,0.8459579905012239,4.4,0.1540420094987761,0.007199127683522,3.2,-8.576516330980512e-05,0.0927853566699045,0.9523805146910432,0.0211894986606119,,0.0199094716670595,0.0271921035464724,6.61827204895417,0.1882782813027882,0.1186640601639604,5.25,0.2099342535129908,0.0731543947229665,163.52201257861637,0.0778429239898828,0.0494894837046438,0.6357608523425445,400.0,7.097702764445099,2.73161022503943,0.384858357090273,400.0,-0.0086833640026593,-3.8052822004530646e-08,0.0086833259498373,0.1608530370515199,1.0,2,True,The solver successfully reached the end of the integration interval.,7.184,True,True,rho_high
T-47D,tanimoto+zero,9,713563,747972,9.999999747378752e-05,2.9999999242136255e-05,24.45599937438965,,arsenic trioxide,lapatinib,other,kinase_inhibitor,241279087.64641,249453002.31084824,1.0338774269422677,0.8996589483558592,4.4,0.1003410516441407,0.0035506135036546,2.0,-1.760324630571866e-05,0.0660562496038204,0.9691464879578936,0.013610573719628,,0.012725076638385,0.0136449908504039,2.646860822890518,0.2816269746027964,0.0482056207768288,5.25,0.2099342535129908,0.0731543947229665,163.52201257861637,2.247734761770227,1.342193361586523,0.5971315585872172,400.0,456.90223552326705,301.0240652309919,0.6588369279617208,400.0,-0.0017017465817559,-2.929600628753803e-08,0.0017017172857496,0.160692348817345,1.0,2,True,The solver successfully reached the end of the integration interval.,4.128,True,True,rho_high
DU-145,no_treatment,-1,-1,-1,0.0,0.0,,,,,,,241279087.64641,237718133.0505318,0.9852413459010724,0.9852413459010724,21.0,0.0147586540989275,,,0.0,0.0,1.0,0.0,,0.0025942844300931,0.0035483925530563,50.98493225919865,0.9687585715563504,0.0037975484535376,5.25,0.1843879427084984,0.0402673444188251,173.58490566037736,,,,,,,,,0.0,0.0,0.0,0.1140930706479778,1.0,0,True,The solver successfully reached the end of the integration interval.,0.15,,,rho_low
DU-145,ours+zero,7,67574,754143,1.0000000116860974e-07,9.99999993922529e-09,-66.76000213623047,,vincristine,bendamustine,antimitotic,alkylator,241279087.64641,67465391.86410514,0.2796155792953528,0.0050733468096347,4.6000000000000005,0.9949266531903652,0.2485041587760278,,0.546981263564575,2.2933943719340646,0.0889289167821037,1.0509569976699444,,0.0067499049003268,1.904353051684719,2.9524150905007303,0.8605384797814025,0.9940018514236348,5.25,0.0,0.0,400.0,10.501821987414438,6.727852444556076,0.6406366869119329,400.0,15.711282702554875,10.471364431616768,0.6664869208873683,400.0,0.936300711378226,0.6719208505343534,-0.2643798608438727,0.0,1.0,2,True,The solver successfully reached the end of the integration interval.,2.972,True,True,rho_low
DU-145,random,7,66847,754143,9.999999974752427e-07,9.99999993922529e-09,-38.16999816894531,,thalidomide,bendamustine,other,alkylator,241279087.64641,64494692.41245405,0.2673032836851978,0.0050910911855567,4.6000000000000005,0.9949089088144432,0.2475983792802334,,0.5665383349501026,2.291878047592299,0.085812181282524,1.0664510584417262,,0.0064164967159783,1.898515551487031,2.986959713640492,0.8674589516782106,0.9940991428175991,5.25,0.0,0.0,400.0,1899.9999729811136,1255.054564255269,0.6605550432119635,400.0,15.711282702554875,10.471501882058664,0.666495669405519,400.0,0.9365889950685812,0.6863593218302878,-0.2502296732382935,0.0,1.0,2,True,The solver successfully reached the end of the integration interval.,5.688,True,True,rho_low
DU-145,hamming+zero,7,740,9706,9.99999993922529e-09,4.999999873689376e-06,-42.18000030517578,,NSC740,triethylenemelamine,other,alkylator,241279087.64641,56586807.571794435,0.2345284380995395,0.0040711781223808,4.6000000000000005,0.9959288218776192,0.2530825844735456,,0.6233471175501109,2.388968819196249,0.0772286894669266,1.1122213348639622,,0.005519753451837,1.884171931843605,3.0866995714338548,0.8788918568232784,0.9953478150642276,5.25,0.0,0.0,400.0,1.4550478895615448,0.9480227655172228,0.6515405934871973,400.0,9.924387754952315,6.609438682335303,0.6659794886628813,400.0,0.8960933020823801,0.7296115833756711,-0.166481718706709,0.0,1.0,2,True,The solver successfully reached the end of the integration interval.,26.294,True,True,rho_low
MDA-MB-231/ATCC,no_treatment,-1,-1,-1,0.0,0.0,,,,,,,241279087.64641,237718133.0505318,0.9852413459010724,0.9852413459010724,21.0,0.0147586540989275,,,0.0,0.0,1.0,0.0,,0.0025942844300931,0.0035483925530563,50.98493225919865,0.9687585715563504,0.0037975484535376,5.25,0.1843879427084984,0.0402673444188251,173.58490566037736,,,,,,,,,0.0,0.0,0.0,0.1140930706479778,1.0,0,True,The solver successfully reached the end of the integration interval.,0.146,,,rho_low
DU-145,act_hamming+zero,7,740,9706,9.99999993922529e-09,4.999999873689376e-06,-42.18000030517578,,NSC740,triethylenemelamine,other,alkylator,241279087.64641,56586807.571794435,0.2345284380995395,0.0040711781223808,4.6000000000000005,0.9959288218776192,0.2530825844735456,,0.6233471175501109,2.388968819196249,0.0772286894669266,1.1122213348639622,,0.005519753451837,1.884171931843605,3.0866995714338548,0.8788918568232784,0.9953478150642276,5.25,0.0,0.0,400.0,1.4550478895615448,0.9480227655172228,0.6515405934871973,400.0,9.924387754952315,6.609438682335303,0.6659794886628813,400.0,0.8960933020823801,0.7296115833756711,-0.166481718706709,0.0,1.0,2,True,The solver successfully reached the end of the integration interval.,26.483,True,True,rho_low
MDA-MB-231/ATCC,act_hamming+zero,2,740,24559,9.999999717180683e-10,9.999999974752427e-07,-47.369998931884766,,NSC740,NSC24559,other,other,241279087.64641,233857568.54976588,0.9692409351799264,0.4378937163081819,4.4,0.562106283691818,0.0452958222140192,,0.0071108808650524,0.35742419133842,0.7623275045353946,0.1178584107396632,,0.0371152952332746,0.1902094204152971,7.188380366507857,0.522822813669376,0.5212591156845042,5.25,0.1843879427084984,0.0425249427297684,173.58490566037736,0.0018356311089325,0.0010741335539001,0.5851576325293519,400.0,2.464070125116591,1.4932803088465818,0.6060218390805437,400.0,-0.1779352863333121,0.029409997931458,0.2073452842647701,0.1210045112801698,1.0,2,True,The solver successfully reached the end of the integration interval.,4.063,True,True,rho_low
MDA-MB-231/ATCC,act_hamming+zero,6,740,24559,9.999999717180683e-10,9.999999974752427e-07,-47.369998931884766,,NSC740,NSC24559,other,other,241279087.64641,233857568.54976588,0.9692409351799264,0.4378937163081819,4.4,0.562106283691818,0.0452958222140192,,0.0071108808650524,0.35742419133842,0.7623275045353946,0.1178584107396632,,0.0371152952332746,0.1902094204152971,7.188380366507857,0.522822813669376,0.5212591156845042,5.25,0.1843879427084984,0.0425249427297684,173.58490566037736,0.0018356311089325,0.0010741335539001,0.5851576325293519,400.0,2.464070125116591,1.4932803088465818,0.6060218390805437,400.0,-0.1779352863333121,0.029409997931458,0.2073452842647701,0.1210045112801698,1.0,2,True,The solver successfully reached the end of the integration interval.,4.034,True,True,rho_low
MDA-MB-231/ATCC,act_hamming+zero,8,740,24559,9.999999717180683e-10,9.999999974752427e-07,-47.369998931884766,,NSC740,NSC24559,other,other,241279087.64641,233857568.54976588,0.9692409351799264,0.4378937163081819,4.4,0.562106283691818,0.0452958222140192,,0.0071108808650524,0.35742419133842,0.7623275045353946,0.1178584107396632,,0.0371152952332746,0.1902094204152971,7.188380366507857,0.522822813669376,0.5212591156845042,5.25,0.1843879427084984,0.0425249427297684,173.58490566037736,0.0018356311089325,0.0010741335539001,0.5851576325293519,400.0,2.464070125116591,1.4932803088465818,0.6060218390805437,400.0,-0.1779352863333121,0.029409997931458,0.2073452842647701,0.1210045112801698,1.0,2,True,The solver successfully reached the end of the integration interval.,3.912,True,True,rho_low
DU-145,tanimoto+zero,7,740,9706,9.99999993922529e-09,4.999999873689376e-06,-42.18000030517578,,NSC740,triethylenemelamine,other,alkylator,241279087.64641,56586807.571794435,0.2345284380995395,0.0040711781223808,4.6000000000000005,0.9959288218776192,0.2530825844735456,,0.6233471175501109,2.388968819196249,0.0772286894669266,1.1122213348639622,,0.005519753451837,1.884171931843605,3.0866995714338548,0.8788918568232784,0.9953478150642276,5.25,0.0,0.0,400.0,1.4550478895615448,0.9480227655172228,0.6515405934871973,400.0,9.924387754952315,6.609438682335303,0.6659794886628813,400.0,0.8960933020823801,0.7296115833756711,-0.166481718706709,0.0,1.0,2,True,The solver successfully reached the end of the integration interval.,26.367,True,True,rho_low
MDA-MB-231/ATCC,act_hamming+zero,7,82151,713563,1.999999987845058e-08,9.999999747378752e-05,-54.54100036621094,,daunorubicin,arsenic trioxide,dna_intercalator,other,241279087.64641,234160670.6460979,0.970497165461998,0.4548406353661156,4.4,0.5451593646338844,0.0430531745878168,,0.006548357547499,0.3409336470056774,0.7723688966630611,0.1121752236026141,,0.0369056187009042,0.1776721668986126,7.324040002599394,0.4946585185367423,0.5042253659013205,5.25,0.1843879427084984,0.0425249427297684,173.58490566037736,0.1181595423028795,0.0289332757693013,0.244866180127343,158.2646478645374,2.404551954742679,1.455004386966213,0.6051041584260213,400.0,-0.1668345925225871,0.0273773220380012,0.1942119145605884,0.1206360367234406,1.0,2,True,The solver successfully reached the end of the integration interval.,5.494,True,True,rho_low
MDA-MB-231/ATCC,hamming+zero,2,740,24559,9.999999717180683e-10,9.999999974752427e-07,-47.369998931884766,,NSC740,NSC24559,other,other,241279087.64641,233857568.54976588,0.9692409351799264,0.4378937163081819,4.4,0.562106283691818,0.0452958222140192,,0.0071108808650524,0.35742419133842,0.7623275045353946,0.1178584107396632,,0.0371152952332746,0.1902094204152971,7.188380366507857,0.522822813669376,0.5212591156845042,5.25,0.1843879427084984,0.0425249427297684,173.58490566037736,0.0018356311089325,0.0010741335539001,0.5851576325293519,400.0,2.464070125116591,1.4932803088465818,0.6060218390805437,400.0,-0.1779352863333121,0.029409997931458,0.2073452842647701,0.1210045112801698,1.0,2,True,The solver successfully reached the end of the integration interval.,3.998,True,True,rho_low
MDA-MB-231/ATCC,hamming+zero,6,740,24559,9.999999717180683e-10,9.999999974752427e-07,-47.369998931884766,,NSC740,NSC24559,other,other,241279087.64641,233857568.54976588,0.9692409351799264,0.4378937163081819,4.4,0.562106283691818,0.0452958222140192,,0.0071108808650524,0.35742419133842,0.7623275045353946,0.1178584107396632,,0.0371152952332746,0.1902094204152971,7.188380366507857,0.522822813669376,0.5212591156845042,5.25,0.1843879427084984,0.0425249427297684,173.58490566037736,0.0018356311089325,0.0010741335539001,0.5851576325293519,400.0,2.464070125116591,1.4932803088465818,0.6060218390805437,400.0,-0.1779352863333121,0.029409997931458,0.2073452842647701,0.1210045112801698,1.0,2,True,The solver successfully reached the end of the integration interval.,3.968,True,True,rho_low
MDA-MB-231/ATCC,hamming+zero,7,82151,713563,1.999999987845058e-08,9.999999747378752e-05,-54.54100036621094,,daunorubicin,arsenic trioxide,dna_intercalator,other,241279087.64641,234160670.6460979,0.970497165461998,0.4548406353661156,4.4,0.5451593646338844,0.0430531745878168,,0.006548357547499,0.3409336470056774,0.7723688966630611,0.1121752236026141,,0.0369056187009042,0.1776721668986126,7.324040002599394,0.4946585185367423,0.5042253659013205,5.25,0.1843879427084984,0.0425249427297684,173.58490566037736,0.1181595423028795,0.0289332757693013,0.244866180127343,158.2646478645374,2.404551954742679,1.455004386966213,0.6051041584260213,400.0,-0.1668345925225871,0.0273773220380012,0.1942119145605884,0.1206360367234406,1.0,2,True,The solver successfully reached the end of the integration interval.,5.292,True,True,rho_low
MDA-MB-231/ATCC,hamming+zero,8,740,24559,9.999999717180683e-10,9.999999974752427e-07,-47.369998931884766,,NSC740,NSC24559,other,other,241279087.64641,233857568.54976588,0.9692409351799264,0.4378937163081819,4.4,0.562106283691818,0.0452958222140192,,0.0071108808650524,0.35742419133842,0.7623275045353946,0.1178584107396632,,0.0371152952332746,0.1902094204152971,7.188380366507857,0.522822813669376,0.5212591156845042,5.25,0.1843879427084984,0.0425249427297684,173.58490566037736,0.0018356311089325,0.0010741335539001,0.5851576325293519,400.0,2.464070125116591,1.4932803088465818,0.6060218390805437,400.0,-0.1779352863333121,0.029409997931458,0.2073452842647701,0.1210045112801698,1.0,2,True,The solver successfully reached the end of the integration interval.,3.976,True,True,rho_low
MDA-MB-231/ATCC,ours+zero,6,613327,754143,9.99999993922529e-09,9.99999993922529e-09,-90.0999984741211,,gemcitabine,bendamustine,antimetabolite,alkylator,241279087.64641,54754167.12238221,0.2269329167997494,0.0037561511041663,4.4,0.9962438488958336,0.2533991402735569,,0.6376451336132435,2.42404984958902,0.0737420834526375,1.1322845963311845,,0.0053517563949901,2.063615933308658,2.8781455867768457,0.8856408589437899,0.9955465666429127,5.25,0.0,0.0,400.0,6.90651974161988,4.596288303094287,0.6654999153041236,400.0,16.469569332401257,10.978572550220203,0.6665974275733858,400.0,0.9553217929320033,0.7319592995264556,-0.2233624934055477,0.0,1.0,2,True,The solver successfully reached the end of the integration interval.,2.926,True,True,rho_low
MDA-MB-231/ATCC,ours+zero,2,681239,754143,3.000000106112566e-07,9.99999993922529e-09,-93.95999908447266,,bortezomib,bendamustine,proteasome,alkylator,241279087.64641,1742668.6520645288,0.0072226261673302,0.000123406794346,5.0,0.999876593205654,0.2646122518169291,,2.134847491838127,3.907140260333261,0.0182552293906556,1.7386127054439144,,0.0001733852029975,3.2807279121454167,3.0016325580803347,0.9877414932856142,0.99987511284441,5.25,0.0,0.0,400.0,3.2756952361042613,2.1245264152049024,0.6485726729973732,400.0,16.469569332401257,10.982807970068624,0.6668545939730007,400.0,0.9996253879067334,0.991141283345286,-0.0084841045614473,0.0,1.0,2,True,The solver successfully reached the end of the integration interval.,8.461,True,True,rho_low
MDA-MB-231/ATCC,ours+zero,7,82151,713563,1.999999987845058e-08,9.999999747378752e-05,-54.54100036621094,,daunorubicin,arsenic trioxide,dna_intercalator,other,241279087.64641,234160670.6460979,0.970497165461998,0.4548406353661156,4.4,0.5451593646338844,0.0430531745878168,,0.006548357547499,0.3409336470056774,0.7723688966630611,0.1121752236026141,,0.0369056187009042,0.1776721668986126,7.324040002599394,0.4946585185367423,0.5042253659013205,5.25,0.1843879427084984,0.0425249427297684,173.58490566037736,0.1181595423028795,0.0289332757693013,0.244866180127343,158.2646478645374,2.404551954742679,1.455004386966213,0.6051041584260213,400.0,-0.1668345925225871,0.0273773220380012,0.1942119145605884,0.1206360367234406,1.0,2,True,The solver successfully reached the end of the integration interval.,5.412,True,True,rho_low
MDA-MB-231/ATCC,random,6,125973,737754,5.99999978589949e-08,9.999999747378752e-06,25.70599937438965,,paclitaxel,ixabepilone,antimitotic,antimitotic,241279087.64641,236232004.31038484,0.9790819694103718,0.6592514834726086,4.800000000000001,0.3407485165273913,0.0232023898581033,,0.002723576071213,0.1795332385992974,0.8714123186149375,0.0597763050054086,,0.0324577126146866,0.0918987816256035,8.369081858041582,0.3431547573915871,0.3336648037045945,5.25,0.1843879427084984,0.0425249427297684,173.58490566037736,6.251790332932513,2.450754821669162,0.3920084793565992,400.0,0.376363529046734,0.1170895481625202,0.3111075838274992,211.3820676671546,-0.1182642796909361,0.0112483066533958,0.1295125863443319,0.1174422688193196,1.0,2,True,The solver successfully reached the end of the integration interval.,1.699,True,True,rho_low
MDA-MB-231/ATCC,ours+zero,8,119875,713563,4.999999873689376e-06,9.999999747378752e-05,-42.95500183105469,,cisplatin,arsenic trioxide,platinum,other,241279087.64641,234149170.81019124,0.9704495034950252,0.4539569365179123,4.4,0.5460430634820876,0.0431309585436565,,0.0065696866541543,0.3417782479735328,0.7719494616359097,0.1124111313366754,,0.0369163080284897,0.1781722468367823,7.318368738080861,0.4951622968129429,0.5048000627471091,5.25,0.1843879427084984,0.0425249427297684,173.58490566037736,0.9406837398224496,0.60890106746101,0.6472962608835333,400.0,2.404551954742679,1.4551167156050018,0.6051508734236187,400.0,-0.1671500291156504,0.0274552857079294,0.1946053148235799,0.1206487116588485,1.0,2,True,The solver successfully reached the end of the integration interval.,6.89,True,True,rho_low
MDA-MB-231/ATCC,random,2,246131,686673,1.9999999494757503e-05,2.0000000233721948e-07,-27.8799991607666,,mitoxantrone,NSC686673,dna_intercalator,other,241279087.64641,236852728.5665403,0.9816546095103093,0.7498362897068321,4.4,0.2501637102931678,0.0146794216871578,,0.0015839186052474,0.1238264494571188,0.9105544894006452,0.0406940600415549,,0.0287170165158847,0.0652389139368331,8.733522933973868,0.1494232003488949,0.2237058335076525,5.25,0.1843879427084984,0.0425249427297684,173.58490566037736,2.3045305279580006,0.560368810531773,0.2431596386914886,145.992730945389,0.0031046155193241,0.0017826618517734,0.5741973009790166,400.0,-0.0381429888078863,0.007529723298072,0.0456727121059583,0.1160580476229333,1.0,2,True,The solver successfully reached the end of the integration interval.,4.95,True,True,rho_low
MDA-MB-231/ATCC,random,7,82151,713563,1.999999987845058e-08,9.999999747378752e-05,-54.54100036621094,,daunorubicin,arsenic trioxide,dna_intercalator,other,241279087.64641,234160670.6460979,0.970497165461998,0.4548406353661156,4.4,0.5451593646338844,0.0430531745878168,,0.006548357547499,0.3409336470056774,0.7723688966630611,0.1121752236026141,,0.0369056187009042,0.1776721668986126,7.324040002599394,0.4946585185367423,0.5042253659013205,5.25,0.1843879427084984,0.0425249427297684,173.58490566037736,0.1181595423028795,0.0289332757693013,0.244866180127343,158.2646478645374,2.404551954742679,1.455004386966213,0.6051041584260213,400.0,-0.1668345925225871,0.0273773220380012,0.1942119145605884,0.1206360367234406,1.0,2,True,The solver successfully reached the end of the integration interval.,5.348,True,True,rho_low
MDA-MB-231/ATCC,tanimoto+zero,2,49842,713563,4.999999858590343e-10,9.999999747378752e-05,-22.812000274658203,,vinblastine,arsenic trioxide,antimitotic,other,241279087.64641,228625630.69283476,0.9475567606086166,0.3430904368470537,4.6000000000000005,0.6569095631529462,0.0654459190950638,,0.0169373942702384,0.4632803103741506,0.6658232610528994,0.1766410364991888,,0.036442204167137,0.3229485862027634,6.070733126827228,0.8337381108554773,0.6423071989987493,5.25,0.1724312542656479,0.0425249427297684,178.61635220125788,0.000189999992406,6.379154735994335e-05,0.3357449995240203,260.3305520534527,2.404551954742679,1.4655130701418473,0.6094744874409161,400.0,-0.3374057921926232,0.0594434726507882,0.3968492648434114,0.1140363376278498,1.0,2,True,The solver successfully reached the end of the integration interval.,4.531,True,True,rho_low
MDA-MB-231/ATCC,tanimoto+zero,6,38721,713563,1.9999999494757503e-05,9.999999747378752e-05,-10.20400047302246,,mitotane,arsenic trioxide,other,other,241279087.64641,233590011.7253613,0.9681320250501074,0.4321900375445045,4.4,0.5678099624554955,0.0463537008360001,,0.0076080423438031,0.3631181528344215,0.7560559235191905,0.1214460796607814,,0.0371691405957696,0.1973647553008769,7.118692575197469,0.5416506772898988,0.5281128800088033,5.25,0.1843879427084984,0.0448653818382372,173.58490566037736,1.1110288055148971,0.662578960800952,0.5963652404978692,400.0,2.404551954742679,1.4559594903500248,0.6055013648086607,400.0,-0.1821424590491291,0.0312599291945283,0.2134023882436575,0.1212675777843462,1.0,2,True,The solver successfully reached the end of the integration interval.,3.868,True,True,rho_low
MDA-MB-231/ATCC,random,8,24559,409962,9.999999974752427e-07,2.0000000233721948e-07,-40.54999923706055,,NSC24559,carmustine,other,alkylator,241279087.64641,233189412.70813772,0.9664717111740428,0.404331840905727,4.4,0.595668159094273,0.050392245008929,,0.0083534821650254,0.3920549614044918,0.741308684503905,0.1300009120460291,,0.0374410362639616,0.2206231243007942,6.873052781913846,0.5865271657003213,0.5587587475498197,5.25,0.1843879427084984,0.0425249427297684,173.58490566037736,2.464070125116591,1.4979771901534524,0.6079279866609208,400.0,7.600000280806509e-05,4.860381774537398e-05,0.6395238940730166,400.0,-0.2020564317204551,0.0335053257557748,0.2355617574762299,0.1216297016840862,1.0,2,True,The solver successfully reached the end of the integration interval.,8.632,True,True,rho_low
MDA-MB-435,no_treatment,-1,-1,-1,0.0,0.0,,,,,,,241279087.64641,237718133.0505318,0.9852413459010724,0.9852413459010724,21.0,0.0147586540989275,,,0.0,0.0,1.0,0.0,,0.0025942844300931,0.0035483925530563,50.98493225919865,0.9687585715563504,0.0037975484535376,5.25,0.1843879427084984,0.0402673444188251,173.58490566037736,,,,,,,,,0.0,0.0,0.0,0.1140930706479778,1.0,0,True,The solver successfully reached the end of the integration interval.,0.15,,,rho_low
MDA-MB-435,act_hamming+zero,0,740,24559,1.0000000116860974e-07,9.999999974752427e-07,-92.08999633789062,,NSC740,NSC24559,other,other,241279087.64641,188925150.1212871,0.7830150219987295,0.07844691204932,5.6000000000000005,0.92155308795068,0.1637158738092941,,0.0997725348293639,1.10358700374484,0.3495606443847315,0.4564774687397576,,0.0247442045623175,0.7733256720876123,4.313042087382136,0.8956797293368068,0.9206283630648452,5.25,0.115794269730383,0.0165233806956313,206.28930817610063,73.75906315777168,48.43551368143471,0.656672029277683,400.0,2.539011248752824,1.602395950100714,0.6311102209128925,400.0,-0.8885234881616575,0.2589283784083642,1.1474518665700215,0.075712242958677,1.0,2,True,The solver successfully reached the end of the integration interval.,1.829,True,True,rho_low
MDA-MB-231/ATCC,tanimoto+zero,7,82151,713563,1.999999987845058e-08,9.999999747378752e-05,-54.54100036621094,,daunorubicin,arsenic trioxide,dna_intercalator,other,241279087.64641,234160670.6460979,0.970497165461998,0.4548406353661156,4.4,0.5451593646338844,0.0430531745878168,,0.006548357547499,0.3409336470056774,0.7723688966630611,0.1121752236026141,,0.0369056187009042,0.1776721668986126,7.324040002599394,0.4946585185367423,0.5042253659013205,5.25,0.1843879427084984,0.0425249427297684,173.58490566037736,0.1181595423028795,0.0289332757693013,0.244866180127343,158.2646478645374,2.404551954742679,1.455004386966213,0.6051041584260213,400.0,-0.1668345925225871,0.0273773220380012,0.1942119145605884,0.1206360367234406,1.0,2,True,The solver successfully reached the end of the integration interval.,5.354,True,True,rho_low
MDA-MB-231/ATCC,tanimoto+zero,8,49842,713563,4.999999858590343e-10,9.999999747378752e-05,-22.812000274658203,,vinblastine,arsenic trioxide,antimitotic,other,241279087.64641,228625630.69283476,0.9475567606086166,0.3430904368470537,4.6000000000000005,0.6569095631529462,0.0654459190950638,,0.0169373942702384,0.4632803103741506,0.6658232610528994,0.1766410364991888,,0.036442204167137,0.3229485862027634,6.070733126827228,0.8337381108554773,0.6423071989987493,5.25,0.1724312542656479,0.0425249427297684,178.61635220125788,0.000189999992406,6.379154735994335e-05,0.3357449995240203,260.3305520534527,2.404551954742679,1.4655130701418473,0.6094744874409161,400.0,-0.3374057921926232,0.0594434726507882,0.3968492648434114,0.1140363376278498,1.0,2,True,The solver successfully reached the end of the integration interval.,4.601,True,True,rho_low
MDA-MB-435,act_hamming+zero,1,740,24559,1.0000000116860974e-07,9.999999974752427e-07,-92.08999633789062,,NSC740,NSC24559,other,other,241279087.64641,188925150.1212871,0.7830150219987295,0.07844691204932,5.6000000000000005,0.92155308795068,0.1637158738092941,,0.0997725348293639,1.10358700374484,0.3495606443847315,0.4564774687397576,,0.0247442045623175,0.7733256720876123,4.313042087382136,0.8956797293368068,0.9206283630648452,5.25,0.115794269730383,0.0165233806956313,206.28930817610063,73.75906315777168,48.43551368143471,0.656672029277683,400.0,2.539011248752824,1.602395950100714,0.6311102209128925,400.0,-0.8885234881616575,0.2589283784083642,1.1474518665700215,0.075712242958677,1.0,2,True,The solver successfully reached the end of the integration interval.,1.747,True,True,rho_low
MDA-MB-435,act_hamming+zero,4,740,24559,1.0000000116860974e-07,9.999999974752427e-07,-92.08999633789062,,NSC740,NSC24559,other,other,241279087.64641,188925150.1212871,0.7830150219987295,0.07844691204932,5.6000000000000005,0.92155308795068,0.1637158738092941,,0.0997725348293639,1.10358700374484,0.3495606443847315,0.4564774687397576,,0.0247442045623175,0.7733256720876123,4.313042087382136,0.8956797293368068,0.9206283630648452,5.25,0.115794269730383,0.0165233806956313,206.28930817610063,73.75906315777168,48.43551368143471,0.656672029277683,400.0,2.539011248752824,1.602395950100714,0.6311102209128925,400.0,-0.8885234881616575,0.2589283784083642,1.1474518665700215,0.075712242958677,1.0,2,True,The solver successfully reached the end of the integration interval.,1.825,True,True,rho_low
MDA-MB-435,hamming+zero,0,740,24559,1.0000000116860974e-07,9.999999974752427e-07,-92.08999633789062,,NSC740,NSC24559,other,other,241279087.64641,188925150.1212871,0.7830150219987295,0.07844691204932,5.6000000000000005,0.92155308795068,0.1637158738092941,,0.0997725348293639,1.10358700374484,0.3495606443847315,0.4564774687397576,,0.0247442045623175,0.7733256720876123,4.313042087382136,0.8956797293368068,0.9206283630648452,5.25,0.115794269730383,0.0165233806956313,206.28930817610063,73.75906315777168,48.43551368143471,0.656672029277683,400.0,2.539011248752824,1.602395950100714,0.6311102209128925,400.0,-0.8885234881616575,0.2589283784083642,1.1474518665700215,0.075712242958677,1.0,2,True,The solver successfully reached the end of the integration interval.,1.857,True,True,rho_low
MDA-MB-435,hamming+zero,1,740,24559,1.0000000116860974e-07,9.999999974752427e-07,-92.08999633789062,,NSC740,NSC24559,other,other,241279087.64641,188925150.1212871,0.7830150219987295,0.07844691204932,5.6000000000000005,0.92155308795068,0.1637158738092941,,0.0997725348293639,1.10358700374484,0.3495606443847315,0.4564774687397576,,0.0247442045623175,0.7733256720876123,4.313042087382136,0.8956797293368068,0.9206283630648452,5.25,0.115794269730383,0.0165233806956313,206.28930817610063,73.75906315777168,48.43551368143471,0.656672029277683,400.0,2.539011248752824,1.602395950100714,0.6311102209128925,400.0,-0.8885234881616575,0.2589283784083642,1.1474518665700215,0.075712242958677,1.0,2,True,The solver successfully reached the end of the integration interval.,1.828,True,True,rho_low
MDA-MB-435,hamming+zero,4,740,24559,1.0000000116860974e-07,9.999999974752427e-07,-92.08999633789062,,NSC740,NSC24559,other,other,241279087.64641,188925150.1212871,0.7830150219987295,0.07844691204932,5.6000000000000005,0.92155308795068,0.1637158738092941,,0.0997725348293639,1.10358700374484,0.3495606443847315,0.4564774687397576,,0.0247442045623175,0.7733256720876123,4.313042087382136,0.8956797293368068,0.9206283630648452,5.25,0.115794269730383,0.0165233806956313,206.28930817610063,73.75906315777168,48.43551368143471,0.656672029277683,400.0,2.539011248752824,1.602395950100714,0.6311102209128925,400.0,-0.8885234881616575,0.2589283784083642,1.1474518665700215,0.075712242958677,1.0,2,True,The solver successfully reached the end of the integration interval.,1.82,True,True,rho_low
MDA-MB-435,ours+zero,0,740,24559,1.0000000116860974e-07,9.999999974752427e-07,-92.08999633789062,,NSC740,NSC24559,other,other,241279087.64641,188925150.1212871,0.7830150219987295,0.07844691204932,5.6000000000000005,0.92155308795068,0.1637158738092941,,0.0997725348293639,1.10358700374484,0.3495606443847315,0.4564774687397576,,0.0247442045623175,0.7733256720876123,4.313042087382136,0.8956797293368068,0.9206283630648452,5.25,0.115794269730383,0.0165233806956313,206.28930817610063,73.75906315777168,48.43551368143471,0.656672029277683,400.0,2.539011248752824,1.602395950100714,0.6311102209128925,400.0,-0.8885234881616575,0.2589283784083642,1.1474518665700215,0.075712242958677,1.0,2,True,The solver successfully reached the end of the integration interval.,1.834,True,True,rho_low
MDA-MB-435,ours+zero,4,740,24559,1.0000000116860974e-07,9.999999974752427e-07,-92.08999633789062,,NSC740,NSC24559,other,other,241279087.64641,188925150.1212871,0.7830150219987295,0.07844691204932,5.6000000000000005,0.92155308795068,0.1637158738092941,,0.0997725348293639,1.10358700374484,0.3495606443847315,0.4564774687397576,,0.0247442045623175,0.7733256720876123,4.313042087382136,0.8956797293368068,0.9206283630648452,5.25,0.115794269730383,0.0165233806956313,206.28930817610063,73.75906315777168,48.43551368143471,0.656672029277683,400.0,2.539011248752824,1.602395950100714,0.6311102209128925,400.0,-0.8885234881616575,0.2589283784083642,1.1474518665700215,0.075712242958677,1.0,2,True,The solver successfully reached the end of the integration interval.,1.802,True,True,rho_low
MDA-MB-435,ours+zero,1,279836,754143,4.999999987376214e-07,9.99999993922529e-09,-79.33200073242188,,NSC279836,bendamustine,other,alkylator,241279087.64641,165269125.34156618,0.6849707819840772,0.0277543465006991,4.6000000000000005,0.9722456534993008,0.2040366970906887,,0.1578705821426607,1.5553579173029122,0.2533517209137428,0.5962761413800043,,0.0198007637356276,1.129754213124394,3.517913409518957,0.8279287431633857,0.9687321886745178,5.25,0.0190944306728874,0.0,294.33962264150944,2.716704000731691,1.7554187802776533,0.6461575423030501,400.0,4.982556569608383,3.3052526356299383,0.6633647986639363,400.0,-0.3623004171751884,0.3065351820760176,0.6688355992512061,0.0074012109522852,1.0,2,True,The solver successfully reached the end of the integration interval.,3.876,True,True,rho_low
MDA-MB-435,random,1,743414,761432,4.999999873689376e-06,4.999999969612645e-09,-52.07500076293945,,sunitinib,NSC761432,kinase_inhibitor,other,241279087.64641,101956525.95414558,0.4225667750516404,0.0098320347746444,4.6000000000000005,0.9901679652253556,0.2347724386685546,,0.367647281825035,2.0060455173394507,0.1373400158016691,0.8622029069740158,,0.0108362839147135,1.463265419223707,3.327806806263527,0.8204953220004209,0.9884558636787018,5.25,0.0,0.0,400.0,21.67723172355619,14.242551856568772,0.6570281684580459,400.0,9.51437302409918,6.227469214107723,0.6545327998317935,400.0,0.7681190394803681,0.5236356478672597,-0.2444833916131084,0.0,1.0,2,True,The solver successfully reached the end of the integration interval.,4.16,True,True,rho_low
MDA-MB-435,random,0,24559,712807,9.999999974752427e-07,2.0000000233721948e-07,-89.3499984741211,,NSC24559,capecitabine,other,antimetabolite,241279087.64641,233291025.02945036,0.9668928513661076,0.4103233194414555,4.4,0.5896766805585445,0.04921475087977,,0.0081642794994154,0.3856667050960392,0.7450654007955025,0.1278056038181962,,0.0373731289631488,0.214082491016215,6.941222644604748,0.5728681840377692,0.5496455640933046,5.25,0.1843879427084984,0.0448653818382372,173.58490566037736,2.539011248752824,1.5421933246302484,0.6073991698098156,400.0,3.54117948981554,2.3226219783274527,0.6558893682196375,400.0,-0.1977258569519264,0.0331474215220574,0.2308732784739838,0.1216488747963293,1.0,2,True,The solver successfully reached the end of the integration interval.,5.448,True,True,rho_low
MDA-MB-435,tanimoto+zero,0,740,24559,1.0000000116860974e-07,9.999999974752427e-07,-92.08999633789062,,NSC740,NSC24559,other,other,241279087.64641,188925150.1212871,0.7830150219987295,0.07844691204932,5.6000000000000005,0.92155308795068,0.1637158738092941,,0.0997725348293639,1.10358700374484,0.3495606443847315,0.4564774687397576,,0.0247442045623175,0.7733256720876123,4.313042087382136,0.8956797293368068,0.9206283630648452,5.25,0.115794269730383,0.0165233806956313,206.28930817610063,73.75906315777168,48.43551368143471,0.656672029277683,400.0,2.539011248752824,1.602395950100714,0.6311102209128925,400.0,-0.8885234881616575,0.2589283784083642,1.1474518665700215,0.075712242958677,1.0,2,True,The solver successfully reached the end of the integration interval.,1.735,True,True,rho_low
MDA-MB-435,random,4,27640,754143,7.000000135093387e-09,9.99999993922529e-09,-62.209999084472656,,NSC27640,bendamustine,other,alkylator,241279087.64641,113146558.95436472,0.4689447397122907,0.0145379742972928,4.800000000000001,0.9854620257027072,0.2283712204980259,,0.3224209602097274,1.8360804576296563,0.1555478176434889,0.8081360777217133,,0.0120490772235273,1.2519126062467267,3.673718696213696,0.8137832734360935,0.9848298543604986,5.25,0.0,0.0,400.0,9.564820525819265,6.249680387915598,0.6534027869153655,400.0,4.982556569608383,3.308008228503194,0.6639178466493951,400.0,0.2505186898967217,0.5064138753724554,0.2558951854757336,0.0,1.0,2,True,The solver successfully reached the end of the integration interval.,5.733,True,True,rho_low
OVCAR-8,no_treatment,-1,-1,-1,0.0,0.0,,,,,,,241279087.64641,237718133.0505318,0.9852413459010724,0.9852413459010724,21.0,0.0147586540989275,,,0.0,0.0,1.0,0.0,,0.0025942844300931,0.0035483925530563,50.98493225919865,0.9687585715563504,0.0037975484535376,5.25,0.1843879427084984,0.0402673444188251,173.58490566037736,,,,,,,,,0.0,0.0,0.0,0.1140930706479778,1.0,0,True,The solver successfully reached the end of the integration interval.,0.152,,,rho_low
MDA-MB-435,tanimoto+zero,4,740,24559,1.0000000116860974e-07,9.999999974752427e-07,-92.08999633789062,,NSC740,NSC24559,other,other,241279087.64641,188925150.1212871,0.7830150219987295,0.07844691204932,5.6000000000000005,0.92155308795068,0.1637158738092941,,0.0997725348293639,1.10358700374484,0.3495606443847315,0.4564774687397576,,0.0247442045623175,0.7733256720876123,4.313042087382136,0.8956797293368068,0.9206283630648452,5.25,0.115794269730383,0.0165233806956313,206.28930817610063,73.75906315777168,48.43551368143471,0.656672029277683,400.0,2.539011248752824,1.602395950100714,0.6311102209128925,400.0,-0.8885234881616575,0.2589283784083642,1.1474518665700215,0.075712242958677,1.0,2,True,The solver successfully reached the end of the integration interval.,1.811,True,True,rho_low
MDA-MB-435,tanimoto+zero,1,713563,753082,9.999999747378752e-05,4.999999987376214e-07,2.67549991607666,,arsenic trioxide,pazopanib,other,kinase_inhibitor,241279087.64641,234293338.88811928,0.9710470193399926,0.4666998153738059,4.4,0.5333001846261941,0.0416277995434768,,0.0063023693147103,0.3297552754532447,0.7779805070099054,0.1090312845065717,,0.0367430341430387,0.1706300427503074,7.404765760930851,0.4789501560861887,0.4924737938842516,5.25,0.1843879427084984,0.0425249427297684,173.58490566037736,2.308439627427034,1.3941591356427316,0.6039400463752431,400.0,1.7043675242828893,1.022463111312333,0.5999076471153328,400.0,-0.1590411125419135,0.0265180110074079,0.1855591235493214,0.1204433190239162,1.0,2,True,The solver successfully reached the end of the integration interval.,4.843,True,True,rho_low
OVCAR-8,act_hamming+zero,2,740,3053,1.0000000116860974e-07,9.99999993922529e-09,-26.979999542236328,,NSC740,dactinomycin,other,dna_intercalator,241279087.64641,214327300.34318796,0.888296215116996,0.1346550348861729,5.4,0.8653449651138271,0.1277651539800033,,0.04498481717067,0.8690458562304495,0.4806570572655996,0.3181646767597773,,0.0311355227491593,0.6210765017320939,4.5891593151457055,0.9626428352235724,0.8648844744053911,5.25,0.1396837645843649,0.0204743643181549,193.71069182389937,61.005743661518544,40.03172150628709,0.6561959432606419,400.0,0.2050804643318288,0.0900698585915409,0.4391927767717755,400.0,-0.5360052232052381,0.1112902570060634,0.6472954802113016,0.0832185364992838,1.0,2,True,The solver successfully reached the end of the integration interval.,5.567,True,True,rho_low
OVCAR-8,act_hamming+zero,8,740,3053,1.0000000116860974e-07,9.99999993922529e-09,-26.979999542236328,,NSC740,dactinomycin,other,dna_intercalator,241279087.64641,214327300.34318796,0.888296215116996,0.1346550348861729,5.4,0.8653449651138271,0.1277651539800033,,0.04498481717067,0.8690458562304495,0.4806570572655996,0.3181646767597773,,0.0311355227491593,0.6210765017320939,4.5891593151457055,0.9626428352235724,0.8648844744053911,5.25,0.1396837645843649,0.0204743643181549,193.71069182389937,61.005743661518544,40.03172150628709,0.6561959432606419,400.0,0.2050804643318288,0.0900698585915409,0.4391927767717755,400.0,-0.5360052232052381,0.1112902570060634,0.6472954802113016,0.0832185364992838,1.0,2,True,The solver successfully reached the end of the integration interval.,5.649,True,True,rho_low
OVCAR-8,ours+zero,2,125066,681239,9.999999974752427e-07,3.000000106112566e-07,-93.2300033569336,,bleomycin,bortezomib,dna_cleaver,proteasome,241279087.64641,62551665.093254626,0.2592502553927214,0.010840645286009,5.800000000000001,0.989159354713991,0.2245324234218354,,0.5798234359330848,1.9630021889695657,0.103478643711349,0.9851492721910676,,0.0061559564378759,1.02820569955267,4.948124627024212,0.9289124729825856,0.9888788650502424,5.25,0.0,0.0,400.0,0.0469345509671727,0.0273453185640783,0.5826266151604258,400.0,2.8664938663465582,1.7765796638658218,0.6197744515428291,400.0,0.6792291368032531,0.7149701765729286,0.0357410397696754,0.0,1.0,2,True,The solver successfully reached the end of the integration interval.,1.83,True,True,rho_low
OVCAR-8,hamming+zero,2,740,3053,1.0000000116860974e-07,9.99999993922529e-09,-26.979999542236328,,NSC740,dactinomycin,other,dna_intercalator,241279087.64641,214327300.34318796,0.888296215116996,0.1346550348861729,5.4,0.8653449651138271,0.1277651539800033,,0.04498481717067,0.8690458562304495,0.4806570572655996,0.3181646767597773,,0.0311355227491593,0.6210765017320939,4.5891593151457055,0.9626428352235724,0.8648844744053911,5.25,0.1396837645843649,0.0204743643181549,193.71069182389937,61.005743661518544,40.03172150628709,0.6561959432606419,400.0,0.2050804643318288,0.0900698585915409,0.4391927767717755,400.0,-0.5360052232052381,0.1112902570060634,0.6472954802113016,0.0832185364992838,1.0,2,True,The solver successfully reached the end of the integration interval.,5.813,True,True,rho_low
OVCAR-8,ours+zero,8,125066,681239,9.999999974752427e-07,3.000000106112566e-07,-93.2300033569336,,bleomycin,bortezomib,dna_cleaver,proteasome,241279087.64641,62551665.093254626,0.2592502553927214,0.010840645286009,5.800000000000001,0.989159354713991,0.2245324234218354,,0.5798234359330848,1.9630021889695657,0.103478643711349,0.9851492721910676,,0.0061559564378759,1.02820569955267,4.948124627024212,0.9289124729825856,0.9888788650502424,5.25,0.0,0.0,400.0,0.0469345509671727,0.0273453185640783,0.5826266151604258,400.0,2.8664938663465582,1.7765796638658218,0.6197744515428291,400.0,0.6792291368032531,0.7149701765729286,0.0357410397696754,0.0,1.0,2,True,The solver successfully reached the end of the integration interval.,1.7,True,True,rho_low
OVCAR-8,hamming+zero,8,740,3053,1.0000000116860974e-07,9.99999993922529e-09,-26.979999542236328,,NSC740,dactinomycin,other,dna_intercalator,241279087.64641,214327300.34318796,0.888296215116996,0.1346550348861729,5.4,0.8653449651138271,0.1277651539800033,,0.04498481717067,0.8690458562304495,0.4806570572655996,0.3181646767597773,,0.0311355227491593,0.6210765017320939,4.5891593151457055,0.9626428352235724,0.8648844744053911,5.25,0.1396837645843649,0.0204743643181549,193.71069182389937,61.005743661518544,40.03172150628709,0.6561959432606419,400.0,0.2050804643318288,0.0900698585915409,0.4391927767717755,400.0,-0.5360052232052381,0.1112902570060634,0.6472954802113016,0.0832185364992838,1.0,2,True,The solver successfully reached the end of the integration interval.,5.894,True,True,rho_low
OVCAR-8,random,8,85998,713563,9.999999747378752e-05,9.999999747378752e-05,-19.92300033569336,,streptozocin,arsenic trioxide,alkylator,other,241279087.64641,232655045.41153917,0.9642569842293616,0.3755514911504953,4.4,0.6244485088495046,0.0549194902723845,,0.0093498356300773,0.4241234138189381,0.7242979074314453,0.1400827695173418,,0.0376162701998686,0.2508621182971827,6.577500636028289,0.6363270425931753,0.5906746757400707,5.25,0.178342803429609,0.0425249427297684,176.1006289308176,0.014237267842602,0.0091230347169866,0.6407854946500262,400.0,2.3689685491773296,1.4444352831838785,0.6097317263606081,400.0,-0.2215320452976212,0.0364526236605009,0.2579846689581222,0.1165743955787805,1.0,2,True,The solver successfully reached the end of the integration interval.,3.036,True,True,rho_low
OVCAR-8,tanimoto+zero,2,1390,713563,0.0001999999949475,9.999999747378752e-05,-43.05500030517578,,NSC1390,arsenic trioxide,other,other,241279087.64641,232376891.86585745,0.9631041551616004,0.357437363524568,4.4,0.642562636475432,0.0575985735147071,,0.0098693722671733,0.4455929564617304,0.71506820100852,0.1456525345498067,,0.0376798316313473,0.2700082162588516,6.400402684834893,0.6620256461480218,0.60845111096452,5.25,0.178342803429609,0.0425249427297684,176.1006289308176,9.765587997067096,6.172383476068575,0.6320544628671954,400.0,2.3689685491773296,1.4469031113169328,0.61077345742703,400.0,-0.2335805029414537,0.0379241373351014,0.2715046402765552,0.1167606749558244,1.0,2,True,The solver successfully reached the end of the integration interval.,1.944,True,True,rho_low
PC-3,no_treatment,-1,-1,-1,0.0,0.0,,,,,,,241279087.64641,237718133.0505318,0.9852413459010724,0.9852413459010724,21.0,0.0147586540989275,,,0.0,0.0,1.0,0.0,,0.0025942844300931,0.0035483925530563,50.98493225919865,0.9687585715563504,0.0037975484535376,5.25,0.1843879427084984,0.0402673444188251,173.58490566037736,,,,,,,,,0.0,0.0,0.0,0.1140930706479778,1.0,0,True,The solver successfully reached the end of the integration interval.,0.141,,,rho_low
OVCAR-8,tanimoto+zero,8,1390,713563,0.0001999999949475,9.999999747378752e-05,-43.05500030517578,,NSC1390,arsenic trioxide,other,other,241279087.64641,232376891.86585745,0.9631041551616004,0.357437363524568,4.4,0.642562636475432,0.0575985735147071,,0.0098693722671733,0.4455929564617304,0.71506820100852,0.1456525345498067,,0.0376798316313473,0.2700082162588516,6.400402684834893,0.6620256461480218,0.60845111096452,5.25,0.178342803429609,0.0425249427297684,176.1006289308176,9.765587997067096,6.172383476068575,0.6320544628671954,400.0,2.3689685491773296,1.4469031113169328,0.61077345742703,400.0,-0.2335805029414537,0.0379241373351014,0.2715046402765552,0.1167606749558244,1.0,2,True,The solver successfully reached the end of the integration interval.,1.972,True,True,rho_low
PC-3,act_hamming+zero,1,740,6396,9.99999993922529e-09,1.0000000116860974e-07,-31.86000061035156,,NSC740,thiotepa,other,alkylator,241279087.64641,233061630.61020175,0.9659421083013592,0.3607802644824476,4.6000000000000005,0.6392197355175524,0.056003669211958,,0.0085915301531396,0.4414461506605314,0.7277756003481193,0.1380025088099694,,0.0378744665758751,0.2557311622142939,6.504812503195047,0.632883655494281,0.6088948872401122,5.25,0.178342803429609,0.0402673444188251,176.1006289308176,5.297392148459928,3.326841720100124,0.6280149981094588,400.0,6.333358819046819e-05,4.081893083390933e-05,0.6445068406854082,400.0,-0.2380174832461805,0.0294546030699353,0.2674720863161158,0.1146710994379224,1.0,2,True,The solver successfully reached the end of the integration interval.,5.998,True,True,rho_low
PC-3,act_hamming+zero,6,740,6396,9.99999993922529e-09,1.0000000116860974e-07,-31.86000061035156,,NSC740,thiotepa,other,alkylator,241279087.64641,233061630.61020175,0.9659421083013592,0.3607802644824476,4.6000000000000005,0.6392197355175524,0.056003669211958,,0.0085915301531396,0.4414461506605314,0.7277756003481193,0.1380025088099694,,0.0378744665758751,0.2557311622142939,6.504812503195047,0.632883655494281,0.6088948872401122,5.25,0.178342803429609,0.0402673444188251,176.1006289308176,5.297392148459928,3.326841720100124,0.6280149981094588,400.0,6.333358819046819e-05,4.081893083390933e-05,0.6445068406854082,400.0,-0.2380174832461805,0.0294546030699353,0.2674720863161158,0.1146710994379224,1.0,2,True,The solver successfully reached the end of the integration interval.,6.042,True,True,rho_low
OVCAR-8,random,2,8806,754143,1.0000000116860974e-07,9.99999993922529e-09,12.972000122070312,,melphalan,bendamustine,alkylator,alkylator,241279087.64641,199832896.704049,0.8282230285821552,0.0587805063959273,4.6000000000000005,0.9412194936040726,0.1666472970140765,,0.0753953270178841,1.229455600050928,0.371580938652448,0.4299465725319594,,0.0269711432539495,0.9367994618336052,3.681064449352078,0.9112717284341064,0.9329336892719844,5.25,0.1113693770409341,0.0077736013245571,208.80503144654088,0.0342117755132451,0.0224637189535465,0.6566078087601621,400.0,4.068882418645005,2.692657280148235,0.661768270277254,400.0,-0.6064004499786138,0.1759583769660199,0.7823588269446337,0.0623979928104237,1.0,2,True,The solver successfully reached the end of the integration interval.,13.422,True,True,rho_low
PC-3,act_hamming+zero,9,681239,750690,3.000000106112566e-07,1.0000000116860974e-07,-37.0,,bortezomib,everolimus,proteasome,kinase_inhibitor,241279087.64641,45686182.75678018,0.1893499482380852,0.0030501801571833,4.6000000000000005,0.9969498198428166,0.2557271127023764,,0.7162774380913984,2.5143634317995844,0.0664662794300412,1.1773986309629747,,0.0043922395581534,1.8370759802536512,3.277868786192448,0.939253242169718,0.9964518477819684,5.25,0.0,0.0,400.0,16.44251124641934,10.67893284662182,0.6494709163691376,400.0,0.1288778901525277,0.083492397152637,0.6478411235148501,400.0,0.9874780414744798,0.7714462257607716,-0.2160318157137082,0.0,1.0,2,True,The solver successfully reached the end of the integration interval.,5.862,True,True,rho_low
PC-3,hamming+zero,1,740,6396,9.99999993922529e-09,1.0000000116860974e-07,-31.86000061035156,,NSC740,thiotepa,other,alkylator,241279087.64641,233061630.61020175,0.9659421083013592,0.3607802644824476,4.6000000000000005,0.6392197355175524,0.056003669211958,,0.0085915301531396,0.4414461506605314,0.7277756003481193,0.1380025088099694,,0.0378744665758751,0.2557311622142939,6.504812503195047,0.632883655494281,0.6088948872401122,5.25,0.178342803429609,0.0402673444188251,176.1006289308176,5.297392148459928,3.326841720100124,0.6280149981094588,400.0,6.333358819046819e-05,4.081893083390933e-05,0.6445068406854082,400.0,-0.2380174832461805,0.0294546030699353,0.2674720863161158,0.1146710994379224,1.0,2,True,The solver successfully reached the end of the integration interval.,5.903,True,True,rho_low
PC-3,hamming+zero,6,740,6396,9.99999993922529e-09,1.0000000116860974e-07,-31.86000061035156,,NSC740,thiotepa,other,alkylator,241279087.64641,233061630.61020175,0.9659421083013592,0.3607802644824476,4.6000000000000005,0.6392197355175524,0.056003669211958,,0.0085915301531396,0.4414461506605314,0.7277756003481193,0.1380025088099694,,0.0378744665758751,0.2557311622142939,6.504812503195047,0.632883655494281,0.6088948872401122,5.25,0.178342803429609,0.0402673444188251,176.1006289308176,5.297392148459928,3.326841720100124,0.6280149981094588,400.0,6.333358819046819e-05,4.081893083390933e-05,0.6445068406854082,400.0,-0.2380174832461805,0.0294546030699353,0.2674720863161158,0.1146710994379224,1.0,2,True,The solver successfully reached the end of the integration interval.,6.048,True,True,rho_low
PC-3,ours+zero,1,673596,754143,9.99999993922529e-09,9.99999993922529e-09,-76.30000305175781,,NSC673596,bendamustine,other,alkylator,241279087.64641,232381878.9243523,0.9631248244145534,0.3298725910457188,4.6000000000000005,0.6701274089542812,0.0613587015028918,,0.0098600519396337,0.4803426915387238,0.7069237860619038,0.1506274052652278,,0.0379150715539182,0.2999806063522279,6.121324606815925,0.6895889017600958,0.6414701165096528,5.25,0.178342803429609,0.0402673444188251,176.1006289308176,0.0325309557626348,0.0196653239093417,0.6045111017589397,400.0,1.1090544281393298,0.7210489805685714,0.6501475151028264,400.0,-0.2531470709271242,0.0331780404885201,0.2863251114156443,0.1149833735258195,1.0,2,True,The solver successfully reached the end of the integration interval.,3.093,True,True,rho_low
PC-3,ours+zero,9,123127,681239,4.999999987376214e-07,3.000000106112566e-07,-91.41999816894533,,doxorubicin,bortezomib,dna_intercalator,proteasome,241279087.64641,35497196.49681968,0.1471208998802256,0.0022135744998247,4.6000000000000005,0.9977864255001752,0.2593304789182631,,0.8258682561814021,2.653594780135272,0.0558768650261059,1.2527679679847692,,0.0033484954486847,1.9075440448469712,3.320469672829278,0.9584861309165555,0.9974234037547056,5.25,0.0,0.0,400.0,8.609056652850331,5.47460740207223,0.6359125770486909,400.0,16.44251124641934,10.680798676067036,0.6495843923106925,400.0,0.991094702788089,0.8217259396941351,-0.1693687630939538,0.0,1.0,2,True,The solver successfully reached the end of the integration interval.,1.646,True,True,rho_low
PC-3,hamming+zero,9,681239,750690,3.000000106112566e-07,1.0000000116860974e-07,-37.0,,bortezomib,everolimus,proteasome,kinase_inhibitor,241279087.64641,45686182.75678018,0.1893499482380852,0.0030501801571833,4.6000000000000005,0.9969498198428166,0.2557271127023764,,0.7162774380913984,2.5143634317995844,0.0664662794300412,1.1773986309629747,,0.0043922395581534,1.8370759802536512,3.277868786192448,0.939253242169718,0.9964518477819684,5.25,0.0,0.0,400.0,16.44251124641934,10.67893284662182,0.6494709163691376,400.0,0.1288778901525277,0.083492397152637,0.6478411235148501,400.0,0.9874780414744798,0.7714462257607716,-0.2160318157137082,0.0,1.0,2,True,The solver successfully reached the end of the integration interval.,6.146,True,True,rho_low
PC-3,ours+zero,6,24559,681239,9.999999974752427e-07,3.000000106112566e-07,-82.56999969482422,,NSC24559,bortezomib,other,proteasome,241279087.64641,5461368.988598498,0.0226350697935414,0.0002888426815351,4.6000000000000005,0.9997111573184648,0.268550382511583,,1.6387607908789132,3.5380275550537097,0.026208895816944,1.58155127553221,,0.0004994647181677,2.32156345775991,3.6365140573241335,0.9913316342283592,0.999669292119666,5.25,0.0,0.0,400.0,2.422824516355851,1.580311438561492,0.6522599667839025,400.0,16.44251124641934,10.690186146737814,0.6501553191314252,400.0,0.9983318116988492,0.9724984803100196,-0.0258333313888293,0.0,1.0,2,True,The solver successfully reached the end of the integration interval.,5.131,True,True,rho_low
PC-3,random,6,279836,737754,4.999999987376214e-07,1.0000000116860974e-07,27.4950008392334,,NSC279836,ixabepilone,other,antimitotic,241279087.64641,237539719.68946037,0.9845018978087748,0.913744086952882,4.4,0.0862559130471181,0.0035610367659826,,0.0003260711691739,0.0379683249757532,0.9740531023872454,0.0114173660730186,,0.0178960751065149,0.027786801655273,9.631173812523151,-0.1794706059537318,0.0734652039700816,5.25,0.1843879427084984,0.0402673444188251,173.58490566037736,0.4513395075304535,0.262048978415179,0.5806027924499775,400.0,0.0037159631513533,0.0010495477263129,0.2824429854560576,168.17131912046955,-0.0150353373999589,0.0016138207158404,0.0166491581157994,0.1146347399344302,1.0,2,True,The solver successfully reached the end of the integration interval.,1.686,True,True,rho_low
PC-3,random,1,279836,761432,4.999999987376214e-07,4.999999858590343e-10,28.219999313354492,,NSC279836,NSC761432,other,other,241279087.64641,234889854.8536822,0.973519326291174,0.5200070947735689,4.800000000000001,0.4799929052264311,0.0371927317897762,,0.0051980512775187,0.2825750853123302,0.8042996740099614,0.0945821073209611,,0.0360664152804327,0.1463555198992036,7.678224773144024,0.4680018574707932,0.4710253093695721,5.25,0.1843879427084984,0.0402673444188251,173.58490566037736,0.4513395075304535,0.2696355027365569,0.5974117005885278,400.0,2.404650062963026,1.4707956429218922,0.6116464368663971,400.0,-0.1678220785180608,0.0183954729056009,0.1862175514236618,0.1182311824396901,1.0,2,True,The solver successfully reached the end of the integration interval.,3.745,True,True,rho_low
PC-3,tanimoto+zero,1,750,92859,4.999999873689376e-05,6.000000212225132e-06,-39.7599983215332,,NSC750,dromostanolone,other,hormonal,241279087.64641,235024220.63761085,0.974076215764022,0.4914701044693791,4.6000000000000005,0.5085298955306209,0.0373377652109169,,0.0049496896167356,0.3071918178995972,0.803660380713374,0.0949274412300207,,0.0362488254068108,0.1475010283587225,7.637710402017122,0.4101562548854731,0.4759273849219859,5.25,0.1843879427084984,0.0402673444188251,173.58490566037736,231.23362626659684,152.21583878619657,0.6582772637518642,400.0,11.901275414901978,7.800210957650974,0.6554096670919887,400.0,-0.1668263290162921,0.0168786322311029,0.1837049612473951,0.1178087888393801,1.0,2,True,The solver successfully reached the end of the integration interval.,4.609,True,True,rho_low
PC-3,random,9,681239,750690,3.000000106112566e-07,1.0000000116860974e-07,-37.0,,bortezomib,everolimus,proteasome,kinase_inhibitor,241279087.64641,45686182.75678018,0.1893499482380852,0.0030501801571833,4.6000000000000005,0.9969498198428166,0.2557271127023764,,0.7162774380913984,2.5143634317995844,0.0664662794300412,1.1773986309629747,,0.0043922395581534,1.8370759802536512,3.277868786192448,0.939253242169718,0.9964518477819684,5.25,0.0,0.0,400.0,16.44251124641934,10.67893284662182,0.6494709163691376,400.0,0.1288778901525277,0.083492397152637,0.6478411235148501,400.0,0.9874780414744798,0.7714462257607716,-0.2160318157137082,0.0,1.0,2,True,The solver successfully reached the end of the integration interval.,5.852,True,True,rho_low
T-47D,no_treatment,-1,-1,-1,0.0,0.0,,,,,,,241279087.64641,237718133.0505318,0.9852413459010724,0.9852413459010724,21.0,0.0147586540989275,,,0.0,0.0,1.0,0.0,,0.0025942844300931,0.0035483925530563,50.98493225919865,0.9687585715563504,0.0037975484535376,5.25,0.1843879427084984,0.0402673444188251,173.58490566037736,,,,,,,,,0.0,0.0,0.0,0.1140930706479778,1.0,0,True,The solver successfully reached the end of the integration interval.,0.161,,,rho_low
PC-3,tanimoto+zero,6,750,92859,4.999999873689376e-05,6.000000212225132e-06,-39.7599983215332,,NSC750,dromostanolone,other,hormonal,241279087.64641,235024220.63761085,0.974076215764022,0.4914701044693791,4.6000000000000005,0.5085298955306209,0.0373377652109169,,0.0049496896167356,0.3071918178995972,0.803660380713374,0.0949274412300207,,0.0362488254068108,0.1475010283587225,7.637710402017122,0.4101562548854731,0.4759273849219859,5.25,0.1843879427084984,0.0402673444188251,173.58490566037736,231.23362626659684,152.21583878619657,0.6582772637518642,400.0,11.901275414901978,7.800210957650974,0.6554096670919887,400.0,-0.1668263290162921,0.0168786322311029,0.1837049612473951,0.1178087888393801,1.0,2,True,The solver successfully reached the end of the integration interval.,4.427,True,True,rho_low
T-47D,act_hamming+zero,9,79037,279836,4.999999873689376e-05,4.999999987376214e-07,38.91999816894531,,lomustine,NSC279836,alkylator,other,241279087.64641,231784081.6814383,0.960647207109443,0.3154990419109756,4.6000000000000005,0.6845009580890243,0.0633651704547389,,0.0109787043591156,0.4996908785222853,0.6990156789526965,0.1555130829005686,,0.0378247058723941,0.3161850627091326,5.998041264581663,0.7139375928638997,0.653416624368746,5.25,0.1724312542656479,0.0359946996815853,178.61635220125788,5.002740239714067,3.291705468092862,0.6579804887652934,400.0,11.09291211405064,7.118606335632345,0.6417256589111248,400.0,-0.2548422211050163,0.0316707994133924,0.2865130205184087,0.1079089157166278,1.0,2,True,The solver successfully reached the end of the integration interval.,4.801,True,True,rho_low
PC-3,tanimoto+zero,9,681239,750690,3.000000106112566e-07,1.0000000116860974e-07,-37.0,,bortezomib,everolimus,proteasome,kinase_inhibitor,241279087.64641,45686182.75678018,0.1893499482380852,0.0030501801571833,4.6000000000000005,0.9969498198428166,0.2557271127023764,,0.7162774380913984,2.5143634317995844,0.0664662794300412,1.1773986309629747,,0.0043922395581534,1.8370759802536512,3.277868786192448,0.939253242169718,0.9964518477819684,5.25,0.0,0.0,400.0,16.44251124641934,10.67893284662182,0.6494709163691376,400.0,0.1288778901525277,0.083492397152637,0.6478411235148501,400.0,0.9874780414744798,0.7714462257607716,-0.2160318157137082,0.0,1.0,2,True,The solver successfully reached the end of the integration interval.,5.944,True,True,rho_low
T-47D,hamming+zero,9,79037,279836,4.999999873689376e-05,4.999999987376214e-07,38.91999816894531,,lomustine,NSC279836,alkylator,other,241279087.64641,231784081.6814383,0.960647207109443,0.3154990419109756,4.6000000000000005,0.6845009580890243,0.0633651704547389,,0.0109787043591156,0.4996908785222853,0.6990156789526965,0.1555130829005686,,0.0378247058723941,0.3161850627091326,5.998041264581663,0.7139375928638997,0.653416624368746,5.25,0.1724312542656479,0.0359946996815853,178.61635220125788,5.002740239714067,3.291705468092862,0.6579804887652934,400.0,11.09291211405064,7.118606335632345,0.6417256589111248,400.0,-0.2548422211050163,0.0316707994133924,0.2865130205184087,0.1079089157166278,1.0,2,True,The solver successfully reached the end of the integration interval.,4.886,True,True,rho_low
T-47D,tanimoto+zero,9,713563,747972,9.999999747378752e-05,2.9999999242136255e-05,24.45599937438965,,arsenic trioxide,lapatinib,other,kinase_inhibitor,241279087.64641,236543049.65582207,0.980371121107982,0.6877028128544316,4.4,0.3122971871455684,0.0202937823990122,,0.002152119115088,0.1613921038270053,0.885231482213912,0.0529431492989447,,0.0313282096622601,0.0817950242393991,8.483645856606989,0.2427039249082511,0.2945611577931372,5.25,0.1843879427084984,0.0425249427297684,173.58490566037736,2.247734761770227,1.3518255881295191,0.6014168624882034,400.0,456.90223552326705,301.09053735262825,0.6589824123049091,400.0,-0.0785522722699854,0.0094555044983358,0.0880077767683212,0.1168038630795343,1.0,2,True,The solver successfully reached the end of the integration interval.,2.009,True,True,rho_low
T-47D,random,9,45388,125973,4.999999987376214e-07,5.99999978589949e-08,29.951000213623047,,dacarbazine,paclitaxel,alkylator,antimitotic,241279087.64641,234591986.48143047,0.9722847875868158,0.5476785229252789,5.0,0.4523214770747211,0.036965412941151,,0.0057491380134508,0.2599536209078038,0.8068877152128864,0.0931868965744369,,0.0356202374378614,0.1420123645336477,7.785733975318776,0.554623817481713,0.4516382774566779,5.25,0.178342803429609,0.0402673444188251,176.1006289308176,0.0778429239898828,0.0497599934536445,0.6392359241298776,400.0,7.097702764445099,2.950362830340844,0.415678555196796,400.0,-0.196249959601106,0.0205555207003533,0.2168054803014594,0.113617999361044,1.0,2,True,The solver successfully reached the end of the integration interval.,5.996,True,True,rho_low
T-47D,ours+zero,9,673596,681239,9.99999993922529e-09,2.999999892949745e-08,-88.95999908447266,,NSC673596,bortezomib,other,proteasome,241279087.64641,29993730.362508744,0.1243113551824433,0.0024889420142057,5.2,0.9975110579857942,0.2576806802534497,,0.8990318278774796,2.602359208523046,0.0564475008997529,1.248355280833299,,0.0027912333708125,1.537627991954149,4.097269478795562,0.9692704228642076,0.9975050624590496,5.25,0.0,0.0,400.0,4.84315787577589,3.1577633097964624,0.6520050328300682,400.0,0.5207749686267218,0.3274116787244654,0.6287008755198942,400.0,0.9446613587816024,0.8542323212399456,-0.0904290375416566,0.0,1.0,2,True,The solver successfully reached the end of the integration interval.,20.904,True,True,rho_low
DU-145,no_treatment,-1,-1,-1,0.0,0.0,,,,,,,241279087.64641,244307242.44601148,1.012550423781605,1.0,0.0,0.0,-0.0005289501584925,0.0,0.0,0.0,1.0,0.0,,0.001098475822591,6.230461558811701e-22,0.0,-4.4497688561597695,-0.0250950517930392,5.25,0.2033398275045627,0.0578624312878497,166.03773584905662,,,,,,,,,0.0,0.0,0.0,0.1416738683806418,1.0,0,True,The solver successfully reached the end of the integration interval.,0.162,,,schedule_bolus
DU-145,ours+zero,7,67574,754143,1.0000000116860974e-07,9.99999993922529e-09,-66.76000213623047,,vincristine,bendamustine,antimitotic,alkylator,241279087.64641,244086729.21549967,1.0116364894963636,0.0148732197895537,1.6,0.9851267802104464,0.2096151251629745,16.2,0.00039217390575,1.8369771389129468,0.5517233406541004,0.2582786428269983,,0.0391586517726035,3.0754877409591623,1.400992871745932,0.8964164899512634,0.9140995553935036,5.25,0.2033398275045627,0.060731260348103,166.03773584905662,7.185457149283561,6.726037956876963,0.9360626355621082,400.0,10.749825007011228,10.348966072951823,0.9627101898125824,400.0,-0.1519701906183288,0.0037464879035358,0.1557166785218646,0.1444869499109889,1.0,2,True,The solver successfully reached the end of the integration interval.,1.234,True,True,schedule_bolus
DU-145,random,7,66847,754143,9.999999974752427e-07,9.99999993922529e-09,-38.16999816894531,,thalidomide,bendamustine,other,alkylator,241279087.64641,244133520.26810455,1.011830418663874,0.0159232274591194,1.6,0.9840767725408806,0.2065817739477012,16.2,0.0003089282966935,1.807351035771504,0.5543524287781211,0.2562140453615989,,0.0392311997772493,3.05892035862109,1.406110993501773,0.8951549463329299,0.9117644060963472,5.25,0.2033398275045627,0.060731260348103,166.03773584905662,1299.999981513393,1250.9587928526526,0.9622760081860544,400.0,10.749825007011228,10.349004637696474,0.962713777289088,400.0,-0.1518512969407857,0.0036702345515413,0.155521531492327,0.1445808362203322,1.0,2,True,The solver successfully reached the end of the integration interval.,2.206,True,True,schedule_bolus
DU-145,hamming+zero,7,740,9706,9.99999993922529e-09,4.999999873689376e-06,-42.18000030517578,,NSC740,triethylenemelamine,other,alkylator,241279087.64641,243913329.6100213,1.010917821305225,0.0101883754720757,1.6,0.9898116245279244,0.235290291087626,16.8,0.000700807044746,2.001277193066694,0.5181964971501842,0.2855055270381283,,0.0382031351299109,3.2687021765712245,1.3454363805822085,0.9057927031644192,0.9402555254121744,5.25,0.1968849621189929,0.060731260348103,168.55345911949686,0.9955590823315832,0.9436137002845778,0.9478229037644356,400.0,6.790370569177898,6.533018581092527,0.9621004501207172,400.0,-0.1805207667594808,0.0052039382945905,0.1857247050540713,0.1388394924186217,1.0,2,True,The solver successfully reached the end of the integration interval.,4.645,True,True,schedule_bolus
DU-145,act_hamming+zero,7,740,9706,9.99999993922529e-09,4.999999873689376e-06,-42.18000030517578,,NSC740,triethylenemelamine,other,alkylator,241279087.64641,243913329.6100213,1.010917821305225,0.0101883754720757,1.6,0.9898116245279244,0.235290291087626,16.8,0.000700807044746,2.001277193066694,0.5181964971501842,0.2855055270381283,,0.0382031351299109,3.2687021765712245,1.3454363805822085,0.9057927031644192,0.9402555254121744,5.25,0.1968849621189929,0.060731260348103,168.55345911949686,0.9955590823315832,0.9436137002845778,0.9478229037644356,400.0,6.790370569177898,6.533018581092527,0.9621004501207172,400.0,-0.1805207667594808,0.0052039382945905,0.1857247050540713,0.1388394924186217,1.0,2,True,The solver successfully reached the end of the integration interval.,4.691,True,True,schedule_bolus
MDA-MB-231/ATCC,no_treatment,-1,-1,-1,0.0,0.0,,,,,,,241279087.64641,244307242.44601148,1.012550423781605,1.0,0.0,0.0,-0.0005289501584925,0.0,0.0,0.0,1.0,0.0,,0.001098475822591,6.230461558811701e-22,0.0,-4.4497688561597695,-0.0250950517930392,5.25,0.2033398275045627,0.0578624312878497,166.03773584905662,,,,,,,,,0.0,0.0,0.0,0.1416738683806418,1.0,0,True,The solver successfully reached the end of the integration interval.,0.162,,,schedule_bolus
MDA-MB-231/ATCC,act_hamming+zero,2,740,24559,9.999999717180683e-10,9.999999974752427e-07,-47.369998931884766,,NSC740,NSC24559,other,other,241279087.64641,244563405.69624785,1.013612112354515,0.1421351459273618,1.4,0.8578648540726381,0.0729607819005533,11.2,-0.0004551318294466,0.8560825744035224,0.781498612552273,0.1070717886766901,,0.0433393643730108,1.1985068154541427,2.6732541151206983,0.0657239408759575,0.4547656610362515,5.25,0.2033398275045627,0.060731260348103,166.03773584905662,0.0012559581271643,0.0011192833934276,0.8911789089296205,400.0,1.6859427171850352,1.5573269866351622,0.9237128704084214,400.0,-0.047135795255961,0.0003780155050879,0.0475138107610489,0.1430232085784953,1.0,2,True,The solver successfully reached the end of the integration interval.,1.806,True,True,schedule_bolus
MDA-MB-231/ATCC,act_hamming+zero,6,740,24559,9.999999717180683e-10,9.999999974752427e-07,-47.369998931884766,,NSC740,NSC24559,other,other,241279087.64641,244563405.69624785,1.013612112354515,0.1421351459273618,1.4,0.8578648540726381,0.0729607819005533,11.2,-0.0004551318294466,0.8560825744035224,0.781498612552273,0.1070717886766901,,0.0433393643730108,1.1985068154541427,2.6732541151206983,0.0657239408759575,0.4547656610362515,5.25,0.2033398275045627,0.060731260348103,166.03773584905662,0.0012559581271643,0.0011192833934276,0.8911789089296205,400.0,1.6859427171850352,1.5573269866351622,0.9237128704084214,400.0,-0.047135795255961,0.0003780155050879,0.0475138107610489,0.1430232085784953,1.0,2,True,The solver successfully reached the end of the integration interval.,1.855,True,True,schedule_bolus
MDA-MB-231/ATCC,act_hamming+zero,7,82151,713563,1.999999987845058e-08,9.999999747378752e-05,-54.54100036621094,,daunorubicin,arsenic trioxide,dna_intercalator,other,241279087.64641,244556946.93381375,1.013585343509784,0.1520318866718107,1.4,0.8479681133281893,0.0697905210991665,11.2,-0.0004436622397224,0.8268493691198944,0.7880075456550577,0.1034696238547796,,0.0434007587779922,1.0992581521337856,2.828415259304517,-0.0107419775813057,0.4360581549558217,5.25,0.2033398275045627,0.060731260348103,166.03773584905662,0.080846002628286,0.046846531921962,0.579453904942625,400.0,1.645219758508148,1.5172043040374876,0.9221894498843471,400.0,-0.0452101204257158,0.0003515934085994,0.0455617138343152,0.1429730430170126,1.0,2,True,The solver successfully reached the end of the integration interval.,0.503,True,True,schedule_bolus
DU-145,tanimoto+zero,7,740,9706,9.99999993922529e-09,4.999999873689376e-06,-42.18000030517578,,NSC740,triethylenemelamine,other,alkylator,241279087.64641,243913329.6100213,1.010917821305225,0.0101883754720757,1.6,0.9898116245279244,0.235290291087626,16.8,0.000700807044746,2.001277193066694,0.5181964971501842,0.2855055270381283,,0.0382031351299109,3.2687021765712245,1.3454363805822085,0.9057927031644192,0.9402555254121744,5.25,0.1968849621189929,0.060731260348103,168.55345911949686,0.9955590823315832,0.9436137002845778,0.9478229037644356,400.0,6.790370569177898,6.533018581092527,0.9621004501207172,400.0,-0.1805207667594808,0.0052039382945905,0.1857247050540713,0.1388394924186217,1.0,2,True,The solver successfully reached the end of the integration interval.,4.63,True,True,schedule_bolus
MDA-MB-231/ATCC,act_hamming+zero,8,740,24559,9.999999717180683e-10,9.999999974752427e-07,-47.369998931884766,,NSC740,NSC24559,other,other,241279087.64641,244563405.69624785,1.013612112354515,0.1421351459273618,1.4,0.8578648540726381,0.0729607819005533,11.2,-0.0004551318294466,0.8560825744035224,0.781498612552273,0.1070717886766901,,0.0433393643730108,1.1985068154541427,2.6732541151206983,0.0657239408759575,0.4547656610362515,5.25,0.2033398275045627,0.060731260348103,166.03773584905662,0.0012559581271643,0.0011192833934276,0.8911789089296205,400.0,1.6859427171850352,1.5573269866351622,0.9237128704084214,400.0,-0.047135795255961,0.0003780155050879,0.0475138107610489,0.1430232085784953,1.0,2,True,The solver successfully reached the end of the integration interval.,1.79,True,True,schedule_bolus
MDA-MB-231/ATCC,hamming+zero,2,740,24559,9.999999717180683e-10,9.999999974752427e-07,-47.369998931884766,,NSC740,NSC24559,other,other,241279087.64641,244563405.69624785,1.013612112354515,0.1421351459273618,1.4,0.8578648540726381,0.0729607819005533,11.2,-0.0004551318294466,0.8560825744035224,0.781498612552273,0.1070717886766901,,0.0433393643730108,1.1985068154541427,2.6732541151206983,0.0657239408759575,0.4547656610362515,5.25,0.2033398275045627,0.060731260348103,166.03773584905662,0.0012559581271643,0.0011192833934276,0.8911789089296205,400.0,1.6859427171850352,1.5573269866351622,0.9237128704084214,400.0,-0.047135795255961,0.0003780155050879,0.0475138107610489,0.1430232085784953,1.0,2,True,The solver successfully reached the end of the integration interval.,1.838,True,True,schedule_bolus
MDA-MB-231/ATCC,hamming+zero,7,82151,713563,1.999999987845058e-08,9.999999747378752e-05,-54.54100036621094,,daunorubicin,arsenic trioxide,dna_intercalator,other,241279087.64641,244556946.93381375,1.013585343509784,0.1520318866718107,1.4,0.8479681133281893,0.0697905210991665,11.2,-0.0004436622397224,0.8268493691198944,0.7880075456550577,0.1034696238547796,,0.0434007587779922,1.0992581521337856,2.828415259304517,-0.0107419775813057,0.4360581549558217,5.25,0.2033398275045627,0.060731260348103,166.03773584905662,0.080846002628286,0.046846531921962,0.579453904942625,400.0,1.645219758508148,1.5172043040374876,0.9221894498843471,400.0,-0.0452101204257158,0.0003515934085994,0.0455617138343152,0.1429730430170126,1.0,2,True,The solver successfully reached the end of the integration interval.,0.478,True,True,schedule_bolus
MDA-MB-231/ATCC,hamming+zero,6,740,24559,9.999999717180683e-10,9.999999974752427e-07,-47.369998931884766,,NSC740,NSC24559,other,other,241279087.64641,244563405.69624785,1.013612112354515,0.1421351459273618,1.4,0.8578648540726381,0.0729607819005533,11.2,-0.0004551318294466,0.8560825744035224,0.781498612552273,0.1070717886766901,,0.0433393643730108,1.1985068154541427,2.6732541151206983,0.0657239408759575,0.4547656610362515,5.25,0.2033398275045627,0.060731260348103,166.03773584905662,0.0012559581271643,0.0011192833934276,0.8911789089296205,400.0,1.6859427171850352,1.5573269866351622,0.9237128704084214,400.0,-0.047135795255961,0.0003780155050879,0.0475138107610489,0.1430232085784953,1.0,2,True,The solver successfully reached the end of the integration interval.,1.771,True,True,schedule_bolus
MDA-MB-231/ATCC,hamming+zero,8,740,24559,9.999999717180683e-10,9.999999974752427e-07,-47.369998931884766,,NSC740,NSC24559,other,other,241279087.64641,244563405.69624785,1.013612112354515,0.1421351459273618,1.4,0.8578648540726381,0.0729607819005533,11.2,-0.0004551318294466,0.8560825744035224,0.781498612552273,0.1070717886766901,,0.0433393643730108,1.1985068154541427,2.6732541151206983,0.0657239408759575,0.4547656610362515,5.25,0.2033398275045627,0.060731260348103,166.03773584905662,0.0012559581271643,0.0011192833934276,0.8911789089296205,400.0,1.6859427171850352,1.5573269866351622,0.9237128704084214,400.0,-0.047135795255961,0.0003780155050879,0.0475138107610489,0.1430232085784953,1.0,2,True,The solver successfully reached the end of the integration interval.,1.789,True,True,schedule_bolus
MDA-MB-231/ATCC,ours+zero,7,82151,713563,1.999999987845058e-08,9.999999747378752e-05,-54.54100036621094,,daunorubicin,arsenic trioxide,dna_intercalator,other,241279087.64641,244556946.93381375,1.013585343509784,0.1520318866718107,1.4,0.8479681133281893,0.0697905210991665,11.2,-0.0004436622397224,0.8268493691198944,0.7880075456550577,0.1034696238547796,,0.0434007587779922,1.0992581521337856,2.828415259304517,-0.0107419775813057,0.4360581549558217,5.25,0.2033398275045627,0.060731260348103,166.03773584905662,0.080846002628286,0.046846531921962,0.579453904942625,400.0,1.645219758508148,1.5172043040374876,0.9221894498843471,400.0,-0.0452101204257158,0.0003515934085994,0.0455617138343152,0.1429730430170126,1.0,2,True,The solver successfully reached the end of the integration interval.,0.504,True,True,schedule_bolus
MDA-MB-231/ATCC,ours+zero,2,681239,754143,3.000000106112566e-07,9.99999993922529e-09,-93.95999908447266,,bortezomib,bendamustine,proteasome,alkylator,241279087.64641,227359696.9286175,0.9423099993722162,0.0010641568644107,2.2,0.9989358431355893,0.4061225678865794,,0.0312228600816836,2.9836375548430394,0.2605769660685462,0.5840639767717397,,0.0254872195822569,4.038358122699665,1.246458937967584,0.7267969211865202,0.9964293206940904,5.25,0.1610029557745819,0.0283778241901845,183.6477987421384,2.2412651615450208,2.1233063930110454,0.9473695613719082,400.0,11.268652701116649,10.853717037035246,0.963177881590025,400.0,-0.3387640728326433,0.0618079777313083,0.4005720505639516,0.0970572797471106,1.0,2,True,The solver successfully reached the end of the integration interval.,3.041,True,True,schedule_bolus
MDA-MB-231/ATCC,random,2,246131,686673,1.9999999494757503e-05,2.0000000233721948e-07,-27.8799991607666,,mitoxantrone,NSC686673,dna_intercalator,other,241279087.64641,244431347.586084,1.013064787215598,0.5416829963013935,1.4,0.4583170036986065,0.0220237528266601,8.200000000000001,-0.0002205603558509,0.2750388510442493,0.9094248837200748,0.0412331667853339,,0.0272775576677514,0.0509160079627939,7.98164230914725,-0.079859374717194,0.1409692905515523,5.25,0.2033398275045627,0.060731260348103,166.03773584905662,1.576784045444947,0.6263512766525541,0.3972333931599404,400.0,0.0021242106184849,0.0017702545574533,0.8333705434143768,400.0,-0.0138424403277654,6.117962580387548e-05,0.0139036199535693,0.1421924442532332,1.0,2,True,The solver successfully reached the end of the integration interval.,0.791,True,True,schedule_bolus
MDA-MB-231/ATCC,random,6,125973,737754,5.99999978589949e-08,9.999999747378752e-06,25.70599937438965,,paclitaxel,ixabepilone,antimitotic,antimitotic,241279087.64641,244389342.4454425,1.0128906936335509,0.7556124645247175,1.8,0.2443875354752824,0.0106391920226573,6.6000000000000005,-0.000145921122246,0.1315857741316917,0.9475482935009716,0.0233986461973613,,0.0209354916349832,0.0316163742053879,7.844236694166356,-0.0448737439087965,0.0695394876226894,5.25,0.2033398275045627,0.060731260348103,166.03773584905662,4.277540754111719,2.6940853004543053,0.6298210713398015,400.0,0.2575118882951338,0.1118540775680554,0.4343647134452282,400.0,-0.0135618169225886,5.046620638649024e-05,0.0136122831289751,0.1420477090676312,1.0,2,True,The solver successfully reached the end of the integration interval.,0.476,True,True,schedule_bolus
MDA-MB-231/ATCC,random,7,82151,713563,1.999999987845058e-08,9.999999747378752e-05,-54.54100036621094,,daunorubicin,arsenic trioxide,dna_intercalator,other,241279087.64641,244556946.93381375,1.013585343509784,0.1520318866718107,1.4,0.8479681133281893,0.0697905210991665,11.2,-0.0004436622397224,0.8268493691198944,0.7880075456550577,0.1034696238547796,,0.0434007587779922,1.0992581521337856,2.828415259304517,-0.0107419775813057,0.4360581549558217,5.25,0.2033398275045627,0.060731260348103,166.03773584905662,0.080846002628286,0.046846531921962,0.579453904942625,400.0,1.645219758508148,1.5172043040374876,0.9221894498843471,400.0,-0.0452101204257158,0.0003515934085994,0.0455617138343152,0.1429730430170126,1.0,2,True,The solver successfully reached the end of the integration interval.,0.475,True,True,schedule_bolus
MDA-MB-231/ATCC,ours+zero,8,119875,713563,4.999999873689376e-06,9.999999747378752e-05,-42.95500183105469,,cisplatin,arsenic trioxide,platinum,other,241279087.64641,244557744.56640592,1.0135886493602824,0.1499225563786478,1.4,0.8500774436213522,0.0702695728968819,11.2,-0.0004450787068185,0.8329170752212808,0.7870405120342007,0.1040029122405841,,0.0433930637593663,1.1185200052889492,2.7966481710462956,0.0010004351930495,0.4386356520159898,5.25,0.2033398275045627,0.060731260348103,166.03773584905662,0.6436257167206232,0.6093595407738222,0.9467607103684532,400.0,1.645219758508148,1.5176707363070243,0.922472957462666,400.0,-0.0454653213318771,0.0003549989100617,0.0458203202419389,0.142979445163967,1.0,2,True,The solver successfully reached the end of the integration interval.,3.367,True,True,schedule_bolus
MDA-MB-231/ATCC,tanimoto+zero,2,49842,713563,4.999999858590343e-10,9.999999747378752e-05,-22.812000274658203,,vinblastine,arsenic trioxide,antimitotic,other,241279087.64641,244557898.65580693,1.0135892879958248,0.1294612200936185,1.6,0.8705387799063814,0.0845371144470178,12.6,-0.0004453523442599,0.897242439038636,0.7417844290957997,0.1297222872499899,,0.0427232818168254,1.355413178263158,2.4726610748610542,0.4056888237063075,0.5697083107313015,5.25,0.2033398275045627,0.060731260348103,166.03773584905662,0.0001299999948041,8.889710812387364e-05,0.6838239359762555,400.0,1.645219758508148,1.5203329563697356,0.9240911121492624,400.0,-0.0686954351215107,0.0009595979751547,0.0696550330966655,0.1435376816186414,1.0,2,True,The solver successfully reached the end of the integration interval.,0.587,True,True,schedule_bolus
MDA-MB-231/ATCC,ours+zero,6,613327,754143,9.99999993922529e-09,9.99999993922529e-09,-90.0999984741211,,gemcitabine,bendamustine,antimetabolite,alkylator,241279087.64641,243964999.3882388,1.011131970731607,0.0111994512358975,1.6,0.9888005487641024,0.2265829763989294,16.8,0.0006088173075056,1.960185391591165,0.5297048024174668,0.2759660896395371,,0.0385474183598384,3.2576518393464915,1.3460572144178768,0.9041805539918196,0.9317617901810265,5.25,0.2033398275045627,0.060731260348103,166.03773584905662,4.725513507424128,4.546540976316129,0.9621263317040952,400.0,11.268652701116649,10.850341823686117,0.9628783592390704,400.0,-0.1705529192340273,0.0046322217526353,0.1751851409866627,0.1448233708173386,1.0,2,True,The solver successfully reached the end of the integration interval.,5.995,True,True,schedule_bolus
MDA-MB-231/ATCC,tanimoto+zero,7,82151,713563,1.999999987845058e-08,9.999999747378752e-05,-54.54100036621094,,daunorubicin,arsenic trioxide,dna_intercalator,other,241279087.64641,244556946.93381375,1.013585343509784,0.1520318866718107,1.4,0.8479681133281893,0.0697905210991665,11.2,-0.0004436622397224,0.8268493691198944,0.7880075456550577,0.1034696238547796,,0.0434007587779922,1.0992581521337856,2.828415259304517,-0.0107419775813057,0.4360581549558217,5.25,0.2033398275045627,0.060731260348103,166.03773584905662,0.080846002628286,0.046846531921962,0.579453904942625,400.0,1.645219758508148,1.5172043040374876,0.9221894498843471,400.0,-0.0452101204257158,0.0003515934085994,0.0455617138343152,0.1429730430170126,1.0,2,True,The solver successfully reached the end of the integration interval.,0.474,True,True,schedule_bolus
MDA-MB-231/ATCC,tanimoto+zero,6,38721,713563,1.9999999494757503e-05,9.999999747378752e-05,-10.20400047302246,,mitotane,arsenic trioxide,other,other,241279087.64641,244592185.9252509,1.0137313942586526,0.1205723670975529,1.4,0.8794276329024471,0.0813635843197684,11.6,-0.0005062366103075,0.9275362669859436,0.7646566088429083,0.1165335535599307,,0.0431470366786956,1.3583625256414182,2.4612186605773445,0.2372583215796458,0.5055525090204531,5.25,0.2033398275045627,0.060731260348103,166.03773584905662,0.7601776037733505,0.6936496022868749,0.9124836075724336,400.0,1.645219758508148,1.52087649653972,0.9244214875700376,400.0,-0.0526838259745809,0.0004586512869729,0.0531424772615539,0.1432028767706275,1.0,2,True,The solver successfully reached the end of the integration interval.,1.822,True,True,schedule_bolus
MDA-MB-435,no_treatment,-1,-1,-1,0.0,0.0,,,,,,,241279087.64641,244307242.44601148,1.012550423781605,1.0,0.0,0.0,-0.0005289501584925,0.0,0.0,0.0,1.0,0.0,,0.001098475822591,6.230461558811701e-22,0.0,-4.4497688561597695,-0.0250950517930392,5.25,0.2033398275045627,0.0578624312878497,166.03773584905662,,,,,,,,,0.0,0.0,0.0,0.1416738683806418,1.0,0,True,The solver successfully reached the end of the integration interval.,0.156,,,schedule_bolus
MDA-MB-231/ATCC,tanimoto+zero,8,49842,713563,4.999999858590343e-10,9.999999747378752e-05,-22.812000274658203,,vinblastine,arsenic trioxide,antimitotic,other,241279087.64641,244557898.65580693,1.0135892879958248,0.1294612200936185,1.6,0.8705387799063814,0.0845371144470178,12.6,-0.0004453523442599,0.897242439038636,0.7417844290957997,0.1297222872499899,,0.0427232818168254,1.355413178263158,2.4726610748610542,0.4056888237063075,0.5697083107313015,5.25,0.2033398275045627,0.060731260348103,166.03773584905662,0.0001299999948041,8.889710812387364e-05,0.6838239359762555,400.0,1.645219758508148,1.5203329563697356,0.9240911121492624,400.0,-0.0686954351215107,0.0009595979751547,0.0696550330966655,0.1435376816186414,1.0,2,True,The solver successfully reached the end of the integration interval.,0.593,True,True,schedule_bolus
MDA-MB-435,act_hamming+zero,0,740,24559,1.0000000116860974e-07,9.999999974752427e-07,-92.08999633789062,,NSC740,NSC24559,other,other,241279087.64641,244630827.98450243,1.0138915492875384,0.0623567909823946,1.6,0.9376432090176052,0.1406329262237452,14.2,-0.0005748434937127,1.2144983773597031,0.646344305186034,0.1895360733233083,,0.0412342291268994,1.8845422997986856,1.984743030009472,0.7906094053027006,0.8044610481391246,5.25,0.2033398275045627,0.060731260348103,166.03773584905662,50.466727423738504,48.44708633101098,0.9599807398690662,400.0,1.7372182228308797,1.6227562390416712,0.9341119139294504,400.0,-0.1060618825627919,0.0016566121801434,0.1077184947429353,0.1444735302559052,1.0,2,True,The solver successfully reached the end of the integration interval.,0.556,True,True,schedule_bolus
MDA-MB-435,act_hamming+zero,1,740,24559,1.0000000116860974e-07,9.999999974752427e-07,-92.08999633789062,,NSC740,NSC24559,other,other,241279087.64641,244630827.98450243,1.0138915492875384,0.0623567909823946,1.6,0.9376432090176052,0.1406329262237452,14.2,-0.0005748434937127,1.2144983773597031,0.646344305186034,0.1895360733233083,,0.0412342291268994,1.8845422997986856,1.984743030009472,0.7906094053027006,0.8044610481391246,5.25,0.2033398275045627,0.060731260348103,166.03773584905662,50.466727423738504,48.44708633101098,0.9599807398690662,400.0,1.7372182228308797,1.6227562390416712,0.9341119139294504,400.0,-0.1060618825627919,0.0016566121801434,0.1077184947429353,0.1444735302559052,1.0,2,True,The solver successfully reached the end of the integration interval.,0.579,True,True,schedule_bolus
MDA-MB-231/ATCC,random,8,24559,409962,9.999999974752427e-07,2.0000000233721948e-07,-40.54999923706055,,NSC24559,carmustine,other,alkylator,241279087.64641,244570948.7471404,1.0136433751173437,0.1334901031806423,1.4,0.8665098968193576,0.0765643835801368,11.4,-0.0004685265352155,0.8833349853790977,0.7740745468129099,0.1112172128177545,,0.0432598682769154,1.283986141321278,2.5545372076505575,0.1451758191579925,0.4767957425332497,5.25,0.2033398275045627,0.060731260348103,166.03773584905662,1.6859427171850352,1.559105767142672,0.9247679362118906,400.0,5.20000019213077e-05,4.863078071296183e-05,0.9352072868488628,400.0,-0.0494403941994545,0.0004120656123539,0.0498524598118085,0.143084390901987,1.0,2,True,The solver successfully reached the end of the integration interval.,4.139,True,True,schedule_bolus
MDA-MB-435,act_hamming+zero,4,740,24559,1.0000000116860974e-07,9.999999974752427e-07,-92.08999633789062,,NSC740,NSC24559,other,other,241279087.64641,244630827.98450243,1.0138915492875384,0.0623567909823946,1.6,0.9376432090176052,0.1406329262237452,14.2,-0.0005748434937127,1.2144983773597031,0.646344305186034,0.1895360733233083,,0.0412342291268994,1.8845422997986856,1.984743030009472,0.7906094053027006,0.8044610481391246,5.25,0.2033398275045627,0.060731260348103,166.03773584905662,50.466727423738504,48.44708633101098,0.9599807398690662,400.0,1.7372182228308797,1.6227562390416712,0.9341119139294504,400.0,-0.1060618825627919,0.0016566121801434,0.1077184947429353,0.1444735302559052,1.0,2,True,The solver successfully reached the end of the integration interval.,0.575,True,True,schedule_bolus
MDA-MB-435,hamming+zero,0,740,24559,1.0000000116860974e-07,9.999999974752427e-07,-92.08999633789062,,NSC740,NSC24559,other,other,241279087.64641,244630827.98450243,1.0138915492875384,0.0623567909823946,1.6,0.9376432090176052,0.1406329262237452,14.2,-0.0005748434937127,1.2144983773597031,0.646344305186034,0.1895360733233083,,0.0412342291268994,1.8845422997986856,1.984743030009472,0.7906094053027006,0.8044610481391246,5.25,0.2033398275045627,0.060731260348103,166.03773584905662,50.466727423738504,48.44708633101098,0.9599807398690662,400.0,1.7372182228308797,1.6227562390416712,0.9341119139294504,400.0,-0.1060618825627919,0.0016566121801434,0.1077184947429353,0.1444735302559052,1.0,2,True,The solver successfully reached the end of the integration interval.,0.58,True,True,schedule_bolus
MDA-MB-435,hamming+zero,1,740,24559,1.0000000116860974e-07,9.999999974752427e-07,-92.08999633789062,,NSC740,NSC24559,other,other,241279087.64641,244630827.98450243,1.0138915492875384,0.0623567909823946,1.6,0.9376432090176052,0.1406329262237452,14.2,-0.0005748434937127,1.2144983773597031,0.646344305186034,0.1895360733233083,,0.0412342291268994,1.8845422997986856,1.984743030009472,0.7906094053027006,0.8044610481391246,5.25,0.2033398275045627,0.060731260348103,166.03773584905662,50.466727423738504,48.44708633101098,0.9599807398690662,400.0,1.7372182228308797,1.6227562390416712,0.9341119139294504,400.0,-0.1060618825627919,0.0016566121801434,0.1077184947429353,0.1444735302559052,1.0,2,True,The solver successfully reached the end of the integration interval.,0.564,True,True,schedule_bolus
MDA-MB-435,hamming+zero,4,740,24559,1.0000000116860974e-07,9.999999974752427e-07,-92.08999633789062,,NSC740,NSC24559,other,other,241279087.64641,244630827.98450243,1.0138915492875384,0.0623567909823946,1.6,0.9376432090176052,0.1406329262237452,14.2,-0.0005748434937127,1.2144983773597031,0.646344305186034,0.1895360733233083,,0.0412342291268994,1.8845422997986856,1.984743030009472,0.7906094053027006,0.8044610481391246,5.25,0.2033398275045627,0.060731260348103,166.03773584905662,50.466727423738504,48.44708633101098,0.9599807398690662,400.0,1.7372182228308797,1.6227562390416712,0.9341119139294504,400.0,-0.1060618825627919,0.0016566121801434,0.1077184947429353,0.1444735302559052,1.0,2,True,The solver successfully reached the end of the integration interval.,0.57,True,True,schedule_bolus
MDA-MB-435,ours+zero,0,740,24559,1.0000000116860974e-07,9.999999974752427e-07,-92.08999633789062,,NSC740,NSC24559,other,other,241279087.64641,244630827.98450243,1.0138915492875384,0.0623567909823946,1.6,0.9376432090176052,0.1406329262237452,14.2,-0.0005748434937127,1.2144983773597031,0.646344305186034,0.1895360733233083,,0.0412342291268994,1.8845422997986856,1.984743030009472,0.7906094053027006,0.8044610481391246,5.25,0.2033398275045627,0.060731260348103,166.03773584905662,50.466727423738504,48.44708633101098,0.9599807398690662,400.0,1.7372182228308797,1.6227562390416712,0.9341119139294504,400.0,-0.1060618825627919,0.0016566121801434,0.1077184947429353,0.1444735302559052,1.0,2,True,The solver successfully reached the end of the integration interval.,0.586,True,True,schedule_bolus
MDA-MB-435,ours+zero,1,279836,754143,4.999999987376214e-07,9.99999993922529e-09,-79.33200073242188,,NSC279836,bendamustine,other,alkylator,241279087.64641,244555910.01631495,1.0135810459243244,0.0474989448181273,1.6,0.9525010551818728,0.1338377959363309,13.6,-0.000441820834241,1.3326981727565683,0.665339203578028,0.1769568859993247,,0.0417241759896032,2.309304224683046,1.7071766699244988,0.7364524513848456,0.7554757447112456,5.25,0.2033398275045627,0.060731260348103,166.03773584905662,1.8587974741848408,1.753674698693517,0.943445815398784,400.0,3.409117652889946,3.2688621620855125,0.9588587121111712,400.0,-0.089602680835451,0.0012449485607799,0.090847629396231,0.1438563729173369,1.0,2,True,The solver successfully reached the end of the integration interval.,0.559,True,True,schedule_bolus
MDA-MB-435,random,0,24559,712807,9.999999974752427e-07,2.0000000233721948e-07,-89.3499984741211,,NSC24559,capecitabine,other,antimetabolite,241279087.64641,244575749.7144947,1.0136632731010484,0.1274648193721472,1.4,0.8725351806278527,0.0784690998440842,11.6,-0.0004770517225935,0.903393719244647,0.7703988890103219,0.1132843521776996,,0.0432211012951865,1.3297057149483489,2.4956786169054856,0.1817542396524935,0.4871856665572323,5.25,0.2033398275045627,0.060731260348103,166.03773584905662,1.7372182228308797,1.60822095232457,0.9257449243791016,400.0,2.4229122825053686,2.3166023349472744,0.956123072087378,400.0,-0.0506043870913313,0.0004272294494902,0.0510316165408215,0.143116939170584,1.0,2,True,The solver successfully reached the end of the integration interval.,0.52,True,True,schedule_bolus
MDA-MB-435,ours+zero,4,740,24559,1.0000000116860974e-07,9.999999974752427e-07,-92.08999633789062,,NSC740,NSC24559,other,other,241279087.64641,244630827.98450243,1.0138915492875384,0.0623567909823946,1.6,0.9376432090176052,0.1406329262237452,14.2,-0.0005748434937127,1.2144983773597031,0.646344305186034,0.1895360733233083,,0.0412342291268994,1.8845422997986856,1.984743030009472,0.7906094053027006,0.8044610481391246,5.25,0.2033398275045627,0.060731260348103,166.03773584905662,50.466727423738504,48.44708633101098,0.9599807398690662,400.0,1.7372182228308797,1.6227562390416712,0.9341119139294504,400.0,-0.1060618825627919,0.0016566121801434,0.1077184947429353,0.1444735302559052,1.0,2,True,The solver successfully reached the end of the integration interval.,0.576,True,True,schedule_bolus
MDA-MB-435,random,1,743414,761432,4.999999873689376e-06,4.999999969612645e-09,-52.07500076293945,,sunitinib,NSC761432,kinase_inhibitor,other,241279087.64641,244225440.6162202,1.0122113897169904,0.0203382447016038,1.8,0.9796617552983962,0.1863811018749679,15.6,0.0001454399464014,1.7015714192420317,0.580380030549496,0.2362875389830278,,0.0398626758894586,2.6509758462759003,1.5598270263221512,0.8775142407121617,0.8871016159213526,5.25,0.2033398275045627,0.060731260348103,166.03773584905662,14.831790126643703,14.210304627170554,0.9580977417987652,400.0,6.509834174383647,6.212946246498903,0.9543939338650124,400.0,-0.1330116335850173,0.0028843492887977,0.1358959828738151,0.1442137376644579,1.0,2,True,The solver successfully reached the end of the integration interval.,0.465,True,True,schedule_bolus
MDA-MB-435,tanimoto+zero,0,740,24559,1.0000000116860974e-07,9.999999974752427e-07,-92.08999633789062,,NSC740,NSC24559,other,other,241279087.64641,244630827.98450243,1.0138915492875384,0.0623567909823946,1.6,0.9376432090176052,0.1406329262237452,14.2,-0.0005748434937127,1.2144983773597031,0.646344305186034,0.1895360733233083,,0.0412342291268994,1.8845422997986856,1.984743030009472,0.7906094053027006,0.8044610481391246,5.25,0.2033398275045627,0.060731260348103,166.03773584905662,50.466727423738504,48.44708633101098,0.9599807398690662,400.0,1.7372182228308797,1.6227562390416712,0.9341119139294504,400.0,-0.1060618825627919,0.0016566121801434,0.1077184947429353,0.1444735302559052,1.0,2,True,The solver successfully reached the end of the integration interval.,0.559,True,True,schedule_bolus
MDA-MB-435,tanimoto+zero,1,713563,753082,9.999999747378752e-05,4.999999987376214e-07,2.67549991607666,,arsenic trioxide,pazopanib,other,kinase_inhibitor,241279087.64641,244565913.7564121,1.0136225072055098,0.1461889159468038,1.4,0.8538110840531962,0.0715501285708257,11.2,-0.0004595856073998,0.843869608491692,0.7844072264887558,0.1054584139719568,,0.0433626647892537,1.1405099477281593,2.7618106178044477,0.0338131611235762,0.4475250852843948,5.25,0.2033398275045627,0.060731260348103,166.03773584905662,1.5794586924500755,1.4553127326261133,0.921399679258857,400.0,1.1661462008251342,1.068401289253321,0.9161812545436828,400.0,-0.046378866754732,0.0003667153542638,0.0467455821089958,0.1430188108669263,1.0,2,True,The solver successfully reached the end of the integration interval.,0.46,True,True,schedule_bolus
OVCAR-8,no_treatment,-1,-1,-1,0.0,0.0,,,,,,,241279087.64641,244307242.44601148,1.012550423781605,1.0,0.0,0.0,-0.0005289501584925,0.0,0.0,0.0,1.0,0.0,,0.001098475822591,6.230461558811701e-22,0.0,-4.4497688561597695,-0.0250950517930392,5.25,0.2033398275045627,0.0578624312878497,166.03773584905662,,,,,,,,,0.0,0.0,0.0,0.1416738683806418,1.0,0,True,The solver successfully reached the end of the integration interval.,0.161,,,schedule_bolus
MDA-MB-435,tanimoto+zero,4,740,24559,1.0000000116860974e-07,9.999999974752427e-07,-92.08999633789062,,NSC740,NSC24559,other,other,241279087.64641,244630827.98450243,1.0138915492875384,0.0623567909823946,1.6,0.9376432090176052,0.1406329262237452,14.2,-0.0005748434937127,1.2144983773597031,0.646344305186034,0.1895360733233083,,0.0412342291268994,1.8845422997986856,1.984743030009472,0.7906094053027006,0.8044610481391246,5.25,0.2033398275045627,0.060731260348103,166.03773584905662,50.466727423738504,48.44708633101098,0.9599807398690662,400.0,1.7372182228308797,1.6227562390416712,0.9341119139294504,400.0,-0.1060618825627919,0.0016566121801434,0.1077184947429353,0.1444735302559052,1.0,2,True,The solver successfully reached the end of the integration interval.,0.581,True,True,schedule_bolus
MDA-MB-435,random,4,27640,754143,7.000000135093387e-09,9.99999993922529e-09,-62.209999084472656,,NSC27640,bendamustine,other,alkylator,241279087.64641,244498527.16304135,1.0133432182127171,0.041725912067537,1.8,0.9582740879324628,0.1518482136401151,14.4,-0.0003399055677496,1.3894790490301878,0.626357871054786,0.2031774606942534,,0.0409193849064989,2.391798738797675,1.6722846034778516,0.8221035045602619,0.828350298126676,5.25,0.2033398275045627,0.060731260348103,166.03773584905662,6.544350886086862,6.242007682819696,0.953800887432558,400.0,3.409117652889946,3.2696913195773045,0.9591019297340916,400.0,-0.111219908060884,0.0018846416173498,0.1131045496782338,0.1442501035127565,1.0,2,True,The solver successfully reached the end of the integration interval.,4.699,True,True,schedule_bolus
OVCAR-8,act_hamming+zero,2,740,3053,1.0000000116860974e-07,9.99999993922529e-09,-26.979999542236328,,NSC740,dactinomycin,other,dna_intercalator,241279087.64641,244458316.73897025,1.0131765629734943,0.4016431366267465,2.4000000000000004,0.5983568633732534,0.0358534841972026,9.4,-0.0002684752746829,0.4070758466210242,0.8489178837767362,0.0711343172323885,,0.034849846266786,0.094452211878998,7.710977694980872,-0.0267138102880466,0.3064632878330467,5.25,0.2033398275045627,0.060731260348103,166.03773584905662,41.74077197893372,39.94843207093558,0.957060211801959,400.0,0.140318212437567,0.0655836388124267,0.4673922057096284,400.0,-0.0338680655024512,0.0002357095787572,0.0341037750812085,0.1425126597166143,1.0,2,True,The solver successfully reached the end of the integration interval.,5.159,True,True,schedule_bolus
OVCAR-8,act_hamming+zero,8,740,3053,1.0000000116860974e-07,9.99999993922529e-09,-26.979999542236328,,NSC740,dactinomycin,other,dna_intercalator,241279087.64641,244458316.73897025,1.0131765629734943,0.4016431366267465,2.4000000000000004,0.5983568633732534,0.0358534841972026,9.4,-0.0002684752746829,0.4070758466210242,0.8489178837767362,0.0711343172323885,,0.034849846266786,0.094452211878998,7.710977694980872,-0.0267138102880466,0.3064632878330467,5.25,0.2033398275045627,0.060731260348103,166.03773584905662,41.74077197893372,39.94843207093558,0.957060211801959,400.0,0.140318212437567,0.0655836388124267,0.4673922057096284,400.0,-0.0338680655024512,0.0002357095787572,0.0341037750812085,0.1425126597166143,1.0,2,True,The solver successfully reached the end of the integration interval.,5.156,True,True,schedule_bolus
OVCAR-8,ours+zero,2,125066,681239,9.999999974752427e-07,3.000000106112566e-07,-93.2300033569336,,bleomycin,bortezomib,dna_cleaver,proteasome,241279087.64641,243709761.5975916,1.0100741177981565,0.0440045251963735,2.4000000000000004,0.9559954748036265,0.1780773812704175,16.200000000000003,0.0010634169014994,1.3674188572895187,0.5478767112903419,0.2613171598190855,,0.0385465164649346,1.8700551122179951,2.0338751633652867,0.9100450260218028,0.9059876934132818,5.25,0.1968849621189929,0.0578624312878497,168.55345911949686,0.0321131138196445,0.0262703332097816,0.8180562419864539,400.0,1.96128527697396,1.770694711757732,0.902823639450204,400.0,-0.1706760301326679,0.0052157232494419,0.1758917533821099,0.1381872930671425,1.0,2,True,The solver successfully reached the end of the integration interval.,0.573,True,True,schedule_bolus
OVCAR-8,ours+zero,8,125066,681239,9.999999974752427e-07,3.000000106112566e-07,-93.2300033569336,,bleomycin,bortezomib,dna_cleaver,proteasome,241279087.64641,243709761.5975916,1.0100741177981565,0.0440045251963735,2.4000000000000004,0.9559954748036265,0.1780773812704175,16.200000000000003,0.0010634169014994,1.3674188572895187,0.5478767112903419,0.2613171598190855,,0.0385465164649346,1.8700551122179951,2.0338751633652867,0.9100450260218028,0.9059876934132818,5.25,0.1968849621189929,0.0578624312878497,168.55345911949686,0.0321131138196445,0.0262703332097816,0.8180562419864539,400.0,1.96128527697396,1.770694711757732,0.902823639450204,400.0,-0.1706760301326679,0.0052157232494419,0.1758917533821099,0.1381872930671425,1.0,2,True,The solver successfully reached the end of the integration interval.,0.574,True,True,schedule_bolus
OVCAR-8,random,2,8806,754143,1.0000000116860974e-07,9.99999993922529e-09,12.972000122070312,,melphalan,bendamustine,alkylator,alkylator,241279087.64641,244560323.97644067,1.0135993399263812,0.0749487992625123,1.6,0.9250512007374876,0.1053558534288901,12.6,-0.0004496592922301,1.1346174551944377,0.712258641976549,0.1473622726747137,,0.0424972003098135,2.019801900829056,1.8723358390933815,0.5675073354974249,0.6431827262248608,5.25,0.2033398275045627,0.060731260348103,166.03773584905662,0.0234080569301151,0.0221506180368308,0.9462817910500504,400.0,2.7839721811781604,2.6651550613551365,0.9573210103799452,400.0,-0.06925327556407,0.0007727772598011,0.0700260528238712,0.143419907498648,1.0,2,True,The solver successfully reached the end of the integration interval.,0.489,True,True,schedule_bolus
OVCAR-8,hamming+zero,2,740,3053,1.0000000116860974e-07,9.99999993922529e-09,-26.979999542236328,,NSC740,dactinomycin,other,dna_intercalator,241279087.64641,244458316.73897025,1.0131765629734943,0.4016431366267465,2.4000000000000004,0.5983568633732534,0.0358534841972026,9.4,-0.0002684752746829,0.4070758466210242,0.8489178837767362,0.0711343172323885,,0.034849846266786,0.094452211878998,7.710977694980872,-0.0267138102880466,0.3064632878330467,5.25,0.2033398275045627,0.060731260348103,166.03773584905662,41.74077197893372,39.94843207093558,0.957060211801959,400.0,0.140318212437567,0.0655836388124267,0.4673922057096284,400.0,-0.0338680655024512,0.0002357095787572,0.0341037750812085,0.1425126597166143,1.0,2,True,The solver successfully reached the end of the integration interval.,5.202,True,True,schedule_bolus
OVCAR-8,tanimoto+zero,2,1390,713563,0.0001999999949475,9.999999747378752e-05,-43.05500030517578,,NSC1390,arsenic trioxide,other,other,241279087.64641,244576784.40782705,1.0136675614682766,0.1273960179928321,1.4,0.8726039820071678,0.0798394158237218,11.6,-0.0004788890292548,0.90362820062216,0.7676811259839194,0.1148191367173641,,0.0431878087315431,1.3473820245708676,2.474065246552019,0.2076263499018387,0.4956757115259479,5.25,0.2033398275045627,0.060731260348103,166.03773584905662,6.681718103256433,6.320764749407229,0.9459789610589396,400.0,1.6208732178581724,1.499145043527606,0.9248996325009192,400.0,-0.0515464801568625,0.0004413102406546,0.0519877903975172,0.1431355785242322,1.0,2,True,The solver successfully reached the end of the integration interval.,0.517,True,True,schedule_bolus
OVCAR-8,tanimoto+zero,8,1390,713563,0.0001999999949475,9.999999747378752e-05,-43.05500030517578,,NSC1390,arsenic trioxide,other,other,241279087.64641,244576784.40782705,1.0136675614682766,0.1273960179928321,1.4,0.8726039820071678,0.0798394158237218,11.6,-0.0004788890292548,0.90362820062216,0.7676811259839194,0.1148191367173641,,0.0431878087315431,1.3473820245708676,2.474065246552019,0.2076263499018387,0.4956757115259479,5.25,0.2033398275045627,0.060731260348103,166.03773584905662,6.681718103256433,6.320764749407229,0.9459789610589396,400.0,1.6208732178581724,1.499145043527606,0.9248996325009192,400.0,-0.0515464801568625,0.0004413102406546,0.0519877903975172,0.1431355785242322,1.0,2,True,The solver successfully reached the end of the integration interval.,0.523,True,True,schedule_bolus
OVCAR-8,hamming+zero,8,740,3053,1.0000000116860974e-07,9.99999993922529e-09,-26.979999542236328,,NSC740,dactinomycin,other,dna_intercalator,241279087.64641,244458316.73897025,1.0131765629734943,0.4016431366267465,2.4000000000000004,0.5983568633732534,0.0358534841972026,9.4,-0.0002684752746829,0.4070758466210242,0.8489178837767362,0.0711343172323885,,0.034849846266786,0.094452211878998,7.710977694980872,-0.0267138102880466,0.3064632878330467,5.25,0.2033398275045627,0.060731260348103,166.03773584905662,41.74077197893372,39.94843207093558,0.957060211801959,400.0,0.140318212437567,0.0655836388124267,0.4673922057096284,400.0,-0.0338680655024512,0.0002357095787572,0.0341037750812085,0.1425126597166143,1.0,2,True,The solver successfully reached the end of the integration interval.,5.201,True,True,schedule_bolus
PC-3,no_treatment,-1,-1,-1,0.0,0.0,,,,,,,241279087.64641,244307242.44601148,1.012550423781605,1.0,0.0,0.0,-0.0005289501584925,0.0,0.0,0.0,1.0,0.0,,0.001098475822591,6.230461558811701e-22,0.0,-4.4497688561597695,-0.0250950517930392,5.25,0.2033398275045627,0.0578624312878497,166.03773584905662,,,,,,,,,0.0,0.0,0.0,0.1416738683806418,1.0,0,True,The solver successfully reached the end of the integration interval.,0.162,,,schedule_bolus
OVCAR-8,random,8,85998,713563,9.999999747378752e-05,9.999999747378752e-05,-19.92300033569336,,streptozocin,arsenic trioxide,alkylator,other,241279087.64641,244574282.3023044,1.0136571912967585,0.1308378053742603,1.4,0.8691621946257396,0.0778753429269373,11.6,-0.0004744460230116,0.8920508033092509,0.7713592237094853,0.11274332293177,,0.0432301692557133,1.313600607112215,2.5161491369630804,0.1720503780125092,0.48471555644484,5.25,0.2033398275045627,0.060731260348103,166.03773584905662,0.0097412885238856,0.0091157979645695,0.9357897512446732,400.0,1.6208732178581724,1.4987899540144085,0.9246805595288412,400.0,-0.0502627746549906,0.0004235598996186,0.0506863345546092,0.1431077472397527,1.0,2,True,The solver successfully reached the end of the integration interval.,3.675,True,True,schedule_bolus
PC-3,act_hamming+zero,9,681239,750690,3.000000106112566e-07,1.0000000116860974e-07,-37.0,,bortezomib,everolimus,proteasome,kinase_inhibitor,241279087.64641,242270073.298245,1.0041072173369925,0.0117493943902243,2.2,0.9882506056097756,0.2320878283588792,18.000000000000004,0.0036365710460022,1.9406277237182945,0.4925004849022021,0.3075933375719593,,0.0369996205236461,2.5855120228364017,1.6193526523342738,0.9152320791767512,0.9472261253209164,5.25,0.1968849621189929,0.0550853987870166,168.55345911949686,11.250139273865862,10.678244930318934,0.9491655765653104,400.0,0.0881796090517295,0.0820571182802471,0.9305679528711605,400.0,-0.1376363947004908,0.00674178790112,0.1443781826016108,0.1345939637670409,1.0,2,True,The solver successfully reached the end of the integration interval.,2.549,True,True,schedule_bolus
PC-3,act_hamming+zero,1,740,6396,9.99999993922529e-09,1.0000000116860974e-07,-31.86000061035156,,NSC740,thiotepa,other,alkylator,241279087.64641,244427189.37085629,1.0130475531682206,0.3680732725692497,1.6,0.6319267274307503,0.0326823866665284,9.2,-0.0002131721656425,0.4434478521568861,0.8705868839012487,0.060187880128564,,0.0317562794566434,0.0719705853615881,7.887706009298316,-0.0905658114586696,0.2052620236750861,5.25,0.2033398275045627,0.060731260348103,166.03773584905662,3.6245314699988977,3.3723157092636606,0.9304142444829392,400.0,4.3333507709267694e-05,4.0266721678343025e-05,0.92922829946054,400.0,-0.0240756908788408,0.0001433963995245,0.0242190872783654,0.1422923841849748,1.0,2,True,The solver successfully reached the end of the integration interval.,5.258,True,True,schedule_bolus
PC-3,act_hamming+zero,6,740,6396,9.99999993922529e-09,1.0000000116860974e-07,-31.86000061035156,,NSC740,thiotepa,other,alkylator,241279087.64641,244427189.37085629,1.0130475531682206,0.3680732725692497,1.6,0.6319267274307503,0.0326823866665284,9.2,-0.0002131721656425,0.4434478521568861,0.8705868839012487,0.060187880128564,,0.0317562794566434,0.0719705853615881,7.887706009298316,-0.0905658114586696,0.2052620236750861,5.25,0.2033398275045627,0.060731260348103,166.03773584905662,3.6245314699988977,3.3723157092636606,0.9304142444829392,400.0,4.3333507709267694e-05,4.0266721678343025e-05,0.92922829946054,400.0,-0.0240756908788408,0.0001433963995245,0.0242190872783654,0.1422923841849748,1.0,2,True,The solver successfully reached the end of the integration interval.,5.277,True,True,schedule_bolus
PC-3,hamming+zero,9,681239,750690,3.000000106112566e-07,1.0000000116860974e-07,-37.0,,bortezomib,everolimus,proteasome,kinase_inhibitor,241279087.64641,242270073.298245,1.0041072173369925,0.0117493943902243,2.2,0.9882506056097756,0.2320878283588792,18.000000000000004,0.0036365710460022,1.9406277237182945,0.4925004849022021,0.3075933375719593,,0.0369996205236461,2.5855120228364017,1.6193526523342738,0.9152320791767512,0.9472261253209164,5.25,0.1968849621189929,0.0550853987870166,168.55345911949686,11.250139273865862,10.678244930318934,0.9491655765653104,400.0,0.0881796090517295,0.0820571182802471,0.9305679528711605,400.0,-0.1376363947004908,0.00674178790112,0.1443781826016108,0.1345939637670409,1.0,2,True,The solver successfully reached the end of the integration interval.,2.514,True,True,schedule_bolus
PC-3,hamming+zero,1,740,6396,9.99999993922529e-09,1.0000000116860974e-07,-31.86000061035156,,NSC740,thiotepa,other,alkylator,241279087.64641,244427189.37085629,1.0130475531682206,0.3680732725692497,1.6,0.6319267274307503,0.0326823866665284,9.2,-0.0002131721656425,0.4434478521568861,0.8705868839012487,0.060187880128564,,0.0317562794566434,0.0719705853615881,7.887706009298316,-0.0905658114586696,0.2052620236750861,5.25,0.2033398275045627,0.060731260348103,166.03773584905662,3.6245314699988977,3.3723157092636606,0.9304142444829392,400.0,4.3333507709267694e-05,4.0266721678343025e-05,0.92922829946054,400.0,-0.0240756908788408,0.0001433963995245,0.0242190872783654,0.1422923841849748,1.0,2,True,The solver successfully reached the end of the integration interval.,5.197,True,True,schedule_bolus
PC-3,hamming+zero,6,740,6396,9.99999993922529e-09,1.0000000116860974e-07,-31.86000061035156,,NSC740,thiotepa,other,alkylator,241279087.64641,244427189.37085629,1.0130475531682206,0.3680732725692497,1.6,0.6319267274307503,0.0326823866665284,9.2,-0.0002131721656425,0.4434478521568861,0.8705868839012487,0.060187880128564,,0.0317562794566434,0.0719705853615881,7.887706009298316,-0.0905658114586696,0.2052620236750861,5.25,0.2033398275045627,0.060731260348103,166.03773584905662,3.6245314699988977,3.3723157092636606,0.9304142444829392,400.0,4.3333507709267694e-05,4.0266721678343025e-05,0.92922829946054,400.0,-0.0240756908788408,0.0001433963995245,0.0242190872783654,0.1422923841849748,1.0,2,True,The solver successfully reached the end of the integration interval.,5.155,True,True,schedule_bolus
PC-3,ours+zero,6,24559,681239,9.999999974752427e-07,3.000000106112566e-07,-82.56999969482422,,NSC24559,bortezomib,other,proteasome,241279087.64641,229407767.4437418,0.950798387384217,0.0008863138217765,2.2,0.9991136861782234,0.4041411124826127,,0.0273282232979488,3.06305568362673,0.2753603055794185,0.5600986650605968,,0.026350052317348,3.2511207227924803,1.469207545577072,0.7414193648515983,0.9959297196587268,5.25,0.1666518025896331,0.0320355066106583,181.13207547169813,1.6577220375066342,1.5723478090998022,0.9484990689179456,400.0,11.250139273865862,10.713224500926271,0.9522748332381228,400.0,-0.3185433618254929,0.0545363006639925,0.3730796624894854,0.10249160836047,1.0,2,True,The solver successfully reached the end of the integration interval.,2.371,True,True,schedule_bolus
PC-3,ours+zero,1,673596,754143,9.99999993922529e-09,9.99999993922529e-09,-76.30000305175781,,NSC673596,bendamustine,other,alkylator,241279087.64641,244453074.3767985,1.0131548355945377,0.2987135368682814,1.4,0.7012864631317186,0.0416090360743802,9.8,-0.0002591618121424,0.5335291500552433,0.8506815643756428,0.0702329789462262,,0.0338711630927803,0.0858982948897394,7.769927228302767,-0.081456131579835,0.2524911713714328,5.25,0.2033398275045627,0.060731260348103,166.03773584905662,0.022258022363908,0.0196938313278829,0.8847969961525847,400.0,0.7588267139900675,0.7153616934853642,0.9427207559995412,400.0,-0.0280796921907646,0.0001736710653733,0.028253363256138,0.1424190429932158,1.0,2,True,The solver successfully reached the end of the integration interval.,3.24,True,True,schedule_bolus
PC-3,random,6,279836,737754,4.999999987376214e-07,1.0000000116860974e-07,27.4950008392334,,NSC279836,ixabepilone,other,antimitotic,241279087.64641,244323562.77016023,1.012618064638125,0.8824957729724325,1.4,0.1175042270275674,0.0032305135459775,3.8,-2.901096962227377e-05,0.0630714202688118,0.9807764391479886,0.0084299756059624,,0.0079930482805208,0.0082946369779035,2.273924081613645,0.0865874395530387,-0.0008447879150152,5.25,0.2033398275045627,0.0578624312878497,166.03773584905662,0.3088112419945207,0.2621096005102389,0.848769619970278,400.0,0.0025425011035575,0.0010263184048489,0.4036648807793707,400.0,-0.0025494386149635,1.1139334368914788e-05,0.0025605779493325,0.1417485371432084,1.0,2,True,The solver successfully reached the end of the integration interval.,2.257,True,True,schedule_bolus
PC-3,random,1,279836,761432,4.999999987376214e-07,4.999999858590343e-10,28.219999313354492,,NSC279836,NSC761432,other,other,241279087.64641,244380162.5139003,1.0128526466911831,0.6318919555892307,1.6,0.3681080444107693,0.0164196587796154,7.600000000000001,-0.0001296075283207,0.2087393081648681,0.9250640121690774,0.0338282141042839,,0.0247715334789226,0.0423386321169168,7.986939132286658,-0.0794033757792993,0.1025992723608962,5.25,0.2033398275045627,0.060731260348103,166.03773584905662,0.3088112419945207,0.2669965291208314,0.8645945898743181,400.0,1.645286885185228,1.4803964870675068,0.8997801540859194,400.0,-0.0137015523712635,7.190444064442136e-05,0.013773456811908,0.1420342820642944,1.0,2,True,The solver successfully reached the end of the integration interval.,4.735,True,True,schedule_bolus
PC-3,random,9,681239,750690,3.000000106112566e-07,1.0000000116860974e-07,-37.0,,bortezomib,everolimus,proteasome,kinase_inhibitor,241279087.64641,242270073.298245,1.0041072173369925,0.0117493943902243,2.2,0.9882506056097756,0.2320878283588792,18.000000000000004,0.0036365710460022,1.9406277237182945,0.4925004849022021,0.3075933375719593,,0.0369996205236461,2.5855120228364017,1.6193526523342738,0.9152320791767512,0.9472261253209164,5.25,0.1968849621189929,0.0550853987870166,168.55345911949686,11.250139273865862,10.678244930318934,0.9491655765653104,400.0,0.0881796090517295,0.0820571182802471,0.9305679528711605,400.0,-0.1376363947004908,0.00674178790112,0.1443781826016108,0.1345939637670409,1.0,2,True,The solver successfully reached the end of the integration interval.,2.481,True,True,schedule_bolus
PC-3,ours+zero,9,123127,681239,4.999999987376214e-07,3.000000106112566e-07,-91.41999816894533,,doxorubicin,bortezomib,dna_intercalator,proteasome,241279087.64641,241417147.83859047,1.000572201236034,0.0087010665423611,2.2,0.9912989334576388,0.2526828198704585,18.8,0.0051682269937286,2.071070715682151,0.4637860245905035,0.3336823422324687,,0.0359434697283721,2.6621468834606756,1.5955509982312517,0.9095580387957518,0.960609772453333,5.25,0.1968849621189929,0.0523986702186213,168.55345911949686,5.890407183529174,5.441974820444851,0.9238707360777648,400.0,11.250139273865862,10.681702292540963,0.949472893847156,400.0,-0.135705581801047,0.0087192767095887,0.1444248585106358,0.1333067336843852,1.0,2,True,The solver successfully reached the end of the integration interval.,5.999,True,True,schedule_bolus
PC-3,tanimoto+zero,1,750,92859,4.999999873689376e-05,6.000000212225132e-06,-39.7599983215332,,NSC750,dromostanolone,other,hormonal,241279087.64641,244381339.9353437,1.0128575266062012,0.6044166498939055,1.6,0.3955833501060944,0.0153867023676839,7.200000000000001,-0.0001316999502205,0.2280457153400811,0.92803475752938,0.0324357579184918,,0.0237932115873678,0.0392936401595162,7.951932158850569,-0.0882060793322587,0.0844378055969414,5.25,0.2033398275045627,0.060731260348103,166.03773584905662,158.21248112977673,151.9272830617201,0.9602736900200616,400.0,8.142977915459245,7.758102010268709,0.9527352389769034,400.0,-0.0133641432416355,6.031278681462027e-05,0.0134244560284502,0.1420274219051646,1.0,2,True,The solver successfully reached the end of the integration interval.,2.085,True,True,schedule_bolus
T-47D,no_treatment,-1,-1,-1,0.0,0.0,,,,,,,241279087.64641,244307242.44601148,1.012550423781605,1.0,0.0,0.0,-0.0005289501584925,0.0,0.0,0.0,1.0,0.0,,0.001098475822591,6.230461558811701e-22,0.0,-4.4497688561597695,-0.0250950517930392,5.25,0.2033398275045627,0.0578624312878497,166.03773584905662,,,,,,,,,0.0,0.0,0.0,0.1416738683806418,1.0,0,True,The solver successfully reached the end of the integration interval.,0.146,,,schedule_bolus
PC-3,tanimoto+zero,6,750,92859,4.999999873689376e-05,6.000000212225132e-06,-39.7599983215332,,NSC750,dromostanolone,other,hormonal,241279087.64641,244381339.9353437,1.0128575266062012,0.6044166498939055,1.6,0.3955833501060944,0.0153867023676839,7.200000000000001,-0.0001316999502205,0.2280457153400811,0.92803475752938,0.0324357579184918,,0.0237932115873678,0.0392936401595162,7.951932158850569,-0.0882060793322587,0.0844378055969414,5.25,0.2033398275045627,0.060731260348103,166.03773584905662,158.21248112977673,151.9272830617201,0.9602736900200616,400.0,8.142977915459245,7.758102010268709,0.9527352389769034,400.0,-0.0133641432416355,6.031278681462027e-05,0.0134244560284502,0.1420274219051646,1.0,2,True,The solver successfully reached the end of the integration interval.,2.061,True,True,schedule_bolus
PC-3,tanimoto+zero,9,681239,750690,3.000000106112566e-07,1.0000000116860974e-07,-37.0,,bortezomib,everolimus,proteasome,kinase_inhibitor,241279087.64641,242270073.298245,1.0041072173369925,0.0117493943902243,2.2,0.9882506056097756,0.2320878283588792,18.000000000000004,0.0036365710460022,1.9406277237182945,0.4925004849022021,0.3075933375719593,,0.0369996205236461,2.5855120228364017,1.6193526523342738,0.9152320791767512,0.9472261253209164,5.25,0.1968849621189929,0.0550853987870166,168.55345911949686,11.250139273865862,10.678244930318934,0.9491655765653104,400.0,0.0881796090517295,0.0820571182802471,0.9305679528711605,400.0,-0.1376363947004908,0.00674178790112,0.1443781826016108,0.1345939637670409,1.0,2,True,The solver successfully reached the end of the integration interval.,2.53,True,True,schedule_bolus
T-47D,ours+zero,9,673596,681239,9.99999993922529e-09,2.999999892949745e-08,-88.95999908447266,,NSC673596,bortezomib,other,proteasome,241279087.64641,243689199.69591552,1.0099888973927051,0.0174452312323871,2.2,0.9825547687676128,0.2224094749185138,16.6,0.0011000600671596,1.7689664753732015,0.5161126384802174,0.2872555058689886,,0.0379306930510912,2.4586913484027546,1.6709072573021908,0.9064039793606132,0.9425800905557826,5.25,0.1968849621189929,0.060731260348103,168.55345911949686,3.313739599215082,3.143050187994425,0.9484903969940524,400.0,0.356319715376178,0.3222475842653309,0.9043776427726542,400.0,-0.1850273702820397,0.0055936678589296,0.1906210381409694,0.1384666393218665,1.0,2,True,The solver successfully reached the end of the integration interval.,1.585,True,True,schedule_bolus
T-47D,act_hamming+zero,9,79037,279836,4.999999873689376e-05,4.999999987376214e-07,38.91999816894531,,lomustine,NSC279836,alkylator,other,241279087.64641,244414524.17509833,1.012995061276439,0.4127065400824178,1.6,0.5872934599175821,0.0290263314141951,8.8,-0.0001906682570001,0.3937407835879956,0.8821064397435766,0.0544790073803947,,0.0304100275092491,0.0647064547500963,7.93856686656402,-0.094310946767931,0.1779459683802722,5.25,0.2033398275045627,0.060731260348103,166.03773584905662,3.4229275324359407,3.2595292903208,0.9522635987566884,400.0,7.589887235929385,7.150332765748201,0.9420868246763404,400.0,-0.021973297842712,0.000125647549292,0.022098945392004,0.1422272346015311,1.0,2,True,The solver successfully reached the end of the integration interval.,5.186,True,True,schedule_bolus
T-47D,hamming+zero,9,79037,279836,4.999999873689376e-05,4.999999987376214e-07,38.91999816894531,,lomustine,NSC279836,alkylator,other,241279087.64641,244414524.17509833,1.012995061276439,0.4127065400824178,1.6,0.5872934599175821,0.0290263314141951,8.8,-0.0001906682570001,0.3937407835879956,0.8821064397435766,0.0544790073803947,,0.0304100275092491,0.0647064547500963,7.93856686656402,-0.094310946767931,0.1779459683802722,5.25,0.2033398275045627,0.060731260348103,166.03773584905662,3.4229275324359407,3.2595292903208,0.9522635987566884,400.0,7.589887235929385,7.150332765748201,0.9420868246763404,400.0,-0.021973297842712,0.000125647549292,0.022098945392004,0.1422272346015311,1.0,2,True,The solver successfully reached the end of the integration interval.,5.243,True,True,schedule_bolus
T-47D,random,9,45388,125973,4.999999987376214e-07,5.99999978589949e-08,29.951000213623047,,dacarbazine,paclitaxel,alkylator,antimitotic,241279087.64641,244421406.07399303,1.013023583843238,0.7113892777661603,2.2,0.2886107222338396,0.0142052525339872,7.6,-0.0002028963708936,0.158535890559415,0.9293904182992808,0.031801809263219,,0.0250004283169266,0.0431646463904408,8.01185701851603,-0.040705174819547,0.1256344032014511,5.25,0.2033398275045627,0.060731260348103,166.03773584905662,0.0532609479930777,0.0488333840033833,0.9168703495425982,400.0,4.856322944094015,3.1709320595415327,0.6529491749303535,400.0,-0.0205089536744274,9.409176491159688e-05,0.0206030454393389,0.1422200589779714,1.0,2,True,The solver successfully reached the end of the integration interval.,2.677,True,True,schedule_bolus
T-47D,tanimoto+zero,9,713563,747972,9.999999747378752e-05,2.9999999242136255e-05,24.45599937438965,,arsenic trioxide,lapatinib,other,kinase_inhibitor,241279087.64641,244386225.32373324,1.012877774479472,0.5673896964412097,1.4,0.4326103035587902,0.017946324800433,7.6,-0.0001403817751631,0.2549026091997804,0.9227855248125846,0.0348992266166192,,0.0248209982483983,0.0424290637957853,7.972388121488139,-0.0856139487166134,0.0970856982835434,5.25,0.2033398275045627,0.060731260348103,166.03773584905662,1.5379237843691018,1.381371897657312,0.898205692438776,400.0,312.6173190422353,300.48056832984145,0.9611769726975552,400.0,-0.0131852586944347,6.217489610915727e-05,0.0132474335905439,0.1420439969030846,1.0,2,True,The solver successfully reached the end of the integration interval.,2.308,True,True,schedule_bolus
DU-145,no_treatment,-1,-1,-1,0.0,0.0,,,,,,,241279087.64641,244307242.44601148,1.012550423781605,1.0,0.0,0.0,-0.0005289501584925,0.0,0.0,0.0,1.0,0.0,,0.001098475822591,6.230461558811701e-22,0.0,-4.4497688561597695,-0.0250950517930392,5.25,0.2033398275045627,0.0578624312878497,166.03773584905662,,,,,,,,,0.0,0.0,0.0,0.1416738683806418,1.0,0,True,The solver successfully reached the end of the integration interval.,0.16,,,schedule_q2d
DU-145,ours+zero,7,67574,754143,1.0000000116860974e-07,9.99999993922529e-09,-66.76000213623047,,vincristine,bendamustine,antimitotic,alkylator,241279087.64641,240453916.67981425,0.9965800145605448,0.0221975847975545,4.800000000000001,0.9778024152024456,0.227666631899528,,0.0069044861926489,1.6647505137715446,0.4484044930609009,0.3483300443781796,,0.0347075624946034,2.2867203269233047,1.8040260112830353,0.8838762704275207,0.9725043774291632,5.25,0.190568164729299,0.0498007529556812,171.0691823899371,9.396367041370814,6.634716890622816,0.7060938404610142,400.0,14.057463470706992,10.334005484089229,0.7351258998910634,400.0,-0.1736256562201223,0.0120181275506177,0.1856437837707401,0.1270084072662692,1.0,2,True,The solver successfully reached the end of the integration interval.,3.588,True,True,schedule_q2d
DU-145,hamming+zero,7,740,9706,9.99999993922529e-09,4.999999873689376e-06,-42.18000030517578,,NSC740,triethylenemelamine,other,alkylator,241279087.64641,240409208.65595397,0.9963947186681557,0.0176324654522893,4.800000000000001,0.9823675345477106,0.2483130878789078,,0.0069852428449778,1.764743195900521,0.4290045497346599,0.3675381019547181,,0.0340036909873621,2.4485494992265826,1.7227352979843684,0.8673079353702089,0.9786273193120713,5.25,0.190568164729299,0.0523986702186213,171.0691823899371,1.3018849538182242,0.942706296311442,0.7241087574955317,400.0,8.879715359694176,6.5227475850960035,0.734567192852075,400.0,-0.2216879205939357,0.0143618075627133,0.236049728156649,0.1287297966340384,1.0,2,True,The solver successfully reached the end of the integration interval.,4.176,True,True,schedule_q2d
DU-145,act_hamming+zero,7,740,9706,9.99999993922529e-09,4.999999873689376e-06,-42.18000030517578,,NSC740,triethylenemelamine,other,alkylator,241279087.64641,240409208.65595397,0.9963947186681557,0.0176324654522893,4.800000000000001,0.9823675345477106,0.2483130878789078,,0.0069852428449778,1.764743195900521,0.4290045497346599,0.3675381019547181,,0.0340036909873621,2.4485494992265826,1.7227352979843684,0.8673079353702089,0.9786273193120713,5.25,0.190568164729299,0.0523986702186213,171.0691823899371,1.3018849538182242,0.942706296311442,0.7241087574955317,400.0,8.879715359694176,6.5227475850960035,0.734567192852075,400.0,-0.2216879205939357,0.0143618075627133,0.236049728156649,0.1287297966340384,1.0,2,True,The solver successfully reached the end of the integration interval.,4.179,True,True,schedule_q2d
MDA-MB-231/ATCC,no_treatment,-1,-1,-1,0.0,0.0,,,,,,,241279087.64641,244307242.44601148,1.012550423781605,1.0,0.0,0.0,-0.0005289501584925,0.0,0.0,0.0,1.0,0.0,,0.001098475822591,6.230461558811701e-22,0.0,-4.4497688561597695,-0.0250950517930392,5.25,0.2033398275045627,0.0578624312878497,166.03773584905662,,,,,,,,,0.0,0.0,0.0,0.1416738683806418,1.0,0,True,The solver successfully reached the end of the integration interval.,0.155,,,schedule_q2d
DU-145,tanimoto+zero,7,740,9706,9.99999993922529e-09,4.999999873689376e-06,-42.18000030517578,,NSC740,triethylenemelamine,other,alkylator,241279087.64641,240409208.65595397,0.9963947186681557,0.0176324654522893,4.800000000000001,0.9823675345477106,0.2483130878789078,,0.0069852428449778,1.764743195900521,0.4290045497346599,0.3675381019547181,,0.0340036909873621,2.4485494992265826,1.7227352979843684,0.8673079353702089,0.9786273193120713,5.25,0.190568164729299,0.0523986702186213,171.0691823899371,1.3018849538182242,0.942706296311442,0.7241087574955317,400.0,8.879715359694176,6.5227475850960035,0.734567192852075,400.0,-0.2216879205939357,0.0143618075627133,0.236049728156649,0.1287297966340384,1.0,2,True,The solver successfully reached the end of the integration interval.,4.038,True,True,schedule_q2d
MDA-MB-231/ATCC,act_hamming+zero,2,740,24559,9.999999717180683e-10,9.999999974752427e-07,-47.369998931884766,,NSC740,NSC24559,other,other,241279087.64641,244574381.02418435,1.0136576004572908,0.4572406870091421,4.6000000000000005,0.5427593129908579,0.0328593155545864,8.2,-0.0004746213250043,0.3510257400744558,0.8441554014058231,0.0735775963121415,,0.0360507251758424,0.1089353808513945,7.627130082626055,0.1372042954368464,0.4692673230815295,5.25,0.2033398275045627,0.060731260348103,166.03773584905662,0.0016424067816764,0.0010759820286135,0.6551251739933049,400.0,2.204694322472739,1.5038060805466769,0.682092780490331,400.0,-0.042940489561577,0.0004047546946092,0.0433452442561862,0.1430537921308573,1.0,2,True,The solver successfully reached the end of the integration interval.,5.041,True,True,schedule_q2d
DU-145,random,7,66847,754143,9.999999974752427e-07,9.99999993922529e-09,-38.16999816894531,,thalidomide,bendamustine,other,alkylator,241279087.64641,240357954.74390963,0.996182292831568,0.0222111064009617,4.800000000000001,0.9777888935990382,0.2308221660820301,,0.0070778418948119,1.6644860449133436,0.4433971133358477,0.3532071386152909,,0.0344917055302373,2.264162502228392,1.8203004712532855,0.8802450029185168,0.9728058072877784,5.25,0.190568164729299,0.0498007529556812,171.0691823899371,1699.999975825207,1251.4788340554278,0.7361640305012005,400.0,14.057463470706992,10.334098266747056,0.735132500132851,400.0,-0.1843814172683346,0.0126842268284146,0.1970656440967493,0.127240856386631,1.0,2,True,The solver successfully reached the end of the integration interval.,8.692,True,True,schedule_q2d
MDA-MB-231/ATCC,act_hamming+zero,6,740,24559,9.999999717180683e-10,9.999999974752427e-07,-47.369998931884766,,NSC740,NSC24559,other,other,241279087.64641,244574381.02418435,1.0136576004572908,0.4572406870091421,4.6000000000000005,0.5427593129908579,0.0328593155545864,8.2,-0.0004746213250043,0.3510257400744558,0.8441554014058231,0.0735775963121415,,0.0360507251758424,0.1089353808513945,7.627130082626055,0.1372042954368464,0.4692673230815295,5.25,0.2033398275045627,0.060731260348103,166.03773584905662,0.0016424067816764,0.0010759820286135,0.6551251739933049,400.0,2.204694322472739,1.5038060805466769,0.682092780490331,400.0,-0.042940489561577,0.0004047546946092,0.0433452442561862,0.1430537921308573,1.0,2,True,The solver successfully reached the end of the integration interval.,4.972,True,True,schedule_q2d
MDA-MB-231/ATCC,act_hamming+zero,7,82151,713563,1.999999987845058e-08,9.999999747378752e-05,-54.54100036621094,,daunorubicin,arsenic trioxide,dna_intercalator,other,241279087.64641,244563829.8150007,1.0136138701477702,0.475087026996856,4.6000000000000005,0.524912973003144,0.0310829326719792,8.2,-0.0004558849767697,0.3343974372030748,0.8504906311965631,0.0703304661102543,,0.0355143764904836,0.1030255322809836,7.6875989533491955,0.1264790744818139,0.451486597280432,5.25,0.2033398275045627,0.060731260348103,166.03773584905662,0.1057216957446817,0.0300192147668569,0.2839456419555873,199.3499458382232,2.1514412226645017,1.4649170121153954,0.6809003177419531,400.0,-0.0406050102879702,0.0003761500979234,0.0409811603858937,0.1429870682082346,1.0,2,True,The solver successfully reached the end of the integration interval.,4.088,True,True,schedule_q2d
MDA-MB-231/ATCC,act_hamming+zero,8,740,24559,9.999999717180683e-10,9.999999974752427e-07,-47.369998931884766,,NSC740,NSC24559,other,other,241279087.64641,244574381.02418435,1.0136576004572908,0.4572406870091421,4.6000000000000005,0.5427593129908579,0.0328593155545864,8.2,-0.0004746213250043,0.3510257400744558,0.8441554014058231,0.0735775963121415,,0.0360507251758424,0.1089353808513945,7.627130082626055,0.1372042954368464,0.4692673230815295,5.25,0.2033398275045627,0.060731260348103,166.03773584905662,0.0016424067816764,0.0010759820286135,0.6551251739933049,400.0,2.204694322472739,1.5038060805466769,0.682092780490331,400.0,-0.042940489561577,0.0004047546946092,0.0433452442561862,0.1430537921308573,1.0,2,True,The solver successfully reached the end of the integration interval.,5.072,True,True,schedule_q2d
MDA-MB-231/ATCC,hamming+zero,2,740,24559,9.999999717180683e-10,9.999999974752427e-07,-47.369998931884766,,NSC740,NSC24559,other,other,241279087.64641,244574381.02418435,1.0136576004572908,0.4572406870091421,4.6000000000000005,0.5427593129908579,0.0328593155545864,8.2,-0.0004746213250043,0.3510257400744558,0.8441554014058231,0.0735775963121415,,0.0360507251758424,0.1089353808513945,7.627130082626055,0.1372042954368464,0.4692673230815295,5.25,0.2033398275045627,0.060731260348103,166.03773584905662,0.0016424067816764,0.0010759820286135,0.6551251739933049,400.0,2.204694322472739,1.5038060805466769,0.682092780490331,400.0,-0.042940489561577,0.0004047546946092,0.0433452442561862,0.1430537921308573,1.0,2,True,The solver successfully reached the end of the integration interval.,5.045,True,True,schedule_q2d
MDA-MB-231/ATCC,hamming+zero,6,740,24559,9.999999717180683e-10,9.999999974752427e-07,-47.369998931884766,,NSC740,NSC24559,other,other,241279087.64641,244574381.02418435,1.0136576004572908,0.4572406870091421,4.6000000000000005,0.5427593129908579,0.0328593155545864,8.2,-0.0004746213250043,0.3510257400744558,0.8441554014058231,0.0735775963121415,,0.0360507251758424,0.1089353808513945,7.627130082626055,0.1372042954368464,0.4692673230815295,5.25,0.2033398275045627,0.060731260348103,166.03773584905662,0.0016424067816764,0.0010759820286135,0.6551251739933049,400.0,2.204694322472739,1.5038060805466769,0.682092780490331,400.0,-0.042940489561577,0.0004047546946092,0.0433452442561862,0.1430537921308573,1.0,2,True,The solver successfully reached the end of the integration interval.,5.056,True,True,schedule_q2d
MDA-MB-231/ATCC,hamming+zero,7,82151,713563,1.999999987845058e-08,9.999999747378752e-05,-54.54100036621094,,daunorubicin,arsenic trioxide,dna_intercalator,other,241279087.64641,244563829.8150007,1.0136138701477702,0.475087026996856,4.6000000000000005,0.524912973003144,0.0310829326719792,8.2,-0.0004558849767697,0.3343974372030748,0.8504906311965631,0.0703304661102543,,0.0355143764904836,0.1030255322809836,7.6875989533491955,0.1264790744818139,0.451486597280432,5.25,0.2033398275045627,0.060731260348103,166.03773584905662,0.1057216957446817,0.0300192147668569,0.2839456419555873,199.3499458382232,2.1514412226645017,1.4649170121153954,0.6809003177419531,400.0,-0.0406050102879702,0.0003761500979234,0.0409811603858937,0.1429870682082346,1.0,2,True,The solver successfully reached the end of the integration interval.,4.008,True,True,schedule_q2d
MDA-MB-231/ATCC,ours+zero,2,681239,754143,3.000000106112566e-07,9.99999993922529e-09,-93.95999908447266,,bortezomib,bendamustine,proteasome,alkylator,241279087.64641,166680265.1964756,0.6908193611903175,0.0007650066065778,4.800000000000001,0.999234993393422,0.462253059925985,,0.1660521589795804,3.1273910517684156,0.130274919572201,0.8851391862814092,,0.0136056618931821,3.735378176823904,1.4977707465238437,0.5993656085947205,0.999179313872862,5.25,0.0,0.0,400.0,2.9308852112511814,2.122777611181053,0.7242786592364866,400.0,14.735930455306386,10.8405873186855,0.7356567915113783,400.0,0.7967980829405121,0.2364887022588088,-0.5603093806817033,0.0,1.0,2,True,The solver successfully reached the end of the integration interval.,4.701,True,True,schedule_q2d
MDA-MB-231/ATCC,hamming+zero,8,740,24559,9.999999717180683e-10,9.999999974752427e-07,-47.369998931884766,,NSC740,NSC24559,other,other,241279087.64641,244574381.02418435,1.0136576004572908,0.4572406870091421,4.6000000000000005,0.5427593129908579,0.0328593155545864,8.2,-0.0004746213250043,0.3510257400744558,0.8441554014058231,0.0735775963121415,,0.0360507251758424,0.1089353808513945,7.627130082626055,0.1372042954368464,0.4692673230815295,5.25,0.2033398275045627,0.060731260348103,166.03773584905662,0.0016424067816764,0.0010759820286135,0.6551251739933049,400.0,2.204694322472739,1.5038060805466769,0.682092780490331,400.0,-0.042940489561577,0.0004047546946092,0.0433452442561862,0.1430537921308573,1.0,2,True,The solver successfully reached the end of the integration interval.,5.1,True,True,schedule_q2d
MDA-MB-231/ATCC,ours+zero,6,613327,754143,9.99999993922529e-09,9.99999993922529e-09,-90.0999984741211,,gemcitabine,bendamustine,antimetabolite,alkylator,241279087.64641,239462464.7609438,0.9924708647434524,0.0170217327565384,4.800000000000001,0.9829782672434616,0.2470852370371623,,0.0086988934129412,1.7800524697423803,0.4229549352415135,0.3737059031179642,,0.0336951991529484,2.544241885119268,1.677400374939285,0.8702150220538521,0.9787786775795244,5.25,0.190568164729299,0.047290154371214,171.0691823899371,6.17951766355463,4.5370577341501095,0.734209040441559,400.0,14.735930455306386,10.834987817532944,0.7352768018548351,400.0,-0.181099900974698,0.0148374046037589,0.195937305578457,0.125979664530281,1.0,2,True,The solver successfully reached the end of the integration interval.,4.613,True,True,schedule_q2d
MDA-MB-231/ATCC,ours+zero,7,82151,713563,1.999999987845058e-08,9.999999747378752e-05,-54.54100036621094,,daunorubicin,arsenic trioxide,dna_intercalator,other,241279087.64641,244563829.8150007,1.0136138701477702,0.475087026996856,4.6000000000000005,0.524912973003144,0.0310829326719792,8.2,-0.0004558849767697,0.3343974372030748,0.8504906311965631,0.0703304661102543,,0.0355143764904836,0.1030255322809836,7.6875989533491955,0.1264790744818139,0.451486597280432,5.25,0.2033398275045627,0.060731260348103,166.03773584905662,0.1057216957446817,0.0300192147668569,0.2839456419555873,199.3499458382232,2.1514412226645017,1.4649170121153954,0.6809003177419531,400.0,-0.0406050102879702,0.0003761500979234,0.0409811603858937,0.1429870682082346,1.0,2,True,The solver successfully reached the end of the integration interval.,4.147,True,True,schedule_q2d
MDA-MB-231/ATCC,random,6,125973,737754,5.99999978589949e-08,9.999999747378752e-06,25.70599937438965,,paclitaxel,ixabepilone,antimitotic,antimitotic,241279087.64641,244441418.47202027,1.0131065267879518,0.8030904629656465,4.800000000000001,0.1969095370343535,0.0106619469518342,6.199999999999999,-0.0002384534785375,0.1062917689854161,0.9388439677545772,0.027406579804099,,0.0248863470514626,0.0432535388052092,8.112131437558187,0.1293879966061875,0.1878448612433826,5.25,0.2033398275045627,0.060731260348103,166.03773584905662,5.593707139992248,2.405689754725257,0.4300707374409649,400.0,0.3367463154628673,0.1122692557819815,0.333394162390951,251.0936976693367,-0.0247691711382582,0.0001594348423853,0.0249286059806436,0.1423584446481244,1.0,2,True,The solver successfully reached the end of the integration interval.,1.15,True,True,schedule_q2d
MDA-MB-231/ATCC,random,2,246131,686673,1.9999999494757503e-05,2.0000000233721948e-07,-27.8799991607666,,mitoxantrone,NSC686673,dna_intercalator,other,241279087.64641,244387818.18709552,1.01288437622593,0.7890584087790659,4.6000000000000005,0.2109415912209341,0.0095131898129419,5.6000000000000005,-0.0001432124155289,0.1140614563365058,0.942275692363335,0.0258220121171447,,0.0236994002915375,0.0394153240862114,8.060004036063203,0.0583814877802449,0.1683346254850241,5.25,0.2033398275045627,0.060731260348103,166.03773584905662,2.061948367120316,0.5600526920974529,0.2716133444600329,178.13136623094704,0.002777813885711,0.0017726055716796,0.6381297108484589,400.0,-0.0082829729850806,8.284447146500451e-05,0.0083658174565456,0.1420354047522004,1.0,2,True,The solver successfully reached the end of the integration interval.,2.885,True,True,schedule_q2d
MDA-MB-231/ATCC,random,8,24559,409962,9.999999974752427e-07,2.0000000233721948e-07,-40.54999923706055,,NSC24559,carmustine,other,alkylator,241279087.64641,244585781.6352545,1.0137048511791886,0.4338095472678779,4.6000000000000005,0.5661904527321221,0.0357525378687717,8.399999999999999,-0.0004948650932297,0.3738715029623943,0.8342572438011887,0.0787000137061618,,0.0368487418564093,0.1190787353756128,7.522493541228988,0.1582572742459138,0.4967057592706205,5.25,0.2033398275045627,0.060731260348103,166.03773584905662,2.204694322472739,1.506840419053121,0.6834690885233833,400.0,6.800000251247929e-05,4.7995926018134125e-05,0.7058224153642636,400.0,-0.0464454200794619,0.0004538679859125,0.0468992880653744,0.143144133186641,1.0,2,True,The solver successfully reached the end of the integration interval.,1.24,True,True,schedule_q2d
MDA-MB-231/ATCC,ours+zero,8,119875,713563,4.999999873689376e-06,9.999999747378752e-05,-42.95500183105469,,cisplatin,arsenic trioxide,platinum,other,241279087.64641,244564488.2626035,1.0136165991352228,0.4731678644734575,4.6000000000000005,0.5268321355265425,0.0312308832655953,8.2,-0.0004570542411527,0.3361553671421723,0.8499120770635215,0.0706259994870687,,0.0355626331480719,0.1035303631546811,7.68241037264264,0.1270501703457033,0.4529983362270328,5.25,0.2033398275045627,0.060731260348103,166.03773584905662,0.8416643987885075,0.6029488042040669,0.7163767471594996,400.0,2.1514412226645017,1.4651661447718685,0.6810161157725239,400.0,-0.0407773461014115,0.0003787258664489,0.0411560719678605,0.1429919106366282,1.0,2,True,The solver successfully reached the end of the integration interval.,7.921,True,True,schedule_q2d
MDA-MB-231/ATCC,tanimoto+zero,2,49842,713563,4.999999858590343e-10,9.999999747378752e-05,-22.812000274658203,,vinblastine,arsenic trioxide,antimitotic,other,241279087.64641,244543017.98917335,1.0135276139121785,0.385219392293466,4.6000000000000005,0.614780607706534,0.0470976250796795,10.2,-0.000418925931272,0.4254624669052689,0.795839458931324,0.0991745316745581,,0.0390974979973519,0.1694844773710178,7.031781466247102,0.3103128205098321,0.5666183345187683,5.25,0.2033398275045627,0.060731260348103,166.03773584905662,0.0001699999932054,6.45177769785623e-05,0.3795163503365222,400.0,2.1514412226645017,1.4724700805278297,0.6844110194673202,400.0,-0.0770504867141284,0.0014626164241088,0.0785131031382372,0.1438871945548273,1.0,2,True,The solver successfully reached the end of the integration interval.,1.226,True,True,schedule_q2d
MDA-MB-231/ATCC,random,7,82151,713563,1.999999987845058e-08,9.999999747378752e-05,-54.54100036621094,,daunorubicin,arsenic trioxide,dna_intercalator,other,241279087.64641,244563829.8150007,1.0136138701477702,0.475087026996856,4.6000000000000005,0.524912973003144,0.0310829326719792,8.2,-0.0004558849767697,0.3343974372030748,0.8504906311965631,0.0703304661102543,,0.0355143764904836,0.1030255322809836,7.6875989533491955,0.1264790744818139,0.451486597280432,5.25,0.2033398275045627,0.060731260348103,166.03773584905662,0.1057216957446817,0.0300192147668569,0.2839456419555873,199.3499458382232,2.1514412226645017,1.4649170121153954,0.6809003177419531,400.0,-0.0406050102879702,0.0003761500979234,0.0409811603858937,0.1429870682082346,1.0,2,True,The solver successfully reached the end of the integration interval.,4.17,True,True,schedule_q2d
MDA-MB-231/ATCC,tanimoto+zero,8,49842,713563,4.999999858590343e-10,9.999999747378752e-05,-22.812000274658203,,vinblastine,arsenic trioxide,antimitotic,other,241279087.64641,244543017.98917335,1.0135276139121785,0.385219392293466,4.6000000000000005,0.614780607706534,0.0470976250796795,10.2,-0.000418925931272,0.4254624669052689,0.795839458931324,0.0991745316745581,,0.0390974979973519,0.1694844773710178,7.031781466247102,0.3103128205098321,0.5666183345187683,5.25,0.2033398275045627,0.060731260348103,166.03773584905662,0.0001699999932054,6.45177769785623e-05,0.3795163503365222,400.0,2.1514412226645017,1.4724700805278297,0.6844110194673202,400.0,-0.0770504867141284,0.0014626164241088,0.0785131031382372,0.1438871945548273,1.0,2,True,The solver successfully reached the end of the integration interval.,1.288,True,True,schedule_q2d
MDA-MB-435,no_treatment,-1,-1,-1,0.0,0.0,,,,,,,241279087.64641,244307242.44601148,1.012550423781605,1.0,0.0,0.0,-0.0005289501584925,0.0,0.0,0.0,1.0,0.0,,0.001098475822591,6.230461558811701e-22,0.0,-4.4497688561597695,-0.0250950517930392,5.25,0.2033398275045627,0.0578624312878497,166.03773584905662,,,,,,,,,0.0,0.0,0.0,0.1416738683806418,1.0,0,True,The solver successfully reached the end of the integration interval.,0.168,,,schedule_q2d
MDA-MB-435,act_hamming+zero,0,740,24559,1.0000000116860974e-07,9.999999974752427e-07,-92.08999633789062,,NSC740,NSC24559,other,other,241279087.64641,244545238.82818967,1.0135368183527207,0.1400910049327761,4.800000000000001,0.8599089950672238,0.1219936405115082,12.4,-0.0004228699970579,0.8646459868158993,0.62452168691417,0.204452475874922,,0.039619970772705,0.7810475154452158,3.6327778713242815,0.8501282871116141,0.8553009074475193,5.25,0.2033398275045627,0.060731260348103,166.03773584905662,65.99495124642729,48.30720382957011,0.7319833247423647,400.0,2.2717469067788425,1.598071104707739,0.7034547290189458,400.0,-0.1583712931787937,0.0036842056606285,0.1620554988394222,0.1458947382024672,1.0,2,True,The solver successfully reached the end of the integration interval.,1.35,True,True,schedule_q2d
MDA-MB-231/ATCC,tanimoto+zero,7,82151,713563,1.999999987845058e-08,9.999999747378752e-05,-54.54100036621094,,daunorubicin,arsenic trioxide,dna_intercalator,other,241279087.64641,244563829.8150007,1.0136138701477702,0.475087026996856,4.6000000000000005,0.524912973003144,0.0310829326719792,8.2,-0.0004558849767697,0.3343974372030748,0.8504906311965631,0.0703304661102543,,0.0355143764904836,0.1030255322809836,7.6875989533491955,0.1264790744818139,0.451486597280432,5.25,0.2033398275045627,0.060731260348103,166.03773584905662,0.1057216957446817,0.0300192147668569,0.2839456419555873,199.3499458382232,2.1514412226645017,1.4649170121153954,0.6809003177419531,400.0,-0.0406050102879702,0.0003761500979234,0.0409811603858937,0.1429870682082346,1.0,2,True,The solver successfully reached the end of the integration interval.,4.088,True,True,schedule_q2d
MDA-MB-231/ATCC,tanimoto+zero,6,38721,713563,1.9999999494757503e-05,9.999999747378752e-05,-10.20400047302246,,mitotane,arsenic trioxide,other,other,241279087.64641,244587728.96319023,1.013712922031722,0.4432000405341377,4.6000000000000005,0.5567999594658622,0.0346872401806112,8.399999999999999,-0.0004983228183871,0.3645708172460217,0.8376830519022033,0.0769202711635578,,0.0365729042613443,0.1154000351910686,7.561194892042342,0.1513580654219655,0.4849219969697558,5.25,0.2033398275045627,0.060731260348103,166.03773584905662,0.9940784049343816,0.6664225251576986,0.670392316994039,400.0,2.1514412226645017,1.46642987194133,0.6816035021050663,400.0,-0.0445353595497839,0.0004386310941842,0.0449739906439682,0.1431279939611371,1.0,2,True,The solver successfully reached the end of the integration interval.,5.233,True,True,schedule_q2d
MDA-MB-435,act_hamming+zero,1,740,24559,1.0000000116860974e-07,9.999999974752427e-07,-92.08999633789062,,NSC740,NSC24559,other,other,241279087.64641,244545238.82818967,1.0135368183527207,0.1400910049327761,4.800000000000001,0.8599089950672238,0.1219936405115082,12.4,-0.0004228699970579,0.8646459868158993,0.62452168691417,0.204452475874922,,0.039619970772705,0.7810475154452158,3.6327778713242815,0.8501282871116141,0.8553009074475193,5.25,0.2033398275045627,0.060731260348103,166.03773584905662,65.99495124642729,48.30720382957011,0.7319833247423647,400.0,2.2717469067788425,1.598071104707739,0.7034547290189458,400.0,-0.1583712931787937,0.0036842056606285,0.1620554988394222,0.1458947382024672,1.0,2,True,The solver successfully reached the end of the integration interval.,1.322,True,True,schedule_q2d
MDA-MB-435,act_hamming+zero,4,740,24559,1.0000000116860974e-07,9.999999974752427e-07,-92.08999633789062,,NSC740,NSC24559,other,other,241279087.64641,244545238.82818967,1.0135368183527207,0.1400910049327761,4.800000000000001,0.8599089950672238,0.1219936405115082,12.4,-0.0004228699970579,0.8646459868158993,0.62452168691417,0.204452475874922,,0.039619970772705,0.7810475154452158,3.6327778713242815,0.8501282871116141,0.8553009074475193,5.25,0.2033398275045627,0.060731260348103,166.03773584905662,65.99495124642729,48.30720382957011,0.7319833247423647,400.0,2.2717469067788425,1.598071104707739,0.7034547290189458,400.0,-0.1583712931787937,0.0036842056606285,0.1620554988394222,0.1458947382024672,1.0,2,True,The solver successfully reached the end of the integration interval.,1.32,True,True,schedule_q2d
MDA-MB-435,hamming+zero,0,740,24559,1.0000000116860974e-07,9.999999974752427e-07,-92.08999633789062,,NSC740,NSC24559,other,other,241279087.64641,244545238.82818967,1.0135368183527207,0.1400910049327761,4.800000000000001,0.8599089950672238,0.1219936405115082,12.4,-0.0004228699970579,0.8646459868158993,0.62452168691417,0.204452475874922,,0.039619970772705,0.7810475154452158,3.6327778713242815,0.8501282871116141,0.8553009074475193,5.25,0.2033398275045627,0.060731260348103,166.03773584905662,65.99495124642729,48.30720382957011,0.7319833247423647,400.0,2.2717469067788425,1.598071104707739,0.7034547290189458,400.0,-0.1583712931787937,0.0036842056606285,0.1620554988394222,0.1458947382024672,1.0,2,True,The solver successfully reached the end of the integration interval.,1.423,True,True,schedule_q2d
MDA-MB-435,hamming+zero,1,740,24559,1.0000000116860974e-07,9.999999974752427e-07,-92.08999633789062,,NSC740,NSC24559,other,other,241279087.64641,244545238.82818967,1.0135368183527207,0.1400910049327761,4.800000000000001,0.8599089950672238,0.1219936405115082,12.4,-0.0004228699970579,0.8646459868158993,0.62452168691417,0.204452475874922,,0.039619970772705,0.7810475154452158,3.6327778713242815,0.8501282871116141,0.8553009074475193,5.25,0.2033398275045627,0.060731260348103,166.03773584905662,65.99495124642729,48.30720382957011,0.7319833247423647,400.0,2.2717469067788425,1.598071104707739,0.7034547290189458,400.0,-0.1583712931787937,0.0036842056606285,0.1620554988394222,0.1458947382024672,1.0,2,True,The solver successfully reached the end of the integration interval.,1.49,True,True,schedule_q2d
MDA-MB-435,hamming+zero,4,740,24559,1.0000000116860974e-07,9.999999974752427e-07,-92.08999633789062,,NSC740,NSC24559,other,other,241279087.64641,244545238.82818967,1.0135368183527207,0.1400910049327761,4.800000000000001,0.8599089950672238,0.1219936405115082,12.4,-0.0004228699970579,0.8646459868158993,0.62452168691417,0.204452475874922,,0.039619970772705,0.7810475154452158,3.6327778713242815,0.8501282871116141,0.8553009074475193,5.25,0.2033398275045627,0.060731260348103,166.03773584905662,65.99495124642729,48.30720382957011,0.7319833247423647,400.0,2.2717469067788425,1.598071104707739,0.7034547290189458,400.0,-0.1583712931787937,0.0036842056606285,0.1620554988394222,0.1458947382024672,1.0,2,True,The solver successfully reached the end of the integration interval.,1.524,True,True,schedule_q2d
MDA-MB-435,ours+zero,0,740,24559,1.0000000116860974e-07,9.999999974752427e-07,-92.08999633789062,,NSC740,NSC24559,other,other,241279087.64641,244545238.82818967,1.0135368183527207,0.1400910049327761,4.800000000000001,0.8599089950672238,0.1219936405115082,12.4,-0.0004228699970579,0.8646459868158993,0.62452168691417,0.204452475874922,,0.039619970772705,0.7810475154452158,3.6327778713242815,0.8501282871116141,0.8553009074475193,5.25,0.2033398275045627,0.060731260348103,166.03773584905662,65.99495124642729,48.30720382957011,0.7319833247423647,400.0,2.2717469067788425,1.598071104707739,0.7034547290189458,400.0,-0.1583712931787937,0.0036842056606285,0.1620554988394222,0.1458947382024672,1.0,2,True,The solver successfully reached the end of the integration interval.,1.596,True,True,schedule_q2d
MDA-MB-435,ours+zero,1,279836,754143,4.999999987376214e-07,9.99999993922529e-09,-79.33200073242188,,NSC279836,bendamustine,other,alkylator,241279087.64641,244256801.78777677,1.0123413685388705,0.0926641157424379,4.800000000000001,0.907335884257562,0.1253632494260648,12.6,8.96754473493879e-05,1.0441446517014077,0.6182606732512588,0.2088283775236974,,0.0398922817572842,1.0592443578729895,2.9833671985937236,0.8314245637874456,0.89124530590366,5.25,0.2033398275045627,0.060731260348103,166.03773584905662,2.4307351585494077,1.741414414693944,0.7164147062953455,400.0,4.458076930702237,3.258877262802062,0.7310051651102223,400.0,-0.1375392283452352,0.0030013668329887,0.140540595178224,0.1444244401553762,1.0,2,True,The solver successfully reached the end of the integration interval.,1.383,True,True,schedule_q2d
MDA-MB-435,ours+zero,4,740,24559,1.0000000116860974e-07,9.999999974752427e-07,-92.08999633789062,,NSC740,NSC24559,other,other,241279087.64641,244545238.82818967,1.0135368183527207,0.1400910049327761,4.800000000000001,0.8599089950672238,0.1219936405115082,12.4,-0.0004228699970579,0.8646459868158993,0.62452168691417,0.204452475874922,,0.039619970772705,0.7810475154452158,3.6327778713242815,0.8501282871116141,0.8553009074475193,5.25,0.2033398275045627,0.060731260348103,166.03773584905662,65.99495124642729,48.30720382957011,0.7319833247423647,400.0,2.2717469067788425,1.598071104707739,0.7034547290189458,400.0,-0.1583712931787937,0.0036842056606285,0.1620554988394222,0.1458947382024672,1.0,2,True,The solver successfully reached the end of the integration interval.,1.575,True,True,schedule_q2d
MDA-MB-435,random,1,743414,761432,4.999999873689376e-06,4.999999969612645e-09,-52.07500076293945,,sunitinib,NSC761432,kinase_inhibitor,other,241279087.64641,242239673.41573063,1.003981222652534,0.0365390609423292,4.800000000000001,0.9634609390576708,0.191613642779452,15.6,0.0036910694387935,1.4482988557479068,0.5040167858117455,0.2975549995385602,,0.036669123560953,1.6960360914980586,2.212790717128397,0.896882108091484,0.955652398354609,5.25,0.1968849621189929,0.0550853987870166,168.55345911949686,19.395417857918694,14.195135539985037,0.7318808825863732,400.0,8.512860074194,6.2031014954009525,0.7286741989575417,400.0,-0.1643630034172349,0.0076713207028069,0.1720343241200419,0.1353136554035715,1.0,2,True,The solver successfully reached the end of the integration interval.,1.282,True,True,schedule_q2d
MDA-MB-435,tanimoto+zero,0,740,24559,1.0000000116860974e-07,9.999999974752427e-07,-92.08999633789062,,NSC740,NSC24559,other,other,241279087.64641,244545238.82818967,1.0135368183527207,0.1400910049327761,4.800000000000001,0.8599089950672238,0.1219936405115082,12.4,-0.0004228699970579,0.8646459868158993,0.62452168691417,0.204452475874922,,0.039619970772705,0.7810475154452158,3.6327778713242815,0.8501282871116141,0.8553009074475193,5.25,0.2033398275045627,0.060731260348103,166.03773584905662,65.99495124642729,48.30720382957011,0.7319833247423647,400.0,2.2717469067788425,1.598071104707739,0.7034547290189458,400.0,-0.1583712931787937,0.0036842056606285,0.1620554988394222,0.1458947382024672,1.0,2,True,The solver successfully reached the end of the integration interval.,1.54,True,True,schedule_q2d
MDA-MB-435,random,4,27640,754143,7.000000135093387e-09,9.99999993922529e-09,-62.209999084472656,,NSC27640,bendamustine,other,alkylator,241279087.64641,243518643.9749688,1.0092820159028486,0.0560909702033731,4.800000000000001,0.9439090297966268,0.1738876150988532,14.2,0.001404125005572,1.2621632854448628,0.5371354377894678,0.2699161938752737,,0.0376664237340135,1.3150455494121682,2.626470063394869,0.8903633002904482,0.9379997004246302,5.25,0.1968849621189929,0.0578624312878497,168.55345911949686,8.557997312575129,6.222367581070541,0.7270822078814384,400.0,4.458076930702237,3.2624712068475596,0.7318113297640323,400.0,-0.1947552316395111,0.0063017298318309,0.2010569614713421,0.1384918204203014,1.0,2,True,The solver successfully reached the end of the integration interval.,5.711,True,True,schedule_q2d
MDA-MB-435,tanimoto+zero,4,740,24559,1.0000000116860974e-07,9.999999974752427e-07,-92.08999633789062,,NSC740,NSC24559,other,other,241279087.64641,244545238.82818967,1.0135368183527207,0.1400910049327761,4.800000000000001,0.8599089950672238,0.1219936405115082,12.4,-0.0004228699970579,0.8646459868158993,0.62452168691417,0.204452475874922,,0.039619970772705,0.7810475154452158,3.6327778713242815,0.8501282871116141,0.8553009074475193,5.25,0.2033398275045627,0.060731260348103,166.03773584905662,65.99495124642729,48.30720382957011,0.7319833247423647,400.0,2.2717469067788425,1.598071104707739,0.7034547290189458,400.0,-0.1583712931787937,0.0036842056606285,0.1620554988394222,0.1458947382024672,1.0,2,True,The solver successfully reached the end of the integration interval.,1.375,True,True,schedule_q2d
MDA-MB-435,random,0,24559,712807,9.999999974752427e-07,2.0000000233721948e-07,-89.3499984741211,,NSC24559,capecitabine,other,antimetabolite,241279087.64641,244592286.15353516,1.0137318096625954,0.4291049266827906,4.6000000000000005,0.5708950733172093,0.0359276097048013,8.399999999999999,-0.000506414574218,0.3786071078591188,0.8335886775190474,0.0790481929461754,,0.0368969343877458,0.1196915724277,7.515173109200766,0.1573556303462673,0.4982732738382701,5.25,0.2033398275045627,0.060731260348103,166.03773584905662,2.2717469067788425,1.5533965048144047,0.6837894222191319,400.0,3.168423754045483,2.2986473969033883,0.7254861013992988,400.0,-0.0469179290523662,0.0004562387820981,0.0473741678344643,0.1431690632635823,1.0,2,True,The solver successfully reached the end of the integration interval.,7.638,True,True,schedule_q2d
OVCAR-8,no_treatment,-1,-1,-1,0.0,0.0,,,,,,,241279087.64641,244307242.44601148,1.012550423781605,1.0,0.0,0.0,-0.0005289501584925,0.0,0.0,0.0,1.0,0.0,,0.001098475822591,6.230461558811701e-22,0.0,-4.4497688561597695,-0.0250950517930392,5.25,0.2033398275045627,0.0578624312878497,166.03773584905662,,,,,,,,,0.0,0.0,0.0,0.1416738683806418,1.0,0,True,The solver successfully reached the end of the integration interval.,0.147,,,schedule_q2d
MDA-MB-435,tanimoto+zero,1,713563,753082,9.999999747378752e-05,4.999999987376214e-07,2.67549991607666,,arsenic trioxide,pazopanib,other,kinase_inhibitor,241279087.64641,244561719.68652532,1.013605124555701,0.4819808597705872,4.6000000000000005,0.5180191402294128,0.0305265738021947,8.0,-0.0004521378114298,0.3281408166319844,0.8524205725375774,0.0693460774565058,,0.0353445870621665,0.1012904292185355,7.70554063941871,0.1239361507848413,0.4448702903159366,5.25,0.2033398275045627,0.060731260348103,166.03773584905662,2.0654459824347144,1.403587493293916,0.6795566212965732,400.0,1.524960416463638,1.0288419735240746,0.6746679864058012,400.0,-0.0394322972012988,0.0003682820094114,0.0398005792107102,0.1429678491232139,1.0,2,True,The solver successfully reached the end of the integration interval.,5.459,True,True,schedule_q2d
OVCAR-8,act_hamming+zero,2,740,3053,1.0000000116860974e-07,9.99999993922529e-09,-26.979999542236328,,NSC740,dactinomycin,other,dna_intercalator,241279087.64641,244450604.72398615,1.0131445999258086,0.3195124712795094,5.2,0.6804875287204906,0.0628569875307677,10.400000000000002,-0.0002547742133802,0.5063111499787736,0.7478362536664412,0.1261934849084106,,0.0409235164244549,0.310061033330509,5.769667894805803,0.5408698648162138,0.680098656416062,5.25,0.2033398275045627,0.060731260348103,166.03773584905662,54.58408643399027,39.87499122944954,0.7305241112292177,400.0,0.1834930470337415,0.0735643525722545,0.4009108451871047,400.0,-0.091549504506216,0.0013497792312561,0.0928992837374721,0.1436167231319158,1.0,2,True,The solver successfully reached the end of the integration interval.,1.113,True,True,schedule_q2d
OVCAR-8,act_hamming+zero,8,740,3053,1.0000000116860974e-07,9.99999993922529e-09,-26.979999542236328,,NSC740,dactinomycin,other,dna_intercalator,241279087.64641,244450604.72398615,1.0131445999258086,0.3195124712795094,5.2,0.6804875287204906,0.0628569875307677,10.400000000000002,-0.0002547742133802,0.5063111499787736,0.7478362536664412,0.1261934849084106,,0.0409235164244549,0.310061033330509,5.769667894805803,0.5408698648162138,0.680098656416062,5.25,0.2033398275045627,0.060731260348103,166.03773584905662,54.58408643399027,39.87499122944954,0.7305241112292177,400.0,0.1834930470337415,0.0735643525722545,0.4009108451871047,400.0,-0.091549504506216,0.0013497792312561,0.0928992837374721,0.1436167231319158,1.0,2,True,The solver successfully reached the end of the integration interval.,1.187,True,True,schedule_q2d
OVCAR-8,hamming+zero,2,740,3053,1.0000000116860974e-07,9.99999993922529e-09,-26.979999542236328,,NSC740,dactinomycin,other,dna_intercalator,241279087.64641,244450604.72398615,1.0131445999258086,0.3195124712795094,5.2,0.6804875287204906,0.0628569875307677,10.400000000000002,-0.0002547742133802,0.5063111499787736,0.7478362536664412,0.1261934849084106,,0.0409235164244549,0.310061033330509,5.769667894805803,0.5408698648162138,0.680098656416062,5.25,0.2033398275045627,0.060731260348103,166.03773584905662,54.58408643399027,39.87499122944954,0.7305241112292177,400.0,0.1834930470337415,0.0735643525722545,0.4009108451871047,400.0,-0.091549504506216,0.0013497792312561,0.0928992837374721,0.1436167231319158,1.0,2,True,The solver successfully reached the end of the integration interval.,1.148,True,True,schedule_q2d
OVCAR-8,hamming+zero,8,740,3053,1.0000000116860974e-07,9.99999993922529e-09,-26.979999542236328,,NSC740,dactinomycin,other,dna_intercalator,241279087.64641,244450604.72398615,1.0131445999258086,0.3195124712795094,5.2,0.6804875287204906,0.0628569875307677,10.400000000000002,-0.0002547742133802,0.5063111499787736,0.7478362536664412,0.1261934849084106,,0.0409235164244549,0.310061033330509,5.769667894805803,0.5408698648162138,0.680098656416062,5.25,0.2033398275045627,0.060731260348103,166.03773584905662,54.58408643399027,39.87499122944954,0.7305241112292177,400.0,0.1834930470337415,0.0735643525722545,0.4009108451871047,400.0,-0.091549504506216,0.0013497792312561,0.0928992837374721,0.1436167231319158,1.0,2,True,The solver successfully reached the end of the integration interval.,1.112,True,True,schedule_q2d
OVCAR-8,ours+zero,2,125066,681239,9.999999974752427e-07,3.000000106112566e-07,-93.2300033569336,,bleomycin,bortezomib,dna_cleaver,proteasome,241279087.64641,239798875.08448228,0.9938651435714272,0.043366142401627,5.2,0.9566338575983728,0.2177585985790284,,0.0080892002913951,1.3736481727096117,0.4420117064440458,0.3545662284411182,,0.0334676407029703,1.1399043539328888,3.0068219039677655,0.8701359500452646,0.9565467316601384,5.25,0.190568164729299,0.0523986702186213,171.0691823899371,0.0419940719179967,0.0263792537951454,0.6281661337023274,400.0,2.5647576698890253,1.759911352947674,0.68619011207551,400.0,-0.2903702781527972,0.0190210068169426,0.3093912849697399,0.1305014184855753,1.0,2,True,The solver successfully reached the end of the integration interval.,1.142,True,True,schedule_q2d
OVCAR-8,ours+zero,8,125066,681239,9.999999974752427e-07,3.000000106112566e-07,-93.2300033569336,,bleomycin,bortezomib,dna_cleaver,proteasome,241279087.64641,239798875.08448228,0.9938651435714272,0.043366142401627,5.2,0.9566338575983728,0.2177585985790284,,0.0080892002913951,1.3736481727096117,0.4420117064440458,0.3545662284411182,,0.0334676407029703,1.1399043539328888,3.0068219039677655,0.8701359500452646,0.9565467316601384,5.25,0.190568164729299,0.0523986702186213,171.0691823899371,0.0419940719179967,0.0263792537951454,0.6281661337023274,400.0,2.5647576698890253,1.759911352947674,0.68619011207551,400.0,-0.2903702781527972,0.0190210068169426,0.3093912849697399,0.1305014184855753,1.0,2,True,The solver successfully reached the end of the integration interval.,1.141,True,True,schedule_q2d
OVCAR-8,random,2,8806,754143,1.0000000116860974e-07,9.99999993922529e-09,12.972000122070312,,melphalan,bendamustine,alkylator,alkylator,241279087.64641,244471939.1912668,1.0132330222896726,0.1545176614426894,4.6000000000000005,0.8454823385573106,0.0938327515461945,11.4,-0.0002926756827868,0.8221924820208082,0.6835822186098286,0.1652092427038877,,0.0411392288948338,0.7446426733765196,3.685427624749572,0.692276216521198,0.8166218232306688,5.25,0.2033398275045627,0.060731260348103,166.03773584905662,0.0306105359855351,0.02205734498476,0.720580162176288,400.0,3.6405790061560577,2.6541319224445323,0.7290411547054777,400.0,-0.1044212531187844,0.0017344620921162,0.1061557152109007,0.1440224070843061,1.0,2,True,The solver successfully reached the end of the integration interval.,1.27,True,True,schedule_q2d
OVCAR-8,tanimoto+zero,2,1390,713563,0.0001999999949475,9.999999747378752e-05,-43.05500030517578,,NSC1390,arsenic trioxide,other,other,241279087.64641,244590668.46785113,1.0137251050380884,0.4093270224513514,4.6000000000000005,0.5906729775486486,0.0387663647623731,8.600000000000001,-0.0005035422257054,0.3991001923717752,0.8243571167212866,0.083884608420863,,0.0375910465186588,0.1302855988669696,7.4040260617430205,0.1776632635306658,0.5264859992335362,5.25,0.2033398275045627,0.060731260348103,166.03773584905662,8.737631365796876,6.190138580763652,0.7084458386508171,400.0,2.1196034387376104,1.4511936557807736,0.6846533786740189,400.0,-0.0500944870818425,0.000502376990969,0.0505968640728115,0.1432139700951337,1.0,2,True,The solver successfully reached the end of the integration interval.,1.197,True,True,schedule_q2d
PC-3,no_treatment,-1,-1,-1,0.0,0.0,,,,,,,241279087.64641,244307242.44601148,1.012550423781605,1.0,0.0,0.0,-0.0005289501584925,0.0,0.0,0.0,1.0,0.0,,0.001098475822591,6.230461558811701e-22,0.0,-4.4497688561597695,-0.0250950517930392,5.25,0.2033398275045627,0.0578624312878497,166.03773584905662,,,,,,,,,0.0,0.0,0.0,0.1416738683806418,1.0,0,True,The solver successfully reached the end of the integration interval.,0.148,,,schedule_q2d
OVCAR-8,tanimoto+zero,8,1390,713563,0.0001999999949475,9.999999747378752e-05,-43.05500030517578,,NSC1390,arsenic trioxide,other,other,241279087.64641,244590668.46785113,1.0137251050380884,0.4093270224513514,4.6000000000000005,0.5906729775486486,0.0387663647623731,8.600000000000001,-0.0005035422257054,0.3991001923717752,0.8243571167212866,0.083884608420863,,0.0375910465186588,0.1302855988669696,7.4040260617430205,0.1776632635306658,0.5264859992335362,5.25,0.2033398275045627,0.060731260348103,166.03773584905662,8.737631365796876,6.190138580763652,0.7084458386508171,400.0,2.1196034387376104,1.4511936557807736,0.6846533786740189,400.0,-0.0500944870818425,0.000502376990969,0.0505968640728115,0.1432139700951337,1.0,2,True,The solver successfully reached the end of the integration interval.,1.227,True,True,schedule_q2d
OVCAR-8,random,8,85998,713563,9.999999747378752e-05,9.999999747378752e-05,-19.92300033569336,,streptozocin,arsenic trioxide,alkylator,other,241279087.64641,244586707.89094037,1.0137086901181325,0.4212302265298003,4.6000000000000005,0.5787697734701998,0.0374225200129187,8.600000000000001,-0.0004965097798865,0.3866510810631567,0.8286072435997242,0.0816512744632152,,0.0372770630250128,0.1253228148734875,7.457045711184668,0.169964230014589,0.5128921719394299,5.25,0.2033398275045627,0.060731260348103,166.03773584905662,0.0127386080696965,0.0090012373936392,0.7066107493370453,400.0,2.1196034387376104,1.449927510677953,0.6840560286793544,400.0,-0.0481628544354164,0.0004825567117722,0.0486454111471886,0.1431766754567379,1.0,2,True,The solver successfully reached the end of the integration interval.,4.197,True,True,schedule_q2d
PC-3,act_hamming+zero,1,740,6396,9.99999993922529e-09,1.0000000116860974e-07,-31.86000061035156,,NSC740,thiotepa,other,alkylator,241279087.64641,244474561.40813297,1.013243890272023,0.5143107598870786,4.6000000000000005,0.4856892401129213,0.0288734391706581,8.399999999999999,-0.0002973339196856,0.2999449984020942,0.8587602066684428,0.0661280881583715,,0.0347657291733354,0.0961181850798316,7.769835025136122,0.1257762660668298,0.4321590367003303,5.25,0.2033398275045627,0.060731260348103,166.03773584905662,4.739771922306251,3.3196374436678973,0.7003791528543946,400.0,5.66668946967347e-05,4.012015330317438e-05,0.7079998563162172,400.0,-0.0415500929183272,0.0003838017228915,0.0419338946412187,0.1427151048084655,1.0,2,True,The solver successfully reached the end of the integration interval.,5.752,True,True,schedule_q2d
PC-3,act_hamming+zero,6,740,6396,9.99999993922529e-09,1.0000000116860974e-07,-31.86000061035156,,NSC740,thiotepa,other,alkylator,241279087.64641,244474561.40813297,1.013243890272023,0.5143107598870786,4.6000000000000005,0.4856892401129213,0.0288734391706581,8.399999999999999,-0.0002973339196856,0.2999449984020942,0.8587602066684428,0.0661280881583715,,0.0347657291733354,0.0961181850798316,7.769835025136122,0.1257762660668298,0.4321590367003303,5.25,0.2033398275045627,0.060731260348103,166.03773584905662,4.739771922306251,3.3196374436678973,0.7003791528543946,400.0,5.66668946967347e-05,4.012015330317438e-05,0.7079998563162172,400.0,-0.0415500929183272,0.0003838017228915,0.0419338946412187,0.1427151048084655,1.0,2,True,The solver successfully reached the end of the integration interval.,5.625,True,True,schedule_q2d
PC-3,act_hamming+zero,9,681239,750690,3.000000106112566e-07,1.0000000116860974e-07,-37.0,,bortezomib,everolimus,proteasome,kinase_inhibitor,241279087.64641,231916431.13328043,0.9611957397366722,0.0141215199204703,4.800000000000001,0.9858784800795296,0.2617618998655617,,0.0226048225302592,1.8611747944933523,0.3780667327543165,0.4224315358531798,,0.0311132072517192,2.1065326872962937,1.9718729888271525,0.8588097749158674,0.9832859413503228,5.25,0.1724312542656479,1.0448388877092986e-05,178.61635220125788,14.711720588901514,10.671510197407622,0.7253747196271647,400.0,0.1153117964522617,0.0827010634659302,0.7171951700550251,400.0,0.3298978143826743,0.0212615537669491,-0.3086362606157251,0.0892828932864788,1.0,2,True,The solver successfully reached the end of the integration interval.,4.684,True,True,schedule_q2d
PC-3,hamming+zero,1,740,6396,9.99999993922529e-09,1.0000000116860974e-07,-31.86000061035156,,NSC740,thiotepa,other,alkylator,241279087.64641,244474561.40813297,1.013243890272023,0.5143107598870786,4.6000000000000005,0.4856892401129213,0.0288734391706581,8.399999999999999,-0.0002973339196856,0.2999449984020942,0.8587602066684428,0.0661280881583715,,0.0347657291733354,0.0961181850798316,7.769835025136122,0.1257762660668298,0.4321590367003303,5.25,0.2033398275045627,0.060731260348103,166.03773584905662,4.739771922306251,3.3196374436678973,0.7003791528543946,400.0,5.66668946967347e-05,4.012015330317438e-05,0.7079998563162172,400.0,-0.0415500929183272,0.0003838017228915,0.0419338946412187,0.1427151048084655,1.0,2,True,The solver successfully reached the end of the integration interval.,5.611,True,True,schedule_q2d
PC-3,hamming+zero,6,740,6396,9.99999993922529e-09,1.0000000116860974e-07,-31.86000061035156,,NSC740,thiotepa,other,alkylator,241279087.64641,244474561.40813297,1.013243890272023,0.5143107598870786,4.6000000000000005,0.4856892401129213,0.0288734391706581,8.399999999999999,-0.0002973339196856,0.2999449984020942,0.8587602066684428,0.0661280881583715,,0.0347657291733354,0.0961181850798316,7.769835025136122,0.1257762660668298,0.4321590367003303,5.25,0.2033398275045627,0.060731260348103,166.03773584905662,4.739771922306251,3.3196374436678973,0.7003791528543946,400.0,5.66668946967347e-05,4.012015330317438e-05,0.7079998563162172,400.0,-0.0415500929183272,0.0003838017228915,0.0419338946412187,0.1427151048084655,1.0,2,True,The solver successfully reached the end of the integration interval.,5.583,True,True,schedule_q2d
PC-3,hamming+zero,9,681239,750690,3.000000106112566e-07,1.0000000116860974e-07,-37.0,,bortezomib,everolimus,proteasome,kinase_inhibitor,241279087.64641,231916431.13328043,0.9611957397366722,0.0141215199204703,4.800000000000001,0.9858784800795296,0.2617618998655617,,0.0226048225302592,1.8611747944933523,0.3780667327543165,0.4224315358531798,,0.0311132072517192,2.1065326872962937,1.9718729888271525,0.8588097749158674,0.9832859413503228,5.25,0.1724312542656479,1.0448388877092986e-05,178.61635220125788,14.711720588901514,10.671510197407622,0.7253747196271647,400.0,0.1153117964522617,0.0827010634659302,0.7171951700550251,400.0,0.3298978143826743,0.0212615537669491,-0.3086362606157251,0.0892828932864788,1.0,2,True,The solver successfully reached the end of the integration interval.,4.647,True,True,schedule_q2d
PC-3,ours+zero,9,123127,681239,4.999999987376214e-07,3.000000106112566e-07,-91.41999816894533,,doxorubicin,bortezomib,dna_intercalator,proteasome,241279087.64641,229708593.03345308,0.9520451825070174,0.0106233472376888,4.800000000000001,0.9893766527623112,0.2823837060340345,,0.0267590999838169,1.9847948603141805,0.3537457802574071,0.4513087320241296,,0.0298996682035168,2.2146782315102893,1.9179619567099149,0.8364323010603525,0.987384833487663,5.25,0.1666518025896331,0.0,181.13207547169813,7.702840163076614,5.421793857971164,0.7038694485652718,400.0,14.711720588901514,10.67540432452315,0.7256394151868714,400.0,0.3814762995058768,0.0261180256894827,-0.355358273816394,0.0813553028782786,1.0,2,True,The solver successfully reached the end of the integration interval.,1.144,True,True,schedule_q2d
PC-3,random,1,279836,761432,4.999999987376214e-07,4.999999858590343e-10,28.219999313354492,,NSC279836,NSC761432,other,other,241279087.64641,244426004.3922423,1.0130426419319194,0.6905673591577277,4.800000000000001,0.3094326408422723,0.017783976971716,7.4,-0.0002110667087087,0.1718501906641798,0.9032845160170366,0.0441754343219839,,0.0302086781809123,0.0651626789284617,8.060676488058393,0.1286731773076838,0.2945756758025015,5.25,0.2033398275045627,0.060731260348103,166.03773584905662,0.4038300856851426,0.2665820113776589,0.6601341029987228,400.0,2.1515290037037604,1.463832199492404,0.6803683319966789,400.0,-0.0297342885870077,0.0002687812389122,0.03000306982592,0.1424136109873369,1.0,2,True,The solver successfully reached the end of the integration interval.,1.02,True,True,schedule_q2d
PC-3,ours+zero,6,24559,681239,9.999999974752427e-07,3.000000106112566e-07,-82.56999969482422,,NSC24559,bortezomib,other,proteasome,241279087.64641,204272892.87022033,0.8466249390397995,0.0015459468326202,4.800000000000001,0.9984540531673798,0.4193735296928528,,0.0777256024195119,2.821861683679729,0.2037701392268635,0.6908594578131743,,0.0201184818248568,2.8671485907565684,1.7176916029804752,0.656152837450055,0.998242209627052,5.25,0.0448653818382372,0.0,259.1194968553459,2.167790356739445,1.573199623923847,0.7257157589214868,400.0,14.711720588901514,10.697677456773231,0.7271533871329459,400.0,0.4610567263587637,0.1107765242151082,-0.3502802021436555,0.0079678770859806,1.0,2,True,The solver successfully reached the end of the integration interval.,2.963,True,True,schedule_q2d
PC-3,random,6,279836,737754,4.999999987376214e-07,1.0000000116860974e-07,27.4950008392334,,NSC279836,ixabepilone,other,antimitotic,241279087.64641,244327334.1860592,1.0126336955655115,0.9576101925170192,4.6000000000000005,0.0423898074829809,0.0017066521919296,2.3999999999999995,-3.571475395625907e-05,0.0299818487622785,0.9847029196725464,0.0066947743829566,,0.0086288103978142,0.0092136520486265,3.675482128609975,0.291683193911461,0.0269861897193547,5.25,0.2033398275045627,0.0578624312878497,166.03773584905662,0.4038300856851426,0.2613784280032658,0.6472485267159039,400.0,0.0033248091354214,0.0010362490083615,0.3116717279562457,208.879223727492,-0.0032273605408263,2.3181089107815467e-05,0.0032505416299342,0.1417733835549229,1.0,2,True,The solver successfully reached the end of the integration interval.,1.102,True,True,schedule_q2d
PC-3,ours+zero,1,673596,754143,9.99999993922529e-09,9.99999993922529e-09,-76.30000305175781,,NSC673596,bendamustine,other,alkylator,241279087.64641,244488952.5146685,1.0133035353356543,0.4781793825948355,4.6000000000000005,0.5218206174051645,0.031823896774588,8.399999999999999,-0.0003228981099809,0.3315797617459528,0.8472549838788008,0.0719858677963433,,0.0357536617153387,0.1059652426502673,7.666291636815693,0.1358527866266569,0.4646385112826726,5.25,0.2033398275045627,0.060731260348103,166.03773584905662,0.0291066446297259,0.0193958763308194,0.6663728017282647,400.0,0.9923118567562424,0.710400637817535,0.7159046150468826,400.0,-0.0438732473300313,0.0004167732996699,0.0442900206297013,0.1427971719916251,1.0,2,True,The solver successfully reached the end of the integration interval.,4.217,True,True,schedule_q2d
PC-3,tanimoto+zero,1,750,92859,4.999999873689376e-05,6.000000212225132e-06,-39.7599983215332,,NSC750,dromostanolone,other,hormonal,241279087.64641,244424495.0491721,1.0130363863418268,0.6774118982694308,4.800000000000001,0.3225881017305692,0.0158773022568196,7.0,-0.0002083849098051,0.180203417037947,0.9083375956711918,0.0417527101927235,,0.0293167155977176,0.0605286422898352,8.068962545901714,0.0774739153942137,0.2833571261934561,5.25,0.2033398275045627,0.060731260348103,166.03773584905662,206.89324455432347,151.71977333717348,0.7333239597261803,400.0,10.6485095817544,7.718052854157213,0.7248012310926261,400.0,-0.0282871732117859,0.000220816006734,0.02850798921852,0.1423650374286485,1.0,2,True,The solver successfully reached the end of the integration interval.,1.524,True,True,schedule_q2d
PC-3,tanimoto+zero,6,750,92859,4.999999873689376e-05,6.000000212225132e-06,-39.7599983215332,,NSC750,dromostanolone,other,hormonal,241279087.64641,244424495.0491721,1.0130363863418268,0.6774118982694308,4.800000000000001,0.3225881017305692,0.0158773022568196,7.0,-0.0002083849098051,0.180203417037947,0.9083375956711918,0.0417527101927235,,0.0293167155977176,0.0605286422898352,8.068962545901714,0.0774739153942137,0.2833571261934561,5.25,0.2033398275045627,0.060731260348103,166.03773584905662,206.89324455432347,151.71977333717348,0.7333239597261803,400.0,10.6485095817544,7.718052854157213,0.7248012310926261,400.0,-0.0282871732117859,0.000220816006734,0.02850798921852,0.1423650374286485,1.0,2,True,The solver successfully reached the end of the integration interval.,1.478,True,True,schedule_q2d
T-47D,no_treatment,-1,-1,-1,0.0,0.0,,,,,,,241279087.64641,244307242.44601148,1.012550423781605,1.0,0.0,0.0,-0.0005289501584925,0.0,0.0,0.0,1.0,0.0,,0.001098475822591,6.230461558811701e-22,0.0,-4.4497688561597695,-0.0250950517930392,5.25,0.2033398275045627,0.0578624312878497,166.03773584905662,,,,,,,,,0.0,0.0,0.0,0.1416738683806418,1.0,0,True,The solver successfully reached the end of the integration interval.,0.16,,,schedule_q2d
PC-3,random,9,681239,750690,3.000000106112566e-07,1.0000000116860974e-07,-37.0,,bortezomib,everolimus,proteasome,kinase_inhibitor,241279087.64641,231916431.13328043,0.9611957397366722,0.0141215199204703,4.800000000000001,0.9858784800795296,0.2617618998655617,,0.0226048225302592,1.8611747944933523,0.3780667327543165,0.4224315358531798,,0.0311132072517192,2.1065326872962937,1.9718729888271525,0.8588097749158674,0.9832859413503228,5.25,0.1724312542656479,1.0448388877092986e-05,178.61635220125788,14.711720588901514,10.671510197407622,0.7253747196271647,400.0,0.1153117964522617,0.0827010634659302,0.7171951700550251,400.0,0.3298978143826743,0.0212615537669491,-0.3086362606157251,0.0892828932864788,1.0,2,True,The solver successfully reached the end of the integration interval.,4.628,True,True,schedule_q2d
T-47D,act_hamming+zero,9,79037,279836,4.999999873689376e-05,4.999999987376214e-07,38.91999816894531,,lomustine,NSC279836,alkylator,other,241279087.64641,244442956.0019858,1.0131128992008307,0.5141343338717203,4.800000000000001,0.4858656661282797,0.0276957152572351,8.2,-0.0002411851705884,0.2999796304896134,0.8573522172059815,0.0668407246766123,,0.0348580771216562,0.0971130696679866,7.763750734133896,0.1262821564186687,0.4413065545738995,5.25,0.2033398275045627,0.060731260348103,166.03773584905662,4.476136003954691,3.244585967283436,0.7248631329380577,400.0,9.92523715467689,7.0778982312003,0.7131213210220484,400.0,-0.0423722448647165,0.0004003169438453,0.0427725618085619,0.1426299024950698,1.0,2,True,The solver successfully reached the end of the integration interval.,3.058,True,True,schedule_q2d
PC-3,tanimoto+zero,9,681239,750690,3.000000106112566e-07,1.0000000116860974e-07,-37.0,,bortezomib,everolimus,proteasome,kinase_inhibitor,241279087.64641,231916431.13328043,0.9611957397366722,0.0141215199204703,4.800000000000001,0.9858784800795296,0.2617618998655617,,0.0226048225302592,1.8611747944933523,0.3780667327543165,0.4224315358531798,,0.0311132072517192,2.1065326872962937,1.9718729888271525,0.8588097749158674,0.9832859413503228,5.25,0.1724312542656479,1.0448388877092986e-05,178.61635220125788,14.711720588901514,10.671510197407622,0.7253747196271647,400.0,0.1153117964522617,0.0827010634659302,0.7171951700550251,400.0,0.3298978143826743,0.0212615537669491,-0.3086362606157251,0.0892828932864788,1.0,2,True,The solver successfully reached the end of the integration interval.,4.523,True,True,schedule_q2d
T-47D,hamming+zero,9,79037,279836,4.999999873689376e-05,4.999999987376214e-07,38.91999816894531,,lomustine,NSC279836,alkylator,other,241279087.64641,244442956.0019858,1.0131128992008307,0.5141343338717203,4.800000000000001,0.4858656661282797,0.0276957152572351,8.2,-0.0002411851705884,0.2999796304896134,0.8573522172059815,0.0668407246766123,,0.0348580771216562,0.0971130696679866,7.763750734133896,0.1262821564186687,0.4413065545738995,5.25,0.2033398275045627,0.060731260348103,166.03773584905662,4.476136003954691,3.244585967283436,0.7248631329380577,400.0,9.92523715467689,7.0778982312003,0.7131213210220484,400.0,-0.0423722448647165,0.0004003169438453,0.0427725618085619,0.1426299024950698,1.0,2,True,The solver successfully reached the end of the integration interval.,3.037,True,True,schedule_q2d
T-47D,tanimoto+zero,9,713563,747972,9.999999747378752e-05,2.9999999242136255e-05,24.45599937438965,,arsenic trioxide,lapatinib,other,kinase_inhibitor,241279087.64641,244406712.92256984,1.0129626869310089,0.7614731733435443,4.6000000000000005,0.2385268266564557,0.0117997956671037,6.2,-0.00017678840231,0.1295160009143054,0.9321694426147646,0.0305051377489631,,0.0257715724423741,0.046166743273842,8.103993669879145,0.0803559898931842,0.2016416790119531,5.25,0.2033398275045627,0.060731260348103,166.03773584905662,2.0111311026365186,1.3552289673567044,0.673864058678248,400.0,408.80726336292304,300.2350147824181,0.734417026528908,400.0,-0.0175064579738863,0.0001398725788387,0.0176463305527251,0.1421917718559049,1.0,2,True,The solver successfully reached the end of the integration interval.,3.046,True,True,schedule_q2d
T-47D,ours+zero,9,673596,681239,9.99999993922529e-09,2.999999892949745e-08,-88.95999908447266,,NSC673596,bortezomib,other,proteasome,241279087.64641,235759440.32591188,0.977123391113833,0.0138978926862664,5.0,0.9861021073137336,0.2891187165412067,,0.0154672498865213,1.8679827729662637,0.366813471335942,0.435554723112619,,0.0306157805753771,1.794467842856691,2.2305543467817452,0.8174128860208962,0.985988827977817,5.25,0.178342803429609,0.0402673444188251,176.1006289308176,4.333351783588954,3.1435896556775913,0.7254406779488413,400.0,0.4659565508765405,0.3237976729707343,0.6949095840837906,400.0,-0.2369453985652225,0.0268143854113211,0.2637597839765437,0.1126449008953831,1.0,2,True,The solver successfully reached the end of the integration interval.,5.077,True,True,schedule_q2d
T-47D,random,9,45388,125973,4.999999987376214e-07,5.99999978589949e-08,29.951000213623047,,dacarbazine,paclitaxel,alkylator,antimitotic,241279087.64641,244496355.05112204,1.0133342157254297,0.7229469044047641,5.0,0.2770530955952359,0.0172753699352226,7.4,-0.0003360473015184,0.1518253244291798,0.9081407553126036,0.0418468337277925,,0.0298753885926047,0.0637189463907047,8.092871567531263,0.1951077223463773,0.2730060626233818,5.25,0.2033398275045627,0.060731260348103,166.03773584905662,0.0696489319909477,0.0489446865373166,0.7027342004853419,400.0,6.350576157661405,2.856157992493849,0.4497478530429319,400.0,-0.0417174141376119,0.0003333523563843,0.0420507664939963,0.1427547640475854,1.0,2,True,The solver successfully reached the end of the integration interval.,6.06,True,True,schedule_q2d
