cell_line,method,seed,nsc1,nsc2,conc1_M,conc2_M,percent_growth,regret,drug1_name,drug2_name,drug1_moa,drug2_moa,burden_initial,burden_final,burden_ratio_final,nadir_burden,time_to_nadir,depth_of_response,kg_regrowth,time_to_regrowth,log_kill,log_kill_nadir,burden_auc_ratio,log_kill_auc,growth_delay,kg_biexp,ks_biexp,ttg_biexp,biexp_r2,ets_early,t_early,hypoxic_fraction,necrotic_fraction,viable_rim_thickness,auc_surface_drug1,auc_core_drug1,core_to_surface_ratio_drug1,penetration_depth_drug1,auc_surface_drug2,auc_core_drug2,core_to_surface_ratio_drug2,penetration_depth_drug2,kill_fraction_core,kill_fraction_rim,core_sparing,residual_core_burden,solver_success,n_drugs_simulated,sim_ok,sim_message,wall_s,sweep
BT-549,linear_curve,8,67574,246131,1.0000000116860974e-07,1.9999999494757503e-05,-89.91000366210938,,vincristine,mitoxantrone,antimitotic,dna_intercalator,,,241279087.64641,219335370.5472417,0.9090525527379048,0.003906550512638,4.6000000000000005,0.996093449487362,0.352937120858462,,0.0468276690555789,2.4193771644720115,0.2930051480438531,0.5331247491086998,,0.0253022548361433,1.2419823811357071,3.0723725754044504,0.7469347651314403,0.995068433331864,5.25,0.1249925835096809,0.0,201.25786163522017,11.374212191331845,6.822910980175829,0.599857894806595,400.0,11.704019281956482,6.881078147010438,0.587924368649893,400.0,0.4553237284366765,0.0531958665775272,-0.4021278618591493,0.04304800952188,1.0,"2,True,The solver successfully reached the end of the integration interval.",1.559,default
BT-549,ours+zero,8,125973,681239,2.999999892949745e-08,3.000000106112566e-07,-95.31999969482422,,paclitaxel,bortezomib,antimitotic,proteasome,,,241279087.64641,232176862.4941612,0.9622751178270867,0.0110698290111166,5.0,0.9889301709888834,0.3090295130265384,,0.0221174036583627,1.9667908142326125,0.3419555152643265,0.466030387311717,,0.0287646321771652,1.3219575331047906,2.8338339386105744,0.7900065696687582,0.9887773548309544,5.25,0.1724312542656479,0.030169722882606,178.61635220125788,1.7676312857947352,1.0491702884001757,0.5935458920826149,400.0,5.224603901442932,3.2952204471708697,0.6307120136439042,400.0,-0.2240595540381478,0.0357342634878409,0.2597938175259887,0.103376980806211,1.0,"2,True,The solver successfully reached the end of the integration interval.",1.566,default
BT-549,random,8,105014,628503,9.999999974752427e-07,3.999999886872274e-09,13.720000267028809,,cladribine,NSC628503,antimetabolite,other,,,241279087.64641,244551428.82861888,1.0135624732923576,0.4595576570595937,4.4,0.5404423429404063,0.0345984753263935,8.6,-0.000433862846559,0.3489326945721175,0.841131784392065,0.0751359557472366,,0.0365885564179565,0.115273202355094,7.55667172234768,0.1709854915083861,0.4773093650460203,5.25,0.2033398275045627,0.060731260348103,166.03773584905662,0.5180599034675787,0.3375631279624452,0.651590917774185,400.0,1.0679288136544656,0.6462629500623915,0.6051554577414873,400.0,-0.0540320077907106,0.0004384947497901,0.0544705025405007,0.143069006468216,1.0,"2,True,The solver successfully reached the end of the integration interval.",1.713,default
BT-549,hamming+zero,8,750,105014,4.999999873689376e-05,1.0000000116860974e-07,32.560001373291016,,NSC750,cladribine,other,antimetabolite,,,241279087.64641,244411151.4916689,1.0129810829268755,0.799300963499535,4.4,0.2006990365004649,0.0089002000938566,5.6,-0.000184675372929,0.1085623647208801,0.9448396057953626,0.0246419102528551,,0.0233096909351034,0.0382035506933165,8.031754696033602,0.0649933178342904,0.1512946970097517,5.25,0.2033398275045627,0.060731260348103,166.03773584905662,4.128523645071777,2.5206085600620707,0.6105350911750073,400.0,0.0518059910829652,0.0334510334926457,0.6456981672076347,400.0,-0.017505552434663,9.644483251136649e-05,0.0176019972671743,0.1421740366252138,1.0,"2,True,The solver successfully reached the end of the integration interval.",4.247,default
BT-549,act_hamming+zero,8,750,105014,4.999999873689376e-05,1.0000000116860974e-07,32.560001373291016,,NSC750,cladribine,other,antimetabolite,,,241279087.64641,244411151.4916689,1.0129810829268755,0.799300963499535,4.4,0.2006990365004649,0.0089002000938566,5.6,-0.000184675372929,0.1085623647208801,0.9448396057953626,0.0246419102528551,,0.0233096909351034,0.0382035506933165,8.031754696033602,0.0649933178342904,0.1512946970097517,5.25,0.2033398275045627,0.060731260348103,166.03773584905662,4.128523645071777,2.5206085600620707,0.6105350911750073,400.0,0.0518059910829652,0.0334510334926457,0.6456981672076347,400.0,-0.017505552434663,9.644483251136649e-05,0.0176019972671743,0.1421740366252138,1.0,"2,True,The solver successfully reached the end of the integration interval.",4.408,default
HCT-15,act_hamming+zero,2,740,762,1.0000000116860974e-07,4.999999987376214e-07,-7.039999961853027,,NSC740,mechlorethamine,other,alkylator,,,241279087.64641,244453830.7171091,1.013157970305954,0.3848356411766129,4.6000000000000005,0.615164358823387,0.0414746489671144,9.4,-0.0002605055216295,0.4258953216988256,0.810161366763338,0.0914284703619287,,0.0387509370381624,0.1535286496602271,7.160054163065485,0.2338788857083515,0.552521826753267,5.25,0.2033398275045627,0.060731260348103,166.03773584905662,11.084599787238917,7.10231745152091,0.6407373823002084,400.0,0.0249483530145913,0.0161444982688402,0.6471167960224841,400.0,-0.0563369335249508,0.0006041376730374,0.0569410711979883,0.1428892878525138,1.0,"2,True,The solver successfully reached the end of the integration interval.",1.783,default
HCT-15,linear_curve,2,681239,754230,3.000000106112566e-07,9.999999960041972e-13,-75.93000030517578,,bortezomib,romidepsin,proteasome,hdac_inhibitor,,,241279087.64641,243902654.01997983,1.0108735754895368,0.1042648210159004,4.800000000000001,0.8957351789840995,0.1325073266340571,13.4,0.0007198156463597,0.9929184354513368,0.6075448791773775,0.2164216353277072,,0.0391780480953939,0.8162968381871005,3.5496792686999146,0.8755096163746909,0.8886436454053966,5.25,0.1968849621189929,0.0578624312878497,168.55345911949686,2.756535066484806,1.6553314959916012,0.6005116771841094,400.0,0.001923121509994,0.0012195242403006,0.6341379023442065,400.0,-0.1532008227134424,0.0038327958942887,0.1570336186077312,0.1377427401179962,1.0,"2,True,The solver successfully reached the end of the integration interval.",1.551,default
HCT-15,hamming+zero,2,740,762,1.0000000116860974e-07,4.999999987376214e-07,-7.039999961853027,,NSC740,mechlorethamine,other,alkylator,,,241279087.64641,244453830.7171091,1.013157970305954,0.3848356411766129,4.6000000000000005,0.615164358823387,0.0414746489671144,9.4,-0.0002605055216295,0.4258953216988256,0.810161366763338,0.0914284703619287,,0.0387509370381624,0.1535286496602271,7.160054163065485,0.2338788857083515,0.552521826753267,5.25,0.2033398275045627,0.060731260348103,166.03773584905662,11.084599787238917,7.10231745152091,0.6407373823002084,400.0,0.0249483530145913,0.0161444982688402,0.6471167960224841,400.0,-0.0563369335249508,0.0006041376730374,0.0569410711979883,0.1428892878525138,1.0,"2,True,The solver successfully reached the end of the integration interval.",1.77,default
BT-549,tanimoto+zero,8,750,105014,4.999999873689376e-05,1.0000000116860974e-07,32.560001373291016,,NSC750,cladribine,other,antimetabolite,,,241279087.64641,244411151.4916689,1.0129810829268755,0.799300963499535,4.4,0.2006990365004649,0.0089002000938566,5.6,-0.000184675372929,0.1085623647208801,0.9448396057953626,0.0246419102528551,,0.0233096909351034,0.0382035506933165,8.031754696033602,0.0649933178342904,0.1512946970097517,5.25,0.2033398275045627,0.060731260348103,166.03773584905662,4.128523645071777,2.5206085600620707,0.6105350911750073,400.0,0.0518059910829652,0.0334510334926457,0.6456981672076347,400.0,-0.017505552434663,9.644483251136649e-05,0.0176019972671743,0.1421740366252138,1.0,"2,True,The solver successfully reached the end of the integration interval.",4.467,default
HCT-15,tanimoto+zero,2,681239,754230,3.000000106112566e-07,9.999999960041972e-13,-75.93000030517578,,bortezomib,romidepsin,proteasome,hdac_inhibitor,,,241279087.64641,243902654.01997983,1.0108735754895368,0.1042648210159004,4.800000000000001,0.8957351789840995,0.1325073266340571,13.4,0.0007198156463597,0.9929184354513368,0.6075448791773775,0.2164216353277072,,0.0391780480953939,0.8162968381871005,3.5496792686999146,0.8755096163746909,0.8886436454053966,5.25,0.1968849621189929,0.0578624312878497,168.55345911949686,2.756535066484806,1.6553314959916012,0.6005116771841094,400.0,0.001923121509994,0.0012195242403006,0.6341379023442065,400.0,-0.1532008227134424,0.0038327958942887,0.1570336186077312,0.1377427401179962,1.0,"2,True,The solver successfully reached the end of the integration interval.",1.534,default
HS 578T,act_hamming+zero,2,1390,747973,9.999999747378752e-06,3.000000106112566e-07,-74.66000366210938,,NSC1390,vorinostat,other,hdac_inhibitor,,,241279087.64641,230147378.594517,0.9538637634928132,0.0095997698157661,4.4,0.9904002301842338,0.2834582719767919,,0.025930309155822,2.0290118815934735,0.3592512090996375,0.4446017615252134,,0.0302235659358514,1.994711062211405,2.0690211330982273,0.8436327583724135,0.9863214758378648,5.25,0.1666518025896331,0.0,181.13207547169813,0.4647546002912271,0.3018707905187482,0.64952727811535,400.0,20.643580204271405,13.628775623205993,0.6601943794800689,400.0,0.4077760140018166,0.0244752923150168,-0.3833007216867997,0.0812862681968166,1.0,"2,True,The solver successfully reached the end of the integration interval.",4.249,default
HS 578T,hamming+zero,2,1390,747973,9.999999747378752e-06,3.000000106112566e-07,-74.66000366210938,,NSC1390,vorinostat,other,hdac_inhibitor,,,241279087.64641,230147378.594517,0.9538637634928132,0.0095997698157661,4.4,0.9904002301842338,0.2834582719767919,,0.025930309155822,2.0290118815934735,0.3592512090996375,0.4446017615252134,,0.0302235659358514,1.994711062211405,2.0690211330982273,0.8436327583724135,0.9863214758378648,5.25,0.1666518025896331,0.0,181.13207547169813,0.4647546002912271,0.3018707905187482,0.64952727811535,400.0,20.643580204271405,13.628775623205993,0.6601943794800689,400.0,0.4077760140018166,0.0244752923150168,-0.3833007216867997,0.0812862681968166,1.0,"2,True,The solver successfully reached the end of the integration interval.",4.18,default
HCT-15,random,2,686673,747973,1.9999999949504854e-06,3.000000106112566e-07,7.989999771118164,,NSC686673,vorinostat,other,hdac_inhibitor,,,241279087.64641,244400648.7307084,1.0129375534147946,0.7843554976536274,4.4,0.2156445023463725,0.008834647317072,5.4,-0.0001660126028055,0.1167597562769887,0.9437169305337442,0.0251582535225901,,0.0233826818493099,0.0383717635036521,8.020899619483753,0.0465819124661411,0.1486326454487668,5.25,0.2033398275045627,0.060731260348103,166.03773584905662,0.0307498045165011,0.0177301372933819,0.576593496191741,400.0,2.3786622021631074,1.4613216561721576,0.6143460197262399,400.0,-0.0120022107739719,7.540924642712721e-05,0.012077620020399,0.1420948251124148,1.0,"2,True,The solver successfully reached the end of the integration interval.",6.388,default
HCT-15,ours+zero,2,26980,681239,4.999999987376214e-07,3.000000106112566e-07,-85.52999877929688,,mitomycin,bortezomib,alkylator,proteasome,,,241279087.64641,241302578.08093017,1.0000973579382666,0.0306055377908931,4.800000000000001,0.9693944622091069,0.2260943714229124,16.2,0.0053743798058367,1.5252562223060182,0.4639754125575494,0.3335050333966493,,0.0348004328488581,1.168749895303123,2.9197450941081695,0.8831411911029636,0.96786706557642,5.25,0.1968849621189929,0.0550853987870166,168.55345911949686,0.0095000025785706,0.0062475153720312,0.6576330185555834,400.0,2.756535066484806,1.7094964219197049,0.6201613187165771,400.0,-0.241250745020225,0.0123410167388844,0.2535917617591094,0.1361576926723119,1.0,"2,True,The solver successfully reached the end of the integration interval.",8.981,default
HS 578T,linear_curve,2,1390,681239,9.999999974752427e-07,3.000000106112566e-07,-95.26000213623048,,NSC1390,bortezomib,other,proteasome,,,241279087.64641,244549919.5297312,1.0135562178853832,0.2604547532952021,4.6000000000000005,0.7395452467047978,0.063776980062805,10.2,-0.0004311825015522,0.5954383209774616,0.7540582711397213,0.1225950919861999,,0.0415199431967893,0.346219251717457,5.4699096890611765,0.4615212331126086,0.6978031358075387,5.25,0.2033398275045627,0.060731260348103,166.03773584905662,0.0464754610858523,0.028263504490604,0.6081382267169748,400.0,2.6960701894000954,1.5278733958625752,0.5667038647100443,400.0,-0.0793000548329383,0.0010037138025327,0.080303768635471,0.1436105905739994,1.0,"2,True,The solver successfully reached the end of the integration interval.",4.2,default
HS 578T,ours+zero,2,1390,747973,9.999999747378752e-06,3.000000106112566e-07,-74.66000366210938,,NSC1390,vorinostat,other,hdac_inhibitor,,,241279087.64641,230147378.594517,0.9538637634928132,0.0095997698157661,4.4,0.9904002301842338,0.2834582719767919,,0.025930309155822,2.0290118815934735,0.3592512090996375,0.4446017615252134,,0.0302235659358514,1.994711062211405,2.0690211330982273,0.8436327583724135,0.9863214758378648,5.25,0.1666518025896331,0.0,181.13207547169813,0.4647546002912271,0.3018707905187482,0.64952727811535,400.0,20.643580204271405,13.628775623205993,0.6601943794800689,400.0,0.4077760140018166,0.0244752923150168,-0.3833007216867997,0.0812862681968166,1.0,"2,True,The solver successfully reached the end of the integration interval.",4.151,default
HS 578T,random,2,1390,747973,9.999999747378752e-06,3.000000106112566e-07,-74.66000366210938,,NSC1390,vorinostat,other,hdac_inhibitor,,,241279087.64641,230147378.594517,0.9538637634928132,0.0095997698157661,4.4,0.9904002301842338,0.2834582719767919,,0.025930309155822,2.0290118815934735,0.3592512090996375,0.4446017615252134,,0.0302235659358514,1.994711062211405,2.0690211330982273,0.8436327583724135,0.9863214758378648,5.25,0.1666518025896331,0.0,181.13207547169813,0.4647546002912271,0.3018707905187482,0.64952727811535,400.0,20.643580204271405,13.628775623205993,0.6601943794800689,400.0,0.4077760140018166,0.0244752923150168,-0.3833007216867997,0.0812862681968166,1.0,"2,True,The solver successfully reached the end of the integration interval.",4.137,default
HT29,act_hamming+zero,3,92859,673596,6.000000212225132e-06,9.999999717180683e-10,1.919999957084656,,dromostanolone,NSC673596,hormonal,other,,,241279087.64641,244537268.0415614,1.0135037828057696,0.4127542925600728,4.800000000000001,0.5872457074399272,0.04427284744737,9.4,-0.0004087142315142,0.3953646389624978,0.8050968713882791,0.0941518610256062,,0.0390860038106018,0.1649372297672378,7.0570420168217085,0.3160364610392948,0.5703461851456757,5.25,0.2033398275045627,0.060731260348103,166.03773584905662,35.89050091294007,23.75271205981209,0.6618105475158809,400.0,0.0534579804274952,0.0321679558239957,0.6017428186914939,400.0,-0.0673963750148525,0.0007324423942554,0.0681288174091079,0.1433110850371961,1.0,"2,True,The solver successfully reached the end of the integration interval.",1.706,default
HT29,hamming+zero,3,92859,673596,6.000000212225132e-06,9.999999717180683e-10,1.919999957084656,,dromostanolone,NSC673596,hormonal,other,,,241279087.64641,244537268.0415614,1.0135037828057696,0.4127542925600728,4.800000000000001,0.5872457074399272,0.04427284744737,9.4,-0.0004087142315142,0.3953646389624978,0.8050968713882791,0.0941518610256062,,0.0390860038106018,0.1649372297672378,7.0570420168217085,0.3160364610392948,0.5703461851456757,5.25,0.2033398275045627,0.060731260348103,166.03773584905662,35.89050091294007,23.75271205981209,0.6618105475158809,400.0,0.0534579804274952,0.0321679558239957,0.6017428186914939,400.0,-0.0673963750148525,0.0007324423942554,0.0681288174091079,0.1433110850371961,1.0,"2,True,The solver successfully reached the end of the integration interval.",1.693,default
HS 578T,tanimoto+zero,2,1390,747973,9.999999747378752e-06,3.000000106112566e-07,-74.66000366210938,,NSC1390,vorinostat,other,hdac_inhibitor,,,241279087.64641,230147378.594517,0.9538637634928132,0.0095997698157661,4.4,0.9904002301842338,0.2834582719767919,,0.025930309155822,2.0290118815934735,0.3592512090996375,0.4446017615252134,,0.0302235659358514,1.994711062211405,2.0690211330982273,0.8436327583724135,0.9863214758378648,5.25,0.1666518025896331,0.0,181.13207547169813,0.4647546002912271,0.3018707905187482,0.64952727811535,400.0,20.643580204271405,13.628775623205993,0.6601943794800689,400.0,0.4077760140018166,0.0244752923150168,-0.3833007216867997,0.0812862681968166,1.0,"2,True,The solver successfully reached the end of the integration interval.",4.119,default
HT29,tanimoto+zero,3,92859,673596,6.000000212225132e-06,9.999999717180683e-10,1.919999957084656,,dromostanolone,NSC673596,hormonal,other,,,241279087.64641,244537268.0415614,1.0135037828057696,0.4127542925600728,4.800000000000001,0.5872457074399272,0.04427284744737,9.4,-0.0004087142315142,0.3953646389624978,0.8050968713882791,0.0941518610256062,,0.0390860038106018,0.1649372297672378,7.0570420168217085,0.3160364610392948,0.5703461851456757,5.25,0.2033398275045627,0.060731260348103,166.03773584905662,35.89050091294007,23.75271205981209,0.6618105475158809,400.0,0.0534579804274952,0.0321679558239957,0.6017428186914939,400.0,-0.0673963750148525,0.0007324423942554,0.0681288174091079,0.1433110850371961,1.0,"2,True,The solver successfully reached the end of the integration interval.",1.847,default
HT29,ours+zero,3,409962,754143,1.9999999949504854e-06,9.99999993922529e-09,-72.94999694824219,,carmustine,bendamustine,alkylator,alkylator,,,241279087.64641,238510466.54976916,0.9885252338955368,0.0177964545419058,4.4,0.9822035454580942,0.2385615209494752,,0.0104288998192969,1.7609392116037283,0.4333700161336045,0.3631411398048171,,0.0339169654451813,1.7673239575260589,2.1947682832879805,0.885875029298561,0.9738270922076144,5.25,0.190568164729299,0.0425249427297684,171.0691823899371,0.0637659195481261,0.0422060408414136,0.6618902564332882,400.0,13.68780180499778,9.118117257958865,0.6661491295577933,400.0,-0.0509779003057921,0.013314755449987,0.0642926557557792,0.1212295556653902,1.0,"2,True,The solver successfully reached the end of the integration interval.",5.101,default
HT29,linear_curve,3,681239,686673,3.000000106112566e-07,2.0000000233721948e-07,-61.86000061035156,,bortezomib,NSC686673,proteasome,other,,,241279087.64641,209832715.919489,0.8696680593678094,0.0034282689865393,5.0,0.9965717310134607,0.3834955954407847,,0.0660631398954384,2.4758568369716425,0.2375716623058986,0.6242053635146507,,0.0220158930962964,1.6880611778355112,2.5376466271878417,0.6956248432541787,0.9965052700811076,5.25,0.0699034531552081,0.0,236.4779874213837,19.3674899915252,12.554825469787916,0.648242259336736,400.0,0.0031882667853898,0.0020562391329856,0.6449394832353159,400.0,0.4259199077387466,0.0850523187703264,-0.3408675889684202,0.0159953146492053,1.0,"2,True,The solver successfully reached the end of the integration interval.",5.643,default
HT29,random,3,409962,754143,1.9999999949504854e-06,9.99999993922529e-09,-72.94999694824219,,carmustine,bendamustine,alkylator,alkylator,,,241279087.64641,238510466.54976916,0.9885252338955368,0.0177964545419058,4.4,0.9822035454580942,0.2385615209494752,,0.0104288998192969,1.7609392116037283,0.4333700161336045,0.3631411398048171,,0.0339169654451813,1.7673239575260589,2.1947682832879805,0.885875029298561,0.9738270922076144,5.25,0.190568164729299,0.0425249427297684,171.0691823899371,0.0637659195481261,0.0422060408414136,0.6618902564332882,400.0,13.68780180499778,9.118117257958865,0.6661491295577933,400.0,-0.0509779003057921,0.013314755449987,0.0642926557557792,0.1212295556653902,1.0,"2,True,The solver successfully reached the end of the integration interval.",5.195,default
KM12,linear_curve,5,673596,754143,1.000000013351432e-10,9.99999993922529e-09,-83.88999938964844,,NSC673596,bendamustine,other,alkylator,,,241279087.64641,243349888.37358183,1.008582595148928,0.0457136917614264,4.4,0.9542863082385736,0.1755982269565569,14.800000000000002,0.0017051903837519,1.3512264055987642,0.5442555554232026,0.2641971292554894,,0.0379524236619422,1.2440400325992451,2.722158051610387,0.8981923170149471,0.9387504294101432,5.25,0.1968849621189929,0.0578624312878497,168.55345911949686,0.0002781882476896,0.0001779304201249,0.639604374385716,400.0,6.952046883678343,4.616953217425864,0.6641142234332895,400.0,-0.1678478681778206,0.0054876322122763,0.1733355003900969,0.137256578874776,1.0,"2,True,The solver successfully reached the end of the integration interval.",2.577,default
KM12,ours+zero,5,702294,754143,9.999999747378752e-05,9.99999993922529e-09,-69.5,,NSC702294,bendamustine,other,alkylator,,,241279087.64641,239035757.6797656,0.9907023439597386,0.0138827591618249,4.6000000000000005,0.9861172408381752,0.2719951111061773,,0.0094734692469884,1.8686948191040305,0.40365895844568,0.3939854047305389,,0.0326384431970703,1.633901044314147,2.348120107399661,0.8488835304913795,0.9828719875222662,5.25,0.190568164729299,0.0498007529556812,171.0691823899371,0.019,0.0122520555325684,0.6448450280299198,400.0,6.952046883678343,4.622567917831941,0.6649218561348554,400.0,-0.2458156221486984,0.0188193580167858,0.2646349801654842,0.1277682303324864,1.0,"2,True,The solver successfully reached the end of the integration interval.",2.539,default
KM12,act_hamming+zero,5,26271,747973,9.999999747378752e-06,3.000000106112566e-07,0.8999999761581421,,cyclophosphamide,vorinostat,alkylator,hdac_inhibitor,,,241279087.64641,230532745.82838517,0.9554609480545888,0.0099273780333062,4.4,0.9900726219666938,0.280953406335807,,0.0252037186504337,2.014438141128057,0.3626197891740381,0.4405484989317025,,0.0303975867586029,1.9787166330294763,2.078448544613902,0.8464355494337491,0.98582759725722,5.25,0.1666518025896331,0.0,181.13207547169813,17.97405850448311,11.979665730214178,0.666497537394028,400.0,20.111380442073887,13.276203105904337,0.6601338552638555,400.0,0.3930980161240694,0.0237860824998893,-0.3693119336241801,0.0819917722609647,1.0,"2,True,The solver successfully reached the end of the integration interval.",5.588,default
KM12,hamming+zero,5,26271,747973,9.999999747378752e-06,3.000000106112566e-07,0.8999999761581421,,cyclophosphamide,vorinostat,alkylator,hdac_inhibitor,,,241279087.64641,230532745.82838517,0.9554609480545888,0.0099273780333062,4.4,0.9900726219666938,0.280953406335807,,0.0252037186504337,2.014438141128057,0.3626197891740381,0.4405484989317025,,0.0303975867586029,1.9787166330294763,2.078448544613902,0.8464355494337491,0.98582759725722,5.25,0.1666518025896331,0.0,181.13207547169813,17.97405850448311,11.979665730214178,0.666497537394028,400.0,20.111380442073887,13.276203105904337,0.6601338552638555,400.0,0.3930980161240694,0.0237860824998893,-0.3693119336241801,0.0819917722609647,1.0,"2,True,The solver successfully reached the end of the integration interval.",5.601,default
KM12,random,5,762,713563,1.9999999949504854e-06,9.999999747378752e-05,0.1879999935626983,,mechlorethamine,arsenic trioxide,alkylator,other,,,241279087.64641,244556973.1172032,1.0135854520288838,0.4760557235737507,4.4,0.5239442764262493,0.0313141550062571,8.200000000000001,-0.0004437087372809,0.3336149101951053,0.8487104868562203,0.0712404315506339,,0.0358508999851374,0.1061545279142159,7.644265350901203,0.135961331169675,0.4347470264115752,5.25,0.2033398275045627,0.060731260348103,166.03773584905662,0.087332094363511,0.0558846532870185,0.6399096883489858,400.0,2.4168985384296877,1.467983566255415,0.6073831991347044,400.0,-0.0381698282777567,0.0003553512138545,0.0385251794916112,0.1429356978933593,1.0,"2,True,The solver successfully reached the end of the integration interval.",5.866,default
KM12,tanimoto+zero,5,26271,747973,9.999999747378752e-06,3.000000106112566e-07,0.8999999761581421,,cyclophosphamide,vorinostat,alkylator,hdac_inhibitor,,,241279087.64641,230532745.82838517,0.9554609480545888,0.0099273780333062,4.4,0.9900726219666938,0.280953406335807,,0.0252037186504337,2.014438141128057,0.3626197891740381,0.4405484989317025,,0.0303975867586029,1.9787166330294763,2.078448544613902,0.8464355494337491,0.98582759725722,5.25,0.1666518025896331,0.0,181.13207547169813,17.97405850448311,11.979665730214178,0.666497537394028,400.0,20.111380442073887,13.276203105904337,0.6601338552638555,400.0,0.3930980161240694,0.0237860824998893,-0.3693119336241801,0.0819917722609647,1.0,"2,True,The solver successfully reached the end of the integration interval.",5.377,default
M14,act_hamming+zero,4,25154,119875,3.000000106112566e-07,1.9999999494757503e-05,26.59000015258789,,NSC25154,cisplatin,other,platinum,,,241279087.64641,244404607.19225064,1.0129539595674408,0.6859770494803926,4.4,0.3140229505196074,0.0140145979017356,6.6,-0.0001730466433925,0.1749631153065251,0.9171439677280916,0.037562486050508,,0.0279753359890435,0.0543589403055588,8.068156550582879,0.0453284579896454,0.2268835855128447,5.25,0.2033398275045627,0.060731260348103,166.03773584905662,0.0005794359032895,0.0003399361866818,0.5866674549367542,400.0,4.054053261967809,2.652508293451902,0.6542855068866049,400.0,-0.0198735340899924,0.0001527646435744,0.0200262987335669,0.1422061314494333,1.0,"2,True,The solver successfully reached the end of the integration interval.",5.593,default
M14,linear_curve,4,609699,681239,1.0000000116860974e-07,3.000000106112566e-07,-96.5999984741211,,topotecan,bortezomib,topo1,proteasome,,,241279087.64641,229059280.02053827,0.9493540540745924,0.0048341896710889,4.800000000000001,0.995165810328911,0.3566349235252821,,0.0279884504392233,2.3267325513956503,0.2991519665237979,0.524108137907588,,0.0266149487332448,1.6128396585848432,2.5034414547150052,0.741591588986084,0.994679142713224,5.25,0.1666518025896331,0.0283778241901845,181.13207547169813,3.591378767115229,2.3000428067083383,0.6404344837611894,400.0,3.4357492135598684,2.1701499278884904,0.6316380483545079,400.0,-0.3120820905895523,0.0513185258941129,0.3634006164836652,0.1001671016498064,1.0,"2,True,The solver successfully reached the end of the integration interval.",1.598,default
M14,hamming+zero,4,25154,119875,3.000000106112566e-07,1.9999999494757503e-05,26.59000015258789,,NSC25154,cisplatin,other,platinum,,,241279087.64641,244404607.19225064,1.0129539595674408,0.6859770494803926,4.4,0.3140229505196074,0.0140145979017356,6.6,-0.0001730466433925,0.1749631153065251,0.9171439677280916,0.037562486050508,,0.0279753359890435,0.0543589403055588,8.068156550582879,0.0453284579896454,0.2268835855128447,5.25,0.2033398275045627,0.060731260348103,166.03773584905662,0.0005794359032895,0.0003399361866818,0.5866674549367542,400.0,4.054053261967809,2.652508293451902,0.6542855068866049,400.0,-0.0198735340899924,0.0001527646435744,0.0200262987335669,0.1422061314494333,1.0,"2,True,The solver successfully reached the end of the integration interval.",5.501,default
M14,random,4,125973,246131,3.000000106112566e-07,1.9999999494757503e-05,-2.259999990463257,,paclitaxel,mitoxantrone,antimitotic,dna_intercalator,,,241279087.64641,244612518.4742916,1.0138156640942155,0.3097023072962838,4.800000000000001,0.6902976927037161,0.0554622298894562,9.6,-0.0005423373009881,0.5201117966119494,0.7773380425641384,0.1093900776034094,,0.0406263934031775,0.2321981950074334,6.389355764202847,0.4013979341451855,0.6638385245021352,5.25,0.2033398275045627,0.060731260348103,166.03773584905662,12.074200839692525,5.772418038597113,0.4780786832384768,400.0,2.6714752421683974,0.8627607855569536,0.3229529407342226,243.51543006875457,-0.0731586179233103,0.0008787421096649,0.0740373600329753,0.1436750428626094,1.0,"2,True,The solver successfully reached the end of the integration interval.",1.563,default
MOLT-4,act_hamming+zero,3,63878,105014,9.99999993922529e-09,1.0000000116860974e-07,-99.70999908447266,,cytarabine,cladribine,antimetabolite,antimetabolite,,,241279087.64641,244661329.7494979,1.014017966231887,0.081265106162294,4.4,0.918734893837706,0.1312371840586741,12.4,-0.0006289900727396,1.1013685941583988,0.6226824397211109,0.2057333816525463,,0.0400059425756974,0.9556357252687188,3.187239842343794,0.8423616563776075,0.8868774487704176,5.25,0.2033398275045627,0.060731260348103,166.03773584905662,2.0400557742805585,1.3461721577956396,0.6598702715715592,400.0,3.277220739628644,2.165995732710537,0.6609245774991571,400.0,-0.1487601301309025,0.0030728798471155,0.151833009978018,0.1457807119878809,1.0,"2,True,The solver successfully reached the end of the integration interval.",1.648,default
MDA-MB-435,pool_optimum,-1,24559,701852,9.999999974752427e-07,9.999999974752427e-07,-93.4499969482422,,NSC24559,irinotecan,other,topo1,,,241279087.64641,244547520.4301384,1.0135462746299762,0.5243207615471556,4.4,0.4756792384528444,0.0267628231696864,7.800000000000001,-0.0004269219365621,0.2916756463739987,0.8654732346225902,0.0627463584476911,,0.034314137110914,0.091297569621917,7.7904103294183935,0.1092005144141522,0.3848990659500886,5.25,0.2033398275045627,0.060731260348103,166.03773584905662,2.539011248752824,1.5351449340945895,0.6046231322719271,400.0,0.7738704833525072,0.4261694301959887,0.5506986496626252,400.0,-0.033110834468164,0.0002883096356981,0.0333991441038622,0.1428305956514121,1.0,"2,True,The solver successfully reached the end of the integration interval.",2.453,default
MOLT-4,hamming+zero,3,63878,105014,9.99999993922529e-09,1.0000000116860974e-07,-99.70999908447266,,cytarabine,cladribine,antimetabolite,antimetabolite,,,241279087.64641,244661329.7494979,1.014017966231887,0.081265106162294,4.4,0.918734893837706,0.1312371840586741,12.4,-0.0006289900727396,1.1013685941583988,0.6226824397211109,0.2057333816525463,,0.0400059425756974,0.9556357252687188,3.187239842343794,0.8423616563776075,0.8868774487704176,5.25,0.2033398275045627,0.060731260348103,166.03773584905662,2.0400557742805585,1.3461721577956396,0.6598702715715592,400.0,3.277220739628644,2.165995732710537,0.6609245774991571,400.0,-0.1487601301309025,0.0030728798471155,0.151833009978018,0.1457807119878809,1.0,"2,True,The solver successfully reached the end of the integration interval.",1.756,default
M14,tanimoto+zero,4,1390,753082,0.0001999999949475,4.999999873689376e-06,-4.0920000076293945,,NSC1390,pazopanib,other,kinase_inhibitor,,,241279087.64641,228484726.70569515,0.9469727730425408,0.0077168130220495,4.4,0.9922831869779504,0.2992886579313154,,0.0290791672301048,2.1238347237553876,0.3416206987251391,0.4664558233759666,,0.0293023645571816,2.062205215753888,2.0338740380224243,0.8252980026882731,0.9890022725736254,5.25,0.1610029557745819,0.0,183.6477987421384,10.206807147819664,6.698894703445657,0.656316378513789,400.0,18.03917270732172,11.863082735581624,0.6576289793359895,400.0,0.4398304926116896,0.0285473719352812,-0.4112831206764084,0.0747922214007268,1.0,"2,True,The solver successfully reached the end of the integration interval.",4.728,default
M14,ours+zero,4,719344,761432,3.000000026176508e-09,5.000000058430487e-08,-45.69100189208984,,anastrozole,NSC761432,hormonal,other,,,241279087.64641,242506245.9037194,1.0050860531232932,0.0430174736724782,5.0,0.9569825263275216,0.1916435094041768,15.200000000000005,0.0032134131342555,1.377286825300709,0.5091593276909553,0.2931462956406673,,0.0364030645377484,1.065137459460498,3.0649859033599256,0.9025352342429972,0.9555258056083106,5.25,0.1968849621189929,0.0550853987870166,168.55345911949686,10.760851184062176,7.122711154083924,0.6619096419280776,400.0,157.80868524018254,104.06580984507526,0.6594428544074656,400.0,-0.230868866666438,0.008633833730552,0.23950270039699,0.1373103476212983,1.0,"2,True,The solver successfully reached the end of the integration interval.",7.156,default
MOLT-4,ours+zero,3,63878,105014,9.99999993922529e-09,1.0000000116860974e-07,-99.70999908447266,,cytarabine,cladribine,antimetabolite,antimetabolite,,,241279087.64641,244661329.7494979,1.014017966231887,0.081265106162294,4.4,0.918734893837706,0.1312371840586741,12.4,-0.0006289900727396,1.1013685941583988,0.6226824397211109,0.2057333816525463,,0.0400059425756974,0.9556357252687188,3.187239842343794,0.8423616563776075,0.8868774487704176,5.25,0.2033398275045627,0.060731260348103,166.03773584905662,2.0400557742805585,1.3461721577956396,0.6598702715715592,400.0,3.277220739628644,2.165995732710537,0.6609245774991571,400.0,-0.1487601301309025,0.0030728798471155,0.151833009978018,0.1457807119878809,1.0,"2,True,The solver successfully reached the end of the integration interval.",1.626,default
MOLT-4,random,3,63878,105014,9.99999993922529e-09,1.0000000116860974e-07,-99.70999908447266,,cytarabine,cladribine,antimetabolite,antimetabolite,,,241279087.64641,244661329.7494979,1.014017966231887,0.081265106162294,4.4,0.918734893837706,0.1312371840586741,12.4,-0.0006289900727396,1.1013685941583988,0.6226824397211109,0.2057333816525463,,0.0400059425756974,0.9556357252687188,3.187239842343794,0.8423616563776075,0.8868774487704176,5.25,0.2033398275045627,0.060731260348103,166.03773584905662,2.0400557742805585,1.3461721577956396,0.6598702715715592,400.0,3.277220739628644,2.165995732710537,0.6609245774991571,400.0,-0.1487601301309025,0.0030728798471155,0.151833009978018,0.1457807119878809,1.0,"2,True,The solver successfully reached the end of the integration interval.",1.674,default
MOLT-4,tanimoto+zero,3,63878,105014,9.99999993922529e-09,1.0000000116860974e-07,-99.70999908447266,,cytarabine,cladribine,antimetabolite,antimetabolite,,,241279087.64641,244661329.7494979,1.014017966231887,0.081265106162294,4.4,0.918734893837706,0.1312371840586741,12.4,-0.0006289900727396,1.1013685941583988,0.6226824397211109,0.2057333816525463,,0.0400059425756974,0.9556357252687188,3.187239842343794,0.8423616563776075,0.8868774487704176,5.25,0.2033398275045627,0.060731260348103,166.03773584905662,2.0400557742805585,1.3461721577956396,0.6598702715715592,400.0,3.277220739628644,2.165995732710537,0.6609245774991571,400.0,-0.1487601301309025,0.0030728798471155,0.151833009978018,0.1457807119878809,1.0,"2,True,The solver successfully reached the end of the integration interval.",1.682,default
MOLT-4,linear_curve,3,6396,63878,9.999999974752427e-07,1.0000000116860974e-07,-99.87999725341795,,thiotepa,cytarabine,alkylator,antimetabolite,,,241279087.64641,122974574.6681416,0.5096777174835746,0.0002064015353793,4.6000000000000005,0.9997935984646208,0.5034080006634734,,0.298121012608476,3.696457685089883,0.0824035350133149,1.0840541571882514,,0.0084604042051588,3.575402410129457,1.687128211498147,0.6376826317781253,0.9997439415138336,5.25,0.0,0.0,400.0,7.564270332450244,5.040691003296493,0.6663816576824662,400.0,20.40055810519228,13.593292721938534,0.6663196492883601,400.0,0.9357850182137898,0.4158565863606581,-0.5199284318531316,0.0,1.0,"2,True,The solver successfully reached the end of the integration interval.",7.322,default
NCI-H322M,ours+zero,5,14229,24559,3.000000106112566e-06,9.999999974752427e-07,-61.189998626708984,,NSC14229,NSC24559,other,other,,,241279087.64641,244613754.5359339,1.0138207870481124,0.3940169844287665,4.4,0.6059830155712336,0.0428330792256056,9.0,-0.0005445318468666,0.4157577583489221,0.8124995679296418,0.0901768612977922,,0.0386606480586386,0.150444883172778,7.185271349978695,0.233374473095353,0.5376896190941733,5.25,0.2033398275045627,0.060731260348103,166.03773584905662,0.025737532844235,0.0152474383995243,0.5924203571415614,400.0,2.4496629563880408,1.4972845296000472,0.611220627595133,400.0,-0.0536370524360407,0.0005630074033907,0.0542000598394315,0.1433485626464403,1.0,"2,True,The solver successfully reached the end of the integration interval.",1.63,default
NCI-H322M,linear_curve,5,713563,715055,9.999999974752427e-07,9.999999747378752e-06,-33.05699920654297,,arsenic trioxide,gefitinib,other,kinase_inhibitor,,,241279087.64641,173401125.78614825,0.7186744921725846,0.0007697887543863,4.800000000000001,0.9992302112456136,0.4577755840106112,,0.1488844289946664,3.1246846751676887,0.1478811982915363,0.8300870389665704,,0.0148043446721256,2.324019810910363,2.161826887984595,0.6213985876227952,0.9991684224145544,5.25,0.0,0.0,400.0,0.0225956572702513,0.0146880723955664,0.6500396169003793,400.0,63.097079365186474,41.6188228143673,0.6595998298667735,400.0,0.8599519524052601,0.2030067659846358,-0.6569451864206243,0.0,1.0,"2,True,The solver successfully reached the end of the integration interval.",5.779,default
NCI-H322M,random,5,32065,760766,9.999999747378752e-05,1.9999999949504854e-06,14.109999656677246,,hydroxyurea,NSC760766,antimetabolite,other,,,241279087.64641,244493593.13020924,1.0133227687287596,0.483781733313694,4.4,0.516218266686306,0.0323901383198636,8.6,-0.0003311413233225,0.3266232350072215,0.8476179863921007,0.0717998361661043,,0.0360018251662194,0.1083866340374986,7.633124898012041,0.1589207263742803,0.4547744601531394,5.25,0.2033398275045627,0.060731260348103,166.03773584905662,1.7752751727968317,1.1627438122018297,0.65496539917809,400.0,0.6866976526575895,0.4143329722891644,0.6033703052364513,400.0,-0.0456747311362439,0.0004093359133037,0.0460840670495477,0.142816950605531,1.0,"2,True,The solver successfully reached the end of the integration interval.",1.938,default
NCI-H322M,act_hamming+zero,5,740,6396,1.0000000116860974e-07,9.999999974752427e-07,-56.81999969482422,,NSC740,thiotepa,other,alkylator,,,241279087.64641,244379594.8718629,1.0128502940544792,0.824314162762442,4.4,0.175685837237558,0.0070182220215312,5.0,-0.0001285987553976,0.0951799395640445,0.9535316014070488,0.0206649092364576,,0.0212072089365636,0.0324912399881202,7.944910042398147,0.0607973140712474,0.1182257285036739,5.25,0.2033398275045627,0.060731260348103,166.03773584905662,3.870470152891944,2.354869000512768,0.6084193670252833,400.0,0.053622390134832,0.0341000839994733,0.63592995227795,400.0,-0.0112079684601706,6.931630267015265e-05,0.0112772847628408,0.1420189797901153,1.0,"2,True,The solver successfully reached the end of the integration interval.",10.636,default
NCI-H322M,hamming+zero,5,740,6396,1.0000000116860974e-07,9.999999974752427e-07,-56.81999969482422,,NSC740,thiotepa,other,alkylator,,,241279087.64641,244379594.8718629,1.0128502940544792,0.824314162762442,4.4,0.175685837237558,0.0070182220215312,5.0,-0.0001285987553976,0.0951799395640445,0.9535316014070488,0.0206649092364576,,0.0212072089365636,0.0324912399881202,7.944910042398147,0.0607973140712474,0.1182257285036739,5.25,0.2033398275045627,0.060731260348103,166.03773584905662,3.870470152891944,2.354869000512768,0.6084193670252833,400.0,0.053622390134832,0.0341000839994733,0.63592995227795,400.0,-0.0112079684601706,6.931630267015265e-05,0.0112772847628408,0.1420189797901153,1.0,"2,True,The solver successfully reached the end of the integration interval.",10.82,default
RPMI-8226,linear_curve,0,127716,681239,3.000000106112566e-07,3.000000106112566e-07,-98.0500030517578,,decitabine,bortezomib,antimetabolite,proteasome,,,241279087.64641,230460092.98530605,0.95515983267908,0.0044233817042361,4.6000000000000005,0.9955766182957638,0.3525462576155272,,0.0253406089725753,2.3654161913849903,0.3068531561514707,0.5130694054023125,,0.0273386748385166,1.8160406468821884,2.2763147723784587,0.7540975404775311,0.9945106033323096,5.25,0.1666518025896331,0.030169722882606,181.13207547169813,6.647919983820463,4.419555367379035,0.6648027320026768,400.0,2.659365748651904,1.685135102809469,0.6336605273884212,400.0,-0.2916953931173929,0.0457007959297597,0.3373961890471526,0.1003243633807611,1.0,"2,True,The solver successfully reached the end of the integration interval.",4.086,default
NCI-H322M,tanimoto+zero,5,740,6396,1.0000000116860974e-07,9.999999974752427e-07,-56.81999969482422,,NSC740,thiotepa,other,alkylator,,,241279087.64641,244379594.8718629,1.0128502940544792,0.824314162762442,4.4,0.175685837237558,0.0070182220215312,5.0,-0.0001285987553976,0.0951799395640445,0.9535316014070488,0.0206649092364576,,0.0212072089365636,0.0324912399881202,7.944910042398147,0.0607973140712474,0.1182257285036739,5.25,0.2033398275045627,0.060731260348103,166.03773584905662,3.870470152891944,2.354869000512768,0.6084193670252833,400.0,0.053622390134832,0.0341000839994733,0.63592995227795,400.0,-0.0112079684601706,6.931630267015265e-05,0.0112772847628408,0.1420189797901153,1.0,"2,True,The solver successfully reached the end of the integration interval.",10.905,default
RPMI-8226,act_hamming+zero,0,740,19893,2.999999892949745e-08,9.999999747378752e-05,-71.53700256347656,,NSC740,fluorouracil,other,antimetabolite,,,241279087.64641,242964453.5749301,1.0069851305596362,0.0368427788264175,5.0,0.9631572211735824,0.2126147397113411,15.0,0.0023936020829288,1.4445793479338094,0.4922275369223788,0.3078340940080361,,0.0359098791909621,1.078712273401026,3.052613674817992,0.886506190863741,0.9624898452598704,5.25,0.1968849621189929,0.0578624312878497,168.55345911949686,1.0369404637895894,0.6602317068087437,0.6367112962260816,400.0,3.0802637990557153,2.039691147316904,0.6621806703510884,400.0,-0.2691044972480414,0.0102418870446739,0.2793463842927154,0.139927878981741,1.0,"2,True,The solver successfully reached the end of the integration interval.",10.554,default
RPMI-8226,hamming+zero,0,740,19893,2.999999892949745e-08,9.999999747378752e-05,-71.53700256347656,,NSC740,fluorouracil,other,antimetabolite,,,241279087.64641,242964453.5749301,1.0069851305596362,0.0368427788264175,5.0,0.9631572211735824,0.2126147397113411,15.0,0.0023936020829288,1.4445793479338094,0.4922275369223788,0.3078340940080361,,0.0359098791909621,1.078712273401026,3.052613674817992,0.886506190863741,0.9624898452598704,5.25,0.1968849621189929,0.0578624312878497,168.55345911949686,1.0369404637895894,0.6602317068087437,0.6367112962260816,400.0,3.0802637990557153,2.039691147316904,0.6621806703510884,400.0,-0.2691044972480414,0.0102418870446739,0.2793463842927154,0.139927878981741,1.0,"2,True,The solver successfully reached the end of the integration interval.",10.759,default
SF-295,act_hamming+zero,2,740,25154,1.0000000116860974e-07,3.000000106112566e-06,-34.849998474121094,,NSC740,NSC25154,other,other,,,241279087.64641,244192814.0942555,1.012076166551639,0.1864780883225733,4.6000000000000005,0.8135219116774266,0.0876585112136205,12.2,0.0002034620139117,0.7405428003143131,0.6917469257006026,0.1600527622979332,,0.0409647235917158,0.6223456943778498,4.101826757488357,0.7201719155784589,0.7863171279974162,5.25,0.2033398275045627,0.060731260348103,166.03773584905662,24.98568003893303,16.308968941350532,0.6527326418947842,400.0,0.0043658953188699,0.00272433188224,0.6240030241827309,400.0,-0.1011053955728682,0.0018436617663862,0.1029490573392545,0.1432050414764398,1.0,"2,True,The solver successfully reached the end of the integration interval.",1.935,default
SF-295,act_hamming+zero,4,740,25154,1.0000000116860974e-07,3.000000106112566e-06,-34.849998474121094,,NSC740,NSC25154,other,other,,,241279087.64641,244192814.0942555,1.012076166551639,0.1864780883225733,4.6000000000000005,0.8135219116774266,0.0876585112136205,12.2,0.0002034620139117,0.7405428003143131,0.6917469257006026,0.1600527622979332,,0.0409647235917158,0.6223456943778498,4.101826757488357,0.7201719155784589,0.7863171279974162,5.25,0.2033398275045627,0.060731260348103,166.03773584905662,24.98568003893303,16.308968941350532,0.6527326418947842,400.0,0.0043658953188699,0.00272433188224,0.6240030241827309,400.0,-0.1011053955728682,0.0018436617663862,0.1029490573392545,0.1432050414764398,1.0,"2,True,The solver successfully reached the end of the integration interval.",1.911,default
RPMI-8226,random,0,14229,246131,2.999999892949745e-08,1.9999999494757503e-05,-94.70999908447266,,NSC14229,mitoxantrone,other,dna_intercalator,,,241279087.64641,222426814.4451323,0.9218652831243072,0.0056647986503924,4.6000000000000005,0.9943352013496076,0.3244698084355094,,0.0407491997403361,2.2579861307756977,0.3180524821117073,0.4975012107989354,,0.0270037817337597,1.2902227377810798,2.935404935828336,0.7852820365014126,0.992686856186506,5.25,0.1346655526693954,0.0,196.22641509433964,0.0074007132575906,0.0046828773379254,0.6327602725483793,400.0,14.265289286311544,8.589486144268758,0.6021249181754007,400.0,0.5748580648540311,0.0406357238570063,-0.5342223409970248,0.0478009744678359,1.0,"2,True,The solver successfully reached the end of the integration interval.",8.0,default
RPMI-8226,tanimoto+zero,0,3053,19893,1.000000013351432e-10,9.999999747378752e-05,-76.15699768066406,,dactinomycin,fluorouracil,dna_intercalator,antimetabolite,,,241279087.64641,243060847.59017643,1.0073846430751494,0.0411507085260737,5.0,0.9588492914739264,0.2038813776172144,14.8,0.002221333728345,1.396554409658685,0.5026503381145934,0.2987340209748529,,0.0362492956559689,1.05380724699565,3.0913487071368757,0.8908664009902783,0.9580551713250378,5.25,0.1968849621189929,0.0578624312878497,168.55345911949686,0.002326114730968,0.0012044002407378,0.5177733603177014,400.0,3.0802637990557153,2.039582443380071,0.6621453798876982,400.0,-0.2571392045535974,0.0093251058167647,0.2664643103703621,0.1395486100489856,1.0,"2,True,The solver successfully reached the end of the integration interval.",7.172,default
RPMI-8226,ours+zero,0,19893,749226,9.999999747378752e-05,4.999999873689376e-06,-76.33100128173828,,fluorouracil,NSC749226,antimetabolite,other,,,241279087.64641,235125173.9402251,0.9744946246016838,0.0083894388612177,5.0,0.9916105611387824,0.3264187705187499,,0.0166372119095109,2.087198813445925,0.3411097884845488,0.4671058179018065,,0.0291352374177298,1.4663879150172898,2.620226306363922,0.7805288533871987,0.9914525668564128,5.25,0.178342803429609,0.0448653818382372,176.1006289308176,3.0802637990557153,2.043750595146458,0.6634985600171613,400.0,0.6684768977034642,0.4300715693211159,0.6433604075153774,400.0,-0.4026852952550654,0.0369596870263441,0.4396449822814096,0.1182585794127573,1.0,"2,True,The solver successfully reached the end of the integration interval.",11.773,default
SF-295,act_hamming+zero,9,740,25154,1.0000000116860974e-07,3.000000106112566e-06,-34.849998474121094,,NSC740,NSC25154,other,other,,,241279087.64641,244192814.0942555,1.012076166551639,0.1864780883225733,4.6000000000000005,0.8135219116774266,0.0876585112136205,12.2,0.0002034620139117,0.7405428003143131,0.6917469257006026,0.1600527622979332,,0.0409647235917158,0.6223456943778498,4.101826757488357,0.7201719155784589,0.7863171279974162,5.25,0.2033398275045627,0.060731260348103,166.03773584905662,24.98568003893303,16.308968941350532,0.6527326418947842,400.0,0.0043658953188699,0.00272433188224,0.6240030241827309,400.0,-0.1011053955728682,0.0018436617663862,0.1029490573392545,0.1432050414764398,1.0,"2,True,The solver successfully reached the end of the integration interval.",1.924,default
SF-295,hamming+zero,2,740,25154,1.0000000116860974e-07,3.000000106112566e-06,-34.849998474121094,,NSC740,NSC25154,other,other,,,241279087.64641,244192814.0942555,1.012076166551639,0.1864780883225733,4.6000000000000005,0.8135219116774266,0.0876585112136205,12.2,0.0002034620139117,0.7405428003143131,0.6917469257006026,0.1600527622979332,,0.0409647235917158,0.6223456943778498,4.101826757488357,0.7201719155784589,0.7863171279974162,5.25,0.2033398275045627,0.060731260348103,166.03773584905662,24.98568003893303,16.308968941350532,0.6527326418947842,400.0,0.0043658953188699,0.00272433188224,0.6240030241827309,400.0,-0.1011053955728682,0.0018436617663862,0.1029490573392545,0.1432050414764398,1.0,"2,True,The solver successfully reached the end of the integration interval.",2.02,default
SF-295,hamming+zero,4,740,25154,1.0000000116860974e-07,3.000000106112566e-06,-34.849998474121094,,NSC740,NSC25154,other,other,,,241279087.64641,244192814.0942555,1.012076166551639,0.1864780883225733,4.6000000000000005,0.8135219116774266,0.0876585112136205,12.2,0.0002034620139117,0.7405428003143131,0.6917469257006026,0.1600527622979332,,0.0409647235917158,0.6223456943778498,4.101826757488357,0.7201719155784589,0.7863171279974162,5.25,0.2033398275045627,0.060731260348103,166.03773584905662,24.98568003893303,16.308968941350532,0.6527326418947842,400.0,0.0043658953188699,0.00272433188224,0.6240030241827309,400.0,-0.1011053955728682,0.0018436617663862,0.1029490573392545,0.1432050414764398,1.0,"2,True,The solver successfully reached the end of the integration interval.",2.068,default
SF-295,hamming+zero,9,740,25154,1.0000000116860974e-07,3.000000106112566e-06,-34.849998474121094,,NSC740,NSC25154,other,other,,,241279087.64641,244192814.0942555,1.012076166551639,0.1864780883225733,4.6000000000000005,0.8135219116774266,0.0876585112136205,12.2,0.0002034620139117,0.7405428003143131,0.6917469257006026,0.1600527622979332,,0.0409647235917158,0.6223456943778498,4.101826757488357,0.7201719155784589,0.7863171279974162,5.25,0.2033398275045627,0.060731260348103,166.03773584905662,24.98568003893303,16.308968941350532,0.6527326418947842,400.0,0.0043658953188699,0.00272433188224,0.6240030241827309,400.0,-0.1011053955728682,0.0018436617663862,0.1029490573392545,0.1432050414764398,1.0,"2,True,The solver successfully reached the end of the integration interval.",1.927,default
SF-295,linear_curve,2,119875,681239,1.9999999494757503e-05,3.000000106112566e-07,-95.12000274658205,,cisplatin,bortezomib,platinum,proteasome,,,241279087.64641,181021559.64015096,0.7502579747211026,0.000571511667219,4.6000000000000005,0.999428488332781,0.4659877029196046,,0.1302060393930011,3.254145507888063,0.1506447704856321,0.8220459399192874,,0.0152546132901934,2.590127463291751,1.9707590856333657,0.5967288039644607,0.9992334590737836,5.25,0.0,0.0,400.0,3.568029240982825,2.366813309368242,0.6633391010877187,400.0,10.166128824773349,6.585022927358641,0.6477414403122571,400.0,0.4326488976248079,0.2033288521086869,-0.229320045516121,0.0,1.0,"2,True,The solver successfully reached the end of the integration interval.",5.727,default
SF-295,linear_curve,4,119875,681239,1.9999999494757503e-05,3.000000106112566e-07,-95.12000274658205,,cisplatin,bortezomib,platinum,proteasome,,,241279087.64641,181021559.64015096,0.7502579747211026,0.000571511667219,4.6000000000000005,0.999428488332781,0.4659877029196046,,0.1302060393930011,3.254145507888063,0.1506447704856321,0.8220459399192874,,0.0152546132901934,2.590127463291751,1.9707590856333657,0.5967288039644607,0.9992334590737836,5.25,0.0,0.0,400.0,3.568029240982825,2.366813309368242,0.6633391010877187,400.0,10.166128824773349,6.585022927358641,0.6477414403122571,400.0,0.4326488976248079,0.2033288521086869,-0.229320045516121,0.0,1.0,"2,True,The solver successfully reached the end of the integration interval.",5.796,default
SF-295,linear_curve,9,119875,681239,1.9999999494757503e-05,3.000000106112566e-07,-95.12000274658205,,cisplatin,bortezomib,platinum,proteasome,,,241279087.64641,181021559.64015096,0.7502579747211026,0.000571511667219,4.6000000000000005,0.999428488332781,0.4659877029196046,,0.1302060393930011,3.254145507888063,0.1506447704856321,0.8220459399192874,,0.0152546132901934,2.590127463291751,1.9707590856333657,0.5967288039644607,0.9992334590737836,5.25,0.0,0.0,400.0,3.568029240982825,2.366813309368242,0.6633391010877187,400.0,10.166128824773349,6.585022927358641,0.6477414403122571,400.0,0.4326488976248079,0.2033288521086869,-0.229320045516121,0.0,1.0,"2,True,The solver successfully reached the end of the integration interval.",5.778,default
SF-295,ours+zero,2,681239,747973,3.000000106112566e-07,3.000000106112566e-07,-94.7699966430664,,bortezomib,vorinostat,proteasome,hdac_inhibitor,,,241279087.64641,108089302.36324236,0.4479845452733359,0.0001276215516048,4.4,0.9998723784483952,0.5123439043693411,,0.3541536279486074,3.9053486807920534,0.0700262147808347,1.1547393485088613,,0.0070881944846715,3.648497022882167,1.70797274976672,0.6801709510267855,0.9998116890176372,5.25,0.0,0.0,400.0,10.166128824773349,6.626590703808425,0.65183029037173,400.0,15.837288892247397,10.463222987224372,0.6606700842810467,400.0,0.9620864002101066,0.4805973557354906,-0.4814890444746159,0.0,1.0,"2,True,The solver successfully reached the end of the integration interval.",5.247,default
SF-295,ours+zero,9,752,9706,3.000000106112566e-06,4.999999873689376e-06,-55.029998779296875,,thioguanine,triethylenemelamine,antimetabolite,alkylator,,,241279087.64641,237314870.90608847,0.9835699944865052,0.0095640708714353,4.4,0.9904359291285646,0.284285527782956,,0.0126113884028966,2.0306299155480643,0.3869857575896701,0.4123050182214914,,0.0319901340366222,1.99211330502981,2.041162369923688,0.8429131510265173,0.9856828966117708,5.25,0.1843879427084984,0.0425249427297684,173.58490566037736,5.453086025531121,3.6265930284975574,0.6650533315480446,400.0,10.226680180513428,6.809922751643086,0.6658976942115731,400.0,-0.1461367341537167,0.0201512241940198,0.1662879583477365,0.1172975860107963,1.0,"2,True,The solver successfully reached the end of the integration interval.",4.138,default
SF-295,ours+zero,4,681239,747973,3.000000106112566e-07,3.000000106112566e-07,-94.7699966430664,,bortezomib,vorinostat,proteasome,hdac_inhibitor,,,241279087.64641,108089302.36324236,0.4479845452733359,0.0001276215516048,4.4,0.9998723784483952,0.5123439043693411,,0.3541536279486074,3.9053486807920534,0.0700262147808347,1.1547393485088613,,0.0070881944846715,3.648497022882167,1.70797274976672,0.6801709510267855,0.9998116890176372,5.25,0.0,0.0,400.0,10.166128824773349,6.626590703808425,0.65183029037173,400.0,15.837288892247397,10.463222987224372,0.6606700842810467,400.0,0.9620864002101066,0.4805973557354906,-0.4814890444746159,0.0,1.0,"2,True,The solver successfully reached the end of the integration interval.",5.493,default
SF-295,random,4,613327,681239,9.99999993922529e-09,3.000000106112566e-07,-88.45999908447266,,gemcitabine,bortezomib,antimetabolite,proteasome,,,241279087.64641,234381826.47192535,0.9714137630336512,0.0098780625491966,4.6000000000000005,0.9901219374508032,0.2848433999828313,,0.0180124074788295,2.0164988368417984,0.3756237494052852,0.425246956582737,,0.0309796679975565,1.5803738636949538,2.4402376790838933,0.838408914088162,0.9867663637466132,5.25,0.178342803429609,0.0283778241901845,176.1006289308176,1.818916898944863,1.2058744103325685,0.6629628934846253,400.0,10.166128824773349,6.521890328037423,0.6415313479152993,400.0,0.0100801033389916,0.02298463566807,0.0129045323290784,0.1044311164549469,1.0,"2,True,The solver successfully reached the end of the integration interval.",4.969,default
SF-295,random,9,119875,681239,1.9999999494757503e-05,3.000000026176508e-09,-27.690000534057617,,cisplatin,bortezomib,platinum,proteasome,,,241279087.64641,244675676.14970428,1.0140774260066496,0.1661757042494859,4.4,0.833824295750514,0.082615604382572,10.8,-0.0006544553957031,0.7907051732198145,0.7092404277805373,0.1492065169211062,,0.0416248285891368,0.6652977009712768,3.9205679051207265,0.6286124963807911,0.7641539900827381,5.25,0.2033398275045627,0.060731260348103,166.03773584905662,3.568029240982825,2.3495223697581413,0.6584930254413941,400.0,0.1016612855389326,0.0568325194773872,0.5590379776933122,400.0,-0.0939032997442927,0.0013445820925711,0.0952478818368639,0.1443230456772839,1.0,"2,True,The solver successfully reached the end of the integration interval.",1.773,default
SF-295,random,2,1390,681239,1.0000000116860974e-07,3.000000106112566e-07,-66.69999694824219,,NSC1390,bortezomib,other,proteasome,,,241279087.64641,236696197.9208833,0.9810058560390328,0.0165979209149383,4.4,0.9834020790850616,0.2490555320167531,,0.0137450598878788,1.791219010253126,0.4194444013451122,0.3773255980993438,,0.0329622744430196,1.4504187914758797,2.5510935750396224,0.877785105094818,0.977627188071532,5.25,0.1843879427084984,0.0339766680013239,173.58490566037736,0.0051048501129721,0.0032740410084357,0.6413588912465664,400.0,10.166128824773349,6.512221145370635,0.6405802304512725,400.0,0.0258918467934158,0.0157814914345392,-0.0101103553588766,0.1114956620546251,1.0,"2,True,The solver successfully reached the end of the integration interval.",6.978,default
SF-295,tanimoto+zero,9,71423,141540,2.9999999242136255e-05,4.999999873689376e-06,-5.110000133514404,,megestrol,etoposide,hormonal,topo2,,,241279087.64641,244433355.77984548,1.013073110331294,0.2773480013091722,4.6000000000000005,0.7226519986908277,0.0636406422879452,10.6,-0.0002241284083742,0.5681455681756322,0.7542725788197818,0.1224716805430029,,0.0413303319363926,0.3277824412548095,5.610083394547182,0.473797213124599,0.6918917988189153,5.25,0.2033398275045627,0.060731260348103,166.03773584905662,1974.4489767877471,1316.2145624776697,0.6666237405734503,400.0,10.580405627757251,6.540834103008315,0.6182025843932402,400.0,-0.0790587728726024,0.0010704071785437,0.0801291800511462,0.143286429344457,1.0,"2,True,The solver successfully reached the end of the integration interval.",1.777,default
SK-MEL-5,act_hamming+zero,9,740,762,1.0000000116860974e-07,4.999999987376214e-07,1.090000033378601,,NSC740,mechlorethamine,other,alkylator,,,241279087.64641,244515810.03736472,1.0134148484335206,0.5373063195108679,4.4,0.462693680489132,0.0247381605970842,7.6,-0.0003706034691493,0.2810507526624681,0.8732089204174619,0.0588818363294906,,0.0335316727323012,0.0849820341438151,7.846766832146708,0.0922310236526595,0.3674870178818302,5.25,0.2033398275045627,0.060731260348103,166.03773584905662,3.274310653771972,2.003215709259006,0.6117976945624638,400.0,0.0384073799644939,0.0245611111738334,0.6394893688801258,400.0,-0.0336690763582252,0.0002615714414092,0.0339306477996345,0.1427160046254474,1.0,"2,True,The solver successfully reached the end of the integration interval.",3.288,default
SK-MEL-5,hamming+zero,9,740,762,1.0000000116860974e-07,4.999999987376214e-07,1.090000033378601,,NSC740,mechlorethamine,other,alkylator,,,241279087.64641,244515810.03736472,1.0134148484335206,0.5373063195108679,4.4,0.462693680489132,0.0247381605970842,7.6,-0.0003706034691493,0.2810507526624681,0.8732089204174619,0.0588818363294906,,0.0335316727323012,0.0849820341438151,7.846766832146708,0.0922310236526595,0.3674870178818302,5.25,0.2033398275045627,0.060731260348103,166.03773584905662,3.274310653771972,2.003215709259006,0.6117976945624638,400.0,0.0384073799644939,0.0245611111738334,0.6394893688801258,400.0,-0.0336690763582252,0.0002615714414092,0.0339306477996345,0.1427160046254474,1.0,"2,True,The solver successfully reached the end of the integration interval.",3.333,default
SF-295,tanimoto+zero,2,3053,713563,1.000000013351432e-10,9.999999747378752e-05,16.709999084472656,,dactinomycin,arsenic trioxide,dna_intercalator,other,,,241279087.64641,244370805.59707692,1.0128138662195116,0.8515802911553545,4.4,0.1484197088446455,0.0057355927318432,4.6,-0.0001129787844014,0.0810470995644711,0.9603487851072277,0.0175710086924759,,0.0193863907403238,0.0280937452296137,7.813281125349807,0.069221032650059,0.0968282980549254,5.25,0.2033398275045627,0.060731260348103,166.03773584905662,0.0021201881466497,0.0004487688637507,0.2116646413951039,122.12580035051212,2.24082401906662,1.3375892635090163,0.5969184782596931,400.0,-0.00777317486611,4.724978004633229e-05,0.0078204246461563,0.1419553907119338,1.0,"2,True,The solver successfully reached the end of the integration interval.",6.11,default
SF-295,tanimoto+zero,4,3088,141540,9.999999747378752e-05,4.999999873689376e-06,-29.2549991607666,,chlorambucil,etoposide,alkylator,topo2,,,241279087.64641,244132490.31160372,1.0118261499288133,0.1687608963120861,4.4,0.8312391036879139,0.089316053428029,12.2,0.0003107605128021,0.7840008778886152,0.6913158683091127,0.1603234743051972,,0.0410812018583671,0.6683776502982044,3.9315919575932385,0.7057902133836685,0.785262308542169,5.25,0.2033398275045627,0.0578624312878497,166.03773584905662,14.387939455354518,9.55393250351907,0.6640236799136338,400.0,10.580405627757251,6.678000189572506,0.631166745824286,400.0,-0.0892121262929954,0.0017140536039509,0.0909261798969464,0.1428445926460976,1.0,"2,True,The solver successfully reached the end of the integration interval.",9.827,default
SK-MEL-5,random,9,180973,628503,7.000000096013537e-06,3.999999975690116e-08,-30.979999542236328,,tamoxifen,NSC628503,hormonal,other,,,241279087.64641,244455279.65041563,1.0131639755230684,0.4309627429314016,4.6000000000000005,0.5690372570685984,0.0373992941567725,9.2,-0.0002630796759101,0.3767308820025681,0.8254586452792572,0.0833046796112477,,0.0377100564650755,0.1328548462683463,7.383291181183036,0.2114658268023543,0.5173895641287259,5.25,0.2033398275045627,0.060731260348103,166.03773584905662,749.5384150207869,499.4975616964526,0.6664068868072626,400.0,11.59229589536313,7.416903530863238,0.6398131653825339,400.0,-0.0525925249080143,0.0005402309417188,0.0531327558497332,0.1428266019253036,1.0,"2,True,The solver successfully reached the end of the integration interval.",4.632,default
SK-MEL-5,ours+zero,9,755,628503,2.0000000233721948e-07,3.999999975690116e-08,-49.15999984741211,,mercaptopurine,NSC628503,antimetabolite,other,,,241279087.64641,244440884.62281135,1.013104314208262,0.3562111324500038,4.6000000000000005,0.6437888675499962,0.0441208990127509,9.6,-0.0002375049976285,0.4594631206052694,0.8008715316966853,0.0964371437782976,,0.0393216047026445,0.1688306276038817,7.000270364157343,0.2536662899900345,0.5713602840657379,5.25,0.2033398275045627,0.060731260348103,166.03773584905662,18.689170516814112,12.406631741895842,0.6638406841402592,400.0,11.59229589536313,7.442893603265099,0.6420551778912257,400.0,-0.0600098265202138,0.000660085667281,0.0606699121874948,0.1429079925985427,1.0,"2,True,The solver successfully reached the end of the integration interval.",6.791,default
SK-MEL-5,linear_curve,9,92859,747973,6.000000212225132e-06,2.999999892949745e-08,-97.72000122070312,,dromostanolone,vorinostat,hormonal,hdac_inhibitor,,,241279087.64641,237726411.9520472,0.985275658454208,0.0079397698462847,5.0,0.9920602301537153,0.3245574810776981,,0.0118589062229275,2.111123813363577,0.3541724381765769,0.4507852387799489,,0.0300798354919387,1.5341687934289143,2.5135959258391445,0.7894417776480708,0.991711910524606,5.25,0.1843879427084984,0.0523986702186213,173.58490566037736,7.44836971296567,4.931494655953179,0.6620904769762881,400.0,2.0707176646457612,1.3477724812690943,0.6508721610290887,400.0,-0.4413433235867123,0.0344278810409074,0.4757712046276198,0.1293127416296159,1.0,"2,True,The solver successfully reached the end of the integration interval.",9.07,default
SR,act_hamming+zero,6,26980,747971,4.999999987376214e-07,1.9999999949504854e-06,-94.94000244140624,,mitomycin,sorafenib,alkylator,kinase_inhibitor,,,241279087.64641,195312963.95598084,0.8094898147252957,0.0011707953150355,4.6000000000000005,0.9988292046849644,0.4254170919620689,,0.0972052710794098,2.9426896327602012,0.1894754987536962,0.7224469410733371,,0.0188855582225711,2.6778561465742814,1.83717049522551,0.6532468414961234,0.9984386268672578,5.25,0.0,0.0,400.0,90.80036472291091,60.60428950470483,0.6674454413222531,400.0,0.9043599849896466,0.5908151470388281,0.6532964271363597,400.0,0.8016849804086663,0.1238760624701721,-0.6778089179384942,0.0,1.0,"2,True,The solver successfully reached the end of the integration interval.",4.724,default
SR,linear_curve,6,9706,26980,4.999999873689376e-06,4.999999987376214e-07,-98.98999786376952,,triethylenemelamine,mitomycin,alkylator,alkylator,,,241279087.64641,3219258.9298794568,0.013342469756837,1.938350388709588e-06,4.6000000000000005,0.9999980616496112,0.5421526698201861,,1.880180432694705,5.723738323005112,0.0108034069899428,1.9664392626985585,,0.0001646526901449,5.665233937727091,1.8438279730714096,0.9986796562677148,0.999997373921901,5.25,0.0,0.0,400.0,92.42422518636896,61.69867702281829,0.6675595808177552,400.0,90.80036472291091,60.61450001680783,0.6675578914443883,400.0,0.9995877122811472,0.9837712365885618,-0.0158164756925853,0.0,1.0,"2,True,The solver successfully reached the end of the integration interval.",2.061,default
SR,hamming+zero,6,26980,747971,4.999999987376214e-07,1.9999999949504854e-06,-94.94000244140624,,mitomycin,sorafenib,alkylator,kinase_inhibitor,,,241279087.64641,195312963.95598084,0.8094898147252957,0.0011707953150355,4.6000000000000005,0.9988292046849644,0.4254170919620689,,0.0972052710794098,2.9426896327602012,0.1894754987536962,0.7224469410733371,,0.0188855582225711,2.6778561465742814,1.83717049522551,0.6532468414961234,0.9984386268672578,5.25,0.0,0.0,400.0,90.80036472291091,60.60428950470483,0.6674454413222531,400.0,0.9043599849896466,0.5908151470388281,0.6532964271363597,400.0,0.8016849804086663,0.1238760624701721,-0.6778089179384942,0.0,1.0,"2,True,The solver successfully reached the end of the integration interval.",4.58,default
SR,ours+zero,6,26980,747971,4.999999987376214e-07,1.9999999949504854e-06,-94.94000244140624,,mitomycin,sorafenib,alkylator,kinase_inhibitor,,,241279087.64641,195312963.95598084,0.8094898147252957,0.0011707953150355,4.6000000000000005,0.9988292046849644,0.4254170919620689,,0.0972052710794098,2.9426896327602012,0.1894754987536962,0.7224469410733371,,0.0188855582225711,2.6778561465742814,1.83717049522551,0.6532468414961234,0.9984386268672578,5.25,0.0,0.0,400.0,90.80036472291091,60.60428950470483,0.6674454413222531,400.0,0.9043599849896466,0.5908151470388281,0.6532964271363597,400.0,0.8016849804086663,0.1238760624701721,-0.6778089179384942,0.0,1.0,"2,True,The solver successfully reached the end of the integration interval.",4.652,default
SR,random,6,26980,747971,4.999999987376214e-07,1.9999999949504854e-06,-94.94000244140624,,mitomycin,sorafenib,alkylator,kinase_inhibitor,,,241279087.64641,195312963.95598084,0.8094898147252957,0.0011707953150355,4.6000000000000005,0.9988292046849644,0.4254170919620689,,0.0972052710794098,2.9426896327602012,0.1894754987536962,0.7224469410733371,,0.0188855582225711,2.6778561465742814,1.83717049522551,0.6532468414961234,0.9984386268672578,5.25,0.0,0.0,400.0,90.80036472291091,60.60428950470483,0.6674454413222531,400.0,0.9043599849896466,0.5908151470388281,0.6532964271363597,400.0,0.8016849804086663,0.1238760624701721,-0.6778089179384942,0.0,1.0,"2,True,The solver successfully reached the end of the integration interval.",4.662,default
SR,tanimoto+zero,6,26980,747971,4.999999987376214e-07,1.9999999949504854e-06,-94.94000244140624,,mitomycin,sorafenib,alkylator,kinase_inhibitor,,,241279087.64641,195312963.95598084,0.8094898147252957,0.0011707953150355,4.6000000000000005,0.9988292046849644,0.4254170919620689,,0.0972052710794098,2.9426896327602012,0.1894754987536962,0.7224469410733371,,0.0188855582225711,2.6778561465742814,1.83717049522551,0.6532468414961234,0.9984386268672578,5.25,0.0,0.0,400.0,90.80036472291091,60.60428950470483,0.6674454413222531,400.0,0.9043599849896466,0.5908151470388281,0.6532964271363597,400.0,0.8016849804086663,0.1238760624701721,-0.6778089179384942,0.0,1.0,"2,True,The solver successfully reached the end of the integration interval.",4.705,default
U251,act_hamming+zero,9,85998,409962,9.999999747378752e-05,1.9999999949504854e-06,-40.290000915527344,,streptozocin,carmustine,alkylator,alkylator,,,241279087.64641,244322620.64300203,1.012614159918626,0.9372246176544904,4.4,0.0627753823455096,0.0026622877234668,3.4000000000000004,-2.7336299319088077e-05,0.0394290137105032,0.9786399019016424,0.0093770808074148,,0.0127418437401044,0.01535927242839,6.6484191335211005,0.1979050324929491,0.0410578398308564,5.25,0.2033398275045627,0.0578624312878497,166.03773584905662,0.057991673115147,0.0368411120536585,0.6352827927641883,400.0,0.0419885926861412,0.0266695336720294,0.6351614085135086,400.0,-0.0039592116203279,3.668662944367185e-05,0.0039958982497716,0.1417722206568713,1.0,"2,True,The solver successfully reached the end of the integration interval.",2.068,default
U251,hamming+zero,9,85998,409962,9.999999747378752e-05,1.9999999949504854e-06,-40.290000915527344,,streptozocin,carmustine,alkylator,alkylator,,,241279087.64641,244322620.64300203,1.012614159918626,0.9372246176544904,4.4,0.0627753823455096,0.0026622877234668,3.4000000000000004,-2.7336299319088077e-05,0.0394290137105032,0.9786399019016424,0.0093770808074148,,0.0127418437401044,0.01535927242839,6.6484191335211005,0.1979050324929491,0.0410578398308564,5.25,0.2033398275045627,0.0578624312878497,166.03773584905662,0.057991673115147,0.0368411120536585,0.6352827927641883,400.0,0.0419885926861412,0.0266695336720294,0.6351614085135086,400.0,-0.0039592116203279,3.668662944367185e-05,0.0039958982497716,0.1417722206568713,1.0,"2,True,The solver successfully reached the end of the integration interval.",2.047,default
U251,ours+zero,9,85998,409962,9.999999747378752e-05,1.9999999949504854e-06,-40.290000915527344,,streptozocin,carmustine,alkylator,alkylator,,,241279087.64641,244322620.64300203,1.012614159918626,0.9372246176544904,4.4,0.0627753823455096,0.0026622877234668,3.4000000000000004,-2.7336299319088077e-05,0.0394290137105032,0.9786399019016424,0.0093770808074148,,0.0127418437401044,0.01535927242839,6.6484191335211005,0.1979050324929491,0.0410578398308564,5.25,0.2033398275045627,0.0578624312878497,166.03773584905662,0.057991673115147,0.0368411120536585,0.6352827927641883,400.0,0.0419885926861412,0.0266695336720294,0.6351614085135086,400.0,-0.0039592116203279,3.668662944367185e-05,0.0039958982497716,0.1417722206568713,1.0,"2,True,The solver successfully reached the end of the integration interval.",1.902,default
U251,tanimoto+zero,9,85998,409962,9.999999747378752e-05,1.9999999949504854e-06,-40.290000915527344,,streptozocin,carmustine,alkylator,alkylator,,,241279087.64641,244322620.64300203,1.012614159918626,0.9372246176544904,4.4,0.0627753823455096,0.0026622877234668,3.4000000000000004,-2.7336299319088077e-05,0.0394290137105032,0.9786399019016424,0.0093770808074148,,0.0127418437401044,0.01535927242839,6.6484191335211005,0.1979050324929491,0.0410578398308564,5.25,0.2033398275045627,0.0578624312878497,166.03773584905662,0.057991673115147,0.0368411120536585,0.6352827927641883,400.0,0.0419885926861412,0.0266695336720294,0.6351614085135086,400.0,-0.0039592116203279,3.668662944367185e-05,0.0039958982497716,0.1417722206568713,1.0,"2,True,The solver successfully reached the end of the integration interval.",2.068,default
U251,linear_curve,9,26980,754143,4.999999969612645e-09,9.99999993922529e-09,-90.36000061035156,,mitomycin,bendamustine,alkylator,alkylator,,,241279087.64641,236039456.64175412,0.978283940577832,0.0123620943423095,4.4,0.9876379056576904,0.2653101221480482,,0.0149517355185402,1.9191806475802269,0.3962910222782213,0.401985766220422,,0.0322648944389139,1.9371603842587697,2.079286137392846,0.8623490699137368,0.981896285446322,5.25,0.1843879427084984,0.0339766680013239,173.58490566037736,1.828253653194684,1.2137767410377502,0.6638995299786773,400.0,16.209099229005094,10.802059191345569,0.6664194622250205,400.0,0.015500149651536,0.018113726491846,0.00261357684031,0.1111857858170125,1.0,"2,True,The solver successfully reached the end of the integration interval.",5.169,default
U251,random,9,45388,713563,4.999999873689376e-06,9.999999747378752e-05,-51.60699844360352,,dacarbazine,arsenic trioxide,alkylator,other,,,241279087.64641,244525187.6090094,1.01345371451071,0.556839661236989,4.4,0.443160338763011,0.0238577008926598,7.6,-0.000387259036429,0.2655425406140127,0.8766855596152611,0.0571561468973087,,0.0331730203220782,0.0823775790964038,7.871671817137136,0.092097547315133,0.3528046230210012,5.25,0.2033398275045627,0.060731260348103,166.03773584905662,0.771889939037878,0.4952756238292556,0.6416402116169462,400.0,2.456617606864609,1.4821502606447012,0.6033296580237312,400.0,-0.0294842257752887,0.0002460838986586,0.0297303096739474,0.142709793842754,1.0,"2,True,The solver successfully reached the end of the integration interval.",5.795,default
SK-MEL-5,tanimoto+zero,9,92859,119875,6.000000212225132e-06,1.9999999949504854e-06,-91.9499969482422,,dromostanolone,cisplatin,hormonal,platinum,,,241279087.64641,241369921.7481185,1.0003764690201482,0.0259233217851837,4.800000000000001,0.9740766782148162,0.2318456081588073,16.2,0.0052531921133489,1.5973655867255658,0.4587373229066652,0.3384359241954488,,0.0347503681829304,1.2588328983212678,2.775043729555795,0.8817715334734595,0.9721702612885474,5.25,0.1968849621189929,0.0550853987870166,168.55345911949686,7.44836971296567,4.928326722983359,0.6616651580015458,400.0,0.3724807083952616,0.2455148782349876,0.6591344805284709,400.0,-0.253637837457114,0.0125145052005556,0.2661523426576696,0.1365527293106732,1.0,"2,True,The solver successfully reached the end of the integration interval.",24.599,default
BT-549,linear_curve,8,67574,246131,1.0000000116860974e-07,1.9999999494757503e-05,-89.91000366210938,,vincristine,mitoxantrone,antimitotic,dna_intercalator,,,241279087.64641,228834898.59145135,0.9484240877386132,0.0069001571419259,4.4,0.993099842858074,0.306401651314983,,0.0284140842596374,2.1724137198710616,0.3394558165745845,0.4692167452909509,,0.029127246124505,1.910862850277944,2.156524485250732,0.8169517883665454,0.98993282351001,5.25,0.1610029557745819,0.0,183.6477987421384,11.374212191331845,7.369648093612507,0.6479260250858367,400.0,11.704019281956482,7.524556213922727,0.6429036070987144,400.0,0.3847961106614848,0.0296376673620614,-0.3551584432994233,0.0767638723242449,1.0,"2,True,The solver successfully reached the end of the integration interval.",8.296,diffusivity_high
BT-549,hamming+zero,8,750,105014,4.999999873689376e-05,1.0000000116860974e-07,32.560001373291016,,NSC750,cladribine,other,antimetabolite,,,241279087.64641,244392572.6788792,1.012904081588007,0.8143904295825042,4.4,0.1856095704174958,0.0074452672386165,5.200000000000001,-0.0001516614023727,0.100440039848398,0.9506768630635224,0.0219670755295165,,0.0218323506030822,0.034101233410826,7.972682592906421,0.0525855168152407,0.1250490462979787,5.25,0.2033398275045627,0.060731260348103,166.03773584905662,4.128523645071777,2.578748425376328,0.6246175744820023,400.0,0.0518059910829652,0.0295464484337356,0.5703287943361256,400.0,-0.0142680436239293,7.860588354069442e-05,0.01434664950747,0.1420835651095797,1.0,"2,True,The solver successfully reached the end of the integration interval.",9.42,diffusivity_high
BT-549,act_hamming+zero,8,750,105014,4.999999873689376e-05,1.0000000116860974e-07,32.560001373291016,,NSC750,cladribine,other,antimetabolite,,,241279087.64641,244392572.6788792,1.012904081588007,0.8143904295825042,4.4,0.1856095704174958,0.0074452672386165,5.200000000000001,-0.0001516614023727,0.100440039848398,0.9506768630635224,0.0219670755295165,,0.0218323506030822,0.034101233410826,7.972682592906421,0.0525855168152407,0.1250490462979787,5.25,0.2033398275045627,0.060731260348103,166.03773584905662,4.128523645071777,2.578748425376328,0.6246175744820023,400.0,0.0518059910829652,0.0295464484337356,0.5703287943361256,400.0,-0.0142680436239293,7.860588354069442e-05,0.01434664950747,0.1420835651095797,1.0,"2,True,The solver successfully reached the end of the integration interval.",9.542,diffusivity_high
BT-549,ours+zero,8,125973,681239,2.999999892949745e-08,3.000000106112566e-07,-95.31999969482422,,paclitaxel,bortezomib,antimitotic,proteasome,,,241279087.64641,241475756.52533805,1.0008151095100966,0.0220778531415463,4.6000000000000005,0.9779221468584536,0.2361155139649203,16.4,0.0050628063957408,1.6672137685288144,0.4573380648922152,0.339762650172654,,0.0348706308979739,1.3825497182439328,2.5962938546485583,0.8818578811405652,0.973814688584966,5.25,0.1968849621189929,0.0550853987870166,168.55345911949686,1.7676312857947352,1.1062700269374155,0.6258488610310106,400.0,5.224603901442932,3.434799857192132,0.6574278016068372,400.0,-0.2426066256875421,0.012116870032248,0.2547234957197901,0.1365151433666236,1.0,"2,True,The solver successfully reached the end of the integration interval.",17.162,diffusivity_high
HCT-15,act_hamming+zero,2,740,762,1.0000000116860974e-07,4.999999987376214e-07,-7.039999961853027,,NSC740,mechlorethamine,other,alkylator,,,241279087.64641,244478415.9231134,1.0132598656100356,0.4680712419624392,4.4,0.5319287580375607,0.0301687629481017,8.4,-0.00030418118175,0.340960742066733,0.8504466552286026,0.0703529225763194,,0.0355828709360079,0.103384803981769,7.675120274522864,0.1147514036613039,0.4278116727888564,5.25,0.2033398275045627,0.060731260348103,166.03773584905662,11.084599787238917,7.013431938091281,0.6327185530113099,400.0,0.0249483530145913,0.0145076050410755,0.5815055219312742,400.0,-0.0427615395030462,0.0003664092485609,0.0431279487516071,0.1427208062391901,1.0,"2,True,The solver successfully reached the end of the integration interval.",9.011,diffusivity_high
BT-549,tanimoto+zero,8,750,105014,4.999999873689376e-05,1.0000000116860974e-07,32.560001373291016,,NSC750,cladribine,other,antimetabolite,,,241279087.64641,244392572.6788792,1.012904081588007,0.8143904295825042,4.4,0.1856095704174958,0.0074452672386165,5.200000000000001,-0.0001516614023727,0.100440039848398,0.9506768630635224,0.0219670755295165,,0.0218323506030822,0.034101233410826,7.972682592906421,0.0525855168152407,0.1250490462979787,5.25,0.2033398275045627,0.060731260348103,166.03773584905662,4.128523645071777,2.578748425376328,0.6246175744820023,400.0,0.0518059910829652,0.0295464484337356,0.5703287943361256,400.0,-0.0142680436239293,7.860588354069442e-05,0.01434664950747,0.1420835651095797,1.0,"2,True,The solver successfully reached the end of the integration interval.",9.305,diffusivity_high
HCT-15,ours+zero,2,26980,681239,4.999999987376214e-07,3.000000106112566e-07,-85.52999877929688,,mitomycin,bortezomib,alkylator,proteasome,,,241279087.64641,243890670.6507783,1.010823909481105,0.059751282233733,4.6000000000000005,0.940248717766267,0.1564737310460297,13.8,0.0007411538273338,1.2348233792155046,0.5730116103163905,0.241836578302666,,0.0387267090110852,1.0994913915185285,2.9397471904926453,0.8872864680140248,0.9250901156575037,5.25,0.1968849621189929,0.060731260348103,168.55345911949686,0.0095000025785706,0.0055611799209017,0.5853872012041582,400.0,2.756535066484806,1.7965748900661356,0.6517511465425206,400.0,-0.165975503181923,0.0044268357018659,0.1704023388837889,0.1381774554842169,1.0,"2,True,The solver successfully reached the end of the integration interval.",7.319,diffusivity_high
HCT-15,hamming+zero,2,740,762,1.0000000116860974e-07,4.999999987376214e-07,-7.039999961853027,,NSC740,mechlorethamine,other,alkylator,,,241279087.64641,244478415.9231134,1.0132598656100356,0.4680712419624392,4.4,0.5319287580375607,0.0301687629481017,8.4,-0.00030418118175,0.340960742066733,0.8504466552286026,0.0703529225763194,,0.0355828709360079,0.103384803981769,7.675120274522864,0.1147514036613039,0.4278116727888564,5.25,0.2033398275045627,0.060731260348103,166.03773584905662,11.084599787238917,7.013431938091281,0.6327185530113099,400.0,0.0249483530145913,0.0145076050410755,0.5815055219312742,400.0,-0.0427615395030462,0.0003664092485609,0.0431279487516071,0.1427208062391901,1.0,"2,True,The solver successfully reached the end of the integration interval.",9.036,diffusivity_high
HCT-15,random,2,686673,747973,1.9999999949504854e-06,3.000000106112566e-07,7.989999771118164,,NSC686673,vorinostat,other,hdac_inhibitor,,,241279087.64641,244436052.2524521,1.0130842860723537,0.6652309061609653,4.4,0.3347690938390347,0.0149627736490907,6.6,-0.0002289193122616,0.1883002831686853,0.9124441232228386,0.0397937216320466,,0.0286499917031006,0.0571437592604508,8.047404661367972,0.0421480154908595,0.2408191132213758,5.25,0.2033398275045627,0.060731260348103,166.03773584905662,0.0307498045165011,0.0187884920068726,0.6110117544581553,400.0,2.3786622021631074,1.4668965370413791,0.6166897240421162,400.0,-0.0217800088008459,0.0001510072923952,0.0219310160932412,0.1423160321840071,1.0,"2,True,The solver successfully reached the end of the integration interval.",2.609,diffusivity_high
HS 578T,act_hamming+zero,2,1390,747973,9.999999747378752e-06,3.000000106112566e-07,-74.66000366210938,,NSC1390,vorinostat,other,hdac_inhibitor,,,241279087.64641,241917172.47782016,1.0026445923583118,0.0232152287867859,4.4,0.976784771213214,0.2186274406341516,16.200000000000003,0.0042696439220257,1.645499733193064,0.4778409507780772,0.3207166341280913,,0.0358436140648011,1.5806083473007984,2.342413972370667,0.892941950355719,0.965289950225594,5.25,0.1968849621189929,0.0550853987870166,168.55345911949686,0.4647546002912271,0.2937611342711304,0.6320779484206335,400.0,20.643580204271405,12.97160082040882,0.628360036972891,400.0,-0.2041554573647184,0.0094819129588746,0.2136373703235931,0.1358253460078572,1.0,"2,True,The solver successfully reached the end of the integration interval.",1.994,diffusivity_high
HS 578T,hamming+zero,2,1390,747973,9.999999747378752e-06,3.000000106112566e-07,-74.66000366210938,,NSC1390,vorinostat,other,hdac_inhibitor,,,241279087.64641,241917172.47782016,1.0026445923583118,0.0232152287867859,4.4,0.976784771213214,0.2186274406341516,16.200000000000003,0.0042696439220257,1.645499733193064,0.4778409507780772,0.3207166341280913,,0.0358436140648011,1.5806083473007984,2.342413972370667,0.892941950355719,0.965289950225594,5.25,0.1968849621189929,0.0550853987870166,168.55345911949686,0.4647546002912271,0.2937611342711304,0.6320779484206335,400.0,20.643580204271405,12.97160082040882,0.628360036972891,400.0,-0.2041554573647184,0.0094819129588746,0.2136373703235931,0.1358253460078572,1.0,"2,True,The solver successfully reached the end of the integration interval.",1.998,diffusivity_high
HCT-15,linear_curve,2,681239,754230,3.000000106112566e-07,9.999999960041972e-13,-75.93000030517578,,bortezomib,romidepsin,proteasome,hdac_inhibitor,,,241279087.64641,244396333.3949441,1.012919668169097,0.145437744583027,4.6000000000000005,0.854562255416973,0.0963082292510392,11.8,-0.0001583442800515,0.8484934777004907,0.6768193956282201,0.1695272042042383,,0.0409540167798023,0.7447273587812719,3.691787007947239,0.7470856131333372,0.8211108319131168,5.25,0.2033398275045627,0.060731260348103,166.03773584905662,2.756535066484806,1.7811940854217412,0.6461713863459604,400.0,0.001923121509994,0.001188915532622,0.6182217433706128,400.0,-0.1090598944720904,0.0018631975642955,0.1109230920363859,0.1439066370808166,1.0,"2,True,The solver successfully reached the end of the integration interval.",15.223,diffusivity_high
BT-549,random,8,105014,628503,9.999999974752427e-07,3.999999886872274e-09,13.720000267028809,,cladribine,NSC628503,antimetabolite,other,,,241279087.64641,244523365.99603257,1.0134461646936306,0.5401309647609384,4.4,0.4598690352390616,0.0238609115896406,7.6,-0.0003840237075105,0.2787736258658069,0.8759911735403738,0.0575002697474699,,0.0332051505324263,0.0825532720937638,7.867581349414288,0.0829851764219178,0.3576616343668407,5.25,0.2033398275045627,0.060731260348103,166.03773584905662,0.5180599034675787,0.2963844652880886,0.5721046220799387,400.0,1.0679288136544656,0.6610525935029818,0.6190043615742998,400.0,-0.0404725639186811,0.0002685631978012,0.0407411271164823,0.1427816348109148,1.0,"2,True,The solver successfully reached the end of the integration interval.",26.841,diffusivity_high
HS 578T,ours+zero,2,1390,747973,9.999999747378752e-06,3.000000106112566e-07,-74.66000366210938,,NSC1390,vorinostat,other,hdac_inhibitor,,,241279087.64641,241917172.47782016,1.0026445923583118,0.0232152287867859,4.4,0.976784771213214,0.2186274406341516,16.200000000000003,0.0042696439220257,1.645499733193064,0.4778409507780772,0.3207166341280913,,0.0358436140648011,1.5806083473007984,2.342413972370667,0.892941950355719,0.965289950225594,5.25,0.1968849621189929,0.0550853987870166,168.55345911949686,0.4647546002912271,0.2937611342711304,0.6320779484206335,400.0,20.643580204271405,12.97160082040882,0.628360036972891,400.0,-0.2041554573647184,0.0094819129588746,0.2136373703235931,0.1358253460078572,1.0,"2,True,The solver successfully reached the end of the integration interval.",1.934,diffusivity_high
HS 578T,random,2,1390,747973,9.999999747378752e-06,3.000000106112566e-07,-74.66000366210938,,NSC1390,vorinostat,other,hdac_inhibitor,,,241279087.64641,241917172.47782016,1.0026445923583118,0.0232152287867859,4.4,0.976784771213214,0.2186274406341516,16.200000000000003,0.0042696439220257,1.645499733193064,0.4778409507780772,0.3207166341280913,,0.0358436140648011,1.5806083473007984,2.342413972370667,0.892941950355719,0.965289950225594,5.25,0.1968849621189929,0.0550853987870166,168.55345911949686,0.4647546002912271,0.2937611342711304,0.6320779484206335,400.0,20.643580204271405,12.97160082040882,0.628360036972891,400.0,-0.2041554573647184,0.0094819129588746,0.2136373703235931,0.1358253460078572,1.0,"2,True,The solver successfully reached the end of the integration interval.",2.011,diffusivity_high
HS 578T,linear_curve,2,1390,681239,9.999999974752427e-07,3.000000106112566e-07,-95.26000213623048,,NSC1390,bortezomib,other,proteasome,,,241279087.64641,244553247.5960446,1.0135700113158286,0.2486259001752205,4.4,0.7513740998247795,0.0624058128950542,10.2,-0.0004370927508921,0.6157263326592385,0.7569556093475607,0.1209295883740035,,0.0417062140986539,0.350505513687743,5.427492728050639,0.4024689944859945,0.6765667745481201,5.25,0.2033398275045627,0.060731260348103,166.03773584905662,0.0464754610858523,0.0288416040146334,0.6205770387378293,400.0,2.6960701894000954,1.7242083148681548,0.6395264936525298,400.0,-0.0740558987992101,0.0008844904445441,0.0749403892437543,0.1435049759110162,1.0,"2,True,The solver successfully reached the end of the integration interval.",4.59,diffusivity_high
HS 578T,tanimoto+zero,2,1390,747973,9.999999747378752e-06,3.000000106112566e-07,-74.66000366210938,,NSC1390,vorinostat,other,hdac_inhibitor,,,241279087.64641,241917172.47782016,1.0026445923583118,0.0232152287867859,4.4,0.976784771213214,0.2186274406341516,16.200000000000003,0.0042696439220257,1.645499733193064,0.4778409507780772,0.3207166341280913,,0.0358436140648011,1.5806083473007984,2.342413972370667,0.892941950355719,0.965289950225594,5.25,0.1968849621189929,0.0550853987870166,168.55345911949686,0.4647546002912271,0.2937611342711304,0.6320779484206335,400.0,20.643580204271405,12.97160082040882,0.628360036972891,400.0,-0.2041554573647184,0.0094819129588746,0.2136373703235931,0.1358253460078572,1.0,"2,True,The solver successfully reached the end of the integration interval.",1.978,diffusivity_high
HCT-15,tanimoto+zero,2,681239,754230,3.000000106112566e-07,9.999999960041972e-13,-75.93000030517578,,bortezomib,romidepsin,proteasome,hdac_inhibitor,,,241279087.64641,244396333.3949441,1.012919668169097,0.145437744583027,4.6000000000000005,0.854562255416973,0.0963082292510392,11.8,-0.0001583442800515,0.8484934777004907,0.6768193956282201,0.1695272042042383,,0.0409540167798023,0.7447273587812719,3.691787007947239,0.7470856131333372,0.8211108319131168,5.25,0.2033398275045627,0.060731260348103,166.03773584905662,2.756535066484806,1.7811940854217412,0.6461713863459604,400.0,0.001923121509994,0.001188915532622,0.6182217433706128,400.0,-0.1090598944720904,0.0018631975642955,0.1109230920363859,0.1439066370808166,1.0,"2,True,The solver successfully reached the end of the integration interval.",15.121,diffusivity_high
HT29,act_hamming+zero,3,92859,673596,6.000000212225132e-06,9.999999717180683e-10,1.919999957084656,,dromostanolone,NSC673596,hormonal,other,,,241279087.64641,244493440.5940863,1.0133221365308993,0.5327717229237413,4.6000000000000005,0.4672282770762587,0.0256895006985134,7.8,-0.0003308703730031,0.284629442268694,0.865555949902533,0.0627048539023065,,0.0343426817277633,0.0917735110976815,7.793882276339089,0.1179613073131754,0.400014483182984,5.25,0.2033398275045627,0.060731260348103,166.03773584905662,35.89050091294007,21.62367930658473,0.6024903179545333,400.0,0.0534579804274952,0.0328580818042378,0.6146525091572264,400.0,-0.0411339024619301,0.0003257330511519,0.041459635513082,0.1427311059927836,1.0,"2,True,The solver successfully reached the end of the integration interval.",4.952,diffusivity_high
HT29,hamming+zero,3,92859,673596,6.000000212225132e-06,9.999999717180683e-10,1.919999957084656,,dromostanolone,NSC673596,hormonal,other,,,241279087.64641,244493440.5940863,1.0133221365308993,0.5327717229237413,4.6000000000000005,0.4672282770762587,0.0256895006985134,7.8,-0.0003308703730031,0.284629442268694,0.865555949902533,0.0627048539023065,,0.0343426817277633,0.0917735110976815,7.793882276339089,0.1179613073131754,0.400014483182984,5.25,0.2033398275045627,0.060731260348103,166.03773584905662,35.89050091294007,21.62367930658473,0.6024903179545333,400.0,0.0534579804274952,0.0328580818042378,0.6146525091572264,400.0,-0.0411339024619301,0.0003257330511519,0.041459635513082,0.1427311059927836,1.0,"2,True,The solver successfully reached the end of the integration interval.",4.953,diffusivity_high
HT29,linear_curve,3,681239,686673,3.000000106112566e-07,2.0000000233721948e-07,-61.86000061035156,,bortezomib,NSC686673,proteasome,other,,,241279087.64641,236191318.51758623,0.9789133439683766,0.0105869940478883,4.6000000000000005,0.9894130059521116,0.2883503945260598,,0.0146724111693948,1.986397939770958,0.3765987748814856,0.424121097126247,,0.0312373404349833,1.7032368028867904,2.3054085578620542,0.8350134032190878,0.9871905577519372,5.25,0.1843879427084984,0.0402673444188251,173.58490566037736,19.3674899915252,12.852243804523052,0.6635988354787802,400.0,0.0031882667853898,0.0020129811594403,0.6313716181672038,400.0,-0.1857267150360826,0.0233152360621454,0.2090419510982281,0.1164930236829721,1.0,"2,True,The solver successfully reached the end of the integration interval.",5.202,diffusivity_high
HT29,ours+zero,3,409962,754143,1.9999999949504854e-06,9.99999993922529e-09,-72.94999694824219,,carmustine,bendamustine,alkylator,alkylator,,,241279087.64641,243589972.62765115,1.0095776430679633,0.0369969321497155,4.4,0.9630030678502844,0.1811123010574286,14.6,0.0012769351369181,1.443106988099244,0.538320348134633,0.2689592038447835,,0.0379507123198603,1.390942432082178,2.520446364768408,0.8916640028139837,0.9430008188232858,5.25,0.1968849621189929,0.0578624312878497,168.55345911949686,0.0637659195481261,0.0373937527825365,0.5864222306762835,400.0,13.68780180499778,8.057992890464908,0.588698828728125,400.0,-0.1813924940367233,0.0055992413882678,0.1869917354249911,0.1381431160729631,1.0,"2,True,The solver successfully reached the end of the integration interval.",3.15,diffusivity_high
HT29,random,3,409962,754143,1.9999999949504854e-06,9.99999993922529e-09,-72.94999694824219,,carmustine,bendamustine,alkylator,alkylator,,,241279087.64641,243589972.62765115,1.0095776430679633,0.0369969321497155,4.4,0.9630030678502844,0.1811123010574286,14.6,0.0012769351369181,1.443106988099244,0.538320348134633,0.2689592038447835,,0.0379507123198603,1.390942432082178,2.520446364768408,0.8916640028139837,0.9430008188232858,5.25,0.1968849621189929,0.0578624312878497,168.55345911949686,0.0637659195481261,0.0373937527825365,0.5864222306762835,400.0,13.68780180499778,8.057992890464908,0.588698828728125,400.0,-0.1813924940367233,0.0055992413882678,0.1869917354249911,0.1381431160729631,1.0,"2,True,The solver successfully reached the end of the integration interval.",3.073,diffusivity_high
HT29,tanimoto+zero,3,92859,673596,6.000000212225132e-06,9.999999717180683e-10,1.919999957084656,,dromostanolone,NSC673596,hormonal,other,,,241279087.64641,244493440.5940863,1.0133221365308993,0.5327717229237413,4.6000000000000005,0.4672282770762587,0.0256895006985134,7.8,-0.0003308703730031,0.284629442268694,0.865555949902533,0.0627048539023065,,0.0343426817277633,0.0917735110976815,7.793882276339089,0.1179613073131754,0.400014483182984,5.25,0.2033398275045627,0.060731260348103,166.03773584905662,35.89050091294007,21.62367930658473,0.6024903179545333,400.0,0.0534579804274952,0.0328580818042378,0.6146525091572264,400.0,-0.0411339024619301,0.0003257330511519,0.041459635513082,0.1427311059927836,1.0,"2,True,The solver successfully reached the end of the integration interval.",4.841,diffusivity_high
KM12,act_hamming+zero,5,26271,747973,9.999999747378752e-06,3.000000106112566e-07,0.8999999761581421,,cyclophosphamide,vorinostat,alkylator,hdac_inhibitor,,,241279087.64641,242004772.45750064,1.0030076573074336,0.0237330970775687,4.4,0.9762669029224312,0.2169152943340084,16.200000000000003,0.0041124111756963,1.6359182855324728,0.4804707035022245,0.3183330881103458,,0.0359410264263052,1.5698589949255024,2.3520124495898886,0.8935656431978771,0.964488122242448,5.25,0.1968849621189929,0.0550853987870166,168.55345911949686,17.97405850448311,10.583360269756271,0.588813053385609,400.0,20.111380442073887,12.636737325801183,0.6283376400838491,400.0,-0.2035072072701458,0.0092722481440644,0.2127794554142102,0.1359465149312934,1.0,"2,True,The solver successfully reached the end of the integration interval.",7.707,diffusivity_high
KM12,hamming+zero,5,26271,747973,9.999999747378752e-06,3.000000106112566e-07,0.8999999761581421,,cyclophosphamide,vorinostat,alkylator,hdac_inhibitor,,,241279087.64641,242004772.45750064,1.0030076573074336,0.0237330970775687,4.4,0.9762669029224312,0.2169152943340084,16.200000000000003,0.0041124111756963,1.6359182855324728,0.4804707035022245,0.3183330881103458,,0.0359410264263052,1.5698589949255024,2.3520124495898886,0.8935656431978771,0.964488122242448,5.25,0.1968849621189929,0.0550853987870166,168.55345911949686,17.97405850448311,10.583360269756271,0.588813053385609,400.0,20.111380442073887,12.636737325801183,0.6283376400838491,400.0,-0.2035072072701458,0.0092722481440644,0.2127794554142102,0.1359465149312934,1.0,"2,True,The solver successfully reached the end of the integration interval.",7.45,diffusivity_high
KM12,linear_curve,5,673596,754143,1.000000013351432e-10,9.99999993922529e-09,-83.88999938964844,,NSC673596,bendamustine,other,alkylator,,,241279087.64641,244353393.5618198,1.0127417006811428,0.0766465899382992,4.4,0.9233534100617008,0.1302487393371945,12.8,-8.20331064624249e-05,1.126779863654126,0.6195242313766542,0.2079417024479436,,0.0400271897368721,1.0539753022452258,2.989723838636884,0.8385506422393223,0.8856518875120071,5.25,0.2033398275045627,0.060731260348103,166.03773584905662,0.0002781882476896,0.0001747433641056,0.628147901850194,400.0,6.952046883678343,4.088597068495226,0.5881141391744961,400.0,-0.1353268925453949,0.00281060183351,0.138137494378905,0.1445791610595884,1.0,"2,True,The solver successfully reached the end of the integration interval.",9.036,diffusivity_high
M14,act_hamming+zero,4,25154,119875,3.000000106112566e-07,1.9999999494757503e-05,26.59000015258789,,NSC25154,cisplatin,other,platinum,,,241279087.64641,244405698.54003116,1.012958482743449,0.6732501308128183,4.4,0.3267498691871817,0.0145139103371204,6.800000000000001,-0.0001749859082294,0.1830962547344992,0.9135104131644448,0.0392864977322622,,0.0284322134249208,0.056272402188267,8.059554253262988,0.0386369727969462,0.2337072361939443,5.25,0.2033398275045627,0.060731260348103,166.03773584905662,0.0005794359032895,0.0003548362199707,0.6123821771420559,400.0,4.054053261967809,2.306824675782362,0.5690168645348891,400.0,-0.0207255450274899,0.0001591601060271,0.020884705133517,0.1422185580961275,1.0,"2,True,The solver successfully reached the end of the integration interval.",2.09,diffusivity_high
KM12,ours+zero,5,702294,754143,9.999999747378752e-05,9.99999993922529e-09,-69.5,,NSC702294,bendamustine,other,alkylator,,,241279087.64641,243435747.5928537,1.008938445380746,0.0290061901059446,4.4,0.9709938098940554,0.2050618045723178,15.000000000000002,0.0015519887163981,1.5487820121999465,0.5093688122854727,0.292967649609881,,0.0370497297015348,1.4462774909860114,2.4704510100467494,0.8910313370663662,0.9588719292521244,5.25,0.1968849621189929,0.0578624312878497,168.55345911949686,0.019,0.0119807862387374,0.6305676967756532,400.0,6.952046883678343,4.09031489333228,0.5883612354420841,400.0,-0.2153676087093265,0.0074293845888732,0.2227969932981998,0.1391093466065064,1.0,"2,True,The solver successfully reached the end of the integration interval.",10.727,diffusivity_high
M14,hamming+zero,4,25154,119875,3.000000106112566e-07,1.9999999494757503e-05,26.59000015258789,,NSC25154,cisplatin,other,platinum,,,241279087.64641,244405698.54003116,1.012958482743449,0.6732501308128183,4.4,0.3267498691871817,0.0145139103371204,6.800000000000001,-0.0001749859082294,0.1830962547344992,0.9135104131644448,0.0392864977322622,,0.0284322134249208,0.056272402188267,8.059554253262988,0.0386369727969462,0.2337072361939443,5.25,0.2033398275045627,0.060731260348103,166.03773584905662,0.0005794359032895,0.0003548362199707,0.6123821771420559,400.0,4.054053261967809,2.306824675782362,0.5690168645348891,400.0,-0.0207255450274899,0.0001591601060271,0.020884705133517,0.1422185580961275,1.0,"2,True,The solver successfully reached the end of the integration interval.",1.96,diffusivity_high
KM12,tanimoto+zero,5,26271,747973,9.999999747378752e-06,3.000000106112566e-07,0.8999999761581421,,cyclophosphamide,vorinostat,alkylator,hdac_inhibitor,,,241279087.64641,242004772.45750064,1.0030076573074336,0.0237330970775687,4.4,0.9762669029224312,0.2169152943340084,16.200000000000003,0.0041124111756963,1.6359182855324728,0.4804707035022245,0.3183330881103458,,0.0359410264263052,1.5698589949255024,2.3520124495898886,0.8935656431978771,0.964488122242448,5.25,0.1968849621189929,0.0550853987870166,168.55345911949686,17.97405850448311,10.583360269756271,0.588813053385609,400.0,20.111380442073887,12.636737325801183,0.6283376400838491,400.0,-0.2035072072701458,0.0092722481440644,0.2127794554142102,0.1359465149312934,1.0,"2,True,The solver successfully reached the end of the integration interval.",8.102,diffusivity_high
KM12,random,5,762,713563,1.9999999949504854e-06,9.999999747378752e-05,0.1879999935626983,,mechlorethamine,arsenic trioxide,alkylator,other,,,241279087.64641,244630263.76044527,1.0138892108169206,0.2883270660305471,4.4,0.7116729339694529,0.0525851586542079,9.4,-0.0005738418224222,0.5513872885187177,0.7805421165318219,0.1076036582852465,,0.040665635464012,0.2195587066796393,6.479932818591747,0.287137635037929,0.6119648334265066,5.25,0.2033398275045627,0.060731260348103,166.03773584905662,0.087332094363511,0.050832351283474,0.5820580813267747,400.0,2.4168985384296877,1.5137391387840682,0.6263147230696651,400.0,-0.0645081683277335,0.0006942499630333,0.0652024182907669,0.1435559192693914,1.0,"2,True,The solver successfully reached the end of the integration interval.",10.695,diffusivity_high
M14,random,4,125973,246131,3.000000106112566e-07,1.9999999494757503e-05,-2.259999990463257,,paclitaxel,mitoxantrone,antimitotic,dna_intercalator,,,241279087.64641,244684845.47255835,1.0141154289804817,0.2248481505978685,4.6000000000000005,0.7751518494021314,0.0698694808775856,10.2,-0.0006707304573103,0.6592812888899119,0.7374299863101886,0.1322792065396834,,0.0417015986198183,0.4552447546802458,4.809967346670162,0.5317543017491853,0.7248931969864754,5.25,0.2033398275045627,0.060731260348103,166.03773584905662,12.074200839692525,7.354966770346639,0.6091472941354468,400.0,2.6714752421683974,1.4198424378242105,0.5314825364699038,400.0,-0.0854583783869715,0.0011471582401236,0.0866055366270952,0.1441599416583288,1.0,"2,True,The solver successfully reached the end of the integration interval.",1.775,diffusivity_high
M14,ours+zero,4,719344,761432,3.000000026176508e-09,5.000000058430487e-08,-45.69100189208984,,anastrozole,NSC761432,hormonal,other,,,241279087.64641,244366670.10301608,1.0127967263417823,0.1478856636307185,4.6000000000000005,0.8521143363692815,0.0935973246275177,11.8,-0.0001056291444007,0.8412445341337219,0.6812559587894144,0.1666896860245947,,0.0410170225570146,0.7304112837894421,3.732842818179277,0.7366761836809868,0.8120543903756882,5.25,0.2033398275045627,0.060731260348103,166.03773584905662,10.760851184062176,6.478487047505199,0.6020422489533581,400.0,157.80868524018254,100.6691205356406,0.6379187582890234,400.0,-0.1074407469079949,0.0018130887809506,0.1092538356889456,0.1437713078277988,1.0,"2,True,The solver successfully reached the end of the integration interval.",6.703,diffusivity_high
MDA-MB-435,pool_optimum,-1,24559,701852,9.999999974752427e-07,9.999999974752427e-07,-93.4499969482422,,NSC24559,irinotecan,other,topo1,,,241279087.64641,244627522.52902785,1.013877849569478,0.3055333751256541,4.4,0.6944666248743459,0.0497396417627538,9.4,-0.000568975260411,0.5262140436076861,0.7885593045541578,0.1031656394662055,,0.040191741663514,0.1956332108020502,6.710825011320818,0.2601597555058043,0.5921052444422564,5.25,0.2033398275045627,0.060731260348103,166.03773584905662,2.539011248752824,1.589686354877892,0.626104494676325,400.0,0.7738704833525072,0.4860231741930857,0.6280420104505994,400.0,-0.0618530320112751,0.0006445127792555,0.0624975447905307,0.1434970959730404,1.0,"2,True,The solver successfully reached the end of the integration interval.",3.589,diffusivity_high
M14,linear_curve,4,609699,681239,1.0000000116860974e-07,3.000000106112566e-07,-96.5999984741211,,topotecan,bortezomib,topo1,proteasome,,,241279087.64641,238863815.42378375,0.9899897158672708,0.0083444956501515,4.6000000000000005,0.9916555043498484,0.3026641767708032,,0.009785976645629,2.089770516080059,0.3788476636079509,0.4215353867445072,,0.031640444956444,1.8122692621504708,2.1952804161087367,0.8215399631706907,0.9890708368677223,5.25,0.190568164729299,0.0498007529556812,171.0691823899371,3.591378767115229,2.3342674363633305,0.6499641468444523,400.0,3.4357492135598684,2.2592634518275947,0.6575751928897958,400.0,-0.3412083915075738,0.0241079670941927,0.3653163586017666,0.1312532097640961,1.0,"2,True,The solver successfully reached the end of the integration interval.",8.855,diffusivity_high
MOLT-4,linear_curve,3,6396,63878,9.999999974752427e-07,1.0000000116860974e-07,-99.87999725341795,,thiotepa,cytarabine,alkylator,antimetabolite,,,241279087.64641,211980185.4830227,0.8785684144896788,0.0011105940422653,4.4,0.9988894059577348,0.4325871610448749,,0.0616410739221227,2.965717361813221,0.2073285473674947,0.6833408951536556,,0.020702358658727,3.257608904111391,1.5430203834051768,0.6336157778195113,0.9983700502339932,5.25,0.1249925835096809,0.0057570622712782,201.25786163522017,7.564270332450244,4.453570750400784,0.5887640915337525,400.0,20.40055810519228,11.768564643769142,0.5768746415213928,400.0,-0.3239261420652879,0.1156857479114428,0.4396118899767307,0.0638243128232776,1.0,"2,True,The solver successfully reached the end of the integration interval.",2.574,diffusivity_high
M14,tanimoto+zero,4,1390,753082,0.0001999999949475,4.999999873689376e-06,-4.0920000076293945,,NSC1390,pazopanib,other,kinase_inhibitor,,,241279087.64641,240905007.41003305,0.9984495952797816,0.0178536516471706,4.4,0.9821463483528292,0.2381449104511362,,0.0060905144866502,1.759545644449703,0.4497458161047644,0.3470328681181874,,0.0347771525973085,1.7180686980901805,2.2249506143708344,0.8822746143475543,0.9732759316086652,5.25,0.190568164729299,0.0523986702186213,171.0691823899371,10.206807147819664,6.497903528876613,0.6366245031155182,400.0,18.03917270732172,11.49464377638554,0.6372045970666994,400.0,-0.2048423700817359,0.011954125877001,0.2167964959587369,0.1285146189890143,1.0,"2,True,The solver successfully reached the end of the integration interval.",9.477,diffusivity_high
MOLT-4,hamming+zero,3,63878,105014,9.99999993922529e-09,1.0000000116860974e-07,-99.70999908447266,,cytarabine,cladribine,antimetabolite,antimetabolite,,,241279087.64641,244573402.7831878,1.013653546061172,0.0574036855462287,4.4,0.9425963144537712,0.1492048911672724,13.000000000000002,-0.0004728842439796,1.2523329244656212,0.5930681286690144,0.2268954142150075,,0.0393988837824422,1.0972324535146072,2.9269022790761388,0.8658429472891316,0.91208275394287,5.25,0.2033398275045627,0.060731260348103,166.03773584905662,2.0400557742805585,1.173785077522017,0.5753691111391117,400.0,3.277220739628644,1.886698256301118,0.5757006946425305,400.0,-0.1700576586373841,0.0038632417130685,0.1739209003504526,0.1461736426571657,1.0,"2,True,The solver successfully reached the end of the integration interval.",34.902,diffusivity_high
MOLT-4,act_hamming+zero,3,63878,105014,9.99999993922529e-09,1.0000000116860974e-07,-99.70999908447266,,cytarabine,cladribine,antimetabolite,antimetabolite,,,241279087.64641,244573402.7831878,1.013653546061172,0.0574036855462287,4.4,0.9425963144537712,0.1492048911672724,13.000000000000002,-0.0004728842439796,1.2523329244656212,0.5930681286690144,0.2268954142150075,,0.0393988837824422,1.0972324535146072,2.9269022790761388,0.8658429472891316,0.91208275394287,5.25,0.2033398275045627,0.060731260348103,166.03773584905662,2.0400557742805585,1.173785077522017,0.5753691111391117,400.0,3.277220739628644,1.886698256301118,0.5757006946425305,400.0,-0.1700576586373841,0.0038632417130685,0.1739209003504526,0.1461736426571657,1.0,"2,True,The solver successfully reached the end of the integration interval.",35.583,diffusivity_high
MOLT-4,ours+zero,3,63878,105014,9.99999993922529e-09,1.0000000116860974e-07,-99.70999908447266,,cytarabine,cladribine,antimetabolite,antimetabolite,,,241279087.64641,244573402.7831878,1.013653546061172,0.0574036855462287,4.4,0.9425963144537712,0.1492048911672724,13.000000000000002,-0.0004728842439796,1.2523329244656212,0.5930681286690144,0.2268954142150075,,0.0393988837824422,1.0972324535146072,2.9269022790761388,0.8658429472891316,0.91208275394287,5.25,0.2033398275045627,0.060731260348103,166.03773584905662,2.0400557742805585,1.173785077522017,0.5753691111391117,400.0,3.277220739628644,1.886698256301118,0.5757006946425305,400.0,-0.1700576586373841,0.0038632417130685,0.1739209003504526,0.1461736426571657,1.0,"2,True,The solver successfully reached the end of the integration interval.",35.363,diffusivity_high
MOLT-4,random,3,63878,105014,9.99999993922529e-09,1.0000000116860974e-07,-99.70999908447266,,cytarabine,cladribine,antimetabolite,antimetabolite,,,241279087.64641,244573402.7831878,1.013653546061172,0.0574036855462287,4.4,0.9425963144537712,0.1492048911672724,13.000000000000002,-0.0004728842439796,1.2523329244656212,0.5930681286690144,0.2268954142150075,,0.0393988837824422,1.0972324535146072,2.9269022790761388,0.8658429472891316,0.91208275394287,5.25,0.2033398275045627,0.060731260348103,166.03773584905662,2.0400557742805585,1.173785077522017,0.5753691111391117,400.0,3.277220739628644,1.886698256301118,0.5757006946425305,400.0,-0.1700576586373841,0.0038632417130685,0.1739209003504526,0.1461736426571657,1.0,"2,True,The solver successfully reached the end of the integration interval.",35.092,diffusivity_high
NCI-H322M,linear_curve,5,713563,715055,9.999999974752427e-07,9.999999747378752e-06,-33.05699920654297,,arsenic trioxide,gefitinib,other,kinase_inhibitor,,,241279087.64641,232271100.630877,0.9626656951358584,0.0057410658399536,4.6000000000000005,0.9942589341600464,0.3250491235457521,,0.0219411638787896,2.2521780811940424,0.3302869729923648,0.4811085551886991,,0.0289054499950293,2.0805910553909657,2.0272027586555725,0.7914271631109147,0.9922235800443284,5.25,0.1724312542656479,0.030169722882606,178.61635220125788,0.0225956572702513,0.0142925627782601,0.6325358278945568,400.0,63.097079365186474,40.25485547051002,0.6379828650630136,400.0,-0.1630440979639094,0.034279843983543,0.1973239419474524,0.1020798474230341,1.0,"2,True,The solver successfully reached the end of the integration interval.",11.091,diffusivity_high
NCI-H322M,act_hamming+zero,5,740,6396,1.0000000116860974e-07,9.999999974752427e-07,-56.81999969482422,,NSC740,thiotepa,other,alkylator,,,241279087.64641,244378036.3996346,1.0128438348447588,0.7824048094325559,4.4,0.2175951905674441,0.008841717005994,5.6,-0.0001258291377155,0.117841189811192,0.9426814529579434,0.0256350374791573,,0.0235183497104256,0.0388311867486134,8.042445529388182,0.04336210717916,0.1471900662242924,5.25,0.2033398275045627,0.060731260348103,166.03773584905662,3.870470152891944,2.4176936880816755,0.6246511644780982,400.0,0.053622390134832,0.0310655571756648,0.5793392852789914,400.0,-0.0135123012369364,9.541383058964126e-05,0.0136077150675261,0.142044924212592,1.0,"2,True,The solver successfully reached the end of the integration interval.",16.588,diffusivity_high
NCI-H322M,hamming+zero,5,740,6396,1.0000000116860974e-07,9.999999974752427e-07,-56.81999969482422,,NSC740,thiotepa,other,alkylator,,,241279087.64641,244378036.3996346,1.0128438348447588,0.7824048094325559,4.4,0.2175951905674441,0.008841717005994,5.6,-0.0001258291377155,0.117841189811192,0.9426814529579434,0.0256350374791573,,0.0235183497104256,0.0388311867486134,8.042445529388182,0.04336210717916,0.1471900662242924,5.25,0.2033398275045627,0.060731260348103,166.03773584905662,3.870470152891944,2.4176936880816755,0.6246511644780982,400.0,0.053622390134832,0.0310655571756648,0.5793392852789914,400.0,-0.0135123012369364,9.541383058964126e-05,0.0136077150675261,0.142044924212592,1.0,"2,True,The solver successfully reached the end of the integration interval.",16.561,diffusivity_high
NCI-H322M,ours+zero,5,14229,24559,3.000000106112566e-06,9.999999974752427e-07,-61.189998626708984,,NSC14229,NSC24559,other,other,,,241279087.64641,244654746.18582097,1.0139906801386696,0.237094952615932,4.4,0.762905047384068,0.0636455037331045,10.0,-0.0006173035350723,0.636350392581488,0.7527271252484045,0.123362433462948,,0.0418354466238423,0.3865135723351462,5.1906807287315795,0.4197756736408551,0.6791651836203751,5.25,0.2033398275045627,0.060731260348103,166.03773584905662,0.025737532844235,0.0159412602770714,0.6193779479000131,400.0,2.4496629563880408,1.5364788751051313,0.6272205207244617,400.0,-0.0759496442264469,0.0009118635869757,0.0768615078134226,0.1438514879878953,1.0,"2,True,The solver successfully reached the end of the integration interval.",5.32,diffusivity_high
NCI-H322M,random,5,32065,760766,9.999999747378752e-05,1.9999999949504854e-06,14.109999656677246,,hydroxyurea,NSC760766,antimetabolite,other,,,241279087.64641,244487846.48720095,1.0132989513185384,0.5025694204586294,4.4,0.4974305795413706,0.0272792413958896,8.0,-0.0003209334293377,0.3100766413981738,0.8618849880361498,0.0645506835880076,,0.0345720813427947,0.0935892122003232,7.770432369244729,0.1003366037397023,0.3975296823280152,5.25,0.2033398275045627,0.060731260348103,166.03773584905662,1.7752751727968317,1.018571995046765,0.5737544301045289,400.0,0.6866976526575895,0.4249887946684935,0.6188877929373194,400.0,-0.0393632514355011,0.0003171802159578,0.0396804316514589,0.1426968714256899,1.0,"2,True,The solver successfully reached the end of the integration interval.",6.716,diffusivity_high
MOLT-4,tanimoto+zero,3,63878,105014,9.99999993922529e-09,1.0000000116860974e-07,-99.70999908447266,,cytarabine,cladribine,antimetabolite,antimetabolite,,,241279087.64641,244573402.7831878,1.013653546061172,0.0574036855462287,4.4,0.9425963144537712,0.1492048911672724,13.000000000000002,-0.0004728842439796,1.2523329244656212,0.5930681286690144,0.2268954142150075,,0.0393988837824422,1.0972324535146072,2.9269022790761388,0.8658429472891316,0.91208275394287,5.25,0.2033398275045627,0.060731260348103,166.03773584905662,2.0400557742805585,1.173785077522017,0.5753691111391117,400.0,3.277220739628644,1.886698256301118,0.5757006946425305,400.0,-0.1700576586373841,0.0038632417130685,0.1739209003504526,0.1461736426571657,1.0,"2,True,The solver successfully reached the end of the integration interval.",34.754,diffusivity_high
NCI-H322M,tanimoto+zero,5,740,6396,1.0000000116860974e-07,9.999999974752427e-07,-56.81999969482422,,NSC740,thiotepa,other,alkylator,,,241279087.64641,244378036.3996346,1.0128438348447588,0.7824048094325559,4.4,0.2175951905674441,0.008841717005994,5.6,-0.0001258291377155,0.117841189811192,0.9426814529579434,0.0256350374791573,,0.0235183497104256,0.0388311867486134,8.042445529388182,0.04336210717916,0.1471900662242924,5.25,0.2033398275045627,0.060731260348103,166.03773584905662,3.870470152891944,2.4176936880816755,0.6246511644780982,400.0,0.053622390134832,0.0310655571756648,0.5793392852789914,400.0,-0.0135123012369364,9.541383058964126e-05,0.0136077150675261,0.142044924212592,1.0,"2,True,The solver successfully reached the end of the integration interval.",17.606,diffusivity_high
RPMI-8226,linear_curve,0,127716,681239,3.000000106112566e-07,3.000000106112566e-07,-98.0500030517578,,decitabine,bortezomib,antimetabolite,proteasome,,,241279087.64641,240655676.8343825,0.9974162252596832,0.0097892622903147,4.4,0.9902107377096852,0.2885242578621467,,0.006540231028691,2.020522736192938,0.403845326157311,0.3937849389949468,,0.032930088095214,1.8024662211129443,2.1807412041045207,0.8394836279182885,0.9861673288951612,5.25,0.190568164729299,0.0550853987870166,171.0691823899371,6.647919983820463,3.8324251772817752,0.5764848533991133,400.0,2.659365748651904,1.746065687295042,0.6565722252308334,400.0,-0.3395795783917918,0.0194903018316797,0.3590698802234716,0.1335111578182664,1.0,"2,True,The solver successfully reached the end of the integration interval.",5.481,diffusivity_high
RPMI-8226,act_hamming+zero,0,740,19893,2.999999892949745e-08,9.999999747378752e-05,-71.53700256347656,,NSC740,fluorouracil,other,antimetabolite,,,241279087.64641,244554395.19419825,1.013574767625896,0.1127827678774441,4.6000000000000005,0.8872172321225559,0.1110742948872032,11.8,-0.0004391307298642,0.9589278599911738,0.6535358874696203,0.1847305591131386,,0.0405622940123118,0.8206951391897972,3.4917699165780043,0.7988795011030165,0.8584725432938043,5.25,0.2033398275045627,0.060731260348103,166.03773584905662,1.0369404637895894,0.6505625055814327,0.6273865552549616,400.0,3.0802637990557153,1.7724825348385476,0.5754320572744189,400.0,-0.1315219329671237,0.0023049830410905,0.1338269160082142,0.144840754427168,1.0,"2,True,The solver successfully reached the end of the integration interval.",25.348,diffusivity_high
RPMI-8226,random,0,14229,246131,2.999999892949745e-08,1.9999999494757503e-05,-94.70999908447266,,NSC14229,mitoxantrone,other,dna_intercalator,,,241279087.64641,231563123.2158428,0.9597314275126664,0.011250723518482,4.4,0.988749276481518,0.2720397917634705,,0.0232669432526815,1.9600922489782489,0.3759509753738988,0.4248687840955613,,0.0309583827137705,1.7651651542613185,2.2511568075039254,0.8561310571999925,0.9839691375721936,5.25,0.1724312542656479,0.0,178.61635220125788,0.0074007132575906,0.0046708886308591,0.6311403331386197,400.0,14.265289286311544,9.1877271084929,0.6440617448472715,400.0,0.3805651776463356,0.021552302037462,-0.3590128756088735,0.0881204351784751,1.0,"2,True,The solver successfully reached the end of the integration interval.",8.586,diffusivity_high
RPMI-8226,hamming+zero,0,740,19893,2.999999892949745e-08,9.999999747378752e-05,-71.53700256347656,,NSC740,fluorouracil,other,antimetabolite,,,241279087.64641,244554395.19419825,1.013574767625896,0.1127827678774441,4.6000000000000005,0.8872172321225559,0.1110742948872032,11.8,-0.0004391307298642,0.9589278599911738,0.6535358874696203,0.1847305591131386,,0.0405622940123118,0.8206951391897972,3.4917699165780043,0.7988795011030165,0.8584725432938043,5.25,0.2033398275045627,0.060731260348103,166.03773584905662,1.0369404637895894,0.6505625055814327,0.6273865552549616,400.0,3.0802637990557153,1.7724825348385476,0.5754320572744189,400.0,-0.1315219329671237,0.0023049830410905,0.1338269160082142,0.144840754427168,1.0,"2,True,The solver successfully reached the end of the integration interval.",25.346,diffusivity_high
RPMI-8226,ours+zero,0,19893,749226,9.999999747378752e-05,4.999999873689376e-06,-76.33100128173828,,fluorouracil,NSC749226,antimetabolite,other,,,241279087.64641,243728655.96780872,1.0101524269893978,0.0352514780323176,4.6000000000000005,0.9647485219676823,0.1931959108234173,14.4,0.0010297481530678,1.4639932777750155,0.5250734976982349,0.2797799015260825,,0.0374196912063624,1.247905914096804,2.728511027526243,0.8934890094770237,0.954697291421188,5.25,0.1968849621189929,0.060731260348103,168.55345911949686,3.0802637990557153,1.7739539410874086,0.5759097456624434,400.0,0.6684768977034642,0.4212476529366216,0.6301603755998263,400.0,-0.22000152268972,0.0068406357380234,0.2268421584277434,0.1396429037766058,1.0,"2,True,The solver successfully reached the end of the integration interval.",15.175,diffusivity_high
SF-295,act_hamming+zero,2,740,25154,1.0000000116860974e-07,3.000000106112566e-06,-34.849998474121094,,NSC740,NSC25154,other,other,,,241279087.64641,244501535.72810733,1.0133556874453196,0.3135541250963291,4.4,0.6864458749036708,0.0515123646725902,9.8,-0.0003452495474575,0.5149601825046343,0.7847648576467444,0.1052604532221696,,0.0403408927606204,0.2058532496899877,6.619970139718235,0.2875379479705643,0.609819689672052,5.25,0.2033398275045627,0.060731260348103,166.03773584905662,24.98568003893303,15.8852806576351,0.6357753974629643,400.0,0.0043658953188699,0.0027078829816423,0.6202354348576604,400.0,-0.0654881151772377,0.0007195238135402,0.0662076389907779,0.143176214962839,1.0,"2,True,The solver successfully reached the end of the integration interval.",8.137,diffusivity_high
SF-295,act_hamming+zero,4,740,25154,1.0000000116860974e-07,3.000000106112566e-06,-34.849998474121094,,NSC740,NSC25154,other,other,,,241279087.64641,244501535.72810733,1.0133556874453196,0.3135541250963291,4.4,0.6864458749036708,0.0515123646725902,9.8,-0.0003452495474575,0.5149601825046343,0.7847648576467444,0.1052604532221696,,0.0403408927606204,0.2058532496899877,6.619970139718235,0.2875379479705643,0.609819689672052,5.25,0.2033398275045627,0.060731260348103,166.03773584905662,24.98568003893303,15.8852806576351,0.6357753974629643,400.0,0.0043658953188699,0.0027078829816423,0.6202354348576604,400.0,-0.0654881151772377,0.0007195238135402,0.0662076389907779,0.143176214962839,1.0,"2,True,The solver successfully reached the end of the integration interval.",8.108,diffusivity_high
RPMI-8226,tanimoto+zero,0,3053,19893,1.000000013351432e-10,9.999999747378752e-05,-76.15699768066406,,dactinomycin,fluorouracil,dna_intercalator,antimetabolite,,,241279087.64641,244560475.7529828,1.0135999689760995,0.1309231598303597,4.6000000000000005,0.8690768401696403,0.1016502879909243,11.599999999999998,-0.0004499288195729,0.8941541302266146,0.6707066381335787,0.1734673953284749,,0.0408673891577831,0.7591573250555607,3.652232949167912,0.7635045279977868,0.8367267978291995,5.25,0.2033398275045627,0.060731260348103,166.03773584905662,0.002326114730968,0.0012719793383219,0.5468257095782296,400.0,3.0802637990557153,1.7723251058460268,0.57538094834259,400.0,-0.1222952343535306,0.0019881257799558,0.1242833601334865,0.1445870277528116,1.0,"2,True,The solver successfully reached the end of the integration interval.",12.988,diffusivity_high
SF-295,act_hamming+zero,9,740,25154,1.0000000116860974e-07,3.000000106112566e-06,-34.849998474121094,,NSC740,NSC25154,other,other,,,241279087.64641,244501535.72810733,1.0133556874453196,0.3135541250963291,4.4,0.6864458749036708,0.0515123646725902,9.8,-0.0003452495474575,0.5149601825046343,0.7847648576467444,0.1052604532221696,,0.0403408927606204,0.2058532496899877,6.619970139718235,0.2875379479705643,0.609819689672052,5.25,0.2033398275045627,0.060731260348103,166.03773584905662,24.98568003893303,15.8852806576351,0.6357753974629643,400.0,0.0043658953188699,0.0027078829816423,0.6202354348576604,400.0,-0.0654881151772377,0.0007195238135402,0.0662076389907779,0.143176214962839,1.0,"2,True,The solver successfully reached the end of the integration interval.",8.276,diffusivity_high
SF-295,hamming+zero,2,740,25154,1.0000000116860974e-07,3.000000106112566e-06,-34.849998474121094,,NSC740,NSC25154,other,other,,,241279087.64641,244501535.72810733,1.0133556874453196,0.3135541250963291,4.4,0.6864458749036708,0.0515123646725902,9.8,-0.0003452495474575,0.5149601825046343,0.7847648576467444,0.1052604532221696,,0.0403408927606204,0.2058532496899877,6.619970139718235,0.2875379479705643,0.609819689672052,5.25,0.2033398275045627,0.060731260348103,166.03773584905662,24.98568003893303,15.8852806576351,0.6357753974629643,400.0,0.0043658953188699,0.0027078829816423,0.6202354348576604,400.0,-0.0654881151772377,0.0007195238135402,0.0662076389907779,0.143176214962839,1.0,"2,True,The solver successfully reached the end of the integration interval.",7.839,diffusivity_high
SF-295,hamming+zero,4,740,25154,1.0000000116860974e-07,3.000000106112566e-06,-34.849998474121094,,NSC740,NSC25154,other,other,,,241279087.64641,244501535.72810733,1.0133556874453196,0.3135541250963291,4.4,0.6864458749036708,0.0515123646725902,9.8,-0.0003452495474575,0.5149601825046343,0.7847648576467444,0.1052604532221696,,0.0403408927606204,0.2058532496899877,6.619970139718235,0.2875379479705643,0.609819689672052,5.25,0.2033398275045627,0.060731260348103,166.03773584905662,24.98568003893303,15.8852806576351,0.6357753974629643,400.0,0.0043658953188699,0.0027078829816423,0.6202354348576604,400.0,-0.0654881151772377,0.0007195238135402,0.0662076389907779,0.143176214962839,1.0,"2,True,The solver successfully reached the end of the integration interval.",7.917,diffusivity_high
SF-295,hamming+zero,9,740,25154,1.0000000116860974e-07,3.000000106112566e-06,-34.849998474121094,,NSC740,NSC25154,other,other,,,241279087.64641,244501535.72810733,1.0133556874453196,0.3135541250963291,4.4,0.6864458749036708,0.0515123646725902,9.8,-0.0003452495474575,0.5149601825046343,0.7847648576467444,0.1052604532221696,,0.0403408927606204,0.2058532496899877,6.619970139718235,0.2875379479705643,0.609819689672052,5.25,0.2033398275045627,0.060731260348103,166.03773584905662,24.98568003893303,15.8852806576351,0.6357753974629643,400.0,0.0043658953188699,0.0027078829816423,0.6202354348576604,400.0,-0.0654881151772377,0.0007195238135402,0.0662076389907779,0.143176214962839,1.0,"2,True,The solver successfully reached the end of the integration interval.",8.044,diffusivity_high
SF-295,linear_curve,2,119875,681239,1.9999999494757503e-05,3.000000106112566e-07,-95.12000274658205,,cisplatin,bortezomib,platinum,proteasome,,,241279087.64641,206340201.35540485,0.8551930603193948,0.000894846424459,4.4,0.999105153575541,0.4438328323580169,,0.0733524917405914,3.059524194079084,0.1913510919723606,0.7181690550688654,,0.0193746063775085,3.412618408129678,1.506783917202508,0.6159008916233933,0.9986733335116136,5.25,0.107058670315642,0.0,211.32075471698113,3.568029240982825,2.0379294986746683,0.571163900583201,400.0,10.166128824773349,6.7491500159365385,0.6638859424533222,400.0,-0.2176456576185141,0.1350732180434342,0.3527188756619484,0.0492864189269361,1.0,"2,True,The solver successfully reached the end of the integration interval.",9.282,diffusivity_high
SF-295,linear_curve,4,119875,681239,1.9999999494757503e-05,3.000000106112566e-07,-95.12000274658205,,cisplatin,bortezomib,platinum,proteasome,,,241279087.64641,206340201.35540485,0.8551930603193948,0.000894846424459,4.4,0.999105153575541,0.4438328323580169,,0.0733524917405914,3.059524194079084,0.1913510919723606,0.7181690550688654,,0.0193746063775085,3.412618408129678,1.506783917202508,0.6159008916233933,0.9986733335116136,5.25,0.107058670315642,0.0,211.32075471698113,3.568029240982825,2.0379294986746683,0.571163900583201,400.0,10.166128824773349,6.7491500159365385,0.6638859424533222,400.0,-0.2176456576185141,0.1350732180434342,0.3527188756619484,0.0492864189269361,1.0,"2,True,The solver successfully reached the end of the integration interval.",9.392,diffusivity_high
SF-295,linear_curve,9,119875,681239,1.9999999494757503e-05,3.000000106112566e-07,-95.12000274658205,,cisplatin,bortezomib,platinum,proteasome,,,241279087.64641,206340201.35540485,0.8551930603193948,0.000894846424459,4.4,0.999105153575541,0.4438328323580169,,0.0733524917405914,3.059524194079084,0.1913510919723606,0.7181690550688654,,0.0193746063775085,3.412618408129678,1.506783917202508,0.6159008916233933,0.9986733335116136,5.25,0.107058670315642,0.0,211.32075471698113,3.568029240982825,2.0379294986746683,0.571163900583201,400.0,10.166128824773349,6.7491500159365385,0.6638859424533222,400.0,-0.2176456576185141,0.1350732180434342,0.3527188756619484,0.0492864189269361,1.0,"2,True,The solver successfully reached the end of the integration interval.",9.312,diffusivity_high
SF-295,ours+zero,2,681239,747973,3.000000106112566e-07,3.000000106112566e-07,-94.7699966430664,,bortezomib,vorinostat,proteasome,hdac_inhibitor,,,241279087.64641,157640312.6926897,0.6533525728666075,0.0003080370260542,4.4,0.9996919629739456,0.48584455787913,,0.1902690540954921,3.5226697793616273,0.114901149018323,0.9396756283193544,,0.0121766261251013,4.3119287281215195,1.3574189063808064,0.5815837101564519,0.9995233771355428,5.25,0.0,0.0,400.0,10.166128824773349,6.755618998522217,0.6645222694856843,400.0,15.837288892247397,9.95669216161305,0.6286866539693551,400.0,0.7682502419991615,0.2812562540264771,-0.4869939879726843,0.0,1.0,"2,True,The solver successfully reached the end of the integration interval.",10.012,diffusivity_high
SF-295,ours+zero,4,681239,747973,3.000000106112566e-07,3.000000106112566e-07,-94.7699966430664,,bortezomib,vorinostat,proteasome,hdac_inhibitor,,,241279087.64641,157640312.6926897,0.6533525728666075,0.0003080370260542,4.4,0.9996919629739456,0.48584455787913,,0.1902690540954921,3.5226697793616273,0.114901149018323,0.9396756283193544,,0.0121766261251013,4.3119287281215195,1.3574189063808064,0.5815837101564519,0.9995233771355428,5.25,0.0,0.0,400.0,10.166128824773349,6.755618998522217,0.6645222694856843,400.0,15.837288892247397,9.95669216161305,0.6286866539693551,400.0,0.7682502419991615,0.2812562540264771,-0.4869939879726843,0.0,1.0,"2,True,The solver successfully reached the end of the integration interval.",9.62,diffusivity_high
SF-295,random,2,1390,681239,1.0000000116860974e-07,3.000000106112566e-07,-66.69999694824219,,NSC1390,bortezomib,other,proteasome,,,241279087.64641,242148156.55990028,1.0036019239046687,0.0287860011798667,4.4,0.9712139988201332,0.2047612702760238,16.0,0.0038551745772862,1.5520913623443406,0.4960751456895707,0.3044525314001552,,0.0364241603341554,1.4620348478880416,2.464099555359964,0.8997780358045896,0.9583474094989728,5.25,0.1968849621189929,0.0550853987870166,168.55345911949686,0.0051048501129721,0.0032172556433693,0.6302350847077444,400.0,10.166128824773349,6.720344467986018,0.661052459969771,400.0,-0.1728630410423175,0.0080922378894736,0.1809552789317912,0.1353745560407606,1.0,"2,True,The solver successfully reached the end of the integration interval.",7.921,diffusivity_high
SF-295,random,9,119875,681239,1.9999999494757503e-05,3.000000026176508e-09,-27.690000534057617,,cisplatin,bortezomib,platinum,proteasome,,,241279087.64641,244611859.87996092,1.0138129344986375,0.123749164278456,4.4,0.8762508357215439,0.0984096328029391,11.4,-0.000541168005686,0.9187304265292476,0.6762656464460022,0.1698826736982374,,0.0411586961433023,0.8338989387608655,3.438261510738414,0.7290840883062735,0.8166594823367958,5.25,0.2033398275045627,0.060731260348103,166.03773584905662,3.568029240982825,2.0346101197337245,0.5702335889975175,400.0,0.1016612855389326,0.0646989306896447,0.6364166097906298,400.0,-0.1072523578906559,0.0017339027367426,0.1089862606273985,0.1444719863435931,1.0,"2,True,The solver successfully reached the end of the integration interval.",3.956,diffusivity_high
SF-295,ours+zero,9,752,9706,3.000000106112566e-06,4.999999873689376e-06,-55.029998779296875,,thioguanine,triethylenemelamine,antimetabolite,alkylator,,,241279087.64641,242645605.5254657,1.0056636399465264,0.0177568946402758,4.4,0.982243105359724,0.2353639629606655,15.800000000000002,0.0029639113907874,1.7619056833690103,0.4680427859129409,0.3297144442836762,,0.0356793909129238,1.7115056940663498,2.215309403362744,0.8788142000529785,0.972194203175755,5.25,0.1968849621189929,0.0578624312878497,168.55345911949686,5.453086025531121,3.1435595378103067,0.5764734909906596,400.0,10.226680180513428,6.020037790792275,0.5886600230506123,400.0,-0.2479647139888643,0.010480255048804,0.2584449690376683,0.1389401973958874,1.0,"2,True,The solver successfully reached the end of the integration interval.",11.465,diffusivity_high
SF-295,tanimoto+zero,2,3053,713563,1.000000013351432e-10,9.999999747378752e-05,16.709999084472656,,dactinomycin,arsenic trioxide,dna_intercalator,other,,,241279087.64641,244398583.91038287,1.012928995605887,0.7513157201674269,4.4,0.2486842798325731,0.0103151946701222,5.800000000000001,-0.0001623434478084,0.1354502252987724,0.9351382633827386,0.0291241724591664,,0.0249827578915051,0.043330680402702,8.061005998247317,0.0386220398013749,0.1713428722756065,5.25,0.2033398275045627,0.060731260348103,166.03773584905662,0.0021201881466497,0.0009269329264042,0.4371937122037591,400.0,2.24082401906662,1.3911948949688415,0.6208407635456898,400.0,-0.0149291741160524,0.000101541426359,0.0150307155424115,0.1421231062928475,1.0,"2,True,The solver successfully reached the end of the integration interval.",7.005,diffusivity_high
SF-295,random,4,613327,681239,9.99999993922529e-09,3.000000106112566e-07,-88.45999908447266,,gemcitabine,bortezomib,antimetabolite,proteasome,,,241279087.64641,240872115.65775004,0.9983132728466864,0.0162646126149707,4.4,0.9837353873850292,0.247070167520476,,0.0061498145482549,1.8000289773393596,0.4427209804555498,0.35386989640794,,0.0344954507619109,1.6869379106863829,2.2596534440662106,0.8760502738174459,0.9762990606991908,5.25,0.190568164729299,0.0523986702186213,171.0691823899371,1.818916898944863,1.0475662869727322,0.5759286131105912,400.0,10.166128824773349,6.725931533015864,0.661602036423714,400.0,-0.2136493311248084,0.0127955951465821,0.2264449262713905,0.1290082125268368,1.0,"2,True,The solver successfully reached the end of the integration interval.",10.976,diffusivity_high
SF-295,tanimoto+zero,4,3088,141540,9.999999747378752e-05,4.999999873689376e-06,-29.2549991607666,,chlorambucil,etoposide,alkylator,topo2,,,241279087.64641,244495354.56407315,1.0133300691288112,0.2447572376340224,4.4,0.7552427623659776,0.0616849139684042,10.4,-0.000334270150716,0.6225371581604424,0.7564778655138313,0.1212037748791786,,0.0416885814100247,0.3494458073108525,5.435781892328249,0.3951626488684036,0.6700312882795725,5.25,0.2033398275045627,0.060731260348103,166.03773584905662,14.387939455354518,8.462520313101434,0.5881676343829818,400.0,10.580405627757251,6.907725970161571,0.6528791251669446,400.0,-0.0743910152807176,0.0008983780717564,0.075289393352474,0.1433339443622553,1.0,"2,True,The solver successfully reached the end of the integration interval.",9.673,diffusivity_high
SK-MEL-5,act_hamming+zero,9,740,762,1.0000000116860974e-07,4.999999987376214e-07,1.090000033378601,,NSC740,mechlorethamine,other,alkylator,,,241279087.64641,244530612.5369461,1.0134761985477212,0.4255053407348561,4.4,0.5744946592651439,0.033501311978108,8.4,-0.0003968939953316,0.3823676856950059,0.8384793625556475,0.0765076221914691,,0.0366231812875165,0.1150712086859881,7.547212091850578,0.1292185301552829,0.4603250917225013,5.25,0.2033398275045627,0.060731260348103,166.03773584905662,3.274310653771972,2.0520249796387264,0.6267044262507026,400.0,0.0384073799644939,0.0223248942951822,0.5812657441309639,400.0,-0.0451004631832709,0.0003879102900266,0.0454883734732975,0.1429153186215701,1.0,"2,True,The solver successfully reached the end of the integration interval.",11.392,diffusivity_high
SK-MEL-5,hamming+zero,9,740,762,1.0000000116860974e-07,4.999999987376214e-07,1.090000033378601,,NSC740,mechlorethamine,other,alkylator,,,241279087.64641,244530612.5369461,1.0134761985477212,0.4255053407348561,4.4,0.5744946592651439,0.033501311978108,8.4,-0.0003968939953316,0.3823676856950059,0.8384793625556475,0.0765076221914691,,0.0366231812875165,0.1150712086859881,7.547212091850578,0.1292185301552829,0.4603250917225013,5.25,0.2033398275045627,0.060731260348103,166.03773584905662,3.274310653771972,2.0520249796387264,0.6267044262507026,400.0,0.0384073799644939,0.0223248942951822,0.5812657441309639,400.0,-0.0451004631832709,0.0003879102900266,0.0454883734732975,0.1429153186215701,1.0,"2,True,The solver successfully reached the end of the integration interval.",11.371,diffusivity_high
SK-MEL-5,ours+zero,9,755,628503,2.0000000233721948e-07,3.999999975690116e-08,-49.15999984741211,,mercaptopurine,NSC628503,antimetabolite,other,,,241279087.64641,244497136.94330233,1.013337456338563,0.4553662345220999,4.4,0.5446337654779001,0.0308699639577109,8.4,-0.000337436160327,0.3529118767328141,0.8483163434828078,0.0714421658923301,,0.035783785453158,0.1054726893353559,7.652443413008629,0.1185767160723813,0.4344275656520369,5.25,0.2033398275045627,0.060731260348103,166.03773584905662,18.689170516814112,10.77018617598971,0.5762795179325954,400.0,11.59229589536313,7.335913034449283,0.6328265859210528,400.0,-0.0457517202737405,0.0003762929710429,0.0461280132447834,0.1428042407866055,1.0,"2,True,The solver successfully reached the end of the integration interval.",9.629,diffusivity_high
SK-MEL-5,linear_curve,9,92859,747973,6.000000212225132e-06,2.999999892949745e-08,-97.72000122070312,,dromostanolone,vorinostat,hormonal,hdac_inhibitor,,,241279087.64641,243137553.0490962,1.0077025548331389,0.0187453081130701,4.6000000000000005,0.9812546918869298,0.2384396294101554,15.2,0.0020843001314707,1.738278025453878,0.4665854060108131,0.3310688493144351,,0.035542257432933,1.5237997167763746,2.4101448120629136,0.8768053037361292,0.9748360734398408,5.25,0.1968849621189929,0.060731260348103,168.55345911949686,7.44836971296567,4.486278437701806,0.6023168304726287,400.0,2.0707176646457612,1.2943524977636558,0.6250743497593533,400.0,-0.2839808715286596,0.01178765130128,0.2957685228299396,0.1414579548015684,1.0,"2,True,The solver successfully reached the end of the integration interval.",22.723,diffusivity_high
SK-MEL-5,tanimoto+zero,9,92859,119875,6.000000212225132e-06,1.9999999949504854e-06,-91.9499969482422,,dromostanolone,cisplatin,hormonal,platinum,,,241279087.64641,244323706.90950453,1.0126186620348812,0.0838984873226428,4.6000000000000005,0.9161015126773572,0.1286257777685663,12.599999999999998,-2.9267182746698995e-05,1.0874164780522424,0.6189432715226503,0.2083491538775813,,0.0398930842468741,0.9737151490915172,3.1520223685320756,0.847539017336069,0.8898358513027371,5.25,0.2033398275045627,0.060731260348103,166.03773584905662,7.44836971296567,4.48295303128058,0.6018703694953443,400.0,0.3724807083952616,0.2119266138018215,0.5689599730274715,400.0,-0.1438147587998623,0.0029752308098424,0.1467899896097048,0.1446582382647382,1.0,"2,True,The solver successfully reached the end of the integration interval.",10.586,diffusivity_high
SR,act_hamming+zero,6,26980,747971,4.999999987376214e-07,1.9999999949504854e-06,-94.94000244140624,,mitomycin,sorafenib,alkylator,kinase_inhibitor,,,241279087.64641,238424781.7123539,0.988170106402926,0.0092559906391133,4.4,0.9907440093608868,0.2900082858684856,,0.0105849480569065,2.0448497944740045,0.3866592847234131,0.4126715567888399,,0.0320742075910643,2.0322857751541,2.0097581165821614,0.8373794950866121,0.9865894844990454,5.25,0.1843879427084984,0.047290154371214,173.58490566037736,90.80036472291091,53.492247352885734,0.589119300524004,400.0,0.9043599849896466,0.5732962210751436,0.6339247982999898,400.0,-0.2635625422308125,0.0210130405363563,0.2845755827671689,0.1219570176330151,1.0,"2,True,The solver successfully reached the end of the integration interval.",9.027,diffusivity_high
SR,hamming+zero,6,26980,747971,4.999999987376214e-07,1.9999999949504854e-06,-94.94000244140624,,mitomycin,sorafenib,alkylator,kinase_inhibitor,,,241279087.64641,238424781.7123539,0.988170106402926,0.0092559906391133,4.4,0.9907440093608868,0.2900082858684856,,0.0105849480569065,2.0448497944740045,0.3866592847234131,0.4126715567888399,,0.0320742075910643,2.0322857751541,2.0097581165821614,0.8373794950866121,0.9865894844990454,5.25,0.1843879427084984,0.047290154371214,173.58490566037736,90.80036472291091,53.492247352885734,0.589119300524004,400.0,0.9043599849896466,0.5732962210751436,0.6339247982999898,400.0,-0.2635625422308125,0.0210130405363563,0.2845755827671689,0.1219570176330151,1.0,"2,True,The solver successfully reached the end of the integration interval.",8.945,diffusivity_high
SR,ours+zero,6,26980,747971,4.999999987376214e-07,1.9999999949504854e-06,-94.94000244140624,,mitomycin,sorafenib,alkylator,kinase_inhibitor,,,241279087.64641,238424781.7123539,0.988170106402926,0.0092559906391133,4.4,0.9907440093608868,0.2900082858684856,,0.0105849480569065,2.0448497944740045,0.3866592847234131,0.4126715567888399,,0.0320742075910643,2.0322857751541,2.0097581165821614,0.8373794950866121,0.9865894844990454,5.25,0.1843879427084984,0.047290154371214,173.58490566037736,90.80036472291091,53.492247352885734,0.589119300524004,400.0,0.9043599849896466,0.5732962210751436,0.6339247982999898,400.0,-0.2635625422308125,0.0210130405363563,0.2845755827671689,0.1219570176330151,1.0,"2,True,The solver successfully reached the end of the integration interval.",8.968,diffusivity_high
SR,random,6,26980,747971,4.999999987376214e-07,1.9999999949504854e-06,-94.94000244140624,,mitomycin,sorafenib,alkylator,kinase_inhibitor,,,241279087.64641,238424781.7123539,0.988170106402926,0.0092559906391133,4.4,0.9907440093608868,0.2900082858684856,,0.0105849480569065,2.0448497944740045,0.3866592847234131,0.4126715567888399,,0.0320742075910643,2.0322857751541,2.0097581165821614,0.8373794950866121,0.9865894844990454,5.25,0.1843879427084984,0.047290154371214,173.58490566037736,90.80036472291091,53.492247352885734,0.589119300524004,400.0,0.9043599849896466,0.5732962210751436,0.6339247982999898,400.0,-0.2635625422308125,0.0210130405363563,0.2845755827671689,0.1219570176330151,1.0,"2,True,The solver successfully reached the end of the integration interval.",8.874,diffusivity_high
SR,tanimoto+zero,6,26980,747971,4.999999987376214e-07,1.9999999949504854e-06,-94.94000244140624,,mitomycin,sorafenib,alkylator,kinase_inhibitor,,,241279087.64641,238424781.7123539,0.988170106402926,0.0092559906391133,4.4,0.9907440093608868,0.2900082858684856,,0.0105849480569065,2.0448497944740045,0.3866592847234131,0.4126715567888399,,0.0320742075910643,2.0322857751541,2.0097581165821614,0.8373794950866121,0.9865894844990454,5.25,0.1843879427084984,0.047290154371214,173.58490566037736,90.80036472291091,53.492247352885734,0.589119300524004,400.0,0.9043599849896466,0.5732962210751436,0.6339247982999898,400.0,-0.2635625422308125,0.0210130405363563,0.2845755827671689,0.1219570176330151,1.0,"2,True,The solver successfully reached the end of the integration interval.",8.861,diffusivity_high
SR,linear_curve,6,9706,26980,4.999999873689376e-06,4.999999987376214e-07,-98.98999786376952,,triethylenemelamine,mitomycin,alkylator,alkylator,,,241279087.64641,49938509.82503065,0.2069740494800552,3.5417612851791427e-05,4.4,0.9999645823871482,0.5325296028315948,,0.689500762973388,4.462053414822815,0.0320474199521907,1.4942069285673034,,0.0027855013500509,5.6951031807820325,1.337852412290295,0.8769470181214599,0.9999464120756768,5.25,0.0,0.0,400.0,92.42422518636896,54.45293135593976,0.5891629737348413,400.0,90.80036472291091,53.49616714734146,0.5891624698930664,400.0,0.977060665063392,0.7555132717960225,-0.2215473932673695,0.0,1.0,"2,True,The solver successfully reached the end of the integration interval.",35.209,diffusivity_high
U251,act_hamming+zero,9,85998,409962,9.999999747378752e-05,1.9999999949504854e-06,-40.290000915527344,,streptozocin,carmustine,alkylator,alkylator,,,241279087.64641,244322283.0885861,1.012612760898018,0.9391376195606816,4.4,0.0608623804393184,0.0023562136243449,3.2,-2.673628069996492e-05,0.0385434635292984,0.979852084256464,0.008839479245903,,0.0119202258081742,0.0140358655399779,6.294448217692033,0.201603364189975,0.0346746740583328,5.25,0.2033398275045627,0.0578624312878497,166.03773584905662,0.057991673115147,0.0335570566678007,0.578653018014682,400.0,0.0419885926861412,0.0242941433426122,0.5785891307243263,400.0,-0.0036016228815611,3.216716043574763e-05,0.0036337900419969,0.1417658348656833,1.0,"2,True,The solver successfully reached the end of the integration interval.",7.941,diffusivity_high
U251,linear_curve,9,26980,754143,4.999999969612645e-09,9.99999993922529e-09,-90.36000061035156,,mitomycin,bendamustine,alkylator,alkylator,,,241279087.64641,243158822.23133516,1.007790706618055,0.0273043883511878,4.4,0.972695611648812,0.2036376249341629,15.2,0.002046310588647,1.5750402489028763,0.5068933855190836,0.2950833758732744,,0.0369856862543724,1.5285324651206182,2.3771889184981676,0.8921422884810287,0.957790086003807,5.25,0.1968849621189929,0.0578624312878497,168.55345911949686,1.828253653194684,1.074355406889881,0.5876402352663463,400.0,16.209099229005094,9.543759161188676,0.5887902237103195,400.0,-0.2047816743507289,0.0073579843677299,0.2121396587184588,0.1381643305664952,1.0,"2,True,The solver successfully reached the end of the integration interval.",2.04,diffusivity_high
U251,hamming+zero,9,85998,409962,9.999999747378752e-05,1.9999999949504854e-06,-40.290000915527344,,streptozocin,carmustine,alkylator,alkylator,,,241279087.64641,244322283.0885861,1.012612760898018,0.9391376195606816,4.4,0.0608623804393184,0.0023562136243449,3.2,-2.673628069996492e-05,0.0385434635292984,0.979852084256464,0.008839479245903,,0.0119202258081742,0.0140358655399779,6.294448217692033,0.201603364189975,0.0346746740583328,5.25,0.2033398275045627,0.0578624312878497,166.03773584905662,0.057991673115147,0.0335570566678007,0.578653018014682,400.0,0.0419885926861412,0.0242941433426122,0.5785891307243263,400.0,-0.0036016228815611,3.216716043574763e-05,0.0036337900419969,0.1417658348656833,1.0,"2,True,The solver successfully reached the end of the integration interval.",7.964,diffusivity_high
U251,ours+zero,9,85998,409962,9.999999747378752e-05,1.9999999949504854e-06,-40.290000915527344,,streptozocin,carmustine,alkylator,alkylator,,,241279087.64641,244322283.0885861,1.012612760898018,0.9391376195606816,4.4,0.0608623804393184,0.0023562136243449,3.2,-2.673628069996492e-05,0.0385434635292984,0.979852084256464,0.008839479245903,,0.0119202258081742,0.0140358655399779,6.294448217692033,0.201603364189975,0.0346746740583328,5.25,0.2033398275045627,0.0578624312878497,166.03773584905662,0.057991673115147,0.0335570566678007,0.578653018014682,400.0,0.0419885926861412,0.0242941433426122,0.5785891307243263,400.0,-0.0036016228815611,3.216716043574763e-05,0.0036337900419969,0.1417658348656833,1.0,"2,True,The solver successfully reached the end of the integration interval.",8.238,diffusivity_high
U251,random,9,45388,713563,4.999999873689376e-06,9.999999747378752e-05,-51.60699844360352,,dacarbazine,arsenic trioxide,alkylator,other,,,241279087.64641,244605796.51585108,1.0137878044131048,0.3410159359446445,4.4,0.6589840640553555,0.0443143173068509,9.0,-0.0005304027132221,0.4784980268100278,0.8043201803464225,0.0945710347375345,,0.0391891588751858,0.1617066173325639,7.055317771120209,0.2117888723091202,0.5523220405875426,5.25,0.2033398275045627,0.060731260348103,166.03773584905662,0.771889939037878,0.4500732541800886,0.5830795705681594,400.0,2.456617606864609,1.536537037583274,0.6254685439401221,400.0,-0.056167184266644,0.0005495793324954,0.0567167635991394,0.143329618665782,1.0,"2,True,The solver successfully reached the end of the integration interval.",10.121,diffusivity_high
U251,tanimoto+zero,9,85998,409962,9.999999747378752e-05,1.9999999949504854e-06,-40.290000915527344,,streptozocin,carmustine,alkylator,alkylator,,,241279087.64641,244322283.0885861,1.012612760898018,0.9391376195606816,4.4,0.0608623804393184,0.0023562136243449,3.2,-2.673628069996492e-05,0.0385434635292984,0.979852084256464,0.008839479245903,,0.0119202258081742,0.0140358655399779,6.294448217692033,0.201603364189975,0.0346746740583328,5.25,0.2033398275045627,0.0578624312878497,166.03773584905662,0.057991673115147,0.0335570566678007,0.578653018014682,400.0,0.0419885926861412,0.0242941433426122,0.5785891307243263,400.0,-0.0036016228815611,3.216716043574763e-05,0.0036337900419969,0.1417658348656833,1.0,"2,True,The solver successfully reached the end of the integration interval.",7.666,diffusivity_high
BT-549,linear_curve,8,67574,246131,1.0000000116860974e-07,1.9999999494757503e-05,-89.91000366210938,,vincristine,mitoxantrone,antimitotic,dna_intercalator,,,241279087.64641,244109357.70604324,1.0117302750405823,0.1939763207782569,5.800000000000001,0.806023679221743,0.1176266692725761,13.6,0.0003519137363337,0.7226184100327694,0.5860041100805212,0.2320993379426076,,0.0370524106835981,0.5514053076692905,4.588497397225593,0.9404899107245948,0.7989098967576875,5.25,0.2033398275045627,0.0667502786547997,166.03773584905662,11.374212191331845,1.7812518769683672,0.1566044176954812,150.63820995905957,11.704019281956482,1.0862572137199589,0.0928106138200394,127.6540750939916,-0.2640050382879828,0.0143961066031186,0.2784011448911014,0.1518127003692876,1.0,"2,True,The solver successfully reached the end of the integration interval.",1.383,diffusivity_low
BT-549,act_hamming+zero,8,750,105014,4.999999873689376e-05,1.0000000116860974e-07,32.560001373291016,,NSC750,cladribine,other,antimetabolite,,,241279087.64641,244426852.4895671,1.0130461569374387,0.8031810527834348,4.4,0.1968189472165652,0.0104139323431223,6.4,-0.0002125735997213,0.1064592463816344,0.9407488040082282,0.0265263251345471,,0.0244995010464464,0.0419476957432305,8.09320448185299,0.1157175196448995,0.1687881102806501,5.25,0.2033398275045627,0.060731260348103,166.03773584905662,4.128523645071777,2.0237416748954327,0.4901853177736248,400.0,0.0518059910829652,0.0306757940101349,0.5921283112026343,400.0,-0.0215496365806568,0.0001419152715788,0.0216915518522357,0.1422808009689558,1.0,"2,True,The solver successfully reached the end of the integration interval.",1.498,diffusivity_low
BT-549,hamming+zero,8,750,105014,4.999999873689376e-05,1.0000000116860974e-07,32.560001373291016,,NSC750,cladribine,other,antimetabolite,,,241279087.64641,244426852.4895671,1.0130461569374387,0.8031810527834348,4.4,0.1968189472165652,0.0104139323431223,6.4,-0.0002125735997213,0.1064592463816344,0.9407488040082282,0.0265263251345471,,0.0244995010464464,0.0419476957432305,8.09320448185299,0.1157175196448995,0.1687881102806501,5.25,0.2033398275045627,0.060731260348103,166.03773584905662,4.128523645071777,2.0237416748954327,0.4901853177736248,400.0,0.0518059910829652,0.0306757940101349,0.5921283112026343,400.0,-0.0215496365806568,0.0001419152715788,0.0216915518522357,0.1422808009689558,1.0,"2,True,The solver successfully reached the end of the integration interval.",1.511,diffusivity_low
BT-549,ours+zero,8,125973,681239,2.999999892949745e-08,3.000000106112566e-07,-95.31999969482422,,paclitaxel,bortezomib,antimitotic,proteasome,,,241279087.64641,179149380.35023344,0.742498581612566,0.0083468642629293,6.4,0.9916531357370706,0.3490701034696009,,0.1347210314013414,2.0883878287036697,0.2002101103384355,0.6985139950219122,,0.0166296629385385,0.9738803684716096,4.109095634907555,0.6850031336330815,0.9895683388813676,5.25,0.0,0.0,400.0,1.7676312857947352,0.9271553190877664,0.5245185048141491,400.0,5.224603901442932,3.023445393114579,0.5786937058098439,400.0,0.620145233573885,0.1775438641176492,-0.4426013694562357,0.0,1.0,"2,True,The solver successfully reached the end of the integration interval.",1.407,diffusivity_low
BT-549,random,8,105014,628503,9.999999974752427e-07,3.999999886872274e-09,13.720000267028809,,cladribine,NSC628503,antimetabolite,other,,,241279087.64641,244548638.7534975,1.013550909608374,0.4109587899533231,4.6000000000000005,0.5890412100466769,0.0469755846004338,9.8,-0.0004289079740917,0.3973723347252898,0.802971455451166,0.0952998930281535,,0.0391192128887314,0.1682933222747355,7.034746946295561,0.350608258531474,0.5678060592156913,5.25,0.2033398275045627,0.060731260348103,166.03773584905662,0.5180599034675787,0.3166832409593791,0.6112869165123448,400.0,1.0679288136544656,0.5377776093269316,0.5035706523233979,400.0,-0.0755100393406067,0.0008416441571577,0.0763516834977644,0.1434732146737848,1.0,"2,True,The solver successfully reached the end of the integration interval.",1.418,diffusivity_low
BT-549,tanimoto+zero,8,750,105014,4.999999873689376e-05,1.0000000116860974e-07,32.560001373291016,,NSC750,cladribine,other,antimetabolite,,,241279087.64641,244426852.4895671,1.0130461569374387,0.8031810527834348,4.4,0.1968189472165652,0.0104139323431223,6.4,-0.0002125735997213,0.1064592463816344,0.9407488040082282,0.0265263251345471,,0.0244995010464464,0.0419476957432305,8.09320448185299,0.1157175196448995,0.1687881102806501,5.25,0.2033398275045627,0.060731260348103,166.03773584905662,4.128523645071777,2.0237416748954327,0.4901853177736248,400.0,0.0518059910829652,0.0306757940101349,0.5921283112026343,400.0,-0.0215496365806568,0.0001419152715788,0.0216915518522357,0.1422808009689558,1.0,"2,True,The solver successfully reached the end of the integration interval.",1.477,diffusivity_low
HCT-15,hamming+zero,2,740,762,1.0000000116860974e-07,4.999999987376214e-07,-7.039999961853027,,NSC740,mechlorethamine,other,alkylator,,,241279087.64641,244406068.5987771,1.0129600164807884,0.3387960727138542,4.6000000000000005,0.6612039272861459,0.056255229451064,10.6,-0.0001756434802526,0.4812322412912173,0.7770989786464585,0.1095236618395958,,0.040352825200457,0.2250597922029754,6.475595309730333,0.4257569371598022,0.6382928841042008,5.25,0.2033398275045627,0.060731260348103,166.03773584905662,11.084599787238917,6.469012890877289,0.5836036496621829,400.0,0.0249483530145913,0.0148800329560394,0.5964334778867638,400.0,-0.0747071810620645,0.0010125325943962,0.0757197136564608,0.1431384642743021,1.0,"2,True,The solver successfully reached the end of the integration interval.",1.454,diffusivity_low
HCT-15,act_hamming+zero,2,740,762,1.0000000116860974e-07,4.999999987376214e-07,-7.039999961853027,,NSC740,mechlorethamine,other,alkylator,,,241279087.64641,244406068.5987771,1.0129600164807884,0.3387960727138542,4.6000000000000005,0.6612039272861459,0.056255229451064,10.6,-0.0001756434802526,0.4812322412912173,0.7770989786464585,0.1095236618395958,,0.040352825200457,0.2250597922029754,6.475595309730333,0.4257569371598022,0.6382928841042008,5.25,0.2033398275045627,0.060731260348103,166.03773584905662,11.084599787238917,6.469012890877289,0.5836036496621829,400.0,0.0249483530145913,0.0148800329560394,0.5964334778867638,400.0,-0.0747071810620645,0.0010125325943962,0.0757197136564608,0.1431384642743021,1.0,"2,True,The solver successfully reached the end of the integration interval.",1.55,diffusivity_low
HCT-15,linear_curve,2,681239,754230,3.000000106112566e-07,9.999999960041972e-13,-75.93000030517578,,bortezomib,romidepsin,proteasome,hdac_inhibitor,,,241279087.64641,241792618.2067061,1.0021283674656822,0.1109569021040327,5.4,0.8890430978959672,0.1533169819491791,15.4,0.0044933037894901,0.9655053161990236,0.5409220433878633,0.2668653200431543,,0.0361495969821427,0.6815004099931268,4.092010066388002,0.915812634251191,0.8885758519868323,5.25,0.1968849621189929,0.0550853987870166,168.55345911949686,2.756535066484806,1.3248820853796148,0.4806331330546552,400.0,0.001923121509994,0.0010887831495105,0.5661541113509742,400.0,-0.2320921618253151,0.0108798102751638,0.2429719721004789,0.1366892597189332,1.0,"2,True,The solver successfully reached the end of the integration interval.",1.5,diffusivity_low
HCT-15,ours+zero,2,26980,681239,4.999999987376214e-07,3.000000106112566e-07,-85.52999877929688,,mitomycin,bortezomib,alkylator,proteasome,,,241279087.64641,227327681.68605828,0.942177309702044,0.0238202878374963,5.800000000000001,0.9761797121625037,0.2763442753286194,,0.0312840187760182,1.6334201226116305,0.3353361902423422,0.4745195739961776,,0.0270818449858726,0.9601785011672426,3.614300567356105,0.7741222084020908,0.9750443257925429,5.25,0.1554832211935119,0.0204743643181549,186.16352201257865,0.0095000025785706,0.0059493135215632,0.6262433586053165,400.0,2.756535066484806,1.5475812789229306,0.5614226707068306,400.0,-0.2425614462437073,0.050421525361872,0.2929829716055794,0.0868274719747772,1.0,"2,True,The solver successfully reached the end of the integration interval.",1.554,diffusivity_low
HCT-15,random,2,686673,747973,1.9999999949504854e-06,3.000000106112566e-07,7.989999771118164,,NSC686673,vorinostat,other,hdac_inhibitor,,,241279087.64641,244349572.1338852,1.012725862474973,0.8878155261441527,4.4,0.1121844738558472,0.0043400022759365,4.0,-7.524114823215065e-05,0.062949965491188,0.9689045470675084,0.0137190059459089,,0.0167966894016474,0.0226043823862732,7.53690134143329,0.1057264471966636,0.0725541945958754,5.25,0.2033398275045627,0.0578624312878497,166.03773584905662,0.0307498045165011,0.0130875006878369,0.425612484164375,400.0,2.3786622021631074,1.1825340584515451,0.4971424935311002,400.0,-0.0044704867867551,3.2662224517587823e-05,0.0045031490112726,0.1418576572593674,1.0,"2,True,The solver successfully reached the end of the integration interval.",1.533,diffusivity_low
HCT-15,tanimoto+zero,2,681239,754230,3.000000106112566e-07,9.999999960041972e-13,-75.93000030517578,,bortezomib,romidepsin,proteasome,hdac_inhibitor,,,241279087.64641,241792618.2067061,1.0021283674656822,0.1109569021040327,5.4,0.8890430978959672,0.1533169819491791,15.4,0.0044933037894901,0.9655053161990236,0.5409220433878633,0.2668653200431543,,0.0361495969821427,0.6815004099931268,4.092010066388002,0.915812634251191,0.8885758519868323,5.25,0.1968849621189929,0.0550853987870166,168.55345911949686,2.756535066484806,1.3248820853796148,0.4806331330546552,400.0,0.001923121509994,0.0010887831495105,0.5661541113509742,400.0,-0.2320921618253151,0.0108798102751638,0.2429719721004789,0.1366892597189332,1.0,"2,True,The solver successfully reached the end of the integration interval.",1.546,diffusivity_low
HS 578T,act_hamming+zero,2,1390,747973,9.999999747378752e-06,3.000000106112566e-07,-74.66000366210938,,NSC1390,vorinostat,other,hdac_inhibitor,,,241279087.64641,215876952.2820009,0.8947188684597669,0.0035591750306113,4.6000000000000005,0.9964408249693886,0.3552457948990377,,0.0537300636162148,2.459821262727847,0.2723693786723576,0.5648417198912357,,0.0247229269430866,1.817778440158639,2.3325026751780804,0.7507812252957531,0.9953230998148224,5.25,0.0871656842071482,0.0,223.8993710691824,0.4647546002912271,0.2961619263050145,0.6372436682056117,400.0,20.643580204271405,13.444653027579475,0.6512752581937128,400.0,0.7119665770079234,0.0564437900751036,-0.6555227869328197,0.0174804511909547,1.0,"2,True,The solver successfully reached the end of the integration interval.",1.41,diffusivity_low
HS 578T,hamming+zero,2,1390,747973,9.999999747378752e-06,3.000000106112566e-07,-74.66000366210938,,NSC1390,vorinostat,other,hdac_inhibitor,,,241279087.64641,215876952.2820009,0.8947188684597669,0.0035591750306113,4.6000000000000005,0.9964408249693886,0.3552457948990377,,0.0537300636162148,2.459821262727847,0.2723693786723576,0.5648417198912357,,0.0247229269430866,1.817778440158639,2.3325026751780804,0.7507812252957531,0.9953230998148224,5.25,0.0871656842071482,0.0,223.8993710691824,0.4647546002912271,0.2961619263050145,0.6372436682056117,400.0,20.643580204271405,13.444653027579475,0.6512752581937128,400.0,0.7119665770079234,0.0564437900751036,-0.6555227869328197,0.0174804511909547,1.0,"2,True,The solver successfully reached the end of the integration interval.",1.431,diffusivity_low
HS 578T,ours+zero,2,1390,747973,9.999999747378752e-06,3.000000106112566e-07,-74.66000366210938,,NSC1390,vorinostat,other,hdac_inhibitor,,,241279087.64641,215876952.2820009,0.8947188684597669,0.0035591750306113,4.6000000000000005,0.9964408249693886,0.3552457948990377,,0.0537300636162148,2.459821262727847,0.2723693786723576,0.5648417198912357,,0.0247229269430866,1.817778440158639,2.3325026751780804,0.7507812252957531,0.9953230998148224,5.25,0.0871656842071482,0.0,223.8993710691824,0.4647546002912271,0.2961619263050145,0.6372436682056117,400.0,20.643580204271405,13.444653027579475,0.6512752581937128,400.0,0.7119665770079234,0.0564437900751036,-0.6555227869328197,0.0174804511909547,1.0,"2,True,The solver successfully reached the end of the integration interval.",1.473,diffusivity_low
HS 578T,linear_curve,2,1390,681239,9.999999974752427e-07,3.000000106112566e-07,-95.26000213623048,,NSC1390,bortezomib,other,proteasome,,,241279087.64641,244579574.10729855,1.0136791235953502,0.3727211932064866,4.800000000000001,0.6272788067935133,0.0511663665001236,9.8,-0.0004838426644906,0.4396721497286633,0.7915597325867619,0.1015163068862779,,0.0397578595107188,0.191816094396915,6.795796762418069,0.4000450653237716,0.6109453016732382,5.25,0.2033398275045627,0.060731260348103,166.03773584905662,0.0464754610858523,0.022059415906261,0.4746465207846255,400.0,2.6960701894000954,0.9300720205959452,0.3449732222301291,278.42709956498487,-0.0742558511213555,0.0009107717800203,0.0751666229013758,0.1436116014653511,1.0,"2,True,The solver successfully reached the end of the integration interval.",1.571,diffusivity_low
HS 578T,random,2,1390,747973,9.999999747378752e-06,3.000000106112566e-07,-74.66000366210938,,NSC1390,vorinostat,other,hdac_inhibitor,,,241279087.64641,215876952.2820009,0.8947188684597669,0.0035591750306113,4.6000000000000005,0.9964408249693886,0.3552457948990377,,0.0537300636162148,2.459821262727847,0.2723693786723576,0.5648417198912357,,0.0247229269430866,1.817778440158639,2.3325026751780804,0.7507812252957531,0.9953230998148224,5.25,0.0871656842071482,0.0,223.8993710691824,0.4647546002912271,0.2961619263050145,0.6372436682056117,400.0,20.643580204271405,13.444653027579475,0.6512752581937128,400.0,0.7119665770079234,0.0564437900751036,-0.6555227869328197,0.0174804511909547,1.0,"2,True,The solver successfully reached the end of the integration interval.",1.408,diffusivity_low
HS 578T,tanimoto+zero,2,1390,747973,9.999999747378752e-06,3.000000106112566e-07,-74.66000366210938,,NSC1390,vorinostat,other,hdac_inhibitor,,,241279087.64641,215876952.2820009,0.8947188684597669,0.0035591750306113,4.6000000000000005,0.9964408249693886,0.3552457948990377,,0.0537300636162148,2.459821262727847,0.2723693786723576,0.5648417198912357,,0.0247229269430866,1.817778440158639,2.3325026751780804,0.7507812252957531,0.9953230998148224,5.25,0.0871656842071482,0.0,223.8993710691824,0.4647546002912271,0.2961619263050145,0.6372436682056117,400.0,20.643580204271405,13.444653027579475,0.6512752581937128,400.0,0.7119665770079234,0.0564437900751036,-0.6555227869328197,0.0174804511909547,1.0,"2,True,The solver successfully reached the end of the integration interval.",1.442,diffusivity_low
HT29,act_hamming+zero,3,92859,673596,6.000000212225132e-06,9.999999717180683e-10,1.919999957084656,,dromostanolone,NSC673596,hormonal,other,,,241279087.64641,244080874.13617375,1.0116122226633657,0.3746304523139811,5.2,0.6253695476860188,0.0662518965697286,12.400000000000002,0.0004025917566069,0.4371958876248794,0.7285660396558089,0.1375310762094199,,0.0397787939805622,0.2933779587800819,5.99756050911581,0.7186899598484497,0.6251247192220829,5.25,0.2033398275045627,0.060731260348103,166.03773584905662,35.89050091294007,22.903973123100354,0.6381625371754699,400.0,0.0534579804274952,0.0269429241303431,0.5040019079449825,400.0,-0.1367281361253871,0.0036089482380156,0.1403370843634027,0.1443026198821651,1.0,"2,True,The solver successfully reached the end of the integration interval.",1.633,diffusivity_low
HT29,hamming+zero,3,92859,673596,6.000000212225132e-06,9.999999717180683e-10,1.919999957084656,,dromostanolone,NSC673596,hormonal,other,,,241279087.64641,244080874.13617375,1.0116122226633657,0.3746304523139811,5.2,0.6253695476860188,0.0662518965697286,12.400000000000002,0.0004025917566069,0.4371958876248794,0.7285660396558089,0.1375310762094199,,0.0397787939805622,0.2933779587800819,5.99756050911581,0.7186899598484497,0.6251247192220829,5.25,0.2033398275045627,0.060731260348103,166.03773584905662,35.89050091294007,22.903973123100354,0.6381625371754699,400.0,0.0534579804274952,0.0269429241303431,0.5040019079449825,400.0,-0.1367281361253871,0.0036089482380156,0.1403370843634027,0.1443026198821651,1.0,"2,True,The solver successfully reached the end of the integration interval.",1.649,diffusivity_low
HT29,linear_curve,3,681239,686673,3.000000106112566e-07,2.0000000233721948e-07,-61.86000061035156,,bortezomib,NSC686673,proteasome,other,,,241279087.64641,109345903.67466486,0.4531926274311399,0.0012979206562406,6.2,0.9987020793437592,0.4377696959087553,,0.3491338236467847,2.8968159986712942,0.0975376178707483,1.0108278552466288,,0.0075342305602189,1.2679909414748125,4.0185269502869225,0.769883676962515,0.9984871881291748,5.25,0.0,0.0,400.0,19.3674899915252,12.19175461396897,0.6294958520336822,400.0,0.0031882667853898,0.0019716286418076,0.6184013994194617,400.0,0.9873246147290924,0.4533008871772247,-0.5340237275518676,0.0,1.0,"2,True,The solver successfully reached the end of the integration interval.",1.322,diffusivity_low
HT29,ours+zero,3,409962,754143,1.9999999949504854e-06,9.99999993922529e-09,-72.94999694824219,,carmustine,bendamustine,alkylator,alkylator,,,241279087.64641,228173493.32336423,0.9456828420113568,0.0085136777490475,4.4,0.9914863222509523,0.293152899589012,,0.0296711502735737,2.0811554935164285,0.3488735496671192,0.4573319559433019,,0.0294572876709995,1.7457664353163114,2.29943277835651,0.8324860132634571,0.988128158409752,5.25,0.1610029557745819,0.0,183.6477987421384,0.0637659195481261,0.0411865314888526,0.6459019454391757,400.0,13.68780180499778,8.940340436879472,0.6531611550377004,400.0,0.5020298158379076,0.027573981774067,-0.4744558340638406,0.0729159053524471,1.0,"2,True,The solver successfully reached the end of the integration interval.",1.478,diffusivity_low
HT29,random,3,409962,754143,1.9999999949504854e-06,9.99999993922529e-09,-72.94999694824219,,carmustine,bendamustine,alkylator,alkylator,,,241279087.64641,228173493.32336423,0.9456828420113568,0.0085136777490475,4.4,0.9914863222509523,0.293152899589012,,0.0296711502735737,2.0811554935164285,0.3488735496671192,0.4573319559433019,,0.0294572876709995,1.7457664353163114,2.29943277835651,0.8324860132634571,0.988128158409752,5.25,0.1610029557745819,0.0,183.6477987421384,0.0637659195481261,0.0411865314888526,0.6459019454391757,400.0,13.68780180499778,8.940340436879472,0.6531611550377004,400.0,0.5020298158379076,0.027573981774067,-0.4744558340638406,0.0729159053524471,1.0,"2,True,The solver successfully reached the end of the integration interval.",1.557,diffusivity_low
HT29,tanimoto+zero,3,92859,673596,6.000000212225132e-06,9.999999717180683e-10,1.919999957084656,,dromostanolone,NSC673596,hormonal,other,,,241279087.64641,244080874.13617375,1.0116122226633657,0.3746304523139811,5.2,0.6253695476860188,0.0662518965697286,12.400000000000002,0.0004025917566069,0.4371958876248794,0.7285660396558089,0.1375310762094199,,0.0397787939805622,0.2933779587800819,5.99756050911581,0.7186899598484497,0.6251247192220829,5.25,0.2033398275045627,0.060731260348103,166.03773584905662,35.89050091294007,22.903973123100354,0.6381625371754699,400.0,0.0534579804274952,0.0269429241303431,0.5040019079449825,400.0,-0.1367281361253871,0.0036089482380156,0.1403370843634027,0.1443026198821651,1.0,"2,True,The solver successfully reached the end of the integration interval.",1.648,diffusivity_low
KM12,act_hamming+zero,5,26271,747973,9.999999747378752e-06,3.000000106112566e-07,0.8999999761581421,,cyclophosphamide,vorinostat,alkylator,hdac_inhibitor,,,241279087.64641,216691785.67206612,0.8980960090068969,0.0037436308023048,4.6000000000000005,0.9962563691976952,0.3516016439816988,,0.0520938933038988,2.4378775967257216,0.2766190721706548,0.5581178797114403,,0.0250009726478229,1.8019131928155432,2.3414835875501008,0.7555356468010033,0.9950667219685088,5.25,0.0947967396548822,0.0,218.8679245283019,17.97405850448311,11.74798082250088,0.6536075766956408,400.0,20.111380442073887,13.093809945623589,0.6510647035561401,400.0,0.7034953792810097,0.0542489905393742,-0.6492463887416354,0.0210523713828499,1.0,"2,True,The solver successfully reached the end of the integration interval.",1.621,diffusivity_low
KM12,hamming+zero,5,26271,747973,9.999999747378752e-06,3.000000106112566e-07,0.8999999761581421,,cyclophosphamide,vorinostat,alkylator,hdac_inhibitor,,,241279087.64641,216691785.67206612,0.8980960090068969,0.0037436308023048,4.6000000000000005,0.9962563691976952,0.3516016439816988,,0.0520938933038988,2.4378775967257216,0.2766190721706548,0.5581178797114403,,0.0250009726478229,1.8019131928155432,2.3414835875501008,0.7555356468010033,0.9950667219685088,5.25,0.0947967396548822,0.0,218.8679245283019,17.97405850448311,11.74798082250088,0.6536075766956408,400.0,20.111380442073887,13.093809945623589,0.6510647035561401,400.0,0.7034953792810097,0.0542489905393742,-0.6492463887416354,0.0210523713828499,1.0,"2,True,The solver successfully reached the end of the integration interval.",1.59,diffusivity_low
KM12,ours+zero,5,702294,754143,9.999999747378752e-05,9.99999993922529e-09,-69.5,,NSC702294,bendamustine,other,alkylator,,,241279087.64641,221554528.28806323,0.9182500251026614,0.0077534248288212,4.800000000000001,0.9922465751711788,0.3267098793439236,,0.0424557108732265,2.121562656832288,0.2876567026689714,0.541125502054841,,0.0252320533778449,1.4102145096654075,2.8028782569829502,0.744348894896662,0.9916859003732474,5.25,0.1396837645843649,0.0032270595360392,193.71069182389937,0.019,0.0118511692916059,0.6237457521897846,400.0,6.952046883678343,4.506270577444522,0.6481933526691415,400.0,-0.0417372361575945,0.0636410085439151,0.1053782447015097,0.067001664674953,1.0,"2,True,The solver successfully reached the end of the integration interval.",1.615,diffusivity_low
KM12,linear_curve,5,673596,754143,1.000000013351432e-10,9.99999993922529e-09,-83.88999938964844,,NSC673596,bendamustine,other,alkylator,,,241279087.64641,240822193.94335163,0.998106368407162,0.0282611977920275,4.6000000000000005,0.9717388022079724,0.2207708036459855,,0.0062398331543952,1.559980044116038,0.4702358335247234,0.3276842792751159,,0.0350061917289333,1.172410386623863,2.908103283198982,0.8923564353250121,0.9671546680932964,5.25,0.190568164729299,0.0523986702186213,171.0691823899371,0.0002781882476896,0.0001701121054415,0.6114999711681982,400.0,6.952046883678343,4.487727058717221,0.6455260060534509,400.0,-0.1905221966625769,0.0113491595143667,0.2018713561769437,0.1278168720760345,1.0,"2,True,The solver successfully reached the end of the integration interval.",1.798,diffusivity_low
KM12,random,5,762,713563,1.9999999949504854e-06,9.999999747378752e-05,0.1879999935626983,,mechlorethamine,arsenic trioxide,alkylator,other,,,241279087.64641,244428976.3551502,1.0130549594640224,0.6539982192394626,4.4,0.3460017807605374,0.0185256573743563,7.200000000000001,-0.0002163472403271,0.1956961354087993,0.9016090315022236,0.0449817465716062,,0.0304089500862964,0.0658052264933976,8.02337365235392,0.0964673663844207,0.2873933768401194,5.25,0.2033398275045627,0.060731260348103,166.03773584905662,0.087332094363511,0.0493787122854875,0.5654131238391433,400.0,2.4168985384296877,1.1476501577793947,0.4748441606179497,400.0,-0.0189371997319121,0.0001961482094957,0.0191333479414078,0.1423074745603309,1.0,"2,True,The solver successfully reached the end of the integration interval.",1.453,diffusivity_low
KM12,tanimoto+zero,5,26271,747973,9.999999747378752e-06,3.000000106112566e-07,0.8999999761581421,,cyclophosphamide,vorinostat,alkylator,hdac_inhibitor,,,241279087.64641,216691785.67206612,0.8980960090068969,0.0037436308023048,4.6000000000000005,0.9962563691976952,0.3516016439816988,,0.0520938933038988,2.4378775967257216,0.2766190721706548,0.5581178797114403,,0.0250009726478229,1.8019131928155432,2.3414835875501008,0.7555356468010033,0.9950667219685088,5.25,0.0947967396548822,0.0,218.8679245283019,17.97405850448311,11.74798082250088,0.6536075766956408,400.0,20.111380442073887,13.093809945623589,0.6510647035561401,400.0,0.7034953792810097,0.0542489905393742,-0.6492463887416354,0.0210523713828499,1.0,"2,True,The solver successfully reached the end of the integration interval.",1.55,diffusivity_low
M14,linear_curve,4,609699,681239,1.0000000116860974e-07,3.000000106112566e-07,-96.5999984741211,,topotecan,bortezomib,topo1,proteasome,,,241279087.64641,204874005.2293545,0.8491162961026839,0.0052556251813553,5.800000000000001,0.9947443748186446,0.3787173680240653,,0.0764494838927848,2.289742742869328,0.2277584084836806,0.6425255805869983,,0.0198243993712748,1.076326356782507,3.6440202292780257,0.6619901084537008,0.9942580192262688,5.25,0.0835087481001657,0.0,226.41509433962264,3.591378767115229,2.130636077773563,0.5932640960298917,400.0,3.4357492135598684,1.9740138799896216,0.5745512135166276,400.0,-0.1252466979902464,0.1240536621886574,0.2493003601789039,0.0326883807835894,1.0,"2,True,The solver successfully reached the end of the integration interval.",1.524,diffusivity_low
M14,ours+zero,4,719344,761432,3.000000026176508e-09,5.000000058430487e-08,-45.69100189208984,,anastrozole,NSC761432,hormonal,other,,,241279087.64641,229022722.0780848,0.9492025368303502,0.0198443276074015,6.2,0.9801556723925984,0.2815697750895395,,0.0280577695246196,1.7124277547658753,0.3504040752716876,0.4554308515401607,,0.0282872927096602,1.0271080944759825,3.403548866812778,0.7962541895907704,0.9763921977245754,5.25,0.1610029557745819,0.0165233806956313,183.6477987421384,10.760851184062176,6.912419542715692,0.6423673577935572,400.0,157.80868524018254,103.224841870248,0.6541138196110138,400.0,-0.0797832279030319,0.0372258668770204,0.1170090947800523,0.0861674119406427,1.0,"2,True,The solver successfully reached the end of the integration interval.",1.574,diffusivity_low
M14,act_hamming+zero,4,25154,119875,3.000000106112566e-07,1.9999999494757503e-05,26.59000015258789,,NSC25154,cisplatin,other,platinum,,,241279087.64641,244404653.39457715,1.0129541510565871,0.7655906985607293,4.4,0.2344093014392707,0.0103082765674508,5.800000000000001,-0.000173128742555,0.1272760528021283,0.9380970511493852,0.0277522292133587,,0.0246833193437728,0.0424017737346964,8.065316519891887,0.0646126215524157,0.1718278165298766,5.25,0.2033398275045627,0.060731260348103,166.03773584905662,0.0005794359032895,0.0002539900560632,0.4383402109211686,400.0,4.054053261967809,2.465793366341281,0.6082291492007685,400.0,-0.0151939157077833,0.0001066188432117,0.0153005345509951,0.1421487407323416,1.0,"2,True,The solver successfully reached the end of the integration interval.",2.789,diffusivity_low
M14,hamming+zero,4,25154,119875,3.000000106112566e-07,1.9999999494757503e-05,26.59000015258789,,NSC25154,cisplatin,other,platinum,,,241279087.64641,244404653.39457715,1.0129541510565871,0.7655906985607293,4.4,0.2344093014392707,0.0103082765674508,5.800000000000001,-0.000173128742555,0.1272760528021283,0.9380970511493852,0.0277522292133587,,0.0246833193437728,0.0424017737346964,8.065316519891887,0.0646126215524157,0.1718278165298766,5.25,0.2033398275045627,0.060731260348103,166.03773584905662,0.0005794359032895,0.0002539900560632,0.4383402109211686,400.0,4.054053261967809,2.465793366341281,0.6082291492007685,400.0,-0.0151939157077833,0.0001066188432117,0.0153005345509951,0.1421487407323416,1.0,"2,True,The solver successfully reached the end of the integration interval.",2.941,diffusivity_low
M14,random,4,125973,246131,3.000000106112566e-07,1.9999999494757503e-05,-2.259999990463257,,paclitaxel,mitoxantrone,antimitotic,dna_intercalator,,,241279087.64641,244601389.28606516,1.013769538305466,0.5644029386117471,4.800000000000001,0.4355970613882529,0.0266531960556062,7.6,-0.0005225776622739,0.2594669712152094,0.8706869786983521,0.0601379504546272,,0.0342515664981223,0.091441588153067,7.81242295557101,0.1945475303512337,0.4112278080686096,5.25,0.2033398275045627,0.060731260348103,166.03773584905662,12.074200839692525,1.641990628604377,0.135991661096652,109.9930536650877,2.6714752421683974,0.135113874376216,0.0505765025419236,71.40286843719076,-0.0373008211467695,0.0003456796199861,0.0376465007667556,0.1430709959864329,1.0,"2,True,The solver successfully reached the end of the integration interval.",1.283,diffusivity_low
M14,tanimoto+zero,4,1390,753082,0.0001999999949475,4.999999873689376e-06,-4.0920000076293945,,NSC1390,pazopanib,other,kinase_inhibitor,,,241279087.64641,212950396.6065091,0.8825895301733895,0.0029608433429366,4.6000000000000005,0.9970391566570632,0.3686543630932403,,0.0596578884929401,2.5397551790400823,0.2594188336126514,0.585998497653886,,0.023712649835208,1.733446284909986,2.4424985351155404,0.7324580916414315,0.9961479107166276,5.25,0.0550853987870166,0.0,249.05660377358492,10.206807147819664,6.577727720977562,0.6444451850334676,400.0,18.03917270732172,11.684528919024752,0.6477308637486601,400.0,0.7316467514430729,0.0651230431021758,-0.666523708340897,0.0065389466835568,1.0,"2,True,The solver successfully reached the end of the integration interval.",1.502,diffusivity_low
MDA-MB-435,pool_optimum,-1,24559,701852,9.999999974752427e-07,9.999999974752427e-07,-93.4499969482422,,NSC24559,irinotecan,other,topo1,,,241279087.64641,244412216.52436948,1.012985497037982,0.7347471267330127,4.4,0.2652528732669873,0.0125330709895539,6.200000000000001,-0.0001865678267483,0.1451348047849457,0.9274387375524568,0.0327147683130581,,0.0265657373042827,0.0488534899326593,8.077562258689278,0.065014393881493,0.2041319196386954,5.25,0.2033398275045627,0.060731260348103,166.03773584905662,2.539011248752824,1.1796739524691524,0.4646194273651267,400.0,0.7738704833525072,0.2744078041661644,0.3545913819808636,286.5155431910223,-0.0115781725794226,0.000107783218567,0.0116859557979897,0.1421496769547225,1.0,"2,True,The solver successfully reached the end of the integration interval.",1.437,diffusivity_low
MOLT-4,act_hamming+zero,3,63878,105014,9.99999993922529e-09,1.0000000116860974e-07,-99.70999908447266,,cytarabine,cladribine,antimetabolite,antimetabolite,,,241279087.64641,244707095.39147195,1.0142076455050495,0.1486217624660181,4.6000000000000005,0.8513782375339818,0.0995797949282706,11.4,-0.0007102203475467,0.8390882015030884,0.6785734125754812,0.1684031606030181,,0.0408610307046888,0.6676998940103862,3.942726588971383,0.7561182983905689,0.8277963519265352,5.25,0.2033398275045627,0.060731260348103,166.03773584905662,2.0400557742805585,1.2776463424365558,0.6262801039776119,400.0,3.277220739628644,2.0634602349835,0.629637244153813,400.0,-0.1171048477703635,0.0020742057814466,0.1191790535518102,0.145051014751719,1.0,"2,True,The solver successfully reached the end of the integration interval.",1.638,diffusivity_low
MOLT-4,hamming+zero,3,63878,105014,9.99999993922529e-09,1.0000000116860974e-07,-99.70999908447266,,cytarabine,cladribine,antimetabolite,antimetabolite,,,241279087.64641,244707095.39147195,1.0142076455050495,0.1486217624660181,4.6000000000000005,0.8513782375339818,0.0995797949282706,11.4,-0.0007102203475467,0.8390882015030884,0.6785734125754812,0.1684031606030181,,0.0408610307046888,0.6676998940103862,3.942726588971383,0.7561182983905689,0.8277963519265352,5.25,0.2033398275045627,0.060731260348103,166.03773584905662,2.0400557742805585,1.2776463424365558,0.6262801039776119,400.0,3.277220739628644,2.0634602349835,0.629637244153813,400.0,-0.1171048477703635,0.0020742057814466,0.1191790535518102,0.145051014751719,1.0,"2,True,The solver successfully reached the end of the integration interval.",1.622,diffusivity_low
MOLT-4,linear_curve,3,6396,63878,9.999999974752427e-07,1.0000000116860974e-07,-99.87999725341795,,thiotepa,cytarabine,alkylator,antimetabolite,,,241279087.64641,31067613.325115457,0.1287621468904278,4.4787686374420336e-05,4.800000000000001,0.9999552123136256,0.5198939079447911,,0.8956284505651879,4.359897609092503,0.0288456774431818,1.5399192571433191,,0.0016578043915245,2.9789291710242485,2.5142111828878484,0.9626787377090932,0.9999531623257464,5.25,0.0,0.0,400.0,7.564270332450244,4.9503735079375515,0.654441643459087,400.0,20.40055810519228,13.38500033799255,0.6561095176403945,400.0,0.9959839501184294,0.8439833220741422,-0.1520006280442872,0.0,1.0,"2,True,The solver successfully reached the end of the integration interval.",1.606,diffusivity_low
MOLT-4,ours+zero,3,63878,105014,9.99999993922529e-09,1.0000000116860974e-07,-99.70999908447266,,cytarabine,cladribine,antimetabolite,antimetabolite,,,241279087.64641,244707095.39147195,1.0142076455050495,0.1486217624660181,4.6000000000000005,0.8513782375339818,0.0995797949282706,11.4,-0.0007102203475467,0.8390882015030884,0.6785734125754812,0.1684031606030181,,0.0408610307046888,0.6676998940103862,3.942726588971383,0.7561182983905689,0.8277963519265352,5.25,0.2033398275045627,0.060731260348103,166.03773584905662,2.0400557742805585,1.2776463424365558,0.6262801039776119,400.0,3.277220739628644,2.0634602349835,0.629637244153813,400.0,-0.1171048477703635,0.0020742057814466,0.1191790535518102,0.145051014751719,1.0,"2,True,The solver successfully reached the end of the integration interval.",1.629,diffusivity_low
MOLT-4,random,3,63878,105014,9.99999993922529e-09,1.0000000116860974e-07,-99.70999908447266,,cytarabine,cladribine,antimetabolite,antimetabolite,,,241279087.64641,244707095.39147195,1.0142076455050495,0.1486217624660181,4.6000000000000005,0.8513782375339818,0.0995797949282706,11.4,-0.0007102203475467,0.8390882015030884,0.6785734125754812,0.1684031606030181,,0.0408610307046888,0.6676998940103862,3.942726588971383,0.7561182983905689,0.8277963519265352,5.25,0.2033398275045627,0.060731260348103,166.03773584905662,2.0400557742805585,1.2776463424365558,0.6262801039776119,400.0,3.277220739628644,2.0634602349835,0.629637244153813,400.0,-0.1171048477703635,0.0020742057814466,0.1191790535518102,0.145051014751719,1.0,"2,True,The solver successfully reached the end of the integration interval.",1.602,diffusivity_low
MOLT-4,tanimoto+zero,3,63878,105014,9.99999993922529e-09,1.0000000116860974e-07,-99.70999908447266,,cytarabine,cladribine,antimetabolite,antimetabolite,,,241279087.64641,244707095.39147195,1.0142076455050495,0.1486217624660181,4.6000000000000005,0.8513782375339818,0.0995797949282706,11.4,-0.0007102203475467,0.8390882015030884,0.6785734125754812,0.1684031606030181,,0.0408610307046888,0.6676998940103862,3.942726588971383,0.7561182983905689,0.8277963519265352,5.25,0.2033398275045627,0.060731260348103,166.03773584905662,2.0400557742805585,1.2776463424365558,0.6262801039776119,400.0,3.277220739628644,2.0634602349835,0.629637244153813,400.0,-0.1171048477703635,0.0020742057814466,0.1191790535518102,0.145051014751719,1.0,"2,True,The solver successfully reached the end of the integration interval.",1.581,diffusivity_low
NCI-H322M,act_hamming+zero,5,740,6396,1.0000000116860974e-07,9.999999974752427e-07,-56.81999969482422,,NSC740,thiotepa,other,alkylator,,,241279087.64641,244354454.9320688,1.0127460996129334,0.8970426102139075,4.4,0.1029573897860924,0.0040033975677797,3.8000000000000007,-8.391949827640602e-05,0.0584596283457067,0.9714340022663264,0.0125866993618537,,0.0159742290587958,0.021006087109392,7.404899324258243,0.1240188256815693,0.066867271383622,5.25,0.2033398275045627,0.0578624312878497,166.03773584905662,3.870470152891944,1.8498921613011063,0.477950245894262,400.0,0.053622390134832,0.0299012153300311,0.5576255600476849,400.0,-0.0055177360989138,3.295192438201866e-05,0.0055506880232958,0.1418802507125663,1.0,"2,True,The solver successfully reached the end of the integration interval.",1.571,diffusivity_low
NCI-H322M,hamming+zero,5,740,6396,1.0000000116860974e-07,9.999999974752427e-07,-56.81999969482422,,NSC740,thiotepa,other,alkylator,,,241279087.64641,244354454.9320688,1.0127460996129334,0.8970426102139075,4.4,0.1029573897860924,0.0040033975677797,3.8000000000000007,-8.391949827640602e-05,0.0584596283457067,0.9714340022663264,0.0125866993618537,,0.0159742290587958,0.021006087109392,7.404899324258243,0.1240188256815693,0.066867271383622,5.25,0.2033398275045627,0.0578624312878497,166.03773584905662,3.870470152891944,1.8498921613011063,0.477950245894262,400.0,0.053622390134832,0.0299012153300311,0.5576255600476849,400.0,-0.0055177360989138,3.295192438201866e-05,0.0055506880232958,0.1418802507125663,1.0,"2,True,The solver successfully reached the end of the integration interval.",1.555,diffusivity_low
NCI-H322M,linear_curve,5,713563,715055,9.999999974752427e-07,9.999999747378752e-06,-33.05699920654297,,arsenic trioxide,gefitinib,other,kinase_inhibitor,,,241279087.64641,45596448.92662223,0.1889780393792062,0.0001189539774727,5.800000000000001,0.9998810460225273,0.5151364722927416,,0.7290053208309227,3.9349881595275167,0.0428897628969018,1.3676463546201434,,0.002521328973097,1.9738672537837143,3.3712822952689723,0.9381229366629982,0.9998739550607256,5.25,0.0,0.0,400.0,0.0225956572702513,0.0144498352512039,0.639496124338374,400.0,63.097079365186474,41.312236186923705,0.6547408628507383,400.0,0.9960850657702102,0.7695847759862992,-0.226500289783911,0.0,1.0,"2,True,The solver successfully reached the end of the integration interval.",1.45,diffusivity_low
NCI-H322M,ours+zero,5,14229,24559,3.000000106112566e-06,9.999999974752427e-07,-61.189998626708984,,NSC14229,NSC24559,other,other,,,241279087.64641,244447941.24413067,1.0131335609257797,0.5606791370169392,4.4,0.4393208629830608,0.0295021691265715,9.2,-0.0002500422107451,0.2625583049872432,0.8591431359426005,0.0659344753172351,,0.0349322775101125,0.0989033801520301,7.776194886189854,0.2109457999523775,0.3984163110248946,5.25,0.2033398275045627,0.060731260348103,166.03773584905662,0.025737532844235,0.0116214205224181,0.4515359180987382,400.0,2.4496629563880408,1.1856951179390431,0.4840237775760455,400.0,-0.0396298260113867,0.0006018717516834,0.0402316977630702,0.1427749243192069,1.0,"2,True,The solver successfully reached the end of the integration interval.",1.666,diffusivity_low
NCI-H322M,random,5,32065,760766,9.999999747378752e-05,1.9999999949504854e-06,14.109999656677246,,hydroxyurea,NSC760766,antimetabolite,other,,,241279087.64641,244471287.9027019,1.0132303229734108,0.5098509240364524,4.6000000000000005,0.4901490759635476,0.0343829556092224,9.4,-0.0002915186935325,0.3037273979460672,0.842522442602088,0.0744185218294048,,0.036461136179782,0.1162133700425842,7.592498551062914,0.2594321504700653,0.4627760901427935,5.25,0.2033398275045627,0.060731260348103,166.03773584905662,1.7752751727968317,1.0891385627737105,0.613504080642238,400.0,0.6866976526575895,0.3321598488028211,0.4837061078006148,400.0,-0.0536654821516382,0.0006023326346042,0.0542678147862425,0.142932176007916,1.0,"2,True,The solver successfully reached the end of the integration interval.",1.686,diffusivity_low
NCI-H322M,tanimoto+zero,5,740,6396,1.0000000116860974e-07,9.999999974752427e-07,-56.81999969482422,,NSC740,thiotepa,other,alkylator,,,241279087.64641,244354454.9320688,1.0127460996129334,0.8970426102139075,4.4,0.1029573897860924,0.0040033975677797,3.8000000000000007,-8.391949827640602e-05,0.0584596283457067,0.9714340022663264,0.0125866993618537,,0.0159742290587958,0.021006087109392,7.404899324258243,0.1240188256815693,0.066867271383622,5.25,0.2033398275045627,0.0578624312878497,166.03773584905662,3.870470152891944,1.8498921613011063,0.477950245894262,400.0,0.053622390134832,0.0299012153300311,0.5576255600476849,400.0,-0.0055177360989138,3.295192438201866e-05,0.0055506880232958,0.1418802507125663,1.0,"2,True,The solver successfully reached the end of the integration interval.",1.554,diffusivity_low
RPMI-8226,act_hamming+zero,0,740,19893,2.999999892949745e-08,9.999999747378752e-05,-71.53700256347656,,NSC740,fluorouracil,other,antimetabolite,,,241279087.64641,223350018.16959637,0.9256915729759044,0.0171835192298022,6.4,0.9828164807701978,0.3172663221679435,,0.0389503496113324,1.774799066493182,0.2890962493643767,0.5389575426805046,,0.024389664254239,1.0366688754868734,3.5338374466061726,0.7123426659385316,0.9799387193653792,5.25,0.1500911062194407,0.023430512056881,188.67924528301887,1.0369404637895894,0.6307415019377695,0.6082716645396107,400.0,3.0802637990557153,1.9843197950021645,0.644204498202549,400.0,-0.4488190492466581,0.0765696068988128,0.525388656145471,0.088677722914896,1.0,"2,True,The solver successfully reached the end of the integration interval.",1.576,diffusivity_low
RPMI-8226,hamming+zero,0,740,19893,2.999999892949745e-08,9.999999747378752e-05,-71.53700256347656,,NSC740,fluorouracil,other,antimetabolite,,,241279087.64641,223350018.16959637,0.9256915729759044,0.0171835192298022,6.4,0.9828164807701978,0.3172663221679435,,0.0389503496113324,1.774799066493182,0.2890962493643767,0.5389575426805046,,0.024389664254239,1.0366688754868734,3.5338374466061726,0.7123426659385316,0.9799387193653792,5.25,0.1500911062194407,0.023430512056881,188.67924528301887,1.0369404637895894,0.6307415019377695,0.6082716645396107,400.0,3.0802637990557153,1.9843197950021645,0.644204498202549,400.0,-0.4488190492466581,0.0765696068988128,0.525388656145471,0.088677722914896,1.0,"2,True,The solver successfully reached the end of the integration interval.",1.522,diffusivity_low
RPMI-8226,ours+zero,0,19893,749226,9.999999747378752e-05,4.999999873689376e-06,-76.33100128173828,,fluorouracil,NSC749226,antimetabolite,other,,,241279087.64641,166453344.34875128,0.6898788700357055,0.0031788916198646,6.4,0.9968211083801354,0.4174774206532561,,0.1666438164071949,2.50763545827942,0.1498053731896929,0.8244726091680359,,0.0132488375937586,1.2789141595280318,3.5365947441554284,0.6424500334699497,0.9961535079687012,5.25,0.0,0.0,400.0,3.0802637990557153,1.9948428570209085,0.6476207841784353,400.0,0.6684768977034642,0.4160240528766395,0.6223461937216976,400.0,0.3026525767582347,0.2582412710002273,-0.0444113057580074,0.0,1.0,"2,True,The solver successfully reached the end of the integration interval.",1.586,diffusivity_low
RPMI-8226,random,0,14229,246131,2.999999892949745e-08,1.9999999494757503e-05,-94.70999908447266,,NSC14229,mitoxantrone,other,dna_intercalator,,,241279087.64641,242780212.42858103,1.0062215287566525,0.1230699768967255,6.4,0.8769300231032745,0.1586076602860595,14.000000000000002,0.0027230546642382,0.9197590606769394,0.5094010689441331,0.2929401480334728,,0.0344239489296267,0.6223479625903164,4.407537531621767,0.9071026092282856,0.8551153361734418,5.25,0.1968849621189929,0.0667502786547997,168.55345911949686,0.0074007132575906,0.0034458992873805,0.4656171868091522,400.0,14.265289286311544,1.7345862159483867,0.1215948853987022,151.15712459222388,-0.4194991329163771,0.026194427573871,0.4456935604902481,0.1498916021085972,1.0,"2,True,The solver successfully reached the end of the integration interval.",1.392,diffusivity_low
RPMI-8226,tanimoto+zero,0,3053,19893,1.000000013351432e-10,9.999999747378752e-05,-76.15699768066406,,dactinomycin,fluorouracil,dna_intercalator,antimetabolite,,,241279087.64641,224283015.18730295,0.929558451895282,0.0186314808172817,6.2,0.9813685191827184,0.3101202775321846,,0.0371399557708967,1.7398167692050774,0.2960596552227978,0.5286207709555445,,0.0248300452201409,1.0273863336608913,3.5379784710512756,0.7210226525260438,0.9784425147711804,5.25,0.1554832211935119,0.0250097114043045,186.16352201257865,0.002326114730968,0.0010754288156783,0.4623283629826996,400.0,3.0802637990557153,1.9842286438885268,0.6441749062196592,400.0,-0.4303506676362463,0.0717705133665383,0.5021211810027847,0.0923117850770226,1.0,"2,True,The solver successfully reached the end of the integration interval.",1.578,diffusivity_low
SF-295,act_hamming+zero,2,740,25154,1.0000000116860974e-07,3.000000106112566e-06,-34.849998474121094,,NSC740,NSC25154,other,other,,,241279087.64641,242727597.8704718,1.0060034636163104,0.1285419048771733,5.0,0.8714580951228267,0.1263666394436069,14.8,0.0028171837878459,0.901886995400091,0.5970746661169255,0.2239713555457973,,0.0382988730557428,0.710008727330987,3.901947259181422,0.9048124187347392,0.8682921714958776,5.25,0.1968849621189929,0.0550853987870166,168.55345911949686,24.98568003893303,15.774891417946026,0.631357297194448,400.0,0.0043658953188699,0.0025010152700803,0.5728527798801483,400.0,-0.1563984992204947,0.0062941186199633,0.162692617840458,0.135856765832501,1.0,"2,True,The solver successfully reached the end of the integration interval.",1.671,diffusivity_low
SF-295,act_hamming+zero,4,740,25154,1.0000000116860974e-07,3.000000106112566e-06,-34.849998474121094,,NSC740,NSC25154,other,other,,,241279087.64641,242727597.8704718,1.0060034636163104,0.1285419048771733,5.0,0.8714580951228267,0.1263666394436069,14.8,0.0028171837878459,0.901886995400091,0.5970746661169255,0.2239713555457973,,0.0382988730557428,0.710008727330987,3.901947259181422,0.9048124187347392,0.8682921714958776,5.25,0.1968849621189929,0.0550853987870166,168.55345911949686,24.98568003893303,15.774891417946026,0.631357297194448,400.0,0.0043658953188699,0.0025010152700803,0.5728527798801483,400.0,-0.1563984992204947,0.0062941186199633,0.162692617840458,0.135856765832501,1.0,"2,True,The solver successfully reached the end of the integration interval.",1.701,diffusivity_low
SF-295,act_hamming+zero,9,740,25154,1.0000000116860974e-07,3.000000106112566e-06,-34.849998474121094,,NSC740,NSC25154,other,other,,,241279087.64641,242727597.8704718,1.0060034636163104,0.1285419048771733,5.0,0.8714580951228267,0.1263666394436069,14.8,0.0028171837878459,0.901886995400091,0.5970746661169255,0.2239713555457973,,0.0382988730557428,0.710008727330987,3.901947259181422,0.9048124187347392,0.8682921714958776,5.25,0.1968849621189929,0.0550853987870166,168.55345911949686,24.98568003893303,15.774891417946026,0.631357297194448,400.0,0.0043658953188699,0.0025010152700803,0.5728527798801483,400.0,-0.1563984992204947,0.0062941186199633,0.162692617840458,0.135856765832501,1.0,"2,True,The solver successfully reached the end of the integration interval.",1.694,diffusivity_low
RPMI-8226,linear_curve,0,127716,681239,3.000000106112566e-07,3.000000106112566e-07,-98.0500030517578,,decitabine,bortezomib,antimetabolite,proteasome,,,241279087.64641,205120061.19940025,0.850136094264414,0.0025206648992066,5.0,0.9974793351007932,0.40227386313945,,0.0759282043348121,2.609416613096829,0.2197713689204189,0.6580288866613391,,0.0202286020646443,1.4421086053470231,2.9177703080107698,0.6646089006717314,0.997401469237948,5.25,0.0667502786547997,0.0,238.9937106918239,6.647919983820463,4.320624081482233,0.6499211921920927,400.0,2.659365748651904,1.6201070210370796,0.6092080496480601,400.0,0.1674632974553819,0.1110731161174046,-0.0563901813379772,0.0193672277452863,1.0,"2,True,The solver successfully reached the end of the integration interval.",5.055,diffusivity_low
SF-295,hamming+zero,2,740,25154,1.0000000116860974e-07,3.000000106112566e-06,-34.849998474121094,,NSC740,NSC25154,other,other,,,241279087.64641,242727597.8704718,1.0060034636163104,0.1285419048771733,5.0,0.8714580951228267,0.1263666394436069,14.8,0.0028171837878459,0.901886995400091,0.5970746661169255,0.2239713555457973,,0.0382988730557428,0.710008727330987,3.901947259181422,0.9048124187347392,0.8682921714958776,5.25,0.1968849621189929,0.0550853987870166,168.55345911949686,24.98568003893303,15.774891417946026,0.631357297194448,400.0,0.0043658953188699,0.0025010152700803,0.5728527798801483,400.0,-0.1563984992204947,0.0062941186199633,0.162692617840458,0.135856765832501,1.0,"2,True,The solver successfully reached the end of the integration interval.",1.673,diffusivity_low
SF-295,hamming+zero,4,740,25154,1.0000000116860974e-07,3.000000106112566e-06,-34.849998474121094,,NSC740,NSC25154,other,other,,,241279087.64641,242727597.8704718,1.0060034636163104,0.1285419048771733,5.0,0.8714580951228267,0.1263666394436069,14.8,0.0028171837878459,0.901886995400091,0.5970746661169255,0.2239713555457973,,0.0382988730557428,0.710008727330987,3.901947259181422,0.9048124187347392,0.8682921714958776,5.25,0.1968849621189929,0.0550853987870166,168.55345911949686,24.98568003893303,15.774891417946026,0.631357297194448,400.0,0.0043658953188699,0.0025010152700803,0.5728527798801483,400.0,-0.1563984992204947,0.0062941186199633,0.162692617840458,0.135856765832501,1.0,"2,True,The solver successfully reached the end of the integration interval.",1.667,diffusivity_low
SF-295,hamming+zero,9,740,25154,1.0000000116860974e-07,3.000000106112566e-06,-34.849998474121094,,NSC740,NSC25154,other,other,,,241279087.64641,242727597.8704718,1.0060034636163104,0.1285419048771733,5.0,0.8714580951228267,0.1263666394436069,14.8,0.0028171837878459,0.901886995400091,0.5970746661169255,0.2239713555457973,,0.0382988730557428,0.710008727330987,3.901947259181422,0.9048124187347392,0.8682921714958776,5.25,0.1968849621189929,0.0550853987870166,168.55345911949686,24.98568003893303,15.774891417946026,0.631357297194448,400.0,0.0043658953188699,0.0025010152700803,0.5728527798801483,400.0,-0.1563984992204947,0.0062941186199633,0.162692617840458,0.135856765832501,1.0,"2,True,The solver successfully reached the end of the integration interval.",1.715,diffusivity_low
SF-295,linear_curve,2,119875,681239,1.9999999494757503e-05,3.000000106112566e-07,-95.12000274658205,,cisplatin,bortezomib,platinum,proteasome,,,241279087.64641,194772743.3445757,0.8072508282608044,0.0015991299548617,6.0,0.9984008700451382,0.4558085203936475,,0.0984081604759753,2.8063326615644404,0.1849735416429013,0.7328903880308087,,0.0165025207477056,1.1607805399246287,3.61283954328604,0.6016162727611496,0.9979021787668354,5.25,0.107058670315642,0.0120947564387263,211.32075471698113,3.568029240982825,2.275724563586881,0.6378099533063315,400.0,10.166128824773349,5.959085932058875,0.5861706097543705,400.0,-0.8623087759491186,0.2219073077994989,1.0842160837486174,0.0666966309364514,1.0,"2,True,The solver successfully reached the end of the integration interval.",1.683,diffusivity_low
SF-295,linear_curve,4,119875,681239,1.9999999494757503e-05,3.000000106112566e-07,-95.12000274658205,,cisplatin,bortezomib,platinum,proteasome,,,241279087.64641,194772743.3445757,0.8072508282608044,0.0015991299548617,6.0,0.9984008700451382,0.4558085203936475,,0.0984081604759753,2.8063326615644404,0.1849735416429013,0.7328903880308087,,0.0165025207477056,1.1607805399246287,3.61283954328604,0.6016162727611496,0.9979021787668354,5.25,0.107058670315642,0.0120947564387263,211.32075471698113,3.568029240982825,2.275724563586881,0.6378099533063315,400.0,10.166128824773349,5.959085932058875,0.5861706097543705,400.0,-0.8623087759491186,0.2219073077994989,1.0842160837486174,0.0666966309364514,1.0,"2,True,The solver successfully reached the end of the integration interval.",1.661,diffusivity_low
SF-295,linear_curve,9,119875,681239,1.9999999494757503e-05,3.000000106112566e-07,-95.12000274658205,,cisplatin,bortezomib,platinum,proteasome,,,241279087.64641,194772743.3445757,0.8072508282608044,0.0015991299548617,6.0,0.9984008700451382,0.4558085203936475,,0.0984081604759753,2.8063326615644404,0.1849735416429013,0.7328903880308087,,0.0165025207477056,1.1607805399246287,3.61283954328604,0.6016162727611496,0.9979021787668354,5.25,0.107058670315642,0.0120947564387263,211.32075471698113,3.568029240982825,2.275724563586881,0.6378099533063315,400.0,10.166128824773349,5.959085932058875,0.5861706097543705,400.0,-0.8623087759491186,0.2219073077994989,1.0842160837486174,0.0666966309364514,1.0,"2,True,The solver successfully reached the end of the integration interval.",1.617,diffusivity_low
SF-295,ours+zero,2,681239,747973,3.000000106112566e-07,3.000000106112566e-07,-94.7699966430664,,bortezomib,vorinostat,proteasome,hdac_inhibitor,,,241279087.64641,49810022.52316793,0.2064415238346871,4.126130036287011e-05,4.6000000000000005,0.9999587386996373,0.5310406060110222,,0.6906196036368543,4.395627697905925,0.0420334714795537,1.3764047408021884,,0.0027730374899023,2.2515550315940125,2.9718092886968117,0.9192939468300684,0.9999449487995868,5.25,0.0,0.0,400.0,10.166128824773349,6.516434597940602,0.6409946903349305,400.0,15.837288892247397,10.297157123574271,0.6501843335455535,400.0,0.9914686616487594,0.752595441581547,-0.2388732200672123,0.0,1.0,"2,True,The solver successfully reached the end of the integration interval.",1.498,diffusivity_low
SF-295,ours+zero,4,681239,747973,3.000000106112566e-07,3.000000106112566e-07,-94.7699966430664,,bortezomib,vorinostat,proteasome,hdac_inhibitor,,,241279087.64641,49810022.52316793,0.2064415238346871,4.126130036287011e-05,4.6000000000000005,0.9999587386996373,0.5310406060110222,,0.6906196036368543,4.395627697905925,0.0420334714795537,1.3764047408021884,,0.0027730374899023,2.2515550315940125,2.9718092886968117,0.9192939468300684,0.9999449487995868,5.25,0.0,0.0,400.0,10.166128824773349,6.516434597940602,0.6409946903349305,400.0,15.837288892247397,10.297157123574271,0.6501843335455535,400.0,0.9914686616487594,0.752595441581547,-0.2388732200672123,0.0,1.0,"2,True,The solver successfully reached the end of the integration interval.",1.492,diffusivity_low
SF-295,ours+zero,9,752,9706,3.000000106112566e-06,4.999999873689376e-06,-55.029998779296875,,thioguanine,triethylenemelamine,antimetabolite,alkylator,,,241279087.64641,227571963.8734015,0.9431897562829976,0.0053724675357384,4.4,0.9946275324642616,0.3281370718028858,,0.0308175843998922,2.2810989013457386,0.3222526779921643,0.4918034648748326,,0.0279725118875729,1.6802079400948688,2.397551455513806,0.7895784414395285,0.9925095614078212,5.25,0.1610029557745819,0.0,183.6477987421384,5.453086025531121,3.551613994404558,0.651303496364453,400.0,10.226680180513428,6.658850448540934,0.6511253242503011,400.0,0.2578759540906484,0.0364843776184398,-0.2213915764722086,0.0786009375143575,1.0,"2,True,The solver successfully reached the end of the integration interval.",1.569,diffusivity_low
SF-295,random,2,1390,681239,1.0000000116860974e-07,3.000000106112566e-07,-66.69999694824219,,NSC1390,bortezomib,other,proteasome,,,241279087.64641,236883845.39948103,0.981783575651736,0.0162173183797856,5.2,0.9837826816202144,0.2756443163194443,,0.0134008972910279,1.8008199213801033,0.4032586942192886,0.3944162604901287,,0.0312489642867077,0.9251740225755888,3.542361137344606,0.8233404602283736,0.9837186823540012,5.25,0.1843879427084984,0.0425249427297684,173.58490566037736,0.0051048501129721,0.0029107665004252,0.5701962713907283,400.0,10.166128824773349,5.741992686181909,0.5648160460242767,400.0,-0.3166498413529084,0.0245346993425095,0.3411845406954179,0.1204364543383088,1.0,"2,True,The solver successfully reached the end of the integration interval.",1.388,diffusivity_low
SF-295,random,4,613327,681239,9.99999993922529e-09,3.000000106112566e-07,-88.45999908447266,,gemcitabine,bortezomib,antimetabolite,proteasome,,,241279087.64641,235001450.5882683,0.9739818435183184,0.0113714354220033,5.4,0.9886285645779966,0.3055896661957328,,0.016865798709213,1.9548443496541532,0.369574201996851,0.4322983521744578,,0.0295626236563001,0.9579210932275882,3.522341178732024,0.7873718853040168,0.9885670860269496,5.25,0.178342803429609,0.0425249427297684,176.1006289308176,1.818916898944863,1.152741522003332,0.6337516148604848,400.0,10.166128824773349,5.769845486729301,0.5675558106905988,400.0,-0.3803857237383885,0.0334756765158402,0.4138614002542288,0.1159603214694929,1.0,"2,True,The solver successfully reached the end of the integration interval.",1.573,diffusivity_low
SF-295,random,9,119875,681239,1.9999999494757503e-05,3.000000026176508e-09,-27.690000534057617,,cisplatin,bortezomib,platinum,proteasome,,,241279087.64641,244669283.8771514,1.0140509327344176,0.3742889401884506,4.4,0.6257110598115494,0.0456566019413775,9.2,-0.0006431090902398,0.4380657068045709,0.8046876916085529,0.094372641530468,,0.0391806067803081,0.1636754879759442,7.0478722269814,0.2626053791314271,0.5559535005211536,5.25,0.2033398275045627,0.060731260348103,166.03773584905662,3.568029240982825,2.186557979950379,0.6128195236841962,400.0,0.1016612855389326,0.0297112025080308,0.2922568050416061,199.1008870002067,-0.0564645303719602,0.0006299177929239,0.0570944481648841,0.1435865252543639,1.0,"2,True,The solver successfully reached the end of the integration interval.",1.532,diffusivity_low
SF-295,tanimoto+zero,2,3053,713563,1.000000013351432e-10,9.999999747378752e-05,16.709999084472656,,dactinomycin,arsenic trioxide,dna_intercalator,other,,,241279087.64641,244334615.38008875,1.0126638730421451,0.9287627090657709,4.4,0.0712372909342292,0.0026612825290113,3.2,-4.86569623346439e-05,0.0433679315642764,0.978476587995452,0.009449561243615,,0.0127233735327773,0.0152922125969937,6.564309588011998,0.1741144297991838,0.0419023157123554,5.25,0.2033398275045627,0.0578624312878497,166.03773584905662,0.0021201881466497,8.081083086821624e-05,0.0381149338071301,48.54406542814297,2.24082401906662,1.0254432098373392,0.4576188050074862,400.0,-0.0028015580572307,2.0704427671103257e-05,0.0028222624849018,0.1417918667202595,1.0,"2,True,The solver successfully reached the end of the integration interval.",1.403,diffusivity_low
SF-295,tanimoto+zero,4,3088,141540,9.999999747378752e-05,4.999999873689376e-06,-29.2549991607666,,chlorambucil,etoposide,alkylator,topo2,,,241279087.64641,243588797.35463536,1.0095727720572707,0.1200203540083647,4.6000000000000005,0.8799796459916353,0.1171082268395814,13.8,0.001279030526196,0.9319157052723656,0.6360878799198542,0.1964828794338034,,0.0396240434033518,0.7042315202345314,3.8685884949552087,0.8488780075877284,0.8614060215732627,5.25,0.1968849621189929,0.0578624312878497,168.55345911949686,14.387939455354518,9.254672799539932,0.6432243357888038,400.0,10.580405627757251,6.096351839504141,0.5761926389202525,400.0,-0.1202275115721107,0.0031973428884717,0.1234248544605824,0.1361249850428743,1.0,"2,True,The solver successfully reached the end of the integration interval.",1.45,diffusivity_low
SF-295,tanimoto+zero,9,71423,141540,2.9999999242136255e-05,4.999999873689376e-06,-5.110000133514404,,megestrol,etoposide,hormonal,topo2,,,241279087.64641,244393706.91950327,1.012908782536751,0.278623222718685,4.800000000000001,0.7213767772813149,0.0788324358052098,11.8,-0.0001536769844983,0.5660389262741785,0.7182069191278011,0.1437504152437121,,0.0404359773967152,0.3698621265416456,5.3946395698079455,0.7115911783453541,0.7158046832794464,5.25,0.2033398275045627,0.060731260348103,166.03773584905662,1974.4489767877471,1297.7704166808585,0.6572823263289465,400.0,10.580405627757251,5.307540497024025,0.5016386595897528,400.0,-0.1243332474472327,0.002198576670946,0.1265318241181787,0.1442390190889838,1.0,"2,True,The solver successfully reached the end of the integration interval.",1.588,diffusivity_low
SK-MEL-5,act_hamming+zero,9,740,762,1.0000000116860974e-07,4.999999987376214e-07,1.090000033378601,,NSC740,mechlorethamine,other,alkylator,,,241279087.64641,244424677.23608017,1.0130371414296788,0.6924180280996357,4.4,0.3075819719003643,0.0154046812185622,6.800000000000001,-0.0002087086201572,0.1709043343694025,0.9155294143404024,0.0383276980247504,,0.0285252471794136,0.0567528073762104,8.066736123797133,0.083176287261941,0.2468333945901107,5.25,0.2033398275045627,0.060731260348103,166.03773584905662,3.274310653771972,1.5773682425003406,0.4817405583319434,400.0,0.0384073799644939,0.0216399677470794,0.5634325425760559,400.0,-0.0172713879032211,0.0001547863841039,0.017426174287325,0.1422569728533005,1.0,"2,True,The solver successfully reached the end of the integration interval.",1.51,diffusivity_low
SK-MEL-5,linear_curve,9,92859,747973,6.000000212225132e-06,2.999999892949745e-08,-97.72000122070312,,dromostanolone,vorinostat,hormonal,hdac_inhibitor,,,241279087.64641,209621745.2443588,0.868793674947725,0.0049945798448778,6.0,0.9950054201551222,0.3922470503781878,,0.0665000092877644,2.3117174598266375,0.2235114341173178,0.6507002548719195,,0.0202103695785257,1.2795666839625717,3.19137881529977,0.6502535965228058,0.9945007116938674,5.25,0.115794269730383,0.0032270595360392,206.28930817610063,7.44836971296567,4.789957069336451,0.6430879848778699,400.0,2.0707176646457612,1.3028182396386343,0.6291626627242339,400.0,-0.3373598456142002,0.1232671098649713,0.4606269554791715,0.0576879541156558,1.0,"2,True,The solver successfully reached the end of the integration interval.",1.455,diffusivity_low
SK-MEL-5,hamming+zero,9,740,762,1.0000000116860974e-07,4.999999987376214e-07,1.090000033378601,,NSC740,mechlorethamine,other,alkylator,,,241279087.64641,244424677.23608017,1.0130371414296788,0.6924180280996357,4.4,0.3075819719003643,0.0154046812185622,6.800000000000001,-0.0002087086201572,0.1709043343694025,0.9155294143404024,0.0383276980247504,,0.0285252471794136,0.0567528073762104,8.066736123797133,0.083176287261941,0.2468333945901107,5.25,0.2033398275045627,0.060731260348103,166.03773584905662,3.274310653771972,1.5773682425003406,0.4817405583319434,400.0,0.0384073799644939,0.0216399677470794,0.5634325425760559,400.0,-0.0172713879032211,0.0001547863841039,0.017426174287325,0.1422569728533005,1.0,"2,True,The solver successfully reached the end of the integration interval.",1.536,diffusivity_low
SK-MEL-5,ours+zero,9,755,628503,2.0000000233721948e-07,3.999999975690116e-08,-49.15999984741211,,mercaptopurine,NSC628503,antimetabolite,other,,,241279087.64641,244264326.09823084,1.0123725536304895,0.2606972955905757,4.6000000000000005,0.7393027044094242,0.0679572062517634,11.4,7.629724802876351e-05,0.5950340827581587,0.7445062348677272,0.1281316608972837,,0.0411656601659214,0.3515614779234635,5.461247700713565,0.5410999230003817,0.7082804763126462,5.25,0.2033398275045627,0.060731260348103,166.03773584905662,18.689170516814112,12.078898177734532,0.6463046696945428,400.0,11.59229589536313,6.930538712630726,0.5978572989499787,400.0,-0.0842941380888979,0.0013091397650046,0.0856032778539026,0.1429523505903002,1.0,"2,True,The solver successfully reached the end of the integration interval.",1.688,diffusivity_low
SK-MEL-5,random,9,180973,628503,7.000000096013537e-06,3.999999975690116e-08,-30.979999542236328,,tamoxifen,NSC628503,hormonal,other,,,241279087.64641,244396407.08855557,1.0129199735980183,0.3764794557188739,4.800000000000001,0.623520544281126,0.0526009097763935,10.6,-0.000158475234242,0.4353149555270865,0.7832143371233786,0.1061193711582133,,0.0398483866723718,0.204149421619149,6.695839920354225,0.4482254076384779,0.6045378747817525,5.25,0.2033398275045627,0.060731260348103,166.03773584905662,749.5384150207869,491.9870459960838,0.6563866989825191,400.0,11.59229589536313,6.7347947600397875,0.5809716056966487,400.0,-0.078509694295382,0.0010995027437633,0.0796091970391453,0.1431919377479946,1.0,"2,True,The solver successfully reached the end of the integration interval.",1.486,diffusivity_low
SK-MEL-5,tanimoto+zero,9,92859,119875,6.000000212225132e-06,1.9999999949504854e-06,-91.9499969482422,,dromostanolone,cisplatin,hormonal,platinum,,,241279087.64641,223669932.97826612,0.9270174848557544,0.0121123986769597,5.6000000000000005,0.9878876013230402,0.3217935267293828,,0.0383287341355688,1.92728509598348,0.2969587412751621,0.5273038863098644,,0.0254331813902699,1.189932923509057,3.1641474340788314,0.7396957771257873,0.9875736959941742,5.25,0.1448251182253859,0.0102133001273583,191.19496855345912,7.44836971296567,4.787302613468441,0.6427316040898178,400.0,0.3724807083952616,0.2386070530684664,0.640589022976369,400.0,-0.1476320516766209,0.05821335433739,0.205845406014011,0.0737635168714315,1.0,"2,True,The solver successfully reached the end of the integration interval.",1.578,diffusivity_low
SR,act_hamming+zero,6,26980,747971,4.999999987376214e-07,1.9999999949504854e-06,-94.94000244140624,,mitomycin,sorafenib,alkylator,kinase_inhibitor,,,241279087.64641,81588396.1384984,0.3381494721915754,0.0001145173905133,5.0,0.9998854826094868,0.5196872063867801,,0.4763079458797802,3.952060283607756,0.0574657702410831,1.240590767866482,,0.0049655626405243,2.481840837832586,2.498879375377462,0.8052972850639795,0.9998790499034542,5.25,0.0,0.0,400.0,90.80036472291091,59.658506737863185,0.6570293733942462,400.0,0.9043599849896466,0.5847422685949577,0.6465813152952051,400.0,0.9857405617267444,0.5976761405773117,-0.3880644211494326,0.0,1.0,"2,True,The solver successfully reached the end of the integration interval.",1.497,diffusivity_low
SR,hamming+zero,6,26980,747971,4.999999987376214e-07,1.9999999949504854e-06,-94.94000244140624,,mitomycin,sorafenib,alkylator,kinase_inhibitor,,,241279087.64641,81588396.1384984,0.3381494721915754,0.0001145173905133,5.0,0.9998854826094868,0.5196872063867801,,0.4763079458797802,3.952060283607756,0.0574657702410831,1.240590767866482,,0.0049655626405243,2.481840837832586,2.498879375377462,0.8052972850639795,0.9998790499034542,5.25,0.0,0.0,400.0,90.80036472291091,59.658506737863185,0.6570293733942462,400.0,0.9043599849896466,0.5847422685949577,0.6465813152952051,400.0,0.9857405617267444,0.5976761405773117,-0.3880644211494326,0.0,1.0,"2,True,The solver successfully reached the end of the integration interval.",1.552,diffusivity_low
SR,linear_curve,6,9706,26980,4.999999873689376e-06,4.999999987376214e-07,-98.98999786376952,,triethylenemelamine,mitomycin,alkylator,alkylator,,,241279087.64641,54672.90661281214,0.000226596126279,4.4261284897035896e-08,5.0,0.9999999557387153,0.5416879857196396,,3.6501641785518,7.364907709617784,0.0105948477597812,1.9749052794026407,,1.8699904253217764e-06,4.6848132286309845,3.145034112588694,0.998612799041662,0.9999999532483927,5.25,0.0,0.0,400.0,92.42422518636896,60.7590774372865,0.6573934194716673,400.0,90.80036472291091,59.6911400474328,0.6573887696331181,400.0,0.9999948034290256,0.999722577033314,-0.0002722263957115,0.0,1.0,"2,True,The solver successfully reached the end of the integration interval.",1.576,diffusivity_low
SR,ours+zero,6,26980,747971,4.999999987376214e-07,1.9999999949504854e-06,-94.94000244140624,,mitomycin,sorafenib,alkylator,kinase_inhibitor,,,241279087.64641,81588396.1384984,0.3381494721915754,0.0001145173905133,5.0,0.9998854826094868,0.5196872063867801,,0.4763079458797802,3.952060283607756,0.0574657702410831,1.240590767866482,,0.0049655626405243,2.481840837832586,2.498879375377462,0.8052972850639795,0.9998790499034542,5.25,0.0,0.0,400.0,90.80036472291091,59.658506737863185,0.6570293733942462,400.0,0.9043599849896466,0.5847422685949577,0.6465813152952051,400.0,0.9857405617267444,0.5976761405773117,-0.3880644211494326,0.0,1.0,"2,True,The solver successfully reached the end of the integration interval.",1.485,diffusivity_low
SR,random,6,26980,747971,4.999999987376214e-07,1.9999999949504854e-06,-94.94000244140624,,mitomycin,sorafenib,alkylator,kinase_inhibitor,,,241279087.64641,81588396.1384984,0.3381494721915754,0.0001145173905133,5.0,0.9998854826094868,0.5196872063867801,,0.4763079458797802,3.952060283607756,0.0574657702410831,1.240590767866482,,0.0049655626405243,2.481840837832586,2.498879375377462,0.8052972850639795,0.9998790499034542,5.25,0.0,0.0,400.0,90.80036472291091,59.658506737863185,0.6570293733942462,400.0,0.9043599849896466,0.5847422685949577,0.6465813152952051,400.0,0.9857405617267444,0.5976761405773117,-0.3880644211494326,0.0,1.0,"2,True,The solver successfully reached the end of the integration interval.",1.532,diffusivity_low
SR,tanimoto+zero,6,26980,747971,4.999999987376214e-07,1.9999999949504854e-06,-94.94000244140624,,mitomycin,sorafenib,alkylator,kinase_inhibitor,,,241279087.64641,81588396.1384984,0.3381494721915754,0.0001145173905133,5.0,0.9998854826094868,0.5196872063867801,,0.4763079458797802,3.952060283607756,0.0574657702410831,1.240590767866482,,0.0049655626405243,2.481840837832586,2.498879375377462,0.8052972850639795,0.9998790499034542,5.25,0.0,0.0,400.0,90.80036472291091,59.658506737863185,0.6570293733942462,400.0,0.9043599849896466,0.5847422685949577,0.6465813152952051,400.0,0.9857405617267444,0.5976761405773117,-0.3880644211494326,0.0,1.0,"2,True,The solver successfully reached the end of the integration interval.",1.549,diffusivity_low
U251,act_hamming+zero,9,85998,409962,9.999999747378752e-05,1.9999999949504854e-06,-40.290000915527344,,streptozocin,carmustine,alkylator,alkylator,,,241279087.64641,244321612.0511175,1.0126099797308843,0.9410601899967947,4.4,0.0589398100032051,0.0029980805281147,4.0,-2.554347803669249e-05,0.0376552995092823,0.978149218205664,0.0095948878503915,,0.0133682829697581,0.0164248539725004,6.9113472475950255,0.2298827762196318,0.0460898899982452,5.25,0.2033398275045627,0.0578624312878497,166.03773584905662,0.057991673115147,0.0324795843267045,0.560073241242993,400.0,0.0419885926861412,0.0235085988811983,0.5598806098818749,400.0,-0.0044802441461635,4.669283503055954e-05,0.0045269369811941,0.141779338014833,1.0,"2,True,The solver successfully reached the end of the integration interval.",1.533,diffusivity_low
U251,linear_curve,9,26980,754143,4.999999969612645e-09,9.99999993922529e-09,-90.36000061035156,,mitomycin,bendamustine,alkylator,alkylator,,,241279087.64641,223521793.93396753,0.9264035110309043,0.0055870184777399,4.6000000000000005,0.99441298152226,0.3214402319543147,,0.0386164674185205,2.2639905009974073,0.3114917408974211,0.5065534640296191,,0.0273847402279424,1.902467969125876,2.197536268219439,0.7947193815933912,0.992346480281442,5.25,0.1396837645843649,0.0,193.71069182389937,1.828253653194684,1.1869882805267244,0.6492470442777923,400.0,16.209099229005094,10.601774767113572,0.6540631664554444,400.0,0.5933533093861179,0.0382717807550508,-0.555081528631067,0.0519462671877219,1.0,"2,True,The solver successfully reached the end of the integration interval.",1.437,diffusivity_low
U251,hamming+zero,9,85998,409962,9.999999747378752e-05,1.9999999949504854e-06,-40.290000915527344,,streptozocin,carmustine,alkylator,alkylator,,,241279087.64641,244321612.0511175,1.0126099797308843,0.9410601899967947,4.4,0.0589398100032051,0.0029980805281147,4.0,-2.554347803669249e-05,0.0376552995092823,0.978149218205664,0.0095948878503915,,0.0133682829697581,0.0164248539725004,6.9113472475950255,0.2298827762196318,0.0460898899982452,5.25,0.2033398275045627,0.0578624312878497,166.03773584905662,0.057991673115147,0.0324795843267045,0.560073241242993,400.0,0.0419885926861412,0.0235085988811983,0.5598806098818749,400.0,-0.0044802441461635,4.669283503055954e-05,0.0045269369811941,0.141779338014833,1.0,"2,True,The solver successfully reached the end of the integration interval.",1.501,diffusivity_low
U251,ours+zero,9,85998,409962,9.999999747378752e-05,1.9999999949504854e-06,-40.290000915527344,,streptozocin,carmustine,alkylator,alkylator,,,241279087.64641,244321612.0511175,1.0126099797308843,0.9410601899967947,4.4,0.0589398100032051,0.0029980805281147,4.0,-2.554347803669249e-05,0.0376552995092823,0.978149218205664,0.0095948878503915,,0.0133682829697581,0.0164248539725004,6.9113472475950255,0.2298827762196318,0.0460898899982452,5.25,0.2033398275045627,0.0578624312878497,166.03773584905662,0.057991673115147,0.0324795843267045,0.560073241242993,400.0,0.0419885926861412,0.0235085988811983,0.5598806098818749,400.0,-0.0044802441461635,4.669283503055954e-05,0.0045269369811941,0.141779338014833,1.0,"2,True,The solver successfully reached the end of the integration interval.",1.529,diffusivity_low
U251,tanimoto+zero,9,85998,409962,9.999999747378752e-05,1.9999999949504854e-06,-40.290000915527344,,streptozocin,carmustine,alkylator,alkylator,,,241279087.64641,244321612.0511175,1.0126099797308843,0.9410601899967947,4.4,0.0589398100032051,0.0029980805281147,4.0,-2.554347803669249e-05,0.0376552995092823,0.978149218205664,0.0095948878503915,,0.0133682829697581,0.0164248539725004,6.9113472475950255,0.2298827762196318,0.0460898899982452,5.25,0.2033398275045627,0.0578624312878497,166.03773584905662,0.057991673115147,0.0324795843267045,0.560073241242993,400.0,0.0419885926861412,0.0235085988811983,0.5598806098818749,400.0,-0.0044802441461635,4.669283503055954e-05,0.0045269369811941,0.141779338014833,1.0,"2,True,The solver successfully reached the end of the integration interval.",1.471,diffusivity_low
U251,random,9,45388,713563,4.999999873689376e-06,9.999999747378752e-05,-51.60699844360352,,dacarbazine,arsenic trioxide,alkylator,other,,,241279087.64641,244401488.11921784,1.0129410323259496,0.7557319157768372,4.4,0.2442680842231628,0.0112128944692508,6.0,-0.0001675041748357,0.1329049376406727,0.9336132284425244,0.029833003364902,,0.0254817338489088,0.0450198920207651,8.072757956263208,0.062218869143338,0.1847588903686861,5.25,0.2033398275045627,0.060731260348103,166.03773584905662,0.771889939037878,0.4369819868990821,0.5661195525410763,400.0,2.456617606864609,1.1377777269256872,0.4631480795978815,400.0,-0.0102763361604245,9.346175437496829e-05,0.0103697979147995,0.1420981915330389,1.0,"2,True,The solver successfully reached the end of the integration interval.",1.513,diffusivity_low
BT-549,linear_curve,8,67574,246131,1.0000000116860974e-07,1.9999999494757503e-05,-89.91000366210938,,vincristine,mitoxantrone,antimitotic,dna_intercalator,,,241279087.64641,192496702.0941212,0.7978175977531111,0.003965416656849,4.6000000000000005,0.996034583343151,0.3452477059251881,,0.0258450673404371,2.3582625211825774,0.3236615659735929,0.4899088689526795,,0.0239098503042905,1.2258611962115065,3.150263709195517,0.7619981368287204,0.9950062598731242,5.25,0.3637300599028522,0.178342803429609,115.7232704402516,11.374212191331845,6.846063024548487,0.6018933803402923,400.0,11.704019281956482,6.905354137671887,0.5899985271143168,400.0,0.1293352257421934,0.0520869895043044,-0.077248236237889,0.1468848033522873,1.0,"2,True,The solver successfully reached the end of the integration interval.",1.592,oxygen_high
BT-549,ours+zero,8,125973,681239,2.999999892949745e-08,3.000000106112566e-07,-95.31999969482422,,paclitaxel,bortezomib,antimitotic,proteasome,,,241279087.64641,198480721.92683885,0.8226188347400776,0.0114566452366206,5.0,0.9885433547633794,0.2966870811709173,,0.0125500298866272,1.8949370721183567,0.3714598897366199,0.4300880745185019,,0.0266189520474452,1.253922776662122,3.0084210504337454,0.8057201629266525,0.9884246872968268,5.25,0.3734291500347595,0.2033398275045627,113.20754716981132,1.7676312857947352,1.0410923124476883,0.5889759481031184,400.0,5.224603901442932,3.28711447401076,0.6291605136042799,400.0,-0.9190418004677848,0.0353683564663187,0.9544101569341036,0.1695221318959417,1.0,"2,True,The solver successfully reached the end of the integration interval.",1.556,oxygen_high
BT-549,random,8,105014,628503,9.999999974752427e-07,3.999999886872274e-09,13.720000267028809,,cladribine,NSC628503,antimetabolite,other,,,241279087.64641,204577606.5964254,0.847887848847597,0.4687715184348859,4.4,0.531228481565114,0.0250460433344453,,-0.0005897325871922,0.2869445544606107,0.8641316831214055,0.063420071299703,,0.0323107553910726,0.1277361734615702,8.58852364624873,-0.2350284312370298,0.4798126828217306,5.25,0.393341540294025,0.2235477579063518,108.17610062893084,0.5180599034675787,0.3378142553447372,0.6520756636126702,400.0,1.0679288136544656,0.6482348963010772,0.6070019724281148,400.0,-0.1073227573171469,0.000170206186036,0.1074929635031829,0.1909137865121566,1.0,"2,True,The solver successfully reached the end of the integration interval.",3.254,oxygen_high
BT-549,hamming+zero,8,750,105014,4.999999873689376e-05,1.0000000116860974e-07,32.560001373291016,,NSC750,cladribine,other,antimetabolite,,,241279087.64641,204378232.28302345,0.8470615264532826,0.7290281826715727,4.4,0.2709718173284273,0.0049688059092615,,-0.000166277716168,0.0951614539198009,0.950474504699356,0.0220595280535464,,0.024449559041104,0.0657138559633818,10.96561859419375,-1.1952020920274196,0.2388643440718896,5.25,0.393341540294025,0.2235477579063518,108.17610062893084,4.128523645071777,2.5513630353212378,0.6179843582503888,400.0,0.0518059910829652,0.033596805414439,0.6485119715330809,400.0,-0.0212414112837879,1.7782301530266942e-05,0.0212591935853182,0.1899304111051879,1.0,"2,True,The solver successfully reached the end of the integration interval.",6.18,oxygen_high
BT-549,act_hamming+zero,8,750,105014,4.999999873689376e-05,1.0000000116860974e-07,32.560001373291016,,NSC750,cladribine,other,antimetabolite,,,241279087.64641,204378232.28302345,0.8470615264532826,0.7290281826715727,4.4,0.2709718173284273,0.0049688059092615,,-0.000166277716168,0.0951614539198009,0.950474504699356,0.0220595280535464,,0.024449559041104,0.0657138559633818,10.96561859419375,-1.1952020920274196,0.2388643440718896,5.25,0.393341540294025,0.2235477579063518,108.17610062893084,4.128523645071777,2.5513630353212378,0.6179843582503888,400.0,0.0518059910829652,0.033596805414439,0.6485119715330809,400.0,-0.0212414112837879,1.7782301530266942e-05,0.0212591935853182,0.1899304111051879,1.0,"2,True,The solver successfully reached the end of the integration interval.",6.315,oxygen_high
HCT-15,act_hamming+zero,2,740,762,1.0000000116860974e-07,4.999999987376214e-07,-7.039999961853027,,NSC740,mechlorethamine,other,alkylator,,,241279087.64641,204398094.7671745,0.8471438480682424,0.3688409985852751,4.4,0.6311590014147248,0.0357372288738838,,-0.0002084825440882,0.3910665823155251,0.8202073979851581,0.0860763178458497,,0.0347038782452517,0.1790835374239579,7.67585377117365,-0.0357034539394647,0.5728427972670403,5.25,0.393341540294025,0.2235477579063518,108.17610062893084,11.084599787238917,7.125204177976207,0.6428021141709652,400.0,0.0249483530145913,0.0161910204846882,0.6489815369863782,400.0,-0.0786040367954419,0.000588641339866,0.0791926781353079,0.190376165977868,1.0,"2,True,The solver successfully reached the end of the integration interval.",3.527,oxygen_high
BT-549,tanimoto+zero,8,750,105014,4.999999873689376e-05,1.0000000116860974e-07,32.560001373291016,,NSC750,cladribine,other,antimetabolite,,,241279087.64641,204378232.28302345,0.8470615264532826,0.7290281826715727,4.4,0.2709718173284273,0.0049688059092615,,-0.000166277716168,0.0951614539198009,0.950474504699356,0.0220595280535464,,0.024449559041104,0.0657138559633818,10.96561859419375,-1.1952020920274196,0.2388643440718896,5.25,0.393341540294025,0.2235477579063518,108.17610062893084,4.128523645071777,2.5513630353212378,0.6179843582503888,400.0,0.0518059910829652,0.033596805414439,0.6485119715330809,400.0,-0.0212414112837879,1.7782301530266942e-05,0.0212591935853182,0.1899304111051879,1.0,"2,True,The solver successfully reached the end of the integration interval.",7.343,oxygen_high
HCT-15,linear_curve,2,681239,754230,3.000000106112566e-07,9.999999960041972e-13,-75.93000030517578,,bortezomib,romidepsin,proteasome,hdac_inhibitor,,,241279087.64641,204368459.9149959,0.847021024111688,0.1047750807543323,4.800000000000001,0.8952249192456676,0.118156752805351,,-0.0001455113804825,0.9349899380733004,0.6281159981611772,0.2019601449423093,,0.0350711848609662,0.779293604390731,3.807885686733168,0.8471743516648775,0.8881598573828517,5.25,0.393341540294025,0.2166697327712597,108.17610062893084,2.756535066484806,1.6588552240655623,0.6017899950683272,400.0,0.001923121509994,0.0012207447484445,0.6347725518645525,400.0,-0.3851201968107935,0.0038410982001764,0.38896129501097,0.1923245260660617,1.0,"2,True,The solver successfully reached the end of the integration interval.",2.799,oxygen_high
HCT-15,hamming+zero,2,740,762,1.0000000116860974e-07,4.999999987376214e-07,-7.039999961853027,,NSC740,mechlorethamine,other,alkylator,,,241279087.64641,204398094.7671745,0.8471438480682424,0.3688409985852751,4.4,0.6311590014147248,0.0357372288738838,,-0.0002084825440882,0.3910665823155251,0.8202073979851581,0.0860763178458497,,0.0347038782452517,0.1790835374239579,7.67585377117365,-0.0357034539394647,0.5728427972670403,5.25,0.393341540294025,0.2235477579063518,108.17610062893084,11.084599787238917,7.125204177976207,0.6428021141709652,400.0,0.0249483530145913,0.0161910204846882,0.6489815369863782,400.0,-0.0786040367954419,0.000588641339866,0.0791926781353079,0.190376165977868,1.0,"2,True,The solver successfully reached the end of the integration interval.",3.846,oxygen_high
HCT-15,tanimoto+zero,2,681239,754230,3.000000106112566e-07,9.999999960041972e-13,-75.93000030517578,,bortezomib,romidepsin,proteasome,hdac_inhibitor,,,241279087.64641,204368459.9149959,0.847021024111688,0.1047750807543323,4.800000000000001,0.8952249192456676,0.118156752805351,,-0.0001455113804825,0.9349899380733004,0.6281159981611772,0.2019601449423093,,0.0350711848609662,0.779293604390731,3.807885686733168,0.8471743516648775,0.8881598573828517,5.25,0.393341540294025,0.2166697327712597,108.17610062893084,2.756535066484806,1.6588552240655623,0.6017899950683272,400.0,0.001923121509994,0.0012207447484445,0.6347725518645525,400.0,-0.3851201968107935,0.0038410982001764,0.38896129501097,0.1923245260660617,1.0,"2,True,The solver successfully reached the end of the integration interval.",1.907,oxygen_high
HCT-15,random,2,686673,747973,1.9999999949504854e-06,3.000000106112566e-07,7.989999771118164,,NSC686673,vorinostat,other,hdac_inhibitor,,,241279087.64641,204402799.86135083,0.8471633486980824,0.6873095543264245,4.4,0.3126904456735755,0.0065599580488401,,-0.0002184795693616,0.1207533903572988,0.9407364315082796,0.026532036907729,,0.0255192747155555,0.0708495745677686,10.596006190667064,-1.2031618674207571,0.2608120628036071,5.25,0.393341540294025,0.2235477579063518,108.17610062893084,0.0307498045165011,0.0181426679346685,0.5900092120888992,400.0,2.3786622021631074,1.480762951746482,0.6225192254704792,400.0,-0.0198165066000435,-3.2676398204589674e-05,0.0197838302018389,0.1900141907670188,1.0,"2,True,The solver successfully reached the end of the integration interval.",3.194,oxygen_high
HS 578T,act_hamming+zero,2,1390,747973,9.999999747378752e-06,3.000000106112566e-07,-74.66000366210938,,NSC1390,vorinostat,other,hdac_inhibitor,,,241279087.64641,198296559.9799966,0.8218555611856279,0.0097138388200405,4.4,0.9902861611799594,0.2735753997732105,,0.0129531806045775,1.9705148784313429,0.3912616814837134,0.4075326829836835,,0.0281665156936065,1.8241026297890288,2.2516757674576486,0.8511962850573296,0.9861957090085208,5.25,0.3832991459561563,0.2033398275045627,110.69182389937106,0.4647546002912271,0.3011690726739035,0.6480174106618487,400.0,20.643580204271405,13.622197273464442,0.6598757162600044,400.0,0.240479852652046,0.0244988647152739,-0.2159809879367721,0.1699624146412658,1.0,"2,True,The solver successfully reached the end of the integration interval.",5.822,oxygen_high
HCT-15,ours+zero,2,26980,681239,4.999999987376214e-07,3.000000106112566e-07,-85.52999877929688,,mitomycin,bortezomib,alkylator,proteasome,,,241279087.64641,203131736.45859325,0.8418953272746083,0.0311118177665264,4.800000000000001,0.9688881822334736,0.2112127441478885,,0.0024905797260355,1.462322555984636,0.4876490208339181,0.3118926434811115,,0.0314648985623599,1.1217646159170906,3.098937060072123,0.8849726657373428,0.9673972120208364,5.25,0.3832991459561563,0.2166697327712597,110.69182389937106,0.0095000025785706,0.0062469479332989,0.6575732881789269,400.0,2.756535066484806,1.7081621463815626,0.6196772778805417,400.0,-0.6759198169186242,0.012522733919229,0.6884425508378533,0.1832717096692545,1.0,"2,True,The solver successfully reached the end of the integration interval.",7.396,oxygen_high
HS 578T,linear_curve,2,1390,681239,9.999999974752427e-07,3.000000106112566e-07,-95.26000213623048,,NSC1390,bortezomib,other,proteasome,,,241279087.64641,204602663.05794647,0.8479916973069288,0.2471227321328349,4.6000000000000005,0.7528772678671651,0.0558888438416274,,-0.0006429212856473,0.5636386509260445,0.7619334785176948,0.1180829435866332,,0.0368369322654663,0.3639281127481908,5.715207571367002,0.3546033299368964,0.7124622063227838,5.25,0.393341540294025,0.2235477579063518,108.17610062893084,0.0464754610858523,0.0285053519964542,0.6133419944731126,400.0,2.6960701894000954,1.5543366546491058,0.5765193579752322,400.0,-0.1700553301484459,0.0008450369962669,0.1709003671447129,0.1914656295129754,1.0,"2,True,The solver successfully reached the end of the integration interval.",3.862,oxygen_high
HS 578T,hamming+zero,2,1390,747973,9.999999747378752e-06,3.000000106112566e-07,-74.66000366210938,,NSC1390,vorinostat,other,hdac_inhibitor,,,241279087.64641,198296559.9799966,0.8218555611856279,0.0097138388200405,4.4,0.9902861611799594,0.2735753997732105,,0.0129531806045775,1.9705148784313429,0.3912616814837134,0.4075326829836835,,0.0281665156936065,1.8241026297890288,2.2516757674576486,0.8511962850573296,0.9861957090085208,5.25,0.3832991459561563,0.2033398275045627,110.69182389937106,0.4647546002912271,0.3011690726739035,0.6480174106618487,400.0,20.643580204271405,13.622197273464442,0.6598757162600044,400.0,0.240479852652046,0.0244988647152739,-0.2159809879367721,0.1699624146412658,1.0,"2,True,The solver successfully reached the end of the integration interval.",5.881,oxygen_high
HT29,act_hamming+zero,3,92859,673596,6.000000212225132e-06,9.999999717180683e-10,1.919999957084656,,dromostanolone,NSC673596,hormonal,other,,,241279087.64641,204538510.707388,0.8477258128857623,0.3994362419829294,4.800000000000001,0.6005637580170706,0.0362406284399466,,-0.0005067286271545,0.3538004752150536,0.8193786242840178,0.0865153699857413,,0.0347485775517828,0.1835734006435601,7.6239504944438306,0.1013725727503014,0.5861935148882536,5.25,0.393341540294025,0.2235477579063518,108.17610062893084,35.89050091294007,23.768514568356785,0.6622508453145386,400.0,0.0534579804274952,0.0324215388263545,0.6064864135735119,400.0,-0.1209390660687901,0.0005745422699082,0.1215136083386984,0.1910011251888448,1.0,"2,True,The solver successfully reached the end of the integration interval.",3.557,oxygen_high
HS 578T,tanimoto+zero,2,1390,747973,9.999999747378752e-06,3.000000106112566e-07,-74.66000366210938,,NSC1390,vorinostat,other,hdac_inhibitor,,,241279087.64641,198296559.9799966,0.8218555611856279,0.0097138388200405,4.4,0.9902861611799594,0.2735753997732105,,0.0129531806045775,1.9705148784313429,0.3912616814837134,0.4075326829836835,,0.0281665156936065,1.8241026297890288,2.2516757674576486,0.8511962850573296,0.9861957090085208,5.25,0.3832991459561563,0.2033398275045627,110.69182389937106,0.4647546002912271,0.3011690726739035,0.6480174106618487,400.0,20.643580204271405,13.622197273464442,0.6598757162600044,400.0,0.240479852652046,0.0244988647152739,-0.2159809879367721,0.1699624146412658,1.0,"2,True,The solver successfully reached the end of the integration interval.",5.809,oxygen_high
HS 578T,ours+zero,2,1390,747973,9.999999747378752e-06,3.000000106112566e-07,-74.66000366210938,,NSC1390,vorinostat,other,hdac_inhibitor,,,241279087.64641,198296559.9799966,0.8218555611856279,0.0097138388200405,4.4,0.9902861611799594,0.2735753997732105,,0.0129531806045775,1.9705148784313429,0.3912616814837134,0.4075326829836835,,0.0281665156936065,1.8241026297890288,2.2516757674576486,0.8511962850573296,0.9861957090085208,5.25,0.3832991459561563,0.2033398275045627,110.69182389937106,0.4647546002912271,0.3011690726739035,0.6480174106618487,400.0,20.643580204271405,13.622197273464442,0.6598757162600044,400.0,0.240479852652046,0.0244988647152739,-0.2159809879367721,0.1699624146412658,1.0,"2,True,The solver successfully reached the end of the integration interval.",5.901,oxygen_high
HS 578T,random,2,1390,747973,9.999999747378752e-06,3.000000106112566e-07,-74.66000366210938,,NSC1390,vorinostat,other,hdac_inhibitor,,,241279087.64641,198296559.9799966,0.8218555611856279,0.0097138388200405,4.4,0.9902861611799594,0.2735753997732105,,0.0129531806045775,1.9705148784313429,0.3912616814837134,0.4075326829836835,,0.0281665156936065,1.8241026297890288,2.2516757674576486,0.8511962850573296,0.9861957090085208,5.25,0.3832991459561563,0.2033398275045627,110.69182389937106,0.4647546002912271,0.3011690726739035,0.6480174106618487,400.0,20.643580204271405,13.622197273464442,0.6598757162600044,400.0,0.240479852652046,0.0244988647152739,-0.2159809879367721,0.1699624146412658,1.0,"2,True,The solver successfully reached the end of the integration interval.",5.904,oxygen_high
HT29,hamming+zero,3,92859,673596,6.000000212225132e-06,9.999999717180683e-10,1.919999957084656,,dromostanolone,NSC673596,hormonal,other,,,241279087.64641,204538510.707388,0.8477258128857623,0.3994362419829294,4.800000000000001,0.6005637580170706,0.0362406284399466,,-0.0005067286271545,0.3538004752150536,0.8193786242840178,0.0865153699857413,,0.0347485775517828,0.1835734006435601,7.6239504944438306,0.1013725727503014,0.5861935148882536,5.25,0.393341540294025,0.2235477579063518,108.17610062893084,35.89050091294007,23.768514568356785,0.6622508453145386,400.0,0.0534579804274952,0.0324215388263545,0.6064864135735119,400.0,-0.1209390660687901,0.0005745422699082,0.1215136083386984,0.1910011251888448,1.0,"2,True,The solver successfully reached the end of the integration interval.",3.46,oxygen_high
HT29,tanimoto+zero,3,92859,673596,6.000000212225132e-06,9.999999717180683e-10,1.919999957084656,,dromostanolone,NSC673596,hormonal,other,,,241279087.64641,204538510.707388,0.8477258128857623,0.3994362419829294,4.800000000000001,0.6005637580170706,0.0362406284399466,,-0.0005067286271545,0.3538004752150536,0.8193786242840178,0.0865153699857413,,0.0347485775517828,0.1835734006435601,7.6239504944438306,0.1013725727503014,0.5861935148882536,5.25,0.393341540294025,0.2235477579063518,108.17610062893084,35.89050091294007,23.768514568356785,0.6622508453145386,400.0,0.0534579804274952,0.0324215388263545,0.6064864135735119,400.0,-0.1209390660687901,0.0005745422699082,0.1215136083386984,0.1910011251888448,1.0,"2,True,The solver successfully reached the end of the integration interval.",3.434,oxygen_high
HT29,random,3,409962,754143,1.9999999949504854e-06,9.99999993922529e-09,-72.94999694824219,,carmustine,bendamustine,alkylator,alkylator,,,241279087.64641,201773513.40033615,0.8362660658599284,0.0179285120610138,4.4,0.982071487938986,0.2258523897224797,,0.0054042045409534,1.7043615237542027,0.4595144157456872,0.3377008595105154,,0.0309752817813415,1.68569529437608,2.328195010892716,0.8850640511570267,0.9736836988658434,5.25,0.3832991459561563,0.2099342535129908,110.69182389937106,0.0637659195481261,0.0421932457442056,0.6616895991339247,400.0,13.68780180499778,9.117336865517636,0.6660921158420524,400.0,-0.2646225028771334,0.0136282613850329,0.2782507642621663,0.1779783928018392,1.0,"2,True,The solver successfully reached the end of the integration interval.",6.637,oxygen_high
HT29,ours+zero,3,409962,754143,1.9999999949504854e-06,9.99999993922529e-09,-72.94999694824219,,carmustine,bendamustine,alkylator,alkylator,,,241279087.64641,201773513.40033615,0.8362660658599284,0.0179285120610138,4.4,0.982071487938986,0.2258523897224797,,0.0054042045409534,1.7043615237542027,0.4595144157456872,0.3377008595105154,,0.0309752817813415,1.68569529437608,2.328195010892716,0.8850640511570267,0.9736836988658434,5.25,0.3832991459561563,0.2099342535129908,110.69182389937106,0.0637659195481261,0.0421932457442056,0.6616895991339247,400.0,13.68780180499778,9.117336865517636,0.6660921158420524,400.0,-0.2646225028771334,0.0136282613850329,0.2782507642621663,0.1779783928018392,1.0,"2,True,The solver successfully reached the end of the integration interval.",6.711,oxygen_high
HT29,linear_curve,3,681239,686673,3.000000106112566e-07,2.0000000233721948e-07,-61.86000061035156,,bortezomib,NSC686673,proteasome,other,,,241279087.64641,186736392.9535852,0.7739435471806985,0.0034775881879857,5.0,0.9965224118120142,0.3772783092907105,,0.0390393951853727,2.4127163851181432,0.265477371509259,0.5759724909572048,,0.0209805043071853,1.610546378929748,2.660535459513764,0.712870392521109,0.9964609659153016,5.25,0.3542003829334522,0.1610029557745819,118.23899371069184,19.3674899915252,12.541853946088636,0.6475725017323712,400.0,0.0031882667853898,0.0020534917807831,0.6440777761112051,400.0,-0.2334345826263966,0.0827454600279152,0.3161800426543119,0.1360530081883644,1.0,"2,True,The solver successfully reached the end of the integration interval.",7.531,oxygen_high
KM12,linear_curve,5,673596,754143,1.000000013351432e-10,9.99999993922529e-09,-83.88999938964844,,NSC673596,bendamustine,other,alkylator,,,241279087.64641,204119203.48582727,0.8459879613974673,0.0458469431181185,4.4,0.9541530568818816,0.161361227939962,,0.0003844958383443,1.296595387422084,0.562325693396093,0.2500120725545889,,0.0340405349080423,1.19670098080734,2.892379759708764,0.8840759994750769,0.938608161818124,5.25,0.393341540294025,0.2166697327712597,108.17610062893084,0.0002781882476896,0.0001779417936137,0.639645258530945,400.0,6.952046883678343,4.61709191532278,0.6641341740894398,400.0,-0.4289969927600046,0.0055616302719458,0.4345586230319505,0.1923632673577926,1.0,"2,True,The solver successfully reached the end of the integration interval.",1.919,oxygen_high
KM12,ours+zero,5,702294,754143,9.999999747378752e-05,9.99999993922529e-09,-69.5,,NSC702294,bendamustine,other,alkylator,,,241279087.64641,201998591.67306873,0.837198920318755,0.0140866807353757,4.6000000000000005,0.9859133192646242,0.2583081283004914,,0.0049200192258178,1.807742675969935,0.4265539567516884,0.3700260251356698,,0.0296668268302405,1.557468721649983,2.495557290001676,0.8556768117125069,0.98264787203902,5.25,0.3832991459561563,0.2099342535129908,110.69182389937106,0.019,0.0122408885467719,0.644257291935364,400.0,6.952046883678343,4.621946905928844,0.6648325282126639,400.0,-0.7533585779431247,0.0190463837579641,0.7724049617010889,0.1827475050519113,1.0,"2,True,The solver successfully reached the end of the integration interval.",1.941,oxygen_high
KM12,random,5,762,713563,1.9999999949504854e-06,9.999999747378752e-05,0.1879999935626983,,mechlorethamine,arsenic trioxide,alkylator,other,,,241279087.64641,204606740.32310396,0.8480085958504258,0.4110536401820509,4.4,0.5889463598179492,0.0296472868777496,,-0.0006515756994735,0.3440072729038768,0.8424886976688404,0.0744359166560067,,0.0336035322085975,0.1491614746798102,8.15472436709658,-0.1755254250910438,0.5136841691436791,5.25,0.393341540294025,0.2235477579063518,108.17610062893084,0.087332094363511,0.0562762499761593,0.6443936835170262,400.0,2.4168985384296877,1.4904407844307952,0.6166749496233166,400.0,-0.0709085032003475,5.594845630885192e-05,0.0709644516566564,0.1910061749517295,1.0,"2,True,The solver successfully reached the end of the integration interval.",2.523,oxygen_high
KM12,act_hamming+zero,5,26271,747973,9.999999747378752e-06,3.000000106112566e-07,0.8999999761581421,,cyclophosphamide,vorinostat,alkylator,hdac_inhibitor,,,241279087.64641,198473214.9607704,0.8225877215336175,0.0100485674862358,4.4,0.9899514325137642,0.2709390334724592,,0.0125664561448743,1.9558016178780933,0.394679931426151,0.4037549559264114,,0.0283113054649229,1.8089694515984565,2.262719712870113,0.8536676732121882,0.9856944688742496,5.25,0.3832991459561563,0.2033398275045627,110.69182389937106,17.97405850448311,11.97698630832656,0.6663484657813507,400.0,20.111380442073887,13.2696060364543,0.659805828579211,400.0,0.2257105936723576,0.0238239529300379,-0.2018866407423197,0.1702840474287648,1.0,"2,True,The solver successfully reached the end of the integration interval.",5.522,oxygen_high
KM12,hamming+zero,5,26271,747973,9.999999747378752e-06,3.000000106112566e-07,0.8999999761581421,,cyclophosphamide,vorinostat,alkylator,hdac_inhibitor,,,241279087.64641,198473214.9607704,0.8225877215336175,0.0100485674862358,4.4,0.9899514325137642,0.2709390334724592,,0.0125664561448743,1.9558016178780933,0.394679931426151,0.4037549559264114,,0.0283113054649229,1.8089694515984565,2.262719712870113,0.8536676732121882,0.9856944688742496,5.25,0.3832991459561563,0.2033398275045627,110.69182389937106,17.97405850448311,11.97698630832656,0.6663484657813507,400.0,20.111380442073887,13.2696060364543,0.659805828579211,400.0,0.2257105936723576,0.0238239529300379,-0.2018866407423197,0.1702840474287648,1.0,"2,True,The solver successfully reached the end of the integration interval.",5.487,oxygen_high
M14,act_hamming+zero,4,25154,119875,3.000000106112566e-07,1.9999999494757503e-05,26.59000015258789,,NSC25154,cisplatin,other,platinum,,,241279087.64641,204328234.7451229,0.8468543077573392,0.6094315010405927,4.4,0.3905684989594072,0.011401338258284,,-6.002221654192431e-05,0.17298087264781,0.9140100691499784,0.0390490198545869,,0.0280744774201199,0.0864924428213771,9.8213005532508,-0.8327800530731568,0.3229582002451874,5.25,0.393341540294025,0.2235477579063518,108.17610062893084,0.0005794359032895,0.0003470004465756,0.5988590707024786,400.0,4.054053261967809,2.660323654983865,0.6562132964411431,400.0,0.0008928971008081,0.0001444885078336,-0.0007484085929745,0.1897949556326278,1.0,"2,True,The solver successfully reached the end of the integration interval.",3.497,oxygen_high
M14,hamming+zero,4,25154,119875,3.000000106112566e-07,1.9999999494757503e-05,26.59000015258789,,NSC25154,cisplatin,other,platinum,,,241279087.64641,204328234.7451229,0.8468543077573392,0.6094315010405927,4.4,0.3905684989594072,0.011401338258284,,-6.002221654192431e-05,0.17298087264781,0.9140100691499784,0.0390490198545869,,0.0280744774201199,0.0864924428213771,9.8213005532508,-0.8327800530731568,0.3229582002451874,5.25,0.393341540294025,0.2235477579063518,108.17610062893084,0.0005794359032895,0.0003470004465756,0.5988590707024786,400.0,4.054053261967809,2.660323654983865,0.6562132964411431,400.0,0.0008928971008081,0.0001444885078336,-0.0007484085929745,0.1897949556326278,1.0,"2,True,The solver successfully reached the end of the integration interval.",3.506,oxygen_high
KM12,tanimoto+zero,5,26271,747973,9.999999747378752e-06,3.000000106112566e-07,0.8999999761581421,,cyclophosphamide,vorinostat,alkylator,hdac_inhibitor,,,241279087.64641,198473214.9607704,0.8225877215336175,0.0100485674862358,4.4,0.9899514325137642,0.2709390334724592,,0.0125664561448743,1.9558016178780933,0.394679931426151,0.4037549559264114,,0.0283113054649229,1.8089694515984565,2.262719712870113,0.8536676732121882,0.9856944688742496,5.25,0.3832991459561563,0.2033398275045627,110.69182389937106,17.97405850448311,11.97698630832656,0.6663484657813507,400.0,20.111380442073887,13.2696060364543,0.659805828579211,400.0,0.2257105936723576,0.0238239529300379,-0.2018866407423197,0.1702840474287648,1.0,"2,True,The solver successfully reached the end of the integration interval.",5.564,oxygen_high
M14,random,4,125973,246131,3.000000106112566e-07,1.9999999494757503e-05,-2.259999990463257,,paclitaxel,mitoxantrone,antimitotic,dna_intercalator,,,241279087.64641,204789470.0557218,0.8487659334813008,0.3180176268278226,4.6000000000000005,0.6819823731721775,0.0465905801561316,,-0.0010392613585667,0.4541001553268565,0.7963458952118785,0.0988982541809542,,0.0358653157285163,0.2328153857917571,6.961702498438162,0.220877622997284,0.6544742344452532,5.25,0.393341540294025,0.2235477579063518,108.17610062893084,12.074200839692525,5.938816985669141,0.4918600464343756,400.0,2.6714752421683974,0.9143907225707082,0.3422793174862106,263.8569506251142,-0.1857006688622824,0.000390614953175,0.1860912838154574,0.1920321004758778,1.0,"2,True,The solver successfully reached the end of the integration interval.",1.591,oxygen_high
M14,linear_curve,4,609699,681239,1.0000000116860974e-07,3.000000106112566e-07,-96.5999984741211,,topotecan,bortezomib,topo1,proteasome,,,241279087.64641,196876950.18861064,0.8159718776669536,0.0051430615510862,4.800000000000001,0.9948569384489138,0.3437860212657896,,0.0160734876855836,2.244026220409559,0.3285695363987093,0.4833727050130808,,0.0247950172299306,1.4784423280865828,2.719531702288512,0.7619921548674484,0.99439831929642,5.25,0.3734291500347595,0.1968849621189929,113.20754716981132,3.591378767115229,2.292293944185809,0.6382768548879881,400.0,3.4357492135598684,2.1582301745567847,0.6281687167500176,400.0,-1.3374978030371305,0.0499224766271476,1.387420279664278,0.172897808957078,1.0,"2,True,The solver successfully reached the end of the integration interval.",5.474,oxygen_high
M14,tanimoto+zero,4,1390,753082,0.0001999999949475,4.999999873689376e-06,-4.0920000076293945,,NSC1390,pazopanib,other,kinase_inhibitor,,,241279087.64641,197463966.2052307,0.818404811338687,0.0077972334129851,4.4,0.9922027665870148,0.2899520071786497,,0.0147805049160211,2.0659652362821537,0.3725805967663454,0.428779766017142,,0.0273643642165968,1.9116473726659464,2.1900223585202445,0.8345276729504985,0.9889117876711748,5.25,0.3734291500347595,0.1968849621189929,113.20754716981132,10.206807147819664,6.693680907681978,0.6558055629680292,400.0,18.03917270732172,11.856653897286895,0.6572725972336042,400.0,0.258329392805991,0.0284944153464495,-0.2298349774595414,0.1603685187611433,1.0,"2,True,The solver successfully reached the end of the integration interval.",3.917,oxygen_high
M14,ours+zero,4,719344,761432,3.000000026176508e-09,5.000000058430487e-08,-45.69100189208984,,anastrozole,NSC761432,hormonal,other,,,241279087.64641,203738580.9674472,0.8444104416791491,0.0441816275865566,5.0,0.9558183724134434,0.1755754879264617,,0.0011950838114525,1.308752826570241,0.5350793769461558,0.2715817873009887,,0.0328637456632219,1.00449012685145,3.2967200019713023,0.8968377765596449,0.9544904848806144,5.25,0.3832991459561563,0.2166697327712597,110.69182389937106,10.760851184062176,7.120672828712159,0.6617202214689615,400.0,157.80868524018254,104.05790587294136,0.659392768620857,400.0,-0.6331449901935249,0.0087307474828352,0.6418757376763601,0.1833384282516863,1.0,"2,True,The solver successfully reached the end of the integration interval.",5.421,oxygen_high
MOLT-4,act_hamming+zero,3,63878,105014,9.99999993922529e-09,1.0000000116860974e-07,-99.70999908447266,,cytarabine,cladribine,antimetabolite,antimetabolite,,,241279087.64641,205240221.6700165,0.8506341087081372,0.1030181969616171,4.4,0.8969818030383828,0.1073842008914127,,-0.0019941142465664,0.9449918269283988,0.65616075709375,0.18298974695709,,0.0358910620540417,0.7782665701825524,3.7788515174808137,0.7902491433239703,0.8618563482069936,5.25,0.393341540294025,0.2235477579063518,108.17610062893084,2.0400557742805585,1.3432614535683185,0.6584434947824062,400.0,3.277220739628644,2.161999846648428,0.6597052864047888,400.0,-0.4520897657592291,0.0020531506659113,0.4541429164251405,0.1952098744493204,1.0,"2,True,The solver successfully reached the end of the integration interval.",2.957,oxygen_high
MDA-MB-435,pool_optimum,-1,24559,701852,9.999999974752427e-07,9.999999974752427e-07,-93.4499969482422,,NSC24559,irinotecan,other,topo1,,,241279087.64641,204613889.6690191,0.8480382268722639,0.4513049115075073,4.4,0.5486950884924926,0.0252254182273213,,-0.0006667505037376,0.3034357115283378,0.8593283029406831,0.0658408839964957,,0.0325693076690904,0.1309834275749188,8.509184781924224,-0.2791531153888611,0.4726633634503273,5.25,0.393341540294025,0.2235477579063518,108.17610062893084,2.539011248752824,1.5597763723123097,0.6143243252972904,400.0,0.7738704833525072,0.4400190235377001,0.5685951758122119,400.0,-0.071200410711647,-3.0811376309003435e-05,0.071169599335338,0.1909800674808431,1.0,"2,True,The solver successfully reached the end of the integration interval.",4.525,oxygen_high
MOLT-4,hamming+zero,3,63878,105014,9.99999993922529e-09,1.0000000116860974e-07,-99.70999908447266,,cytarabine,cladribine,antimetabolite,antimetabolite,,,241279087.64641,205240221.6700165,0.8506341087081372,0.1030181969616171,4.4,0.8969818030383828,0.1073842008914127,,-0.0019941142465664,0.9449918269283988,0.65616075709375,0.18298974695709,,0.0358910620540417,0.7782665701825524,3.7788515174808137,0.7902491433239703,0.8618563482069936,5.25,0.393341540294025,0.2235477579063518,108.17610062893084,2.0400557742805585,1.3432614535683185,0.6584434947824062,400.0,3.277220739628644,2.161999846648428,0.6597052864047888,400.0,-0.4520897657592291,0.0020531506659113,0.4541429164251405,0.1952098744493204,1.0,"2,True,The solver successfully reached the end of the integration interval.",2.871,oxygen_high
MOLT-4,linear_curve,3,6396,63878,9.999999974752427e-07,1.0000000116860974e-07,-99.87999725341795,,thiotepa,cytarabine,alkylator,antimetabolite,,,241279087.64641,120215254.38320003,0.4982414993187194,0.000209679828173,4.6000000000000005,0.999790320171827,0.5020091849527083,,0.2303087810333393,3.6349946956611583,0.0971986224200054,1.012339890213948,,0.0084187154612647,3.0643051621866806,1.9191828156904145,0.6510914068357518,0.999740160695146,5.25,0.0,0.0,400.0,7.564270332450244,5.0380643751735885,0.666034416242451,400.0,20.40055810519228,13.590899528248793,0.6662023390815804,400.0,0.5476015498624567,0.4001620684288824,-0.1474394814335742,0.0,1.0,"2,True,The solver successfully reached the end of the integration interval.",1.805,oxygen_high
MOLT-4,ours+zero,3,63878,105014,9.99999993922529e-09,1.0000000116860974e-07,-99.70999908447266,,cytarabine,cladribine,antimetabolite,antimetabolite,,,241279087.64641,205240221.6700165,0.8506341087081372,0.1030181969616171,4.4,0.8969818030383828,0.1073842008914127,,-0.0019941142465664,0.9449918269283988,0.65616075709375,0.18298974695709,,0.0358910620540417,0.7782665701825524,3.7788515174808137,0.7902491433239703,0.8618563482069936,5.25,0.393341540294025,0.2235477579063518,108.17610062893084,2.0400557742805585,1.3432614535683185,0.6584434947824062,400.0,3.277220739628644,2.161999846648428,0.6597052864047888,400.0,-0.4520897657592291,0.0020531506659113,0.4541429164251405,0.1952098744493204,1.0,"2,True,The solver successfully reached the end of the integration interval.",2.952,oxygen_high
MOLT-4,random,3,63878,105014,9.99999993922529e-09,1.0000000116860974e-07,-99.70999908447266,,cytarabine,cladribine,antimetabolite,antimetabolite,,,241279087.64641,205240221.6700165,0.8506341087081372,0.1030181969616171,4.4,0.8969818030383828,0.1073842008914127,,-0.0019941142465664,0.9449918269283988,0.65616075709375,0.18298974695709,,0.0358910620540417,0.7782665701825524,3.7788515174808137,0.7902491433239703,0.8618563482069936,5.25,0.393341540294025,0.2235477579063518,108.17610062893084,2.0400557742805585,1.3432614535683185,0.6584434947824062,400.0,3.277220739628644,2.161999846648428,0.6597052864047888,400.0,-0.4520897657592291,0.0020531506659113,0.4541429164251405,0.1952098744493204,1.0,"2,True,The solver successfully reached the end of the integration interval.",2.961,oxygen_high
MOLT-4,tanimoto+zero,3,63878,105014,9.99999993922529e-09,1.0000000116860974e-07,-99.70999908447266,,cytarabine,cladribine,antimetabolite,antimetabolite,,,241279087.64641,205240221.6700165,0.8506341087081372,0.1030181969616171,4.4,0.8969818030383828,0.1073842008914127,,-0.0019941142465664,0.9449918269283988,0.65616075709375,0.18298974695709,,0.0358910620540417,0.7782665701825524,3.7788515174808137,0.7902491433239703,0.8618563482069936,5.25,0.393341540294025,0.2235477579063518,108.17610062893084,2.0400557742805585,1.3432614535683185,0.6584434947824062,400.0,3.277220739628644,2.161999846648428,0.6597052864047888,400.0,-0.4520897657592291,0.0020531506659113,0.4541429164251405,0.1952098744493204,1.0,"2,True,The solver successfully reached the end of the integration interval.",2.895,oxygen_high
NCI-H322M,act_hamming+zero,5,740,6396,1.0000000116860974e-07,9.999999974752427e-07,-56.81999969482422,,NSC740,thiotepa,other,alkylator,,,241279087.64641,204346416.6176711,0.8469296639464128,0.728494122063191,4.4,0.271505877936809,0.0044863745145171,,-9.866560632507097e-05,0.0954797194926141,0.9516698671799908,0.0215136815812927,,0.0242268720480924,0.0647253426305527,11.047396520604206,-1.3115803779836392,0.229929366314868,5.25,0.393341540294025,0.2235477579063518,108.17610062893084,3.870470152891944,2.389985594551288,0.6174923200907608,400.0,0.053622390134832,0.0343697068651015,0.6409581292195259,400.0,-0.0076884222850728,3.130296033315716e-05,0.0077197252454059,0.1897996326767392,1.0,"2,True,The solver successfully reached the end of the integration interval.",7.187,oxygen_high
NCI-H322M,linear_curve,5,713563,715055,9.999999974752427e-07,9.999999747378752e-06,-33.05699920654297,,arsenic trioxide,gefitinib,other,kinase_inhibitor,,,241279087.64641,162574394.4041267,0.6738022594083098,0.0007767167122525,4.800000000000001,0.9992232832877476,0.4550017584269451,,0.0992162158781588,3.0649852925397685,0.1693556656333848,0.7712002698657795,,0.0144443660406834,2.1675102730182325,2.2965784500556374,0.6366459197987806,0.9991619873835546,5.25,0.2838827257906164,0.0,138.36477987421387,0.0225956572702513,0.0146613287180197,0.6488560409049174,400.0,63.097079365186474,41.61111162998469,0.6594776184354331,400.0,0.3947271253530688,0.194729558672958,-0.1999975666801108,0.0708487954537797,1.0,"2,True,The solver successfully reached the end of the integration interval.",5.552,oxygen_high
NCI-H322M,ours+zero,5,14229,24559,3.000000106112566e-06,9.999999974752427e-07,-61.189998626708984,,NSC14229,NSC24559,other,other,,,241279087.64641,204687007.08720583,0.8483412677155462,0.3474451110508444,4.4,0.6525548889491556,0.0400241870417442,,-0.0008219150383817,0.4170195664192936,0.8097490549437362,0.0916495501815829,,0.0353419478457689,0.2002024366085293,7.362767144770221,0.0473008192456604,0.5933914758248053,5.25,0.393341540294025,0.2235477579063518,108.17610062893084,0.025737532844235,0.0155094694715463,0.6026012502989522,400.0,2.4496629563880408,1.516428245099077,0.6190354641011545,400.0,-0.1082658401574963,0.0002129590964291,0.1084787992539254,0.1914717564167381,1.0,"2,True,The solver successfully reached the end of the integration interval.",5.392,oxygen_high
NCI-H322M,hamming+zero,5,740,6396,1.0000000116860974e-07,9.999999974752427e-07,-56.81999969482422,,NSC740,thiotepa,other,alkylator,,,241279087.64641,204346416.6176711,0.8469296639464128,0.728494122063191,4.4,0.271505877936809,0.0044863745145171,,-9.866560632507097e-05,0.0954797194926141,0.9516698671799908,0.0215136815812927,,0.0242268720480924,0.0647253426305527,11.047396520604206,-1.3115803779836392,0.229929366314868,5.25,0.393341540294025,0.2235477579063518,108.17610062893084,3.870470152891944,2.389985594551288,0.6174923200907608,400.0,0.053622390134832,0.0343697068651015,0.6409581292195259,400.0,-0.0076884222850728,3.130296033315716e-05,0.0077197252454059,0.1897996326767392,1.0,"2,True,The solver successfully reached the end of the integration interval.",7.265,oxygen_high
NCI-H322M,tanimoto+zero,5,740,6396,1.0000000116860974e-07,9.999999974752427e-07,-56.81999969482422,,NSC740,thiotepa,other,alkylator,,,241279087.64641,204346416.6176711,0.8469296639464128,0.728494122063191,4.4,0.271505877936809,0.0044863745145171,,-9.866560632507097e-05,0.0954797194926141,0.9516698671799908,0.0215136815812927,,0.0242268720480924,0.0647253426305527,11.047396520604206,-1.3115803779836392,0.229929366314868,5.25,0.393341540294025,0.2235477579063518,108.17610062893084,3.870470152891944,2.389985594551288,0.6174923200907608,400.0,0.053622390134832,0.0343697068651015,0.6409581292195259,400.0,-0.0076884222850728,3.130296033315716e-05,0.0077197252454059,0.1897996326767392,1.0,"2,True,The solver successfully reached the end of the integration interval.",7.748,oxygen_high
RPMI-8226,act_hamming+zero,0,740,19893,2.999999892949745e-08,9.999999747378752e-05,-71.53700256347656,,NSC740,fluorouracil,other,antimetabolite,,,241279087.64641,204724803.30515105,0.848497917089157,0.0457927675596208,5.0,0.9542072324403792,0.1831109734637589,,-0.000902101728264,1.2931976455670424,0.537414680048046,0.2696904745296025,,0.0327828989340609,0.8956245565548484,3.5626752870601663,0.8879608877384262,0.9537826186275108,5.25,0.3832991459561563,0.2166697327712597,110.69182389937106,1.0369404637895894,0.6516256692707791,0.6284118442917699,400.0,3.0802637990557153,2.0351373345881085,0.6607022863470329,400.0,-0.858873908605378,0.0088288326603442,0.8677027412657223,0.1880127298456391,1.0,"2,True,The solver successfully reached the end of the integration interval.",11.144,oxygen_high
NCI-H322M,random,5,32065,760766,9.999999747378752e-05,1.9999999949504854e-06,14.109999656677246,,hydroxyurea,NSC760766,antimetabolite,other,,,241279087.64641,204427727.7577057,0.8472666643090538,0.4471681682845074,4.4,0.5528318317154925,0.027216804763854,,-0.000271440623463,0.307434890780892,0.8520885463188017,0.0695152723934998,,0.0329351172415769,0.1383742226941789,8.379124525796497,-0.1927531851655273,0.4993451138252025,5.25,0.393341540294025,0.2235477579063518,108.17610062893084,1.7752751727968317,1.16546030655397,0.6564955813119734,400.0,0.6866976526575895,0.4195359146174891,0.6109470638116246,400.0,-0.0530666394099599,0.0003389325982268,0.0534055720081867,0.1903602190714749,1.0,"2,True,The solver successfully reached the end of the integration interval.",12.111,oxygen_high
RPMI-8226,hamming+zero,0,740,19893,2.999999892949745e-08,9.999999747378752e-05,-71.53700256347656,,NSC740,fluorouracil,other,antimetabolite,,,241279087.64641,204724803.30515105,0.848497917089157,0.0457927675596208,5.0,0.9542072324403792,0.1831109734637589,,-0.000902101728264,1.2931976455670424,0.537414680048046,0.2696904745296025,,0.0327828989340609,0.8956245565548484,3.5626752870601663,0.8879608877384262,0.9537826186275108,5.25,0.3832991459561563,0.2166697327712597,110.69182389937106,1.0369404637895894,0.6516256692707791,0.6284118442917699,400.0,3.0802637990557153,2.0351373345881085,0.6607022863470329,400.0,-0.858873908605378,0.0088288326603442,0.8677027412657223,0.1880127298456391,1.0,"2,True,The solver successfully reached the end of the integration interval.",11.267,oxygen_high
RPMI-8226,linear_curve,0,127716,681239,3.000000106112566e-07,3.000000106112566e-07,-98.0500030517578,,decitabine,bortezomib,antimetabolite,proteasome,,,241279087.64641,198222987.2819785,0.8215506333995698,0.00487948096002,4.6000000000000005,0.99512051903998,0.3378167017532575,,0.0131143439941522,2.2681777200052555,0.3415851015122176,0.4665010796461903,,0.0256196192498387,1.5349447280357742,2.622699425231811,0.775376186577974,0.9940821949083104,5.25,0.3734291500347595,0.2033398275045627,113.20754716981132,6.647919983820463,4.416268118297641,0.6643082541675953,400.0,2.659365748651904,1.6646164949741782,0.6259449253334228,400.0,-1.3776378239465892,0.0436649152555388,1.421302739202128,0.1744270385387911,1.0,"2,True,The solver successfully reached the end of the integration interval.",6.158,oxygen_high
SF-295,act_hamming+zero,2,740,25154,1.0000000116860974e-07,3.000000106112566e-06,-34.849998474121094,,NSC740,NSC25154,other,other,,,241279087.64641,204366338.3686327,0.847012231197292,0.1881547625274824,4.6000000000000005,0.8118452374725176,0.0742145232574001,,-0.0001410029516306,0.6820361321561311,0.7137300217183645,0.1464660350738069,,0.0365706541219644,0.5667821411184258,4.542498024097176,0.6151948971556819,0.7850045062275118,5.25,0.393341540294025,0.2166697327712597,108.17610062893084,24.98568003893303,16.309989560575268,0.65277349006154,400.0,0.0043658953188699,0.0027249114099391,0.6241357638974409,400.0,-0.2168290237229444,0.0018520839660298,0.2186811076889743,0.1910157022948957,1.0,"2,True,The solver successfully reached the end of the integration interval.",1.816,oxygen_high
RPMI-8226,tanimoto+zero,0,3053,19893,1.000000013351432e-10,9.999999747378752e-05,-76.15699768066406,,dactinomycin,fluorouracil,dna_intercalator,antimetabolite,,,241279087.64641,204713894.2776828,0.8484527037738436,0.0504720671624795,5.0,0.9495279328375203,0.175311432144608,,-0.0008789591652308,1.250943444866072,0.5482802356387203,0.260997409246466,,0.0330749402876642,0.8745068524280002,3.6083626312235624,0.8882358854524413,0.9489866884187124,5.25,0.3832991459561563,0.2166697327712597,110.69182389937106,0.002326114730968,0.0010792972508029,0.4639914086928268,400.0,3.0802637990557153,2.0349824697815966,0.6606520098718298,400.0,-0.8162031008858663,0.0080348632629612,0.8242379641488276,0.1873864297601921,1.0,"2,True,The solver successfully reached the end of the integration interval.",4.859,oxygen_high
SF-295,act_hamming+zero,4,740,25154,1.0000000116860974e-07,3.000000106112566e-06,-34.849998474121094,,NSC740,NSC25154,other,other,,,241279087.64641,204366338.3686327,0.847012231197292,0.1881547625274824,4.6000000000000005,0.8118452374725176,0.0742145232574001,,-0.0001410029516306,0.6820361321561311,0.7137300217183645,0.1464660350738069,,0.0365706541219644,0.5667821411184258,4.542498024097176,0.6151948971556819,0.7850045062275118,5.25,0.393341540294025,0.2166697327712597,108.17610062893084,24.98568003893303,16.309989560575268,0.65277349006154,400.0,0.0043658953188699,0.0027249114099391,0.6241357638974409,400.0,-0.2168290237229444,0.0018520839660298,0.2186811076889743,0.1910157022948957,1.0,"2,True,The solver successfully reached the end of the integration interval.",1.785,oxygen_high
RPMI-8226,random,0,14229,246131,2.999999892949745e-08,1.9999999494757503e-05,-94.70999908447266,,NSC14229,mitoxantrone,other,dna_intercalator,,,241279087.64641,194495130.605883,0.8061002406097952,0.0057196207156759,4.6000000000000005,0.994280379284324,0.3164901728018919,,0.0213596280275933,2.1991841172621527,0.3498245103140611,0.456149765122552,,0.0254438627983016,1.2735297351690658,3.0124346506654125,0.797794325072289,0.9926253654494978,5.25,0.3734291500347595,0.190568164729299,113.20754716981132,0.0074007132575906,0.0046902911696312,0.6337620451407896,400.0,14.265289286311544,8.612722699366683,0.6037538059344609,400.0,0.3813913860048104,0.0400707127590687,-0.3413206732457416,0.1552886755430551,1.0,"2,True,The solver successfully reached the end of the integration interval.",5.962,oxygen_high
SF-295,act_hamming+zero,9,740,25154,1.0000000116860974e-07,3.000000106112566e-06,-34.849998474121094,,NSC740,NSC25154,other,other,,,241279087.64641,204366338.3686327,0.847012231197292,0.1881547625274824,4.6000000000000005,0.8118452374725176,0.0742145232574001,,-0.0001410029516306,0.6820361321561311,0.7137300217183645,0.1464660350738069,,0.0365706541219644,0.5667821411184258,4.542498024097176,0.6151948971556819,0.7850045062275118,5.25,0.393341540294025,0.2166697327712597,108.17610062893084,24.98568003893303,16.309989560575268,0.65277349006154,400.0,0.0043658953188699,0.0027249114099391,0.6241357638974409,400.0,-0.2168290237229444,0.0018520839660298,0.2186811076889743,0.1910157022948957,1.0,"2,True,The solver successfully reached the end of the integration interval.",1.792,oxygen_high
SF-295,hamming+zero,2,740,25154,1.0000000116860974e-07,3.000000106112566e-06,-34.849998474121094,,NSC740,NSC25154,other,other,,,241279087.64641,204366338.3686327,0.847012231197292,0.1881547625274824,4.6000000000000005,0.8118452374725176,0.0742145232574001,,-0.0001410029516306,0.6820361321561311,0.7137300217183645,0.1464660350738069,,0.0365706541219644,0.5667821411184258,4.542498024097176,0.6151948971556819,0.7850045062275118,5.25,0.393341540294025,0.2166697327712597,108.17610062893084,24.98568003893303,16.309989560575268,0.65277349006154,400.0,0.0043658953188699,0.0027249114099391,0.6241357638974409,400.0,-0.2168290237229444,0.0018520839660298,0.2186811076889743,0.1910157022948957,1.0,"2,True,The solver successfully reached the end of the integration interval.",1.716,oxygen_high
SF-295,hamming+zero,4,740,25154,1.0000000116860974e-07,3.000000106112566e-06,-34.849998474121094,,NSC740,NSC25154,other,other,,,241279087.64641,204366338.3686327,0.847012231197292,0.1881547625274824,4.6000000000000005,0.8118452374725176,0.0742145232574001,,-0.0001410029516306,0.6820361321561311,0.7137300217183645,0.1464660350738069,,0.0365706541219644,0.5667821411184258,4.542498024097176,0.6151948971556819,0.7850045062275118,5.25,0.393341540294025,0.2166697327712597,108.17610062893084,24.98568003893303,16.309989560575268,0.65277349006154,400.0,0.0043658953188699,0.0027249114099391,0.6241357638974409,400.0,-0.2168290237229444,0.0018520839660298,0.2186811076889743,0.1910157022948957,1.0,"2,True,The solver successfully reached the end of the integration interval.",1.776,oxygen_high
SF-295,hamming+zero,9,740,25154,1.0000000116860974e-07,3.000000106112566e-06,-34.849998474121094,,NSC740,NSC25154,other,other,,,241279087.64641,204366338.3686327,0.847012231197292,0.1881547625274824,4.6000000000000005,0.8118452374725176,0.0742145232574001,,-0.0001410029516306,0.6820361321561311,0.7137300217183645,0.1464660350738069,,0.0365706541219644,0.5667821411184258,4.542498024097176,0.6151948971556819,0.7850045062275118,5.25,0.393341540294025,0.2166697327712597,108.17610062893084,24.98568003893303,16.309989560575268,0.65277349006154,400.0,0.0043658953188699,0.0027249114099391,0.6241357638974409,400.0,-0.2168290237229444,0.0018520839660298,0.2186811076889743,0.1910157022948957,1.0,"2,True,The solver successfully reached the end of the integration interval.",1.768,oxygen_high
RPMI-8226,ours+zero,0,19893,749226,9.999999747378752e-05,4.999999873689376e-06,-76.33100128173828,,fluorouracil,NSC749226,antimetabolite,other,,,241279087.64641,200847074.2643921,0.8324263665930706,0.0095994852535903,5.0,0.9904005147464096,0.3058412349005734,,0.007402851043356,1.9717465913760053,0.3795493743929989,0.4207317200803898,,0.0271488539329782,1.2469383904723224,3.0038066246972024,0.8041522579346403,0.9902962265181086,5.25,0.3734291500347595,0.2099342535129908,113.20754716981132,3.0802637990557153,2.040968674394924,0.662595416347328,400.0,0.6684768977034642,0.4265572763842105,0.6381032431332144,400.0,-1.5064669196563334,0.0345957367664733,1.5410626564228067,0.1797713392986321,1.0,"2,True,The solver successfully reached the end of the integration interval.",11.281,oxygen_high
SF-295,linear_curve,2,119875,681239,1.9999999494757503e-05,3.000000106112566e-07,-95.12000274658205,,cisplatin,bortezomib,platinum,proteasome,,,241279087.64641,166400508.88239598,0.6896598893239053,0.000583836602404,4.6000000000000005,0.999416163397596,0.4620429886200241,,0.0891137106908362,3.1902600290253633,0.171311717963463,0.7662129296625212,,0.0148044970595699,2.4609337699052287,2.0653900359358706,0.6132615263457194,0.9992202399968668,5.25,0.3004964104186854,0.0947967396548822,133.33333333333337,3.568029240982825,2.3664364901235864,0.6632334911783806,400.0,10.166128824773349,6.577015479619261,0.6469537808326854,400.0,-0.9308588820128588,0.196185348193332,1.1270442302061907,0.0965942739543998,1.0,"2,True,The solver successfully reached the end of the integration interval.",5.99,oxygen_high
SF-295,linear_curve,4,119875,681239,1.9999999494757503e-05,3.000000106112566e-07,-95.12000274658205,,cisplatin,bortezomib,platinum,proteasome,,,241279087.64641,166400508.88239598,0.6896598893239053,0.000583836602404,4.6000000000000005,0.999416163397596,0.4620429886200241,,0.0891137106908362,3.1902600290253633,0.171311717963463,0.7662129296625212,,0.0148044970595699,2.4609337699052287,2.0653900359358706,0.6132615263457194,0.9992202399968668,5.25,0.3004964104186854,0.0947967396548822,133.33333333333337,3.568029240982825,2.3664364901235864,0.6632334911783806,400.0,10.166128824773349,6.577015479619261,0.6469537808326854,400.0,-0.9308588820128588,0.196185348193332,1.1270442302061907,0.0965942739543998,1.0,"2,True,The solver successfully reached the end of the integration interval.",6.004,oxygen_high
SF-295,linear_curve,9,119875,681239,1.9999999494757503e-05,3.000000106112566e-07,-95.12000274658205,,cisplatin,bortezomib,platinum,proteasome,,,241279087.64641,166400508.88239598,0.6896598893239053,0.000583836602404,4.6000000000000005,0.999416163397596,0.4620429886200241,,0.0891137106908362,3.1902600290253633,0.171311717963463,0.7662129296625212,,0.0148044970595699,2.4609337699052287,2.0653900359358706,0.6132615263457194,0.9992202399968668,5.25,0.3004964104186854,0.0947967396548822,133.33333333333337,3.568029240982825,2.3664364901235864,0.6632334911783806,400.0,10.166128824773349,6.577015479619261,0.6469537808326854,400.0,-0.9308588820128588,0.196185348193332,1.1270442302061907,0.0965942739543998,1.0,"2,True,The solver successfully reached the end of the integration interval.",5.841,oxygen_high
SF-295,ours+zero,2,681239,747973,3.000000106112566e-07,3.000000106112566e-07,-94.7699966430664,,bortezomib,vorinostat,proteasome,hdac_inhibitor,,,241279087.64641,106126981.218415,0.4398515522155078,0.0001288343906388,4.4,0.9998711656093612,0.5113538464487277,,0.2844425498969795,3.84787396378404,0.0816494828325679,1.0880465617377637,,0.007050217126474,3.412716536681478,1.8077857123259575,0.6884398090651602,0.9998099748559892,5.25,0.0,0.0,400.0,10.166128824773349,6.618687162698795,0.6510528517571051,400.0,15.837288892247397,10.4603154895107,0.6604864987107225,400.0,0.7520283655849195,0.4655653479499491,-0.2864630176349704,0.0,1.0,"2,True,The solver successfully reached the end of the integration interval.",3.971,oxygen_high
SF-295,ours+zero,4,681239,747973,3.000000106112566e-07,3.000000106112566e-07,-94.7699966430664,,bortezomib,vorinostat,proteasome,hdac_inhibitor,,,241279087.64641,106126981.218415,0.4398515522155078,0.0001288343906388,4.4,0.9998711656093612,0.5113538464487277,,0.2844425498969795,3.84787396378404,0.0816494828325679,1.0880465617377637,,0.007050217126474,3.412716536681478,1.8077857123259575,0.6884398090651602,0.9998099748559892,5.25,0.0,0.0,400.0,10.166128824773349,6.618687162698795,0.6510528517571051,400.0,15.837288892247397,10.4603154895107,0.6604864987107225,400.0,0.7520283655849195,0.4655653479499491,-0.2864630176349704,0.0,1.0,"2,True,The solver successfully reached the end of the integration interval.",3.919,oxygen_high
SF-295,random,2,1390,681239,1.0000000116860974e-07,3.000000106112566e-07,-66.69999694824219,,NSC1390,bortezomib,other,proteasome,,,241279087.64641,201017345.80911845,0.8331320702924142,0.0168819860370647,4.4,0.9831180139629352,0.2367079021186039,,0.0070348264408721,1.730482234726014,0.449386768661499,0.347379718703478,,0.0302874408566638,1.378080618244216,2.7107358730468536,0.880003078439252,0.9773836909336798,5.25,0.3832991459561563,0.2099342535129908,110.69182389937106,0.0051048501129721,0.0032699598899733,0.6405594322277799,400.0,10.166128824773349,6.502553626487818,0.6396292766467861,400.0,-0.1865312250527795,0.0159925389565978,0.2025237640093773,0.1762052463292096,1.0,"2,True,The solver successfully reached the end of the integration interval.",3.267,oxygen_high
SF-295,random,4,613327,681239,9.99999993922529e-09,3.000000106112566e-07,-88.45999908447266,,gemcitabine,bortezomib,antimetabolite,proteasome,,,241279087.64641,199899274.20829093,0.8284981353263386,0.0100699447880291,4.6000000000000005,0.9899300552119707,0.27289401682036,,0.0094571435072854,1.9535242583174324,0.4049123317704136,0.3926389964143771,,0.0285856212822655,1.4914737191144722,2.601619581043967,0.8467374655757934,0.986562694273506,5.25,0.3832991459561563,0.2033398275045627,110.69182389937106,1.818916898944863,1.2055775446743129,0.6627996833575284,400.0,10.166128824773349,6.510306250546563,0.6403918701759821,400.0,-0.3188527350106935,0.0230295664561902,0.3418823014668838,0.1760853762372833,1.0,"2,True,The solver successfully reached the end of the integration interval.",5.868,oxygen_high
SF-295,tanimoto+zero,2,3053,713563,1.000000013351432e-10,9.999999747378752e-05,16.709999084472656,,dactinomycin,arsenic trioxide,dna_intercalator,other,,,241279087.64641,204372348.73645023,0.8470371416355573,0.7460051113456262,4.4,0.2539948886543738,0.0034472969286639,,-0.0001537752663633,0.0851639683540219,0.9576168661521912,0.018808213465971,,0.0235156390828013,0.0614719718374847,11.306537804181664,-1.3741411322354384,0.2157761679178996,5.25,0.393341540294025,0.2235477579063518,108.17610062893084,0.0021201881466497,0.0005578927793777,0.2631336187117936,138.648558033675,2.24082401906662,1.361884972728991,0.6077607885050531,400.0,-0.0132313816844829,-3.050549561778304e-05,0.0132008761888651,0.1898772017873678,1.0,"2,True,The solver successfully reached the end of the integration interval.",2.827,oxygen_high
SF-295,random,9,119875,681239,1.9999999494757503e-05,3.000000026176508e-09,-27.690000534057617,,cisplatin,bortezomib,platinum,proteasome,,,241279087.64641,204861619.94395489,0.8490649643212168,0.1560814024108396,4.4,0.8439185975891603,0.0757323854583093,,-0.0011922417822418,0.7645546128648556,0.7123257721193264,0.1473213424914116,,0.036915987893101,0.6621931789748785,4.129416016667177,0.5819211530434756,0.77895786129307,5.25,0.393341540294025,0.2235477579063518,108.17610062893084,3.568029240982825,2.352059540193023,0.6592041099823331,400.0,0.1016612855389326,0.0578779485779461,0.5693214311733346,400.0,-0.2441137662957702,0.0009546595861886,0.2450684258819588,0.192736681139952,1.0,"2,True,The solver successfully reached the end of the integration interval.",4.604,oxygen_high
SF-295,tanimoto+zero,4,3088,141540,9.999999747378752e-05,4.999999873689376e-06,-29.2549991607666,,chlorambucil,etoposide,alkylator,topo2,,,241279087.64641,204338955.08439663,0.8468987390397114,0.1723506896107033,4.6000000000000005,0.8276493103892967,0.0723806103088135,,-8.280742811575977e-05,0.720138322257841,0.714510462521988,0.145991407485609,,0.0367097860492017,0.59922436461029,4.391323725926961,0.5858927232720719,0.7820998211606431,5.25,0.393341540294025,0.2166697327712597,108.17610062893084,14.387939455354518,9.552933262991202,0.6639542300434165,400.0,10.580405627757251,6.67081786367218,0.6304879130693788,400.0,-0.1852342175351149,0.0016876952801673,0.1869219128152822,0.1907964603215396,1.0,"2,True,The solver successfully reached the end of the integration interval.",1.765,oxygen_high
SK-MEL-5,act_hamming+zero,9,740,762,1.0000000116860974e-07,4.999999987376214e-07,1.090000033378601,,NSC740,mechlorethamine,other,alkylator,,,241279087.64641,204504520.5603254,0.8475849380698213,0.4722462206887123,4.4,0.5277537793112876,0.0222919812045544,,-0.0004345517058335,0.2837372804406453,0.8693920108105967,0.0607843550317872,,0.0318227888415289,0.1209483989566212,8.739745730936477,-0.3551994851860327,0.4480211940650467,5.25,0.393341540294025,0.2235477579063518,108.17610062893084,3.274310653771972,2.0309636079302877,0.6202721191376996,400.0,0.0384073799644939,0.02473248677328,0.6439514175698571,400.0,-0.050498375121905,8.38406779388734e-05,0.0505822157998439,0.1905510380674202,1.0,"2,True,The solver successfully reached the end of the integration interval.",4.137,oxygen_high
SK-MEL-5,hamming+zero,9,740,762,1.0000000116860974e-07,4.999999987376214e-07,1.090000033378601,,NSC740,mechlorethamine,other,alkylator,,,241279087.64641,204504520.5603254,0.8475849380698213,0.4722462206887123,4.4,0.5277537793112876,0.0222919812045544,,-0.0004345517058335,0.2837372804406453,0.8693920108105967,0.0607843550317872,,0.0318227888415289,0.1209483989566212,8.739745730936477,-0.3551994851860327,0.4480211940650467,5.25,0.393341540294025,0.2235477579063518,108.17610062893084,3.274310653771972,2.0309636079302877,0.6202721191376996,400.0,0.0384073799644939,0.02473248677328,0.6439514175698571,400.0,-0.050498375121905,8.38406779388734e-05,0.0505822157998439,0.1905510380674202,1.0,"2,True,The solver successfully reached the end of the integration interval.",4.198,oxygen_high
SF-295,tanimoto+zero,9,71423,141540,2.9999999242136255e-05,4.999999873689376e-06,-5.110000133514404,,megestrol,etoposide,hormonal,topo2,,,241279087.64641,204540739.05577365,0.8477350484494713,0.2887248118508814,4.6000000000000005,0.7112751881491186,0.0505608673302244,,-0.0005114600302174,0.4960672406990009,0.7798143194172411,0.1080087942996175,,0.0363408044798881,0.2795809506940942,6.458405107432098,0.2804192519037686,0.6820608976709029,5.25,0.393341540294025,0.2235477579063518,108.17610062893084,1974.4489767877471,1316.2101894930288,0.6666215257860882,400.0,10.580405627757251,6.532322571079541,0.6173981226147196,400.0,-0.1712058441413226,0.0008819370318512,0.1720877811731739,0.191194025731654,1.0,"2,True,The solver successfully reached the end of the integration interval.",5.905,oxygen_high
SF-295,ours+zero,9,752,9706,3.000000106112566e-06,4.999999873689376e-06,-55.029998779296875,,thioguanine,triethylenemelamine,antimetabolite,alkylator,,,241279087.64641,201238557.69388133,0.8340489002046985,0.0097629513793621,4.4,0.990237048620638,0.2712530608132495,,0.0065571647845387,1.9683246449796987,0.4123591982772194,0.3847243134168814,,0.0292714254923232,1.851461512290816,2.2050545978714644,0.8494071254052322,0.985444736940552,5.25,0.3832991459561563,0.2099342535129908,110.69182389937106,5.453086025531121,3.6259094882261302,0.6649279822929206,400.0,10.226680180513428,6.808513256404279,0.6657598689140252,400.0,-0.5656944837979145,0.0202539146302221,0.5859483984281367,0.1802021371830366,1.0,"2,True,The solver successfully reached the end of the integration interval.",13.645,oxygen_high
SK-MEL-5,linear_curve,9,92859,747973,6.000000212225132e-06,2.999999892949745e-08,-97.72000122070312,,dromostanolone,vorinostat,hormonal,hdac_inhibitor,,,241279087.64641,201820077.68505785,0.8364590551702574,0.0088970753251944,5.0,0.9911029246748057,0.3035567400404704,,0.0053039917900832,2.004747269728407,0.3828231997088903,0.4170017511453229,,0.0275537111645252,1.3743471641638347,2.7887826760179766,0.8100153057632025,0.9907616736219982,5.25,0.3832991459561563,0.2099342535129908,110.69182389937106,7.44836971296567,4.9262270154680685,0.6613832563779415,400.0,2.0707176646457612,1.3440513677717918,0.6490751446801992,400.0,-1.4693341273011835,0.0328809382219265,1.50221506552311,0.1920418772101883,1.0,"2,True,The solver successfully reached the end of the integration interval.",3.912,oxygen_high
SK-MEL-5,ours+zero,9,755,628503,2.0000000233721948e-07,3.999999975690116e-08,-49.15999984741211,,mercaptopurine,NSC628503,antimetabolite,other,,,241279087.64641,204426931.18659297,0.8472633628579397,0.3586750224948382,4.6000000000000005,0.6413249775051618,0.0341635844319937,,-0.0002697483524756,0.4018502134911093,0.8202968046205932,0.0860289801939355,,0.0347229748941571,0.1793516258522825,7.6699743682964225,-0.0334532975797672,0.5734194955529641,5.25,0.393341540294025,0.2235477579063518,108.17610062893084,18.689170516814112,12.40806924318726,0.6639176004105733,400.0,11.59229589536313,7.448538399689407,0.6425421216748609,400.0,-0.0970887976720662,0.0005851064212392,0.0976739040933054,0.1904973659144907,1.0,"2,True,The solver successfully reached the end of the integration interval.",4.677,oxygen_high
SK-MEL-5,random,9,180973,628503,7.000000096013537e-06,3.999999975690116e-08,-30.979999542236328,,tamoxifen,NSC628503,hormonal,other,,,241279087.64641,204395291.4939184,0.8471322296835598,0.4139059995263843,4.6000000000000005,0.5860940004736157,0.0300692934974499,,-0.0002025262534664,0.3396496262054008,0.8366074447342293,0.0774782750738091,,0.0338232196855523,0.1562667094992237,8.051014015738518,-0.0954234197060026,0.5398262256180799,5.25,0.393341540294025,0.2235477579063518,108.17610062893084,749.5384150207869,499.5231560289592,0.6664410335994666,400.0,11.59229589536313,7.441856170710337,0.6419656846136104,400.0,-0.0664831571379396,0.0005072510442387,0.0669904081821783,0.1903143637173134,1.0,"2,True,The solver successfully reached the end of the integration interval.",5.427,oxygen_high
SR,linear_curve,6,9706,26980,4.999999873689376e-06,4.999999987376214e-07,-98.98999786376952,,triethylenemelamine,mitomycin,alkylator,alkylator,,,241279087.64641,3227626.9174243463,0.0133771515339712,1.944312253277426e-06,4.6000000000000005,0.9999980556877468,0.5421386775679535,,1.8013850321042884,5.667785334552435,0.0128558691577928,1.8908985563083192,,0.0001648128816764,5.408378794547385,1.9226338756714456,0.9987610514776476,0.9999973658500372,5.25,0.0,0.0,400.0,92.42422518636896,61.6979027743127,0.6675512037012143,400.0,90.80036472291091,60.61372664748494,0.6675493741953084,400.0,0.9970620396828322,0.983037927048273,-0.0140241126345592,0.0,1.0,"2,True,The solver successfully reached the end of the integration interval.",1.834,oxygen_high
SK-MEL-5,tanimoto+zero,9,92859,119875,6.000000212225132e-06,1.9999999949504854e-06,-91.9499969482422,,dromostanolone,cisplatin,hormonal,platinum,,,241279087.64641,203460853.78532135,0.8432593797084041,0.0276224383844648,4.800000000000001,0.9723775616155352,0.213770365120867,,0.0017874981965447,1.5139859288114914,0.4897644712455685,0.3100127228896397,,0.0316092280772281,1.133532390183778,3.072283131154661,0.8842136911767154,0.9705677764948648,5.25,0.3832991459561563,0.2166697327712597,110.69182389937106,7.44836971296567,4.9227624078242025,0.6609181065831032,400.0,0.3724807083952616,0.2452015505358935,0.6582932887780472,400.0,-0.7738640915630259,0.0121541036497454,0.7860181952127714,0.1844935320927008,1.0,"2,True,The solver successfully reached the end of the integration interval.",8.802,oxygen_high
SR,act_hamming+zero,6,26980,747971,4.999999987376214e-07,1.9999999949504854e-06,-94.94000244140624,,mitomycin,sorafenib,alkylator,kinase_inhibitor,,,241279087.64641,178061982.11311245,0.7379917747950827,0.0011744344196444,4.6000000000000005,0.9988255655803556,0.4214950237966129,,0.0596971573419886,2.8867225768972986,0.2128659843598267,0.6718937325734105,,0.0181800345013445,2.5786301288078075,1.907990681250309,0.667861654985823,0.9984341911457882,5.25,0.3356432979742439,0.115794269730383,123.27044025157232,90.80036472291091,60.60329472454239,0.6674344856375983,400.0,0.9043599849896466,0.590442013900985,0.6528838335408489,400.0,0.4484486573096217,0.1199226502569681,-0.3285260070526535,0.1121896895966715,1.0,"2,True,The solver successfully reached the end of the integration interval.",21.72,oxygen_high
SR,hamming+zero,6,26980,747971,4.999999987376214e-07,1.9999999949504854e-06,-94.94000244140624,,mitomycin,sorafenib,alkylator,kinase_inhibitor,,,241279087.64641,178061982.11311245,0.7379917747950827,0.0011744344196444,4.6000000000000005,0.9988255655803556,0.4214950237966129,,0.0596971573419886,2.8867225768972986,0.2128659843598267,0.6718937325734105,,0.0181800345013445,2.5786301288078075,1.907990681250309,0.667861654985823,0.9984341911457882,5.25,0.3356432979742439,0.115794269730383,123.27044025157232,90.80036472291091,60.60329472454239,0.6674344856375983,400.0,0.9043599849896466,0.590442013900985,0.6528838335408489,400.0,0.4484486573096217,0.1199226502569681,-0.3285260070526535,0.1121896895966715,1.0,"2,True,The solver successfully reached the end of the integration interval.",21.82,oxygen_high
SR,ours+zero,6,26980,747971,4.999999987376214e-07,1.9999999949504854e-06,-94.94000244140624,,mitomycin,sorafenib,alkylator,kinase_inhibitor,,,241279087.64641,178061982.11311245,0.7379917747950827,0.0011744344196444,4.6000000000000005,0.9988255655803556,0.4214950237966129,,0.0596971573419886,2.8867225768972986,0.2128659843598267,0.6718937325734105,,0.0181800345013445,2.5786301288078075,1.907990681250309,0.667861654985823,0.9984341911457882,5.25,0.3356432979742439,0.115794269730383,123.27044025157232,90.80036472291091,60.60329472454239,0.6674344856375983,400.0,0.9043599849896466,0.590442013900985,0.6528838335408489,400.0,0.4484486573096217,0.1199226502569681,-0.3285260070526535,0.1121896895966715,1.0,"2,True,The solver successfully reached the end of the integration interval.",21.87,oxygen_high
SR,random,6,26980,747971,4.999999987376214e-07,1.9999999949504854e-06,-94.94000244140624,,mitomycin,sorafenib,alkylator,kinase_inhibitor,,,241279087.64641,178061982.11311245,0.7379917747950827,0.0011744344196444,4.6000000000000005,0.9988255655803556,0.4214950237966129,,0.0596971573419886,2.8867225768972986,0.2128659843598267,0.6718937325734105,,0.0181800345013445,2.5786301288078075,1.907990681250309,0.667861654985823,0.9984341911457882,5.25,0.3356432979742439,0.115794269730383,123.27044025157232,90.80036472291091,60.60329472454239,0.6674344856375983,400.0,0.9043599849896466,0.590442013900985,0.6528838335408489,400.0,0.4484486573096217,0.1199226502569681,-0.3285260070526535,0.1121896895966715,1.0,"2,True,The solver successfully reached the end of the integration interval.",21.989,oxygen_high
U251,act_hamming+zero,9,85998,409962,9.999999747378752e-05,1.9999999949504854e-06,-40.290000915527344,,streptozocin,carmustine,alkylator,alkylator,,,241279087.64641,204284866.28737465,0.8466745638011957,0.8277548093076325,4.4,0.1722451906923675,0.0001566191402048,,3.2166124516409495e-05,0.0400040587490982,0.977017793749835,0.0100975267039542,,0.0208105213608213,0.05130192313773,12.511981147528314,-0.0446305700775948,0.1629181656057026,5.25,0.393341540294025,0.2166697327712597,108.17610062893084,0.057991673115147,0.0371422452001898,0.64047548906618,400.0,0.0419885926861412,0.0268882581542095,0.6403705490964059,400.0,0.009156899060155,5.668983757323165e-05,-0.0091002092225818,0.189539498381508,1.0,"2,True,The solver successfully reached the end of the integration interval.",7.282,oxygen_high
U251,linear_curve,9,26980,754143,4.999999969612645e-09,9.99999993922529e-09,-90.36000061035156,,mitomycin,bendamustine,alkylator,alkylator,,,241279087.64641,200645502.33574104,0.8315909360109288,0.0124542685207522,4.4,0.9875457314792476,0.2536407671924113,,0.007838931752077,1.862587546349065,0.4232341290988206,0.3734193185682001,,0.0296391849829889,1.8480174130890756,2.201026202671029,0.866328570387344,0.9817975200124944,5.25,0.3832991459561563,0.2099342535129908,110.69182389937106,1.828253653194684,1.2135025144228924,0.6637495362322523,400.0,16.209099229005094,10.801206779372311,0.6663668737399224,400.0,-0.2208004682179378,0.0184075348585058,0.2392080030764437,0.1762279006036786,1.0,"2,True,The solver successfully reached the end of the integration interval.",3.867,oxygen_high
U251,hamming+zero,9,85998,409962,9.999999747378752e-05,1.9999999949504854e-06,-40.290000915527344,,streptozocin,carmustine,alkylator,alkylator,,,241279087.64641,204284866.28737465,0.8466745638011957,0.8277548093076325,4.4,0.1722451906923675,0.0001566191402048,,3.2166124516409495e-05,0.0400040587490982,0.977017793749835,0.0100975267039542,,0.0208105213608213,0.05130192313773,12.511981147528314,-0.0446305700775948,0.1629181656057026,5.25,0.393341540294025,0.2166697327712597,108.17610062893084,0.057991673115147,0.0371422452001898,0.64047548906618,400.0,0.0419885926861412,0.0268882581542095,0.6403705490964059,400.0,0.009156899060155,5.668983757323165e-05,-0.0091002092225818,0.189539498381508,1.0,"2,True,The solver successfully reached the end of the integration interval.",7.301,oxygen_high
U251,random,9,45388,713563,4.999999873689376e-06,9.999999747378752e-05,-51.60699844360352,,dacarbazine,arsenic trioxide,alkylator,other,,,241279087.64641,204581360.66776928,0.8479034078891223,0.4796605585351278,4.4,0.5203394414648722,0.0222799822086512,,-0.0005977019712204,0.276971762633948,0.8706306071341335,0.0601660692302993,,0.0317913876044069,0.120267403629908,8.750051170270712,-0.3587010898016873,0.444926830457965,5.25,0.393341540294025,0.2235477579063518,108.17610062893084,0.771889939037878,0.4985729230016557,0.645911933536926,400.0,2.456617606864609,1.506558847904018,0.6132655093304673,400.0,-0.0621048191393167,-4.274625410793931e-05,0.0620620728852088,0.1908234473305548,1.0,"2,True,The solver successfully reached the end of the integration interval.",3.894,oxygen_high
U251,ours+zero,9,85998,409962,9.999999747378752e-05,1.9999999949504854e-06,-40.290000915527344,,streptozocin,carmustine,alkylator,alkylator,,,241279087.64641,204284866.28737465,0.8466745638011957,0.8277548093076325,4.4,0.1722451906923675,0.0001566191402048,,3.2166124516409495e-05,0.0400040587490982,0.977017793749835,0.0100975267039542,,0.0208105213608213,0.05130192313773,12.511981147528314,-0.0446305700775948,0.1629181656057026,5.25,0.393341540294025,0.2166697327712597,108.17610062893084,0.057991673115147,0.0371422452001898,0.64047548906618,400.0,0.0419885926861412,0.0268882581542095,0.6403705490964059,400.0,0.009156899060155,5.668983757323165e-05,-0.0091002092225818,0.189539498381508,1.0,"2,True,The solver successfully reached the end of the integration interval.",7.176,oxygen_high
U251,tanimoto+zero,9,85998,409962,9.999999747378752e-05,1.9999999949504854e-06,-40.290000915527344,,streptozocin,carmustine,alkylator,alkylator,,,241279087.64641,204284866.28737465,0.8466745638011957,0.8277548093076325,4.4,0.1722451906923675,0.0001566191402048,,3.2166124516409495e-05,0.0400040587490982,0.977017793749835,0.0100975267039542,,0.0208105213608213,0.05130192313773,12.511981147528314,-0.0446305700775948,0.1629181656057026,5.25,0.393341540294025,0.2166697327712597,108.17610062893084,0.057991673115147,0.0371422452001898,0.64047548906618,400.0,0.0419885926861412,0.0268882581542095,0.6403705490964059,400.0,0.009156899060155,5.668983757323165e-05,-0.0091002092225818,0.189539498381508,1.0,"2,True,The solver successfully reached the end of the integration interval.",6.629,oxygen_high
SR,tanimoto+zero,6,26980,747971,4.999999987376214e-07,1.9999999949504854e-06,-94.94000244140624,,mitomycin,sorafenib,alkylator,kinase_inhibitor,,,241279087.64641,178061982.11311245,0.7379917747950827,0.0011744344196444,4.6000000000000005,0.9988255655803556,0.4214950237966129,,0.0596971573419886,2.8867225768972986,0.2128659843598267,0.6718937325734105,,0.0181800345013445,2.5786301288078075,1.907990681250309,0.667861654985823,0.9984341911457882,5.25,0.3356432979742439,0.115794269730383,123.27044025157232,90.80036472291091,60.60329472454239,0.6674344856375983,400.0,0.9043599849896466,0.590442013900985,0.6528838335408489,400.0,0.4484486573096217,0.1199226502569681,-0.3285260070526535,0.1121896895966715,1.0,"2,True,The solver successfully reached the end of the integration interval.",20.526,oxygen_high
BT-549,linear_curve,8,67574,246131,1.0000000116860974e-07,1.9999999494757503e-05,-89.91000366210938,,vincristine,mitoxantrone,antimitotic,dna_intercalator,,,241279087.64641,228341926.1028791,0.9463809248048464,0.0038689173944798,4.6000000000000005,0.9961310826055202,0.3553652536204003,,0.0642879273276224,2.4487625098638848,0.2772970487609638,0.5570547525413186,,0.0256905474163649,1.2531962936960943,3.039619579466877,0.7424247827189026,0.9951063302239392,5.25,0.0,0.0,400.0,11.374212191331845,6.813811710496996,0.5990579036049392,400.0,11.704019281956482,6.8730016912304235,0.5872343103386882,400.0,0.735725657883908,0.0494723430648958,-0.6862533148190121,0.0,1.0,"2,True,The solver successfully reached the end of the integration interval.",1.641,oxygen_low
BT-549,ours+zero,8,125973,681239,2.999999892949745e-08,3.000000106112566e-07,-95.31999969482422,,paclitaxel,bortezomib,antimitotic,proteasome,,,241279087.64641,247289327.55578625,1.0249099081400046,0.0108935587350317,5.0,0.9891064412649684,0.3133969710463842,15.400000000000002,0.0296682138042669,1.999913544730448,0.3261925051844141,0.4865260218194878,,0.0295123123864455,1.3607589094279655,2.755570452237941,0.7839912849414501,0.9889382360067224,5.25,0.0,0.0,400.0,1.7676312857947352,1.0547061468521717,0.5966776868728995,400.0,5.224603901442932,3.301995874821885,0.632008844519283,400.0,0.2564828686526713,0.0318185098582789,-0.2246643587943924,0.0,1.0,"2,True,The solver successfully reached the end of the integration interval.",1.558,oxygen_low
BT-549,random,8,105014,628503,9.999999974752427e-07,3.999999886872274e-09,13.720000267028809,,cladribine,NSC628503,antimetabolite,other,,,241279087.64641,264645990.04815188,1.0968459497657983,0.4442907202984045,4.4,0.5557092797015954,0.0405136914451653,5.800000000000001,0.0002082695208187,0.3882598486342004,0.8231218031253373,0.0845358944218208,,0.0390509921489471,0.1163245807345062,7.025017447093328,0.2987089531452154,0.4887227153731514,5.25,0.0102133001273583,0.0,314.4654088050314,0.5180599034675787,0.3381513032373381,0.6527262599825976,400.0,1.0679288136544656,0.6508795944407297,0.6094784466142568,400.0,0.0014689669482769,0.0003054842465991,-0.0011634827016777,0.0099997654577419,1.0,"2,True,The solver successfully reached the end of the integration interval.",4.861,oxygen_low
BT-549,hamming+zero,8,750,105014,4.999999873689376e-05,1.0000000116860974e-07,32.560001373291016,,NSC750,cladribine,other,antimetabolite,,,241279087.64641,264744618.46903524,1.097254722949771,0.8183762206854217,4.4,0.1816237793145783,0.0115383438698632,2.8,4.644655397751906e-05,0.1229740893333945,0.9368442964023816,0.0283325828926619,,0.0224652172671437,0.0274767988045234,4.032151097238653,0.420145702897123,0.1231069167606271,5.25,0.0102133001273583,0.0,314.4654088050314,4.128523645071777,2.504143470869397,0.6065469611294574,400.0,0.0518059910829652,0.0333734672812217,0.6442009231668864,400.0,0.0003082202922547,6.993940198662951e-05,-0.0002382808902681,0.0100115491065925,1.0,"2,True,The solver successfully reached the end of the integration interval.",8.741,oxygen_low
BT-549,act_hamming+zero,8,750,105014,4.999999873689376e-05,1.0000000116860974e-07,32.560001373291016,,NSC750,cladribine,other,antimetabolite,,,241279087.64641,264744618.46903524,1.097254722949771,0.8183762206854217,4.4,0.1816237793145783,0.0115383438698632,2.8,4.644655397751906e-05,0.1229740893333945,0.9368442964023816,0.0283325828926619,,0.0224652172671437,0.0274767988045234,4.032151097238653,0.420145702897123,0.1231069167606271,5.25,0.0102133001273583,0.0,314.4654088050314,4.128523645071777,2.504143470869397,0.6065469611294574,400.0,0.0518059910829652,0.0333734672812217,0.6442009231668864,400.0,0.0003082202922547,6.993940198662951e-05,-0.0002382808902681,0.0100115491065925,1.0,"2,True,The solver successfully reached the end of the integration interval.",8.782,oxygen_low
BT-549,tanimoto+zero,8,750,105014,4.999999873689376e-05,1.0000000116860974e-07,32.560001373291016,,NSC750,cladribine,other,antimetabolite,,,241279087.64641,264744618.46903524,1.097254722949771,0.8183762206854217,4.4,0.1816237793145783,0.0115383438698632,2.8,4.644655397751906e-05,0.1229740893333945,0.9368442964023816,0.0283325828926619,,0.0224652172671437,0.0274767988045234,4.032151097238653,0.420145702897123,0.1231069167606271,5.25,0.0102133001273583,0.0,314.4654088050314,4.128523645071777,2.504143470869397,0.6065469611294574,400.0,0.0518059910829652,0.0333734672812217,0.6442009231668864,400.0,0.0003082202922547,6.993940198662951e-05,-0.0002382808902681,0.0100115491065925,1.0,"2,True,The solver successfully reached the end of the integration interval.",8.704,oxygen_low
HCT-15,linear_curve,2,681239,754230,3.000000106112566e-07,9.999999960041972e-13,-75.93000030517578,,bortezomib,romidepsin,proteasome,hdac_inhibitor,,,241279087.64641,263474966.024896,1.0919925493543543,0.103342577123871,4.800000000000001,0.8966574228761289,0.1392032154411135,10.0,0.0021342302277647,1.0224567901043506,0.5940501757282313,0.2261768713124202,,0.0409609320392017,0.8414622632523657,3.4252527005152476,0.8895993100470088,0.8894809879565133,5.25,0.0077736013245571,0.0,322.0125786163522,2.756535066484806,1.6588563401815175,0.6017903999664795,400.0,0.001923121509994,0.001220547068199,0.6346697605201617,400.0,0.0166951651338216,0.0027746883010744,-0.0139204768327472,0.0074366945158898,1.0,"2,True,The solver successfully reached the end of the integration interval.",2.778,oxygen_low
HCT-15,random,2,686673,747973,1.9999999949504854e-06,3.000000106112566e-07,7.989999771118164,,NSC686673,vorinostat,other,hdac_inhibitor,,,241279087.64641,264757129.62579533,1.0973065764149106,0.8283950123753225,4.4,0.1716049876246774,0.0101701244921912,2.5999999999999996,2.5923387194038685e-05,0.1176896156386712,0.9424891585554728,0.0257236367790546,,0.0205162397571769,0.02302299451431,2.647651574754053,0.4404236376758368,0.0973035384944522,5.25,0.0102133001273583,0.0,314.4654088050314,0.0307498045165011,0.0173869147118211,0.5654317152647559,400.0,2.3786622021631074,1.444782688651911,0.6073929653979682,400.0,-7.519647308296129e-05,6.714056784107303e-05,0.000142337040924,0.0100162107041069,1.0,"2,True,The solver successfully reached the end of the integration interval.",1.644,oxygen_low
HCT-15,act_hamming+zero,2,740,762,1.0000000116860974e-07,4.999999987376214e-07,-7.039999961853027,,NSC740,mechlorethamine,other,alkylator,,,241279087.64641,264589838.28797573,1.0966132244155664,0.3865993740759983,4.6000000000000005,0.6134006259240017,0.046005956462461,6.2,0.0003004265456438,0.4490908204846007,0.7995415225950337,0.0971589771139509,,0.0408419810571026,0.1487319605505719,6.817578685218749,0.3382458955321802,0.5491867214479182,5.25,0.0102133001273583,0.0,314.4654088050314,11.084599787238917,7.101339687994766,0.6406491731140482,400.0,0.0249483530145913,0.0161421693385839,0.6470234459622655,400.0,0.0027495707601998,0.0003745408980471,-0.0023750298621527,0.009984521705089,1.0,"2,True,The solver successfully reached the end of the integration interval.",6.679,oxygen_low
HCT-15,hamming+zero,2,740,762,1.0000000116860974e-07,4.999999987376214e-07,-7.039999961853027,,NSC740,mechlorethamine,other,alkylator,,,241279087.64641,264589838.28797573,1.0966132244155664,0.3865993740759983,4.6000000000000005,0.6134006259240017,0.046005956462461,6.2,0.0003004265456438,0.4490908204846007,0.7995415225950337,0.0971589771139509,,0.0408419810571026,0.1487319605505719,6.817578685218749,0.3382458955321802,0.5491867214479182,5.25,0.0102133001273583,0.0,314.4654088050314,11.084599787238917,7.101339687994766,0.6406491731140482,400.0,0.0249483530145913,0.0161421693385839,0.6470234459622655,400.0,0.0027495707601998,0.0003745408980471,-0.0023750298621527,0.009984521705089,1.0,"2,True,The solver successfully reached the end of the integration interval.",6.647,oxygen_low
HCT-15,tanimoto+zero,2,681239,754230,3.000000106112566e-07,9.999999960041972e-13,-75.93000030517578,,bortezomib,romidepsin,proteasome,hdac_inhibitor,,,241279087.64641,263474966.024896,1.0919925493543543,0.103342577123871,4.800000000000001,0.8966574228761289,0.1392032154411135,10.0,0.0021342302277647,1.0224567901043506,0.5940501757282313,0.2261768713124202,,0.0409609320392017,0.8414622632523657,3.4252527005152476,0.8895993100470088,0.8894809879565133,5.25,0.0077736013245571,0.0,322.0125786163522,2.756535066484806,1.6588563401815175,0.6017903999664795,400.0,0.001923121509994,0.001220547068199,0.6346697605201617,400.0,0.0166951651338216,0.0027746883010744,-0.0139204768327472,0.0074366945158898,1.0,"2,True,The solver successfully reached the end of the integration interval.",2.91,oxygen_low
HS 578T,act_hamming+zero,2,1390,747973,9.999999747378752e-06,3.000000106112566e-07,-74.66000366210938,,NSC1390,vorinostat,other,hdac_inhibitor,,,241279087.64641,242832124.37094864,1.0064366818512451,0.0095493657519172,4.4,0.9904506342480828,0.2865187478454152,16.4,0.0375674481930729,2.0559525634075144,0.3419899087081855,0.4659867087304425,,0.0308703693189773,2.0837422227838527,1.9919128049000696,0.8408226010981054,0.9863801861061288,5.25,0.0,0.0,400.0,0.4647546002912271,0.3023124188590537,0.6504775179624193,400.0,20.643580204271405,13.632747292325613,0.6603867719372065,400.0,0.6273686162758396,0.021379129077068,-0.6059894871987715,0.0,1.0,"2,True,The solver successfully reached the end of the integration interval.",5.246,oxygen_low
HCT-15,ours+zero,2,26980,681239,4.999999987376214e-07,3.000000106112566e-07,-85.52999877929688,,mitomycin,bortezomib,alkylator,proteasome,,,241279087.64641,259954695.14155903,1.0774025120756334,0.0302841688180952,4.800000000000001,0.9697158311819049,0.2322916948497794,12.8,0.0079759216093874,1.5555204192656622,0.4500720050522526,0.3467179997907851,,0.0361824226174687,1.198418651963414,2.8350734588745765,0.8828252694278901,0.9681558509509798,5.25,0.0024710439694324,0.0,347.1698113207547,0.0095000025785706,0.006249945026349,0.6578887715722525,400.0,2.756535066484806,1.7128809919230907,0.6213891536331494,400.0,0.0626329097818887,0.009920288416057,-0.0527126213658316,0.0021807213371011,1.0,"2,True,The solver successfully reached the end of the integration interval.",8.361,oxygen_low
HS 578T,linear_curve,2,1390,681239,9.999999974752427e-07,3.000000106112566e-07,-95.26000213623048,,NSC1390,bortezomib,other,proteasome,,,241279087.64641,264508987.77684525,1.09627813316535,0.2622092981659446,4.6000000000000005,0.7377907018340554,0.0684283270844462,7.2,0.0004331538524778,0.6177038789520535,0.7446010563893709,0.128076351969696,,0.0436991182093345,0.3593279494848863,5.227707330527485,0.5200040261828724,0.6953612600712543,5.25,0.0102133001273583,0.0,314.4654088050314,0.0464754610858523,0.0282158272856098,0.6071123691164217,400.0,2.6960701894000954,1.52299914771154,0.5648959562326615,400.0,0.0025804889633023,0.0006882428658993,-0.001892246097403,0.0099898147454524,1.0,"2,True,The solver successfully reached the end of the integration interval.",4.141,oxygen_low
HS 578T,hamming+zero,2,1390,747973,9.999999747378752e-06,3.000000106112566e-07,-74.66000366210938,,NSC1390,vorinostat,other,hdac_inhibitor,,,241279087.64641,242832124.37094864,1.0064366818512451,0.0095493657519172,4.4,0.9904506342480828,0.2865187478454152,16.4,0.0375674481930729,2.0559525634075144,0.3419899087081855,0.4659867087304425,,0.0308703693189773,2.0837422227838527,1.9919128049000696,0.8408226010981054,0.9863801861061288,5.25,0.0,0.0,400.0,0.4647546002912271,0.3023124188590537,0.6504775179624193,400.0,20.643580204271405,13.632747292325613,0.6603867719372065,400.0,0.6273686162758396,0.021379129077068,-0.6059894871987715,0.0,1.0,"2,True,The solver successfully reached the end of the integration interval.",5.142,oxygen_low
HS 578T,ours+zero,2,1390,747973,9.999999747378752e-06,3.000000106112566e-07,-74.66000366210938,,NSC1390,vorinostat,other,hdac_inhibitor,,,241279087.64641,242832124.37094864,1.0064366818512451,0.0095493657519172,4.4,0.9904506342480828,0.2865187478454152,16.4,0.0375674481930729,2.0559525634075144,0.3419899087081855,0.4659867087304425,,0.0308703693189773,2.0837422227838527,1.9919128049000696,0.8408226010981054,0.9863801861061288,5.25,0.0,0.0,400.0,0.4647546002912271,0.3023124188590537,0.6504775179624193,400.0,20.643580204271405,13.632747292325613,0.6603867719372065,400.0,0.6273686162758396,0.021379129077068,-0.6059894871987715,0.0,1.0,"2,True,The solver successfully reached the end of the integration interval.",5.133,oxygen_low
HS 578T,random,2,1390,747973,9.999999747378752e-06,3.000000106112566e-07,-74.66000366210938,,NSC1390,vorinostat,other,hdac_inhibitor,,,241279087.64641,242832124.37094864,1.0064366818512451,0.0095493657519172,4.4,0.9904506342480828,0.2865187478454152,16.4,0.0375674481930729,2.0559525634075144,0.3419899087081855,0.4659867087304425,,0.0308703693189773,2.0837422227838527,1.9919128049000696,0.8408226010981054,0.9863801861061288,5.25,0.0,0.0,400.0,0.4647546002912271,0.3023124188590537,0.6504775179624193,400.0,20.643580204271405,13.632747292325613,0.6603867719372065,400.0,0.6273686162758396,0.021379129077068,-0.6059894871987715,0.0,1.0,"2,True,The solver successfully reached the end of the integration interval.",5.275,oxygen_low
HT29,act_hamming+zero,3,92859,673596,6.000000212225132e-06,9.999999717180683e-10,1.919999957084656,,dromostanolone,NSC673596,hormonal,other,,,241279087.64641,264569341.3572491,1.0965282732872836,0.4110586471424693,4.800000000000001,0.5889413528575307,0.0492872782972317,6.4,0.0003340712569419,0.4228322891696862,0.7916147253144641,0.1014861358105935,,0.0413413925281185,0.1651068823625527,6.707388561928178,0.4058857668569368,0.5710531728358919,5.25,0.0102133001273583,0.0,314.4654088050314,35.89050091294007,23.75575333678553,0.6618952851733692,400.0,0.0534579804274952,0.0322180817241155,0.6026804878611665,400.0,0.0023036815207084,0.0004933827253683,-0.0018102987953401,0.0099914201460287,1.0,"2,True,The solver successfully reached the end of the integration interval.",4.247,oxygen_low
HS 578T,tanimoto+zero,2,1390,747973,9.999999747378752e-06,3.000000106112566e-07,-74.66000366210938,,NSC1390,vorinostat,other,hdac_inhibitor,,,241279087.64641,242832124.37094864,1.0064366818512451,0.0095493657519172,4.4,0.9904506342480828,0.2865187478454152,16.4,0.0375674481930729,2.0559525634075144,0.3419899087081855,0.4659867087304425,,0.0308703693189773,2.0837422227838527,1.9919128049000696,0.8408226010981054,0.9863801861061288,5.25,0.0,0.0,400.0,0.4647546002912271,0.3023124188590537,0.6504775179624193,400.0,20.643580204271405,13.632747292325613,0.6603867719372065,400.0,0.6273686162758396,0.021379129077068,-0.6059894871987715,0.0,1.0,"2,True,The solver successfully reached the end of the integration interval.",5.246,oxygen_low
HT29,ours+zero,3,409962,754143,1.9999999949504854e-06,9.99999993922529e-09,-72.94999694824219,,carmustine,bendamustine,alkylator,alkylator,,,241279087.64641,256470729.73340565,1.0629629456708602,0.0177286620982443,4.4,0.9822713379017556,0.2433803070666127,14.2,0.0138357799131293,1.7872511284533237,0.41840963637147,0.3783983218110449,,0.0350720689787398,1.8142346108659808,2.1337801569980575,0.8862231668947889,0.973897558172149,5.25,0.0,0.0,400.0,0.0637659195481261,0.0422204884282814,0.6621168286676451,400.0,13.68780180499778,9.118967217535728,0.6662112256919259,400.0,0.1891182696232172,0.01079748817365,-0.1783207814495672,0.0,1.0,"2,True,The solver successfully reached the end of the integration interval.",2.585,oxygen_low
HT29,hamming+zero,3,92859,673596,6.000000212225132e-06,9.999999717180683e-10,1.919999957084656,,dromostanolone,NSC673596,hormonal,other,,,241279087.64641,264569341.3572491,1.0965282732872836,0.4110586471424693,4.800000000000001,0.5889413528575307,0.0492872782972317,6.4,0.0003340712569419,0.4228322891696862,0.7916147253144641,0.1014861358105935,,0.0413413925281185,0.1651068823625527,6.707388561928178,0.4058857668569368,0.5710531728358919,5.25,0.0102133001273583,0.0,314.4654088050314,35.89050091294007,23.75575333678553,0.6618952851733692,400.0,0.0534579804274952,0.0322180817241155,0.6026804878611665,400.0,0.0023036815207084,0.0004933827253683,-0.0018102987953401,0.0099914201460287,1.0,"2,True,The solver successfully reached the end of the integration interval.",4.332,oxygen_low
HT29,random,3,409962,754143,1.9999999949504854e-06,9.99999993922529e-09,-72.94999694824219,,carmustine,bendamustine,alkylator,alkylator,,,241279087.64641,256470729.73340565,1.0629629456708602,0.0177286620982443,4.4,0.9822713379017556,0.2433803070666127,14.2,0.0138357799131293,1.7872511284533237,0.41840963637147,0.3783983218110449,,0.0350720689787398,1.8142346108659808,2.1337801569980575,0.8862231668947889,0.973897558172149,5.25,0.0,0.0,400.0,0.0637659195481261,0.0422204884282814,0.6621168286676451,400.0,13.68780180499778,9.118967217535728,0.6662112256919259,400.0,0.1891182696232172,0.01079748817365,-0.1783207814495672,0.0,1.0,"2,True,The solver successfully reached the end of the integration interval.",2.729,oxygen_low
HT29,linear_curve,3,681239,686673,3.000000106112566e-07,2.0000000233721948e-07,-61.86000061035156,,bortezomib,NSC686673,proteasome,other,,,241279087.64641,216779113.3694013,0.8984579454605989,0.0034054128663233,5.0,0.9965945871336768,0.3853185421776843,,0.0868561517264051,2.504913551526587,0.2240034103594707,0.6497453696612621,,0.0222973197625495,1.7324278209615451,2.4806235952115236,0.6907395762576694,0.9965260388425996,5.25,0.0,0.0,400.0,19.3674899915252,12.564300028005892,0.6487314584132359,400.0,0.0031882667853898,0.0020584413763355,0.6456302169467972,400.0,0.7675271691559402,0.0809994119540412,-0.686527757201899,0.0,1.0,"2,True,The solver successfully reached the end of the integration interval.",5.482,oxygen_low
KM12,linear_curve,5,673596,754143,1.000000013351432e-10,9.99999993922529e-09,-83.88999938964844,,NSC673596,bendamustine,other,alkylator,,,241279087.64641,262785293.11974475,1.0891341462002362,0.0454680005809178,4.4,0.9545319994190822,0.181910529540778,11.2,0.0032725312994955,1.3782212341838236,0.5324624288120825,0.2737110311479095,,0.0396440037044021,1.2759665782766303,2.6387136228221952,0.9054538348690012,0.9389779509659768,5.25,0.0070563940594938,0.0,324.52830188679246,0.0002781882476896,0.0001781026037968,0.6402233209922631,400.0,6.952046883678343,4.617676807782398,0.6642183064995636,400.0,0.0277390166310064,0.0040960205590756,-0.0236429960719307,0.0066481200588702,1.0,"2,True,The solver successfully reached the end of the integration interval.",1.885,oxygen_low
HT29,tanimoto+zero,3,92859,673596,6.000000212225132e-06,9.999999717180683e-10,1.919999957084656,,dromostanolone,NSC673596,hormonal,other,,,241279087.64641,264569341.3572491,1.0965282732872836,0.4110586471424693,4.800000000000001,0.5889413528575307,0.0492872782972317,6.4,0.0003340712569419,0.4228322891696862,0.7916147253144641,0.1014861358105935,,0.0413413925281185,0.1651068823625527,6.707388561928178,0.4058857668569368,0.5710531728358919,5.25,0.0102133001273583,0.0,314.4654088050314,35.89050091294007,23.75575333678553,0.6618952851733692,400.0,0.0534579804274952,0.0322180817241155,0.6026804878611665,400.0,0.0023036815207084,0.0004933827253683,-0.0018102987953401,0.0099914201460287,1.0,"2,True,The solver successfully reached the end of the integration interval.",4.256,oxygen_low
KM12,act_hamming+zero,5,26271,747973,9.999999747378752e-06,3.000000106112566e-07,0.8999999761581421,,cyclophosphamide,vorinostat,alkylator,hdac_inhibitor,,,241279087.64641,243425247.57552573,1.0088949272398646,0.0098741486324692,4.4,0.9901258513675308,0.2840712297027332,16.4,0.0365079670316587,2.041427430823526,0.3453002371417912,0.4618031233900882,,0.0310577573189496,2.0670940738202552,2.0008325414189208,0.8437096767085237,0.985889393374866,5.25,0.0,0.0,400.0,17.97405850448311,11.98134285037942,0.6665908452112259,400.0,20.111380442073887,13.28016534437982,0.6603308700081637,400.0,0.6136795349654169,0.0207185943084148,-0.5929609406570021,0.0,1.0,"2,True,The solver successfully reached the end of the integration interval.",4.53,oxygen_low
KM12,hamming+zero,5,26271,747973,9.999999747378752e-06,3.000000106112566e-07,0.8999999761581421,,cyclophosphamide,vorinostat,alkylator,hdac_inhibitor,,,241279087.64641,243425247.57552573,1.0088949272398646,0.0098741486324692,4.4,0.9901258513675308,0.2840712297027332,16.4,0.0365079670316587,2.041427430823526,0.3453002371417912,0.4618031233900882,,0.0310577573189496,2.0670940738202552,2.0008325414189208,0.8437096767085237,0.985889393374866,5.25,0.0,0.0,400.0,17.97405850448311,11.98134285037942,0.6665908452112259,400.0,20.111380442073887,13.28016534437982,0.6603308700081637,400.0,0.6136795349654169,0.0207185943084148,-0.5929609406570021,0.0,1.0,"2,True,The solver successfully reached the end of the integration interval.",4.532,oxygen_low
KM12,tanimoto+zero,5,26271,747973,9.999999747378752e-06,3.000000106112566e-07,0.8999999761581421,,cyclophosphamide,vorinostat,alkylator,hdac_inhibitor,,,241279087.64641,243425247.57552573,1.0088949272398646,0.0098741486324692,4.4,0.9901258513675308,0.2840712297027332,16.4,0.0365079670316587,2.041427430823526,0.3453002371417912,0.4618031233900882,,0.0310577573189496,2.0670940738202552,2.0008325414189208,0.8437096767085237,0.985889393374866,5.25,0.0,0.0,400.0,17.97405850448311,11.98134285037942,0.6665908452112259,400.0,20.111380442073887,13.28016534437982,0.6603308700081637,400.0,0.6136795349654169,0.0207185943084148,-0.5929609406570021,0.0,1.0,"2,True,The solver successfully reached the end of the integration interval.",4.475,oxygen_low
KM12,ours+zero,5,702294,754143,9.999999747378752e-05,9.99999993922529e-09,-69.5,,NSC702294,bendamustine,other,alkylator,,,241279087.64641,256935909.2683597,1.0648909185403357,0.0137726970081797,4.6000000000000005,0.9862273029918204,0.2773791082177878,14.0,0.0130487820636197,1.8973329736837912,0.3903828077326094,0.4085093167001904,,0.0338274405786682,1.6797865485268582,2.2788969453730834,0.8461765012868171,0.9829899715785942,5.25,0.0,0.0,400.0,0.019,0.012264888641345,0.6455204548076334,400.0,6.952046883678343,4.6233689218725615,0.6650370745811667,400.0,0.1092503547390224,0.015762144416734,-0.0934882103222883,0.0,1.0,"2,True,The solver successfully reached the end of the integration interval.",8.684,oxygen_low
M14,linear_curve,4,609699,681239,1.0000000116860974e-07,3.000000106112566e-07,-96.5999984741211,,topotecan,bortezomib,topo1,proteasome,,,241279087.64641,242944334.9557935,1.006901747373249,0.0047131729427673,4.800000000000001,0.9952868270572326,0.3610279446409834,16.2,0.0373668108927659,2.36342270191228,0.2839235161839229,0.5467986352094235,,0.027207730149689,1.6848154126046186,2.409961674423866,0.7339304106505835,0.9947911546843256,5.25,0.0,0.0,400.0,3.591378767115229,2.304702536637935,0.6417319603660698,400.0,3.4357492135598684,2.177079378644031,0.6336549158046092,400.0,0.2660828716236727,0.0470791133859981,-0.2190037582376746,0.0,1.0,"2,True,The solver successfully reached the end of the integration interval.",1.684,oxygen_low
KM12,random,5,762,713563,1.9999999949504854e-06,9.999999747378752e-05,0.1879999935626983,,mechlorethamine,arsenic trioxide,alkylator,other,,,241279087.64641,264701468.20823377,1.0970758833278946,0.5002294753222105,4.4,0.4997705246777895,0.0329512900272952,5.200000000000001,0.0001172372186809,0.336757812711779,0.8461432156724172,0.0725561233531147,,0.0368511937728043,0.0917136843764029,7.092011422730583,0.2727639532029901,0.4046489150686226,5.25,0.0102133001273583,0.0,314.4654088050314,0.087332094363511,0.055649549849522,0.6372176260640954,400.0,2.4168985384296877,1.4546876533826087,0.6018819699099787,400.0,-8.721935515509927e-05,0.0002929604254957,0.0003801797806508,0.0100180537604724,1.0,"2,True,The solver successfully reached the end of the integration interval.",10.723,oxygen_low
M14,act_hamming+zero,4,25154,119875,3.000000106112566e-07,1.9999999494757503e-05,26.59000015258789,,NSC25154,cisplatin,other,platinum,,,241279087.64641,264735249.741137,1.0972158935261789,0.7161234075287684,4.4,0.2838765924712316,0.0157247367335723,3.4000000000000004,6.181554937609967e-05,0.1809392215538067,0.914637354598059,0.038751065622593,,0.0273707773968804,0.0411931362745195,5.962257686468988,0.3220361428576996,0.1872908342806234,5.25,0.0102133001273583,0.0,314.4654088050314,0.0005794359032895,0.0003355206962151,0.5790471289583854,400.0,4.054053261967809,2.647447143420223,0.6530370896348734,400.0,0.0003862010602451,9.818298012431724e-05,-0.0002880180801207,0.0100107771605829,1.0,"2,True,The solver successfully reached the end of the integration interval.",10.276,oxygen_low
M14,random,4,125973,246131,3.000000106112566e-07,1.9999999494757503e-05,-2.259999990463257,,paclitaxel,mitoxantrone,antimitotic,dna_intercalator,,,241279087.64641,264549440.58249313,1.0964457929739249,0.2986297699433619,4.6000000000000005,0.7013702300566381,0.0642827757269998,7.000000000000001,0.0003667399013417,0.5612188673355406,0.7624615314223065,0.1177820629483429,,0.0430029149729695,0.2501036496221095,6.0067147571250885,0.480799575906498,0.6744229373363978,5.25,0.0102133001273583,0.0,314.4654088050314,12.074200839692525,5.776513393468224,0.478417865510288,400.0,2.6714752421683974,0.8676647954664917,0.324788634298636,251.394053467574,0.0017112900398686,0.0006681801546389,-0.0010431098852297,0.0099992475894858,1.0,"2,True,The solver successfully reached the end of the integration interval.",1.662,oxygen_low
MDA-MB-435,pool_optimum,-1,24559,701852,9.999999974752427e-07,9.999999974752427e-07,-93.4499969482422,,NSC24559,irinotecan,other,topo1,,,241279087.64641,264717401.60514072,1.097141920534278,0.552948368595858,4.4,0.4470516314041419,0.0282596026413224,5.0,9.10961543883482e-05,0.2932425099869248,0.8631785521091057,0.0638993593543241,,0.0350247247988776,0.0773589639479548,7.050865053188383,0.2720899199472787,0.3498857826628039,5.25,0.0102133001273583,0.0,314.4654088050314,2.539011248752824,1.5186337647489767,0.5981201404660723,400.0,0.7738704833525072,0.4171054791398102,0.5389861586823357,400.0,-0.0002645077689618,0.0002501639827063,0.0005146717516681,0.0100199704085415,1.0,"2,True,The solver successfully reached the end of the integration interval.",3.359,oxygen_low
M14,hamming+zero,4,25154,119875,3.000000106112566e-07,1.9999999494757503e-05,26.59000015258789,,NSC25154,cisplatin,other,platinum,,,241279087.64641,264735249.741137,1.0972158935261789,0.7161234075287684,4.4,0.2838765924712316,0.0157247367335723,3.4000000000000004,6.181554937609967e-05,0.1809392215538067,0.914637354598059,0.038751065622593,,0.0273707773968804,0.0411931362745195,5.962257686468988,0.3220361428576996,0.1872908342806234,5.25,0.0102133001273583,0.0,314.4654088050314,0.0005794359032895,0.0003355206962151,0.5790471289583854,400.0,4.054053261967809,2.647447143420223,0.6530370896348734,400.0,0.0003862010602451,9.818298012431724e-05,-0.0002880180801207,0.0100107771605829,1.0,"2,True,The solver successfully reached the end of the integration interval.",10.648,oxygen_low
M14,ours+zero,4,719344,761432,3.000000026176508e-09,5.000000058430487e-08,-45.69100189208984,,anastrozole,NSC761432,hormonal,other,,,241279087.64641,261463910.28013632,1.0836575719455088,0.0423975830362543,5.0,0.9576024169637456,0.1984296058617416,11.8,0.0054618354978749,1.4097422246494142,0.4938605396687412,0.3063956733500046,,0.0378764328524868,1.1026258172111223,2.9558211098123386,0.9055833669626036,0.9560724119654964,5.25,0.0046278899590609,0.0,334.59119496855345,10.760851184062176,7.12581146859108,0.6621977524552214,400.0,157.80868524018254,104.07709396448462,0.6595143594668492,400.0,0.0415810480374466,0.0067160373482915,-0.0348650106891551,0.0042583076121287,1.0,"2,True,The solver successfully reached the end of the integration interval.",9.249,oxygen_low
M14,tanimoto+zero,4,1390,753082,0.0001999999949475,4.999999873689376e-06,-4.0920000076293945,,NSC1390,pazopanib,other,kinase_inhibitor,,,241279087.64641,240443505.1328411,0.99653686309195,0.0076798316182753,4.4,0.9923201683817248,0.3021390434215117,,0.0418605370164909,2.150575392905883,0.3249963906770459,0.4881214621526532,,0.0299007864035276,2.140744079846662,1.9676290828038692,0.8220950625868413,0.9890458917554418,5.25,0.0,0.0,400.0,10.206807147819664,6.702102380293988,0.6566306469036857,400.0,18.03917270732172,11.866982247556454,0.6578451484496235,400.0,0.6639520101098203,0.0252613587443577,-0.6386906513654625,0.0,1.0,"2,True,The solver successfully reached the end of the integration interval.",8.703,oxygen_low
MOLT-4,linear_curve,3,6396,63878,9.999999974752427e-07,1.0000000116860974e-07,-99.87999725341795,,thiotepa,cytarabine,alkylator,antimetabolite,,,241279087.64641,123847621.07378276,0.5132961264147315,0.0002048935992546,4.6000000000000005,0.9997951064007452,0.5040009442359921,,0.3299859185499416,3.7248235755023673,0.0764718426675966,1.116498444913364,,0.0084708376359137,3.8328768659806465,1.5918219369157949,0.6321560674513924,0.9997457291151722,5.25,0.0,0.0,400.0,7.564270332450244,5.042062794766908,0.6665630091427028,400.0,20.40055810519228,13.594534960575151,0.666380541673275,400.0,0.9807619083956666,0.4164708282157151,-0.5642910801799514,0.0,1.0,"2,True,The solver successfully reached the end of the integration interval.",2.115,oxygen_low
MOLT-4,act_hamming+zero,3,63878,105014,9.99999993922529e-09,1.0000000116860974e-07,-99.70999908447266,,cytarabine,cladribine,antimetabolite,antimetabolite,,,241279087.64641,264032092.0987681,1.0943016018267695,0.0740070732051792,4.4,0.9259929267948208,0.1421108992188652,9.6,0.0012168704850102,1.1666538617677271,0.6040118538559475,0.2189545381773598,,0.0417680896514842,1.060594570766016,2.9341090906709,0.861891310333029,0.8956286606031965,5.25,0.009350561731507,0.0,316.9811320754717,2.0400557742805585,1.3483334911013856,0.6609297197165532,400.0,3.277220739628644,2.1689620781911363,0.661829718079018,400.0,0.0034745455973378,0.0024951458934936,-0.0009793997038441,0.0091250218758311,1.0,"2,True,The solver successfully reached the end of the integration interval.",5.601,oxygen_low
MOLT-4,hamming+zero,3,63878,105014,9.99999993922529e-09,1.0000000116860974e-07,-99.70999908447266,,cytarabine,cladribine,antimetabolite,antimetabolite,,,241279087.64641,264032092.0987681,1.0943016018267695,0.0740070732051792,4.4,0.9259929267948208,0.1421108992188652,9.6,0.0012168704850102,1.1666538617677271,0.6040118538559475,0.2189545381773598,,0.0417680896514842,1.060594570766016,2.9341090906709,0.861891310333029,0.8956286606031965,5.25,0.009350561731507,0.0,316.9811320754717,2.0400557742805585,1.3483334911013856,0.6609297197165532,400.0,3.277220739628644,2.1689620781911363,0.661829718079018,400.0,0.0034745455973378,0.0024951458934936,-0.0009793997038441,0.0091250218758311,1.0,"2,True,The solver successfully reached the end of the integration interval.",5.692,oxygen_low
NCI-H322M,act_hamming+zero,5,740,6396,1.0000000116860974e-07,9.999999974752427e-07,-56.81999969482422,,NSC740,thiotepa,other,alkylator,,,241279087.64641,264756946.2422342,1.0973058163674363,0.8672129262560108,4.4,0.1327870737439892,0.0084546179405249,2.2,2.622420060886913e-05,0.0978013484293289,0.9518336906509266,0.0214389271850461,,0.0169958247444036,0.0161510171848023,0.0,0.5069645238904654,0.0676020334974627,5.25,0.0102133001273583,0.0,314.4654088050314,3.870470152891944,2.3257892357921586,0.6009061286919812,400.0,0.053622390134832,0.0338781218584828,0.631790596676076,400.0,5.6976539625552824e-05,5.1088174038760314e-05,-5.88836558679251e-06,0.0100144830432487,1.0,"2,True,The solver successfully reached the end of the integration interval.",3.061,oxygen_low
MOLT-4,ours+zero,3,63878,105014,9.99999993922529e-09,1.0000000116860974e-07,-99.70999908447266,,cytarabine,cladribine,antimetabolite,antimetabolite,,,241279087.64641,264032092.0987681,1.0943016018267695,0.0740070732051792,4.4,0.9259929267948208,0.1421108992188652,9.6,0.0012168704850102,1.1666538617677271,0.6040118538559475,0.2189545381773598,,0.0417680896514842,1.060594570766016,2.9341090906709,0.861891310333029,0.8956286606031965,5.25,0.009350561731507,0.0,316.9811320754717,2.0400557742805585,1.3483334911013856,0.6609297197165532,400.0,3.277220739628644,2.1689620781911363,0.661829718079018,400.0,0.0034745455973378,0.0024951458934936,-0.0009793997038441,0.0091250218758311,1.0,"2,True,The solver successfully reached the end of the integration interval.",5.323,oxygen_low
MOLT-4,random,3,63878,105014,9.99999993922529e-09,1.0000000116860974e-07,-99.70999908447266,,cytarabine,cladribine,antimetabolite,antimetabolite,,,241279087.64641,264032092.0987681,1.0943016018267695,0.0740070732051792,4.4,0.9259929267948208,0.1421108992188652,9.6,0.0012168704850102,1.1666538617677271,0.6040118538559475,0.2189545381773598,,0.0417680896514842,1.060594570766016,2.9341090906709,0.861891310333029,0.8956286606031965,5.25,0.009350561731507,0.0,316.9811320754717,2.0400557742805585,1.3483334911013856,0.6609297197165532,400.0,3.277220739628644,2.1689620781911363,0.661829718079018,400.0,0.0034745455973378,0.0024951458934936,-0.0009793997038441,0.0091250218758311,1.0,"2,True,The solver successfully reached the end of the integration interval.",5.536,oxygen_low
MOLT-4,tanimoto+zero,3,63878,105014,9.99999993922529e-09,1.0000000116860974e-07,-99.70999908447266,,cytarabine,cladribine,antimetabolite,antimetabolite,,,241279087.64641,264032092.0987681,1.0943016018267695,0.0740070732051792,4.4,0.9259929267948208,0.1421108992188652,9.6,0.0012168704850102,1.1666538617677271,0.6040118538559475,0.2189545381773598,,0.0417680896514842,1.060594570766016,2.9341090906709,0.861891310333029,0.8956286606031965,5.25,0.009350561731507,0.0,316.9811320754717,2.0400557742805585,1.3483334911013856,0.6609297197165532,400.0,3.277220739628644,2.1689620781911363,0.661829718079018,400.0,0.0034745455973378,0.0024951458934936,-0.0009793997038441,0.0091250218758311,1.0,"2,True,The solver successfully reached the end of the integration interval.",5.494,oxygen_low
NCI-H322M,hamming+zero,5,740,6396,1.0000000116860974e-07,9.999999974752427e-07,-56.81999969482422,,NSC740,thiotepa,other,alkylator,,,241279087.64641,264756946.2422342,1.0973058163674363,0.8672129262560108,4.4,0.1327870737439892,0.0084546179405249,2.2,2.622420060886913e-05,0.0978013484293289,0.9518336906509266,0.0214389271850461,,0.0169958247444036,0.0161510171848023,0.0,0.5069645238904654,0.0676020334974627,5.25,0.0102133001273583,0.0,314.4654088050314,3.870470152891944,2.3257892357921586,0.6009061286919812,400.0,0.053622390134832,0.0338781218584828,0.631790596676076,400.0,5.6976539625552824e-05,5.1088174038760314e-05,-5.88836558679251e-06,0.0100144830432487,1.0,"2,True,The solver successfully reached the end of the integration interval.",3.071,oxygen_low
NCI-H322M,ours+zero,5,14229,24559,3.000000106112566e-06,9.999999974752427e-07,-61.189998626708984,,NSC14229,NSC24559,other,other,,,241279087.64641,264655563.81068385,1.0968856289714242,0.4068695378722626,4.4,0.5931304621277373,0.0453969374201183,6.200000000000001,0.0001925588840037,0.4264719154049168,0.8071183433847982,0.0930627823648516,,0.0402894128331334,0.1366646852562829,6.90259033503598,0.3258779712136329,0.5213275745182164,5.25,0.0102133001273583,0.0,314.4654088050314,0.025737532844235,0.0151396247857937,0.5882313925510898,400.0,2.4496629563880408,1.4893400469032756,0.607977535448087,400.0,0.0001890119644771,0.0004412627441249,0.0002522507796477,0.010015772672639,1.0,"2,True,The solver successfully reached the end of the integration interval.",1.517,oxygen_low
NCI-H322M,tanimoto+zero,5,740,6396,1.0000000116860974e-07,9.999999974752427e-07,-56.81999969482422,,NSC740,thiotepa,other,alkylator,,,241279087.64641,264756946.2422342,1.0973058163674363,0.8672129262560108,4.4,0.1327870737439892,0.0084546179405249,2.2,2.622420060886913e-05,0.0978013484293289,0.9518336906509266,0.0214389271850461,,0.0169958247444036,0.0161510171848023,0.0,0.5069645238904654,0.0676020334974627,5.25,0.0102133001273583,0.0,314.4654088050314,3.870470152891944,2.3257892357921586,0.6009061286919812,400.0,0.053622390134832,0.0338781218584828,0.631790596676076,400.0,5.6976539625552824e-05,5.1088174038760314e-05,-5.88836558679251e-06,0.0100144830432487,1.0,"2,True,The solver successfully reached the end of the integration interval.",3.11,oxygen_low
NCI-H322M,linear_curve,5,713563,715055,9.999999974752427e-07,9.999999747378752e-06,-33.05699920654297,,arsenic trioxide,gefitinib,other,kinase_inhibitor,,,241279087.64641,176261484.13783407,0.7305294704866506,0.0007664532837255,4.800000000000001,0.9992335467162744,0.4587250677278561,,0.1767161648084133,3.1522503885328947,0.1385303168544696,0.8584551724350146,,0.014910681890617,2.4121782381827788,2.09560002024252,0.6162573738789361,0.9991716333439348,5.25,0.0,0.0,400.0,0.0225956572702513,0.014707422339031,0.6508959736433199,400.0,63.097079365186474,41.62413850445934,0.6596840760814242,400.0,0.9544737866316548,0.2004429998251216,-0.7540307868065333,0.0,1.0,"2,True,The solver successfully reached the end of the integration interval.",5.892,oxygen_low
RPMI-8226,linear_curve,0,127716,681239,3.000000106112566e-07,3.000000106112566e-07,-98.0500030517578,,decitabine,bortezomib,antimetabolite,proteasome,,,241279087.64641,244198628.19849664,1.012100263560202,0.0042786557980209,4.6000000000000005,0.9957213442019792,0.3571686470299957,16.2,0.0351303674706831,2.405044616522975,0.289667592121689,0.538100090747288,,0.0278664276190538,1.9740359844397004,2.1281820583467823,0.7462861439048674,0.9946517922269872,5.25,0.0,0.0,400.0,6.647919983820463,4.421503854259808,0.665095829224893,400.0,2.659365748651904,1.695733618193313,0.6376458819374209,400.0,0.2789490545789568,0.0418544783838042,-0.2370945761951525,0.0,1.0,"2,True,The solver successfully reached the end of the integration interval.",2.568,oxygen_low
RPMI-8226,act_hamming+zero,0,740,19893,2.999999892949745e-08,9.999999747378752e-05,-71.53700256347656,,NSC740,fluorouracil,other,antimetabolite,,,241279087.64641,261444779.40213084,1.0835782825292894,0.0346260462156536,5.0,0.9653739537843464,0.2229568381741888,12.0,0.0054936132629776,1.4976804197249105,0.4714579376699064,0.3265570478953051,,0.0372012830902579,1.172792316227904,2.8519155217433956,0.8860168270862253,0.9646590396644332,5.25,0.0057570622712782,0.0,329.55974842767296,1.0369404637895894,0.6646494883083597,0.6409716965613823,400.0,3.0802637990557153,2.042106991706341,0.6629649682382297,400.0,0.0317085947326575,0.0085093801547299,-0.0231992145779276,0.0053897436206657,1.0,"2,True,The solver successfully reached the end of the integration interval.",5.586,oxygen_low
NCI-H322M,random,5,32065,760766,9.999999747378752e-05,1.9999999949504854e-06,14.109999656677246,,hydroxyurea,NSC760766,antimetabolite,other,,,241279087.64641,264663586.42142352,1.0969188793074478,0.4910678989250567,4.4,0.5089321010749432,0.0359615351105511,5.4,0.0001793941399228,0.3447855457962409,0.8389914151931288,0.0762424829774106,,0.0376727316201507,0.0999230609052398,7.08934443021372,0.2908771089501025,0.444501077873589,5.25,0.0102133001273583,0.0,314.4654088050314,1.7752751727968317,1.1620110929315448,0.6545526635743298,400.0,0.6866976526575895,0.412988532605003,0.6014124717140004,400.0,0.0012628513944727,0.0002660576159988,-0.0009967937784739,0.0100017538955045,1.0,"2,True,The solver successfully reached the end of the integration interval.",8.284,oxygen_low
RPMI-8226,hamming+zero,0,740,19893,2.999999892949745e-08,9.999999747378752e-05,-71.53700256347656,,NSC740,fluorouracil,other,antimetabolite,,,241279087.64641,261444779.40213084,1.0835782825292894,0.0346260462156536,5.0,0.9653739537843464,0.2229568381741888,12.0,0.0054936132629776,1.4976804197249105,0.4714579376699064,0.3265570478953051,,0.0372012830902579,1.172792316227904,2.8519155217433956,0.8860168270862253,0.9646590396644332,5.25,0.0057570622712782,0.0,329.55974842767296,1.0369404637895894,0.6646494883083597,0.6409716965613823,400.0,3.0802637990557153,2.042106991706341,0.6629649682382297,400.0,0.0317085947326575,0.0085093801547299,-0.0231992145779276,0.0053897436206657,1.0,"2,True,The solver successfully reached the end of the integration interval.",5.667,oxygen_low
RPMI-8226,ours+zero,0,19893,749226,9.999999747378752e-05,4.999999873689376e-06,-76.33100128173828,,fluorouracil,NSC749226,antimetabolite,other,,,241279087.64641,250686727.8020064,1.0389906984785315,0.0080554416988215,5.0,0.9919445583011784,0.3328985605890778,15.0,0.0237422458519996,2.1309939652774275,0.3229726225637812,0.4908342899704415,,0.0298302424925158,1.578665153715174,2.467406628105247,0.7716571040657767,0.9917740464949956,5.25,0.0,0.0,400.0,3.0802637990557153,2.0452591038460377,0.6639882936237577,400.0,0.6684768977034642,0.4319007751223304,0.6460967860013036,400.0,0.1493275570900885,0.0333249030274529,-0.1160026540626355,0.0,1.0,"2,True,The solver successfully reached the end of the integration interval.",5.249,oxygen_low
RPMI-8226,random,0,14229,246131,2.999999892949745e-08,1.9999999494757503e-05,-94.70999908447266,,NSC14229,mitoxantrone,other,dna_intercalator,,,241279087.64641,231918242.10953483,0.9612032454690258,0.0056320938765056,4.6000000000000005,0.9943679061234943,0.3268677339717868,,0.0575386769086897,2.285682081959107,0.3015661119228001,0.5206174633056565,,0.0274488671142249,1.2997814371875434,2.906523830379638,0.7815045770376704,0.9927236347861907,5.25,0.0,0.0,400.0,0.0074007132575906,0.0046788348445145,0.6322140423040395,400.0,14.265289286311544,8.579605296420272,0.6014322685101768,400.0,0.7805149938359248,0.0371505410889804,-0.7433644527469444,0.0,1.0,"2,True,The solver successfully reached the end of the integration interval.",5.688,oxygen_low
RPMI-8226,tanimoto+zero,0,3053,19893,1.000000013351432e-10,9.999999747378752e-05,-76.15699768066406,,dactinomycin,fluorouracil,dna_intercalator,antimetabolite,,,241279087.64641,261638548.34635165,1.0843813730337792,0.0388450653598826,5.0,0.9611549346401174,0.2139467894024966,11.8,0.0051718565461243,1.447747467554395,0.48168277187585,0.3172388866169636,,0.0375647578757639,1.1453107106380196,2.889031865836402,0.8918099802855648,0.960311689153954,5.25,0.0057570622712782,0.0,329.55974842767296,0.002326114730968,0.0012532169216574,0.5387597202206476,400.0,3.0802637990557153,2.042023262078329,0.662937785622235,400.0,0.0319267335681303,0.0076857096092922,-0.024241023958838,0.0053863865450407,1.0,"2,True,The solver successfully reached the end of the integration interval.",8.893,oxygen_low
SF-295,act_hamming+zero,2,740,25154,1.0000000116860974e-07,3.000000106112566e-06,-34.849998474121094,,NSC740,NSC25154,other,other,,,241279087.64641,264101151.56160733,1.094587824157569,0.1848587248904215,4.6000000000000005,0.8151412751095785,0.0941675013666976,8.600000000000001,0.0011032925416966,0.7695120139774752,0.6773354102152651,0.169196219448854,,0.0428982220261839,0.6565610539877645,3.90042051300212,0.7657707829832834,0.7876651113888944,5.25,0.0085378263395674,0.0,319.49685534591197,24.98568003893303,16.317362720313714,0.6530685854812747,400.0,0.0043658953188699,0.0027304358521692,0.6254011268588926,400.0,0.0109482439299568,0.0012245077181333,-0.0097237362118235,0.0082314841270703,1.0,"2,True,The solver successfully reached the end of the integration interval.",7.561,oxygen_low
SF-295,act_hamming+zero,4,740,25154,1.0000000116860974e-07,3.000000106112566e-06,-34.849998474121094,,NSC740,NSC25154,other,other,,,241279087.64641,264101151.56160733,1.094587824157569,0.1848587248904215,4.6000000000000005,0.8151412751095785,0.0941675013666976,8.600000000000001,0.0011032925416966,0.7695120139774752,0.6773354102152651,0.169196219448854,,0.0428982220261839,0.6565610539877645,3.90042051300212,0.7657707829832834,0.7876651113888944,5.25,0.0085378263395674,0.0,319.49685534591197,24.98568003893303,16.317362720313714,0.6530685854812747,400.0,0.0043658953188699,0.0027304358521692,0.6254011268588926,400.0,0.0109482439299568,0.0012245077181333,-0.0097237362118235,0.0082314841270703,1.0,"2,True,The solver successfully reached the end of the integration interval.",7.556,oxygen_low
SF-295,act_hamming+zero,9,740,25154,1.0000000116860974e-07,3.000000106112566e-06,-34.849998474121094,,NSC740,NSC25154,other,other,,,241279087.64641,264101151.56160733,1.094587824157569,0.1848587248904215,4.6000000000000005,0.8151412751095785,0.0941675013666976,8.600000000000001,0.0011032925416966,0.7695120139774752,0.6773354102152651,0.169196219448854,,0.0428982220261839,0.6565610539877645,3.90042051300212,0.7657707829832834,0.7876651113888944,5.25,0.0085378263395674,0.0,319.49685534591197,24.98568003893303,16.317362720313714,0.6530685854812747,400.0,0.0043658953188699,0.0027304358521692,0.6254011268588926,400.0,0.0109482439299568,0.0012245077181333,-0.0097237362118235,0.0082314841270703,1.0,"2,True,The solver successfully reached the end of the integration interval.",7.621,oxygen_low
SF-295,hamming+zero,2,740,25154,1.0000000116860974e-07,3.000000106112566e-06,-34.849998474121094,,NSC740,NSC25154,other,other,,,241279087.64641,264101151.56160733,1.094587824157569,0.1848587248904215,4.6000000000000005,0.8151412751095785,0.0941675013666976,8.600000000000001,0.0011032925416966,0.7695120139774752,0.6773354102152651,0.169196219448854,,0.0428982220261839,0.6565610539877645,3.90042051300212,0.7657707829832834,0.7876651113888944,5.25,0.0085378263395674,0.0,319.49685534591197,24.98568003893303,16.317362720313714,0.6530685854812747,400.0,0.0043658953188699,0.0027304358521692,0.6254011268588926,400.0,0.0109482439299568,0.0012245077181333,-0.0097237362118235,0.0082314841270703,1.0,"2,True,The solver successfully reached the end of the integration interval.",7.439,oxygen_low
SF-295,hamming+zero,4,740,25154,1.0000000116860974e-07,3.000000106112566e-06,-34.849998474121094,,NSC740,NSC25154,other,other,,,241279087.64641,264101151.56160733,1.094587824157569,0.1848587248904215,4.6000000000000005,0.8151412751095785,0.0941675013666976,8.600000000000001,0.0011032925416966,0.7695120139774752,0.6773354102152651,0.169196219448854,,0.0428982220261839,0.6565610539877645,3.90042051300212,0.7657707829832834,0.7876651113888944,5.25,0.0085378263395674,0.0,319.49685534591197,24.98568003893303,16.317362720313714,0.6530685854812747,400.0,0.0043658953188699,0.0027304358521692,0.6254011268588926,400.0,0.0109482439299568,0.0012245077181333,-0.0097237362118235,0.0082314841270703,1.0,"2,True,The solver successfully reached the end of the integration interval.",7.449,oxygen_low
SF-295,hamming+zero,9,740,25154,1.0000000116860974e-07,3.000000106112566e-06,-34.849998474121094,,NSC740,NSC25154,other,other,,,241279087.64641,264101151.56160733,1.094587824157569,0.1848587248904215,4.6000000000000005,0.8151412751095785,0.0941675013666976,8.600000000000001,0.0011032925416966,0.7695120139774752,0.6773354102152651,0.169196219448854,,0.0428982220261839,0.6565610539877645,3.90042051300212,0.7657707829832834,0.7876651113888944,5.25,0.0085378263395674,0.0,319.49685534591197,24.98568003893303,16.317362720313714,0.6530685854812747,400.0,0.0043658953188699,0.0027304358521692,0.6254011268588926,400.0,0.0109482439299568,0.0012245077181333,-0.0097237362118235,0.0082314841270703,1.0,"2,True,The solver successfully reached the end of the integration interval.",7.526,oxygen_low
SF-295,linear_curve,2,119875,681239,1.9999999494757503e-05,3.000000106112566e-07,-95.12000274658205,,cisplatin,bortezomib,platinum,proteasome,,,241279087.64641,184807258.5178637,0.7659480990275264,0.0005655538598847,4.6000000000000005,0.9994344461401152,0.4672990542470249,,0.1561545627743179,3.28387799625613,0.1412610245687471,0.8499776481277543,,0.0153626232502578,2.6645829955288773,1.9238693935038136,0.5920087943585982,0.9992400487807022,5.25,0.0,0.0,400.0,3.568029240982825,2.367070576093238,0.6634112043995528,400.0,10.166128824773349,6.58956711995866,0.6481884337232539,400.0,0.8081266128629874,0.2003574600407237,-0.6077691528222636,0.0,1.0,"2,True,The solver successfully reached the end of the integration interval.",9.025,oxygen_low
SF-295,ours+zero,2,681239,747973,3.000000106112566e-07,3.000000106112566e-07,-94.7699966430664,,bortezomib,vorinostat,proteasome,hdac_inhibitor,,,241279087.64641,108754231.17947815,0.4507403946207532,0.0001269435228191,4.4,0.9998730564771808,0.5127925863010244,,0.3864274248432,3.932316544771557,0.0651891461556646,1.185824707291025,,0.0070978339481108,3.786027732963104,1.6554376822859922,0.6764194337852352,0.999812657334222,5.25,0.0,0.0,400.0,10.166128824773349,6.630962655486932,0.652260341156435,400.0,15.837288892247397,10.465035368855329,0.6607845218999654,400.0,0.9882979781410436,0.4814217407986972,-0.5068762373423464,0.0,1.0,"2,True,The solver successfully reached the end of the integration interval.",6.233,oxygen_low
SF-295,linear_curve,4,119875,681239,1.9999999494757503e-05,3.000000106112566e-07,-95.12000274658205,,cisplatin,bortezomib,platinum,proteasome,,,241279087.64641,184807258.5178637,0.7659480990275264,0.0005655538598847,4.6000000000000005,0.9994344461401152,0.4672990542470249,,0.1561545627743179,3.28387799625613,0.1412610245687471,0.8499776481277543,,0.0153626232502578,2.6645829955288773,1.9238693935038136,0.5920087943585982,0.9992400487807022,5.25,0.0,0.0,400.0,3.568029240982825,2.367070576093238,0.6634112043995528,400.0,10.166128824773349,6.58956711995866,0.6481884337232539,400.0,0.8081266128629874,0.2003574600407237,-0.6077691528222636,0.0,1.0,"2,True,The solver successfully reached the end of the integration interval.",9.102,oxygen_low
SF-295,linear_curve,9,119875,681239,1.9999999494757503e-05,3.000000106112566e-07,-95.12000274658205,,cisplatin,bortezomib,platinum,proteasome,,,241279087.64641,184807258.5178637,0.7659480990275264,0.0005655538598847,4.6000000000000005,0.9994344461401152,0.4672990542470249,,0.1561545627743179,3.28387799625613,0.1412610245687471,0.8499776481277543,,0.0153626232502578,2.6645829955288773,1.9238693935038136,0.5920087943585982,0.9992400487807022,5.25,0.0,0.0,400.0,3.568029240982825,2.367070576093238,0.6634112043995528,400.0,10.166128824773349,6.58956711995866,0.6481884337232539,400.0,0.8081266128629874,0.2003574600407237,-0.6077691528222636,0.0,1.0,"2,True,The solver successfully reached the end of the integration interval.",8.995,oxygen_low
SF-295,ours+zero,4,681239,747973,3.000000106112566e-07,3.000000106112566e-07,-94.7699966430664,,bortezomib,vorinostat,proteasome,hdac_inhibitor,,,241279087.64641,108754231.17947815,0.4507403946207532,0.0001269435228191,4.4,0.9998730564771808,0.5127925863010244,,0.3864274248432,3.932316544771557,0.0651891461556646,1.185824707291025,,0.0070978339481108,3.786027732963104,1.6554376822859922,0.6764194337852352,0.999812657334222,5.25,0.0,0.0,400.0,10.166128824773349,6.630962655486932,0.652260341156435,400.0,15.837288892247397,10.465035368855329,0.6607845218999654,400.0,0.9882979781410436,0.4814217407986972,-0.5068762373423464,0.0,1.0,"2,True,The solver successfully reached the end of the integration interval.",5.957,oxygen_low
SF-295,ours+zero,9,752,9706,3.000000106112566e-06,4.999999873689376e-06,-55.029998779296875,,thioguanine,triethylenemelamine,antimetabolite,alkylator,,,241279087.64641,254566897.13635463,1.0550723629617569,0.0094704644991859,4.4,0.990529535500814,0.2891597172755243,14.800000000000002,0.017071658341769,2.0595558106278036,0.372585085608058,0.428774533679604,,0.0330279503297263,2.071432905398662,1.9666042624061384,0.8402323384531594,0.9857927170588964,5.25,0.0,0.0,400.0,5.453086025531121,3.627141574995039,0.6651539253209859,400.0,10.226680180513428,6.811021738858178,0.6660051569654379,400.0,0.1851281272552817,0.0170689111251645,-0.1680592161301172,0.0,1.0,"2,True,The solver successfully reached the end of the integration interval.",3.616,oxygen_low
SF-295,random,2,1390,681239,1.0000000116860974e-07,3.000000106112566e-07,-66.69999694824219,,NSC1390,bortezomib,other,proteasome,,,241279087.64641,253675707.36082217,1.0513787574187912,0.0164679582665857,4.4,0.9835320417334142,0.2535461153612392,14.800000000000002,0.0185947073545449,1.8192873333256911,0.402869788396709,0.3948352995626144,,0.0339594948129693,1.4875926971289442,2.484138229042576,0.8767918829978633,0.9777433102874444,5.25,0.0,0.0,400.0,0.0051048501129721,0.0032766389811716,0.6418678136788414,400.0,10.166128824773349,6.518222759976423,0.6411705844305732,400.0,0.2721730519195436,0.0130932322341688,-0.2590798196853748,0.0,1.0,"2,True,The solver successfully reached the end of the integration interval.",3.569,oxygen_low
SF-295,tanimoto+zero,2,3053,713563,1.000000013351432e-10,9.999999747378752e-05,16.709999084472656,,dactinomycin,arsenic trioxide,dna_intercalator,other,,,241279087.64641,264763142.51214796,1.0973314972914412,0.9018972110518332,4.4,0.0981027889481667,0.0069426291564358,1.7999999999999998,1.6060258242129736e-05,0.0807700471016217,0.9598677661175062,0.0177885923781942,,0.0122824485338773,0.0085841682013943,0.0,0.580346334773137,0.0401440223237232,5.25,0.0102133001273583,0.0,314.4654088050314,0.0021201881466497,0.0003686457612809,0.1738740789884337,118.15057247311796,2.24082401906662,1.315617056826117,0.587113064494068,400.0,-6.833446039244961e-05,4.3893869871469704e-05,0.0001122283302639,0.0100158548077394,1.0,"2,True,The solver successfully reached the end of the integration interval.",1.685,oxygen_low
SF-295,random,4,613327,681239,9.99999993922529e-09,3.000000106112566e-07,-88.45999908447266,,gemcitabine,bortezomib,antimetabolite,proteasome,,,241279087.64641,250193516.79950288,1.036946547005171,0.0097869585320156,4.4,0.9902130414679844,0.2921139520472147,15.4,0.0245975356676383,2.0452793428665776,0.3595652410727609,0.444222297861819,,0.0318322330325917,1.6278623468692286,2.3706431552606766,0.8351048623881439,0.9868628644664074,5.25,0.0,0.0,400.0,1.818916898944863,1.2060758430407896,0.6630736367012826,400.0,10.166128824773349,6.529259515197357,0.642256224344366,400.0,0.3207527915781948,0.019792865172362,-0.3009599264058328,0.0,1.0,"2,True,The solver successfully reached the end of the integration interval.",5.81,oxygen_low
SF-295,random,9,119875,681239,1.9999999494757503e-05,3.000000026176508e-09,-27.690000534057617,,cisplatin,bortezomib,platinum,proteasome,,,241279087.64641,264472875.43991157,1.0961284627679446,0.1675051567375821,4.4,0.8324948432624178,0.0869199294698277,7.800000000000001,0.0004924503606339,0.8118989094840725,0.7017470760611652,0.1538193882455673,,0.0437076256114097,0.6851319168052519,3.7759872411400752,0.661167959629001,0.7614311525786382,5.25,0.0102133001273583,0.0,314.4654088050314,3.568029240982825,2.349353650911391,0.6584457391566259,400.0,0.1016612855389326,0.056749516678899,0.5582215135098401,400.0,0.0013287975606824,0.0010073188287164,-0.000321478731966,0.0100064448663897,1.0,"2,True,The solver successfully reached the end of the integration interval.",5.408,oxygen_low
SF-295,tanimoto+zero,4,3088,141540,9.999999747378752e-05,4.999999873689376e-06,-29.2549991607666,,chlorambucil,etoposide,alkylator,topo2,,,241279087.64641,264103918.28929517,1.094599291076293,0.1666629383352259,4.4,0.8333370616647741,0.0959947606501374,8.8,0.001098742889918,0.8140880567101035,0.6767581438303584,0.1695665094040673,,0.0430105432748978,0.7070955992489868,3.7324325693839184,0.7557762733852712,0.7870636408520794,5.25,0.0085378263395674,0.0,319.49685534591197,14.387939455354518,9.556276463018248,0.6641865913233218,400.0,10.580405627757251,6.6917567003504415,0.6324669332898635,400.0,0.0123128782045425,0.001129537642084,-0.0111833405624585,0.008214137388892,1.0,"2,True,The solver successfully reached the end of the integration interval.",4.713,oxygen_low
SK-MEL-5,act_hamming+zero,9,740,762,1.0000000116860974e-07,4.999999987376214e-07,1.090000033378601,,NSC740,mechlorethamine,other,alkylator,,,241279087.64641,264717017.5691243,1.0971403288670512,0.5610412354185333,4.4,0.4389587645814666,0.0266514082537883,4.6,9.172620304680136e-05,0.2869323088424998,0.8697003614228904,0.0606303494447901,,0.0342695697756661,0.0722548901496716,7.002544083427687,0.2646294146738326,0.3371701513275906,5.25,0.0102133001273583,0.0,314.4654088050314,3.274310653771972,1.9869464035798472,0.6068289217734748,400.0,0.0384073799644939,0.0244592735253937,0.6368378563704508,400.0,8.461321759523077e-05,0.0002004101439823,0.000115796926387,0.0100156036146653,1.0,"2,True,The solver successfully reached the end of the integration interval.",3.588,oxygen_low
SK-MEL-5,hamming+zero,9,740,762,1.0000000116860974e-07,4.999999987376214e-07,1.090000033378601,,NSC740,mechlorethamine,other,alkylator,,,241279087.64641,264717017.5691243,1.0971403288670512,0.5610412354185333,4.4,0.4389587645814666,0.0266514082537883,4.6,9.172620304680136e-05,0.2869323088424998,0.8697003614228904,0.0606303494447901,,0.0342695697756661,0.0722548901496716,7.002544083427687,0.2646294146738326,0.3371701513275906,5.25,0.0102133001273583,0.0,314.4654088050314,3.274310653771972,1.9869464035798472,0.6068289217734748,400.0,0.0384073799644939,0.0244592735253937,0.6368378563704508,400.0,8.461321759523077e-05,0.0002004101439823,0.000115796926387,0.0100156036146653,1.0,"2,True,The solver successfully reached the end of the integration interval.",3.566,oxygen_low
SK-MEL-5,linear_curve,9,92859,747973,6.000000212225132e-06,2.999999892949745e-08,-97.72000122070312,,dromostanolone,vorinostat,hormonal,hdac_inhibitor,,,241279087.64641,254398191.7902822,1.0543731504949072,0.0075912227292091,5.0,0.9924087772707908,0.3324285458508803,14.400000000000002,0.0173595672971934,2.1567715901046176,0.3389493110503109,0.469865244502296,,0.0310333850961497,1.6242388047849454,2.3909850100777876,0.7809113687207921,0.9920579823067636,5.25,0.0001044838887709,0.0,382.38993710691824,7.44836971296567,4.935217352081001,0.6625902771031994,400.0,2.0707176646457612,1.3503647170990356,0.652124014854552,400.0,0.0723454232636168,0.0308025804926862,-0.0415428427709305,8.093884812373448e-05,1.0,"2,True,The solver successfully reached the end of the integration interval.",2.899,oxygen_low
SK-MEL-5,ours+zero,9,755,628503,2.0000000233721948e-07,3.999999975690116e-08,-49.15999984741211,,mercaptopurine,NSC628503,antimetabolite,other,,,241279087.64641,264554321.73186892,1.0964660232782724,0.3513951476932599,4.6000000000000005,0.64860485230674,0.0498307494796646,6.3999999999999995,0.0003587268937228,0.4905562068701872,0.7859425740461323,0.1046091851132508,,0.0417089011601285,0.1730477703239322,6.625419887937629,0.3601145330268895,0.5751992072657492,5.25,0.0102133001273583,0.0,314.4654088050314,18.689170516814112,12.40971732266452,0.6640057840715752,400.0,11.59229589536313,7.4555860025646385,0.6431500774188176,400.0,0.0036176437678577,0.0004138358792684,-0.0032038078885893,0.0099740963066755,1.0,"2,True,The solver successfully reached the end of the integration interval.",4.967,oxygen_low
SK-MEL-5,random,9,180973,628503,7.000000096013537e-06,3.999999975690116e-08,-30.979999542236328,,tamoxifen,NSC628503,hormonal,other,,,241279087.64641,264608659.57255208,1.0966912306976686,0.4319159711133011,4.6000000000000005,0.5680840288866988,0.0419563373509051,5.8,0.0002695346210812,0.40095270362413,0.8139730130547442,0.0893899937295904,,0.0397881569123061,0.1282816019377872,6.9653134959352085,0.3257383588366775,0.5147026828619525,5.25,0.0102133001273583,0.0,314.4654088050314,749.5384150207869,499.497618165416,0.6664069621455805,400.0,11.59229589536313,7.417194344621627,0.6398382521954494,400.0,0.0025065295237544,0.0003350730107972,-0.0021714565129571,0.0099869626643003,1.0,"2,True,The solver successfully reached the end of the integration interval.",4.207,oxygen_low
SR,hamming+zero,6,26980,747971,4.999999987376214e-07,1.9999999949504854e-06,-94.94000244140624,,mitomycin,sorafenib,alkylator,kinase_inhibitor,,,241279087.64641,199949132.4949821,0.8287047768847825,0.001168870723129,4.6000000000000005,0.998831129276871,0.4265860014126773,,0.1219540631780258,2.9685854860989123,0.1786366236367042,0.7480294983435014,,0.0190887888991163,2.735180317733364,1.802602162708828,0.6492450151106104,0.9984410152831296,5.25,0.0,0.0,400.0,90.80036472291091,60.60522971521696,0.6674557960219838,400.0,0.9043599849896466,0.5911376583038593,0.6536530453750967,400.0,0.9274121068632306,0.1201203575126004,-0.8072917493506302,0.0,1.0,"2,True,The solver successfully reached the end of the integration interval.",4.268,oxygen_low
SR,act_hamming+zero,6,26980,747971,4.999999987376214e-07,1.9999999949504854e-06,-94.94000244140624,,mitomycin,sorafenib,alkylator,kinase_inhibitor,,,241279087.64641,199949132.4949821,0.8287047768847825,0.001168870723129,4.6000000000000005,0.998831129276871,0.4265860014126773,,0.1219540631780258,2.9685854860989123,0.1786366236367042,0.7480294983435014,,0.0190887888991163,2.735180317733364,1.802602162708828,0.6492450151106104,0.9984410152831296,5.25,0.0,0.0,400.0,90.80036472291091,60.60522971521696,0.6674557960219838,400.0,0.9043599849896466,0.5911376583038593,0.6536530453750967,400.0,0.9274121068632306,0.1201203575126004,-0.8072917493506302,0.0,1.0,"2,True,The solver successfully reached the end of the integration interval.",4.367,oxygen_low
SF-295,tanimoto+zero,9,71423,141540,2.9999999242136255e-05,4.999999873689376e-06,-5.110000133514404,,megestrol,etoposide,hormonal,topo2,,,241279087.64641,264418142.03755695,1.0959016159123445,0.2708576602844863,4.6000000000000005,0.7291423397155137,0.070423422327888,7.4,0.0005823381216952,0.6036108443988158,0.7375262586573055,0.1322225125878258,,0.0435923138286406,0.380895206339103,5.106495100204675,0.5590299130090575,0.6977068932388947,5.25,0.009350561731507,0.0,316.9811320754717,1974.4489767877471,1316.228680392503,0.6666308908796874,400.0,10.580405627757251,6.5697409779391105,0.6209346984489583,400.0,0.0054139652980224,0.000716426283101,-0.0046975390149213,0.0090926963046473,1.0,"2,True,The solver successfully reached the end of the integration interval.",14.235,oxygen_low
SR,ours+zero,6,26980,747971,4.999999987376214e-07,1.9999999949504854e-06,-94.94000244140624,,mitomycin,sorafenib,alkylator,kinase_inhibitor,,,241279087.64641,199949132.4949821,0.8287047768847825,0.001168870723129,4.6000000000000005,0.998831129276871,0.4265860014126773,,0.1219540631780258,2.9685854860989123,0.1786366236367042,0.7480294983435014,,0.0190887888991163,2.735180317733364,1.802602162708828,0.6492450151106104,0.9984410152831296,5.25,0.0,0.0,400.0,90.80036472291091,60.60522971521696,0.6674557960219838,400.0,0.9043599849896466,0.5911376583038593,0.6536530453750967,400.0,0.9274121068632306,0.1201203575126004,-0.8072917493506302,0.0,1.0,"2,True,The solver successfully reached the end of the integration interval.",4.416,oxygen_low
SR,random,6,26980,747971,4.999999987376214e-07,1.9999999949504854e-06,-94.94000244140624,,mitomycin,sorafenib,alkylator,kinase_inhibitor,,,241279087.64641,199949132.4949821,0.8287047768847825,0.001168870723129,4.6000000000000005,0.998831129276871,0.4265860014126773,,0.1219540631780258,2.9685854860989123,0.1786366236367042,0.7480294983435014,,0.0190887888991163,2.735180317733364,1.802602162708828,0.6492450151106104,0.9984410152831296,5.25,0.0,0.0,400.0,90.80036472291091,60.60522971521696,0.6674557960219838,400.0,0.9043599849896466,0.5911376583038593,0.6536530453750967,400.0,0.9274121068632306,0.1201203575126004,-0.8072917493506302,0.0,1.0,"2,True,The solver successfully reached the end of the integration interval.",4.43,oxygen_low
SR,linear_curve,6,9706,26980,4.999999873689376e-06,4.999999987376214e-07,-98.98999786376952,,triethylenemelamine,mitomycin,alkylator,alkylator,,,241279087.64641,3217413.721855366,0.0133348221482436,1.934884542536685e-06,4.6000000000000005,0.9999980651154574,0.5422409051802745,,1.9153666777145304,5.749696911908062,0.0099750755655728,2.0010838056575544,,0.0001646800916544,5.794518307003114,1.806555799338579,0.9986314808528332,0.9999973786168264,5.25,0.0,0.0,400.0,92.42422518636896,61.69922549823347,0.6675655151430263,400.0,90.80036472291091,60.61504767466791,0.6675639228943913,400.0,0.9998757530531576,0.9838796661975124,-0.0159960868556453,0.0,1.0,"2,True,The solver successfully reached the end of the integration interval.",8.632,oxygen_low
U251,act_hamming+zero,9,85998,409962,9.999999747378752e-05,1.9999999949504854e-06,-40.290000915527344,,streptozocin,carmustine,alkylator,alkylator,,,241279087.64641,264763959.10925895,1.097334881741867,0.9840456513749222,0.4,0.0159543486250778,0.0057336245297365,0.6,1.472078527409025e-05,0.0144350233113153,0.978457792515314,0.0094579036524255,,0.0058079106221404,9.066002742270521e-19,0.0,0.763459815228342,-0.0184515060668517,5.25,0.0102133001273583,0.0,314.4654088050314,0.057991673115147,0.0365689675343113,0.6305899721448063,400.0,0.0419885926861412,0.0264719027851961,0.630454632834919,400.0,0.00012724914349,2.0081761536228093e-05,-0.0001071673819538,0.0100130836355573,1.0,"2,True,The solver successfully reached the end of the integration interval.",4.402,oxygen_low
SR,tanimoto+zero,6,26980,747971,4.999999987376214e-07,1.9999999949504854e-06,-94.94000244140624,,mitomycin,sorafenib,alkylator,kinase_inhibitor,,,241279087.64641,199949132.4949821,0.8287047768847825,0.001168870723129,4.6000000000000005,0.998831129276871,0.4265860014126773,,0.1219540631780258,2.9685854860989123,0.1786366236367042,0.7480294983435014,,0.0190887888991163,2.735180317733364,1.802602162708828,0.6492450151106104,0.9984410152831296,5.25,0.0,0.0,400.0,90.80036472291091,60.60522971521696,0.6674557960219838,400.0,0.9043599849896466,0.5911376583038593,0.6536530453750967,400.0,0.9274121068632306,0.1201203575126004,-0.8072917493506302,0.0,1.0,"2,True,The solver successfully reached the end of the integration interval.",4.833,oxygen_low
U251,linear_curve,9,26980,754143,4.999999969612645e-09,9.99999993922529e-09,-90.36000061035156,,mitomycin,bendamustine,alkylator,alkylator,,,241279087.64641,252741786.84085983,1.0475080509722756,0.0123167891972613,4.4,0.9876832108027388,0.2694791698899168,15.000000000000002,0.0201965358569469,1.945429582549008,0.381060127775933,0.4190064912509414,,0.0332411349981094,1.9880077562424965,2.024045723173245,0.8606917854567265,0.9819436946637604,5.25,0.0,0.0,400.0,1.828253653194684,1.2140641951088975,0.6640567587475874,400.0,16.209099229005094,10.802916022511996,0.6664723233466856,400.0,0.2828819829750167,0.0151821035560589,-0.2676998794189578,0.0,1.0,"2,True,The solver successfully reached the end of the integration interval.",1.748,oxygen_low
U251,hamming+zero,9,85998,409962,9.999999747378752e-05,1.9999999949504854e-06,-40.290000915527344,,streptozocin,carmustine,alkylator,alkylator,,,241279087.64641,264763959.10925895,1.097334881741867,0.9840456513749222,0.4,0.0159543486250778,0.0057336245297365,0.6,1.472078527409025e-05,0.0144350233113153,0.978457792515314,0.0094579036524255,,0.0058079106221404,9.066002742270521e-19,0.0,0.763459815228342,-0.0184515060668517,5.25,0.0102133001273583,0.0,314.4654088050314,0.057991673115147,0.0365689675343113,0.6305899721448063,400.0,0.0419885926861412,0.0264719027851961,0.630454632834919,400.0,0.00012724914349,2.0081761536228093e-05,-0.0001071673819538,0.0100130836355573,1.0,"2,True,The solver successfully reached the end of the integration interval.",4.425,oxygen_low
U251,ours+zero,9,85998,409962,9.999999747378752e-05,1.9999999949504854e-06,-40.290000915527344,,streptozocin,carmustine,alkylator,alkylator,,,241279087.64641,264763959.10925895,1.097334881741867,0.9840456513749222,0.4,0.0159543486250778,0.0057336245297365,0.6,1.472078527409025e-05,0.0144350233113153,0.978457792515314,0.0094579036524255,,0.0058079106221404,9.066002742270521e-19,0.0,0.763459815228342,-0.0184515060668517,5.25,0.0102133001273583,0.0,314.4654088050314,0.057991673115147,0.0365689675343113,0.6305899721448063,400.0,0.0419885926861412,0.0264719027851961,0.630454632834919,400.0,0.00012724914349,2.0081761536228093e-05,-0.0001071673819538,0.0100130836355573,1.0,"2,True,The solver successfully reached the end of the integration interval.",4.344,oxygen_low
U251,random,9,45388,713563,4.999999873689376e-06,9.999999747378752e-05,-51.60699844360352,,dacarbazine,arsenic trioxide,alkylator,other,,,241279087.64641,264725279.45448717,1.0971745708954153,0.5880889090337412,4.4,0.4119110909662588,0.0252884163895916,4.6,7.817197345968014e-05,0.2664841020813975,0.8747073815063426,0.0581372085221326,,0.0336443471707896,0.0685702581439647,6.965871763399656,0.2744022592118154,0.3149981059850203,5.25,0.0102133001273583,0.0,314.4654088050314,0.771889939037878,0.492933575958101,0.6386060382812062,400.0,2.456617606864609,1.465030442286801,0.5963608003919769,400.0,-0.0002414978238676,0.0002152267162189,0.0004567245400866,0.0100194395653608,1.0,"2,True,The solver successfully reached the end of the integration interval.",3.66,oxygen_low
U251,tanimoto+zero,9,85998,409962,9.999999747378752e-05,1.9999999949504854e-06,-40.290000915527344,,streptozocin,carmustine,alkylator,alkylator,,,241279087.64641,264763959.10925895,1.097334881741867,0.9840456513749222,0.4,0.0159543486250778,0.0057336245297365,0.6,1.472078527409025e-05,0.0144350233113153,0.978457792515314,0.0094579036524255,,0.0058079106221404,9.066002742270521e-19,0.0,0.763459815228342,-0.0184515060668517,5.25,0.0102133001273583,0.0,314.4654088050314,0.057991673115147,0.0365689675343113,0.6305899721448063,400.0,0.0419885926861412,0.0264719027851961,0.630454632834919,400.0,0.00012724914349,2.0081761536228093e-05,-0.0001071673819538,0.0100130836355573,1.0,"2,True,The solver successfully reached the end of the integration interval.",3.863,oxygen_low
SK-MEL-5,tanimoto+zero,9,92859,119875,6.000000212225132e-06,1.9999999949504854e-06,-91.9499969482422,,dromostanolone,cisplatin,hormonal,platinum,,,241279087.64641,259764250.25817373,1.0766131984005731,0.0253003618164259,4.800000000000001,0.974699638183574,0.2388779666673489,12.8,0.0082942058143217,1.6336093457486915,0.4419071850176824,0.3546689371383988,,0.0360113761458779,1.327729927090045,2.645216537806662,0.8809813996479969,0.9727593981530182,5.25,0.002141919719804,0.0,349.685534591195,7.44836971296567,4.932442321586229,0.6622177082590479,400.0,0.3724807083952616,0.2457500289311709,0.6597657902604471,400.0,0.0661191411021051,0.0102403704313778,-0.0558787706707273,0.0018744183985739,1.0,"2,True,The solver successfully reached the end of the integration interval.",26.559,oxygen_low
BT-549,act_hamming+zero,8,750,105014,4.999999873689376e-05,1.0000000116860974e-07,32.560001373291016,,NSC750,cladribine,other,antimetabolite,,,241279087.64641,244416826.0301718,1.0130046014943497,0.8061541192422816,4.4,0.1938458807577183,0.0085325278155893,5.4,-0.0001947583504695,0.1048546237415183,0.9468114828109044,0.0237364836420128,,0.022896083501034,0.0370047045754023,8.014572109758758,0.0659529045479251,0.1454659115816906,5.25,0.2033398275045627,0.060731260348103,166.03773584905662,4.128523645071777,2.518353033190882,0.6099887634644028,400.0,0.0518059910829652,0.0334402137721857,0.6454893164505338,400.0,-0.017758643095731,9.106994810637036e-05,0.0178497130438374,0.1421897695592642,1.0,"2,True,The solver successfully reached the end of the integration interval.",7.541,phi_strong
BT-549,hamming+zero,8,750,105014,4.999999873689376e-05,1.0000000116860974e-07,32.560001373291016,,NSC750,cladribine,other,antimetabolite,,,241279087.64641,244416826.0301718,1.0130046014943497,0.8061541192422816,4.4,0.1938458807577183,0.0085325278155893,5.4,-0.0001947583504695,0.1048546237415183,0.9468114828109044,0.0237364836420128,,0.022896083501034,0.0370047045754023,8.014572109758758,0.0659529045479251,0.1454659115816906,5.25,0.2033398275045627,0.060731260348103,166.03773584905662,4.128523645071777,2.518353033190882,0.6099887634644028,400.0,0.0518059910829652,0.0334402137721857,0.6454893164505338,400.0,-0.017758643095731,9.106994810637036e-05,0.0178497130438374,0.1421897695592642,1.0,"2,True,The solver successfully reached the end of the integration interval.",7.427,phi_strong
BT-549,linear_curve,8,67574,246131,1.0000000116860974e-07,1.9999999494757503e-05,-89.91000366210938,,vincristine,mitoxantrone,antimitotic,dna_intercalator,,,241279087.64641,221884097.507735,0.9196159504420126,0.0046456833980928,4.6000000000000005,0.9953543166019072,0.3420215494735203,,0.041810164402821,2.3441209992498973,0.3070675709067224,0.512766046532913,,0.0261501451582927,1.1975683856940949,3.1250598865740264,0.7603654609881887,0.9942117963228256,5.25,0.1346655526693954,0.0,196.22641509433964,11.374212191331845,6.790660294984505,0.5970224733594814,400.0,11.704019281956482,6.838293130233828,0.5842687854057189,400.0,0.3724958285702209,0.0472935246504857,-0.3252023039197351,0.0520042037608304,1.0,"2,True,The solver successfully reached the end of the integration interval.",1.585,phi_strong
BT-549,ours+zero,8,125973,681239,2.999999892949745e-08,3.000000106112566e-07,-95.31999969482422,,paclitaxel,bortezomib,antimitotic,proteasome,,,241279087.64641,233920356.8752543,0.969501166292788,0.0126966671031297,5.0,0.9873033328968704,0.2996163685789554,,0.0188683238994507,1.9072419940110277,0.3566537345216234,0.4477532241215197,,0.0295381052741972,1.260010365080291,2.9104715165227435,0.8016032185521174,0.9871501366915408,5.25,0.178342803429609,0.0359946996815853,176.1006289308176,1.7676312857947352,1.037233506643857,0.5867929103650776,400.0,5.224603901442932,3.281035670045416,0.6279970179441277,400.0,-0.2647697192225979,0.032018204225929,0.296787923448527,0.1110978488640601,1.0,"2,True,The solver successfully reached the end of the integration interval.",1.624,phi_strong
BT-549,random,8,105014,628503,9.999999974752427e-07,3.999999886872274e-09,13.720000267028809,,cladribine,NSC628503,antimetabolite,other,,,241279087.64641,244559726.2024236,1.0135968624053375,0.4663718473023387,4.4,0.5336281526976613,0.0339055105856271,8.6,-0.0004485977534241,0.3425403749958919,0.843799758103894,0.073760603455393,,0.0363818270252466,0.1126352451581521,7.583596092764961,0.1672399190485635,0.4706601250331036,5.25,0.2033398275045627,0.060731260348103,166.03773584905662,0.5180599034675787,0.3374062828474548,0.6512881629886077,400.0,1.0679288136544656,0.6450264827487878,0.603997639638076,400.0,-0.0543604617627762,0.0004279923835259,0.0547884541463021,0.1430897339172141,1.0,"2,True,The solver successfully reached the end of the integration interval.",2.593,phi_strong
BT-549,tanimoto+zero,8,750,105014,4.999999873689376e-05,1.0000000116860974e-07,32.560001373291016,,NSC750,cladribine,other,antimetabolite,,,241279087.64641,244416826.0301718,1.0130046014943497,0.8061541192422816,4.4,0.1938458807577183,0.0085325278155893,5.4,-0.0001947583504695,0.1048546237415183,0.9468114828109044,0.0237364836420128,,0.022896083501034,0.0370047045754023,8.014572109758758,0.0659529045479251,0.1454659115816906,5.25,0.2033398275045627,0.060731260348103,166.03773584905662,4.128523645071777,2.518353033190882,0.6099887634644028,400.0,0.0518059910829652,0.0334402137721857,0.6454893164505338,400.0,-0.017758643095731,9.106994810637036e-05,0.0178497130438374,0.1421897695592642,1.0,"2,True,The solver successfully reached the end of the integration interval.",6.526,phi_strong
HCT-15,act_hamming+zero,2,740,762,1.0000000116860974e-07,4.999999987376214e-07,-7.039999961853027,,NSC740,mechlorethamine,other,alkylator,,,241279087.64641,244488091.3597389,1.0132999662118731,0.4087674675068473,4.6000000000000005,0.5912325324931527,0.0384634291287875,9.0,-0.000321368406946,0.3996942842904909,0.8214111121380856,0.0854394262600512,,0.03802424692441,0.1380193866670329,7.323014748586091,0.2121677644115154,0.5278263174210158,5.25,0.2033398275045627,0.060731260348103,166.03773584905662,11.084599787238917,7.080866538720392,0.638802182724919,400.0,0.0249483530145913,0.0161011047837335,0.645377463366687,400.0,-0.0565627549301031,0.0005488274725565,0.0571115824026596,0.142960252446836,1.0,"2,True,The solver successfully reached the end of the integration interval.",4.503,phi_strong
HCT-15,hamming+zero,2,740,762,1.0000000116860974e-07,4.999999987376214e-07,-7.039999961853027,,NSC740,mechlorethamine,other,alkylator,,,241279087.64641,244488091.3597389,1.0132999662118731,0.4087674675068473,4.6000000000000005,0.5912325324931527,0.0384634291287875,9.0,-0.000321368406946,0.3996942842904909,0.8214111121380856,0.0854394262600512,,0.03802424692441,0.1380193866670329,7.323014748586091,0.2121677644115154,0.5278263174210158,5.25,0.2033398275045627,0.060731260348103,166.03773584905662,11.084599787238917,7.080866538720392,0.638802182724919,400.0,0.0249483530145913,0.0161011047837335,0.645377463366687,400.0,-0.0565627549301031,0.0005488274725565,0.0571115824026596,0.142960252446836,1.0,"2,True,The solver successfully reached the end of the integration interval.",4.436,phi_strong
HCT-15,linear_curve,2,681239,754230,3.000000106112566e-07,9.999999960041972e-13,-75.93000030517578,,bortezomib,romidepsin,proteasome,hdac_inhibitor,,,241279087.64641,244070615.45937535,1.0115697047771346,0.1160633715638472,4.800000000000001,0.8839366284361527,0.1250223659159537,13.0,0.0004208454619456,0.9463610551164724,0.6228553275819168,0.2056128164695558,,0.0395122178597045,0.7654864550693714,3.681871391099666,0.8606747663881802,0.8763995862079212,5.25,0.2033398275045627,0.060731260348103,166.03773584905662,2.756535066484806,1.6387083547614685,0.5944812292379742,400.0,0.001923121509994,0.0012144462737723,0.6314974209696022,400.0,-0.1507805574455418,0.0034330577857309,0.1542136152312728,0.1442379610433542,1.0,"2,True,The solver successfully reached the end of the integration interval.",7.014,phi_strong
HCT-15,random,2,686673,747973,1.9999999949504854e-06,3.000000106112566e-07,7.989999771118164,,NSC686673,vorinostat,other,hdac_inhibitor,,,241279087.64641,244401882.4620759,1.012942666710686,0.7987766678204042,4.4,0.2012233321795957,0.0081188162124876,5.200000000000001,-0.0001682049102951,0.1088473305123275,0.9474943573107442,0.0234233677410024,,0.0225766920600667,0.0360734612147017,7.990420708065886,0.0486529980554069,0.137135969659636,5.25,0.2033398275045627,0.060731260348103,166.03773584905662,0.0307498045165011,0.0177003240660494,0.5756239541799675,400.0,2.3786622021631074,1.4599398089769513,0.6137650851177235,400.0,-0.0116609775454492,6.656453238973459e-05,0.0117275420778389,0.1420905294889327,1.0,"2,True,The solver successfully reached the end of the integration interval.",1.683,phi_strong
HCT-15,ours+zero,2,26980,681239,4.999999987376214e-07,3.000000106112566e-07,-85.52999877929688,,mitomycin,bortezomib,alkylator,proteasome,,,241279087.64641,241874007.3072472,1.002465690941724,0.0347068014916147,4.800000000000001,0.9652931985083852,0.2167436002411739,16.0,0.0043471418021993,1.47064164567691,0.4791675701385021,0.3195125824937241,,0.0353503094189994,1.112078301794128,3.00557150884607,0.8883505840287523,0.96363004116392,5.25,0.1968849621189929,0.0550853987870166,168.55345911949686,0.0095000025785706,0.0062399345472895,0.656835037220426,400.0,2.756535066484806,1.69932271514236,0.616470559654216,400.0,-0.2430979935217303,0.0110083404894482,0.2541063340111785,0.1370141512379802,1.0,"2,True,The solver successfully reached the end of the integration interval.",5.742,phi_strong
HCT-15,tanimoto+zero,2,681239,754230,3.000000106112566e-07,9.999999960041972e-13,-75.93000030517578,,bortezomib,romidepsin,proteasome,hdac_inhibitor,,,241279087.64641,244070615.45937535,1.0115697047771346,0.1160633715638472,4.800000000000001,0.8839366284361527,0.1250223659159537,13.0,0.0004208454619456,0.9463610551164724,0.6228553275819168,0.2056128164695558,,0.0395122178597045,0.7654864550693714,3.681871391099666,0.8606747663881802,0.8763995862079212,5.25,0.2033398275045627,0.060731260348103,166.03773584905662,2.756535066484806,1.6387083547614685,0.5944812292379742,400.0,0.001923121509994,0.0012144462737723,0.6314974209696022,400.0,-0.1507805574455418,0.0034330577857309,0.1542136152312728,0.1442379610433542,1.0,"2,True,The solver successfully reached the end of the integration interval.",7.19,phi_strong
HS 578T,act_hamming+zero,2,1390,747973,9.999999747378752e-06,3.000000106112566e-07,-74.66000366210938,,NSC1390,vorinostat,other,hdac_inhibitor,,,241279087.64641,231499477.0065633,0.9594676408335124,0.0111630539902482,4.4,0.9888369460097518,0.2729632832797584,,0.0233863275331004,1.9634896759847869,0.3734257090948057,0.4277957856540725,,0.030881283977963,1.8371712328262757,2.1872147348770827,0.8551455688234253,0.9841697436889862,5.25,0.1724312542656479,0.0,178.61635220125788,0.4647546002912271,0.3011039528762356,0.6478772941409427,400.0,20.643580204271405,13.621723719475693,0.6598527767318769,400.0,0.3495787257749672,0.0219545009774938,-0.3276242247974733,0.0884134359269902,1.0,"2,True,The solver successfully reached the end of the integration interval.",8.692,phi_strong
HS 578T,linear_curve,2,1390,681239,9.999999974752427e-07,3.000000106112566e-07,-95.26000213623048,,NSC1390,bortezomib,other,proteasome,,,241279087.64641,244578207.0500599,1.0136734577199855,0.2829370680618367,4.6000000000000005,0.7170629319381633,0.0592567243998289,10.0,-0.0004814152047299,0.5594807598500513,0.7665641936021065,0.1154514706076263,,0.0411781490482768,0.2775178527735607,5.9868260090236864,0.4092909471286321,0.6736784724022526,5.25,0.2033398275045627,0.060731260348103,166.03773584905662,0.0464754610858523,0.028083770155296,0.6042709313505883,400.0,2.6960701894000954,1.508210153652568,0.5594105671218305,400.0,-0.0774222685140564,0.0009085642420227,0.0783308327560792,0.1436221999317918,1.0,"2,True,The solver successfully reached the end of the integration interval.",1.5,phi_strong
HS 578T,hamming+zero,2,1390,747973,9.999999747378752e-06,3.000000106112566e-07,-74.66000366210938,,NSC1390,vorinostat,other,hdac_inhibitor,,,241279087.64641,231499477.0065633,0.9594676408335124,0.0111630539902482,4.4,0.9888369460097518,0.2729632832797584,,0.0233863275331004,1.9634896759847869,0.3734257090948057,0.4277957856540725,,0.030881283977963,1.8371712328262757,2.1872147348770827,0.8551455688234253,0.9841697436889862,5.25,0.1724312542656479,0.0,178.61635220125788,0.4647546002912271,0.3011039528762356,0.6478772941409427,400.0,20.643580204271405,13.621723719475693,0.6598527767318769,400.0,0.3495787257749672,0.0219545009774938,-0.3276242247974733,0.0884134359269902,1.0,"2,True,The solver successfully reached the end of the integration interval.",8.714,phi_strong
HS 578T,ours+zero,2,1390,747973,9.999999747378752e-06,3.000000106112566e-07,-74.66000366210938,,NSC1390,vorinostat,other,hdac_inhibitor,,,241279087.64641,231499477.0065633,0.9594676408335124,0.0111630539902482,4.4,0.9888369460097518,0.2729632832797584,,0.0233863275331004,1.9634896759847869,0.3734257090948057,0.4277957856540725,,0.030881283977963,1.8371712328262757,2.1872147348770827,0.8551455688234253,0.9841697436889862,5.25,0.1724312542656479,0.0,178.61635220125788,0.4647546002912271,0.3011039528762356,0.6478772941409427,400.0,20.643580204271405,13.621723719475693,0.6598527767318769,400.0,0.3495787257749672,0.0219545009774938,-0.3276242247974733,0.0884134359269902,1.0,"2,True,The solver successfully reached the end of the integration interval.",8.697,phi_strong
HS 578T,random,2,1390,747973,9.999999747378752e-06,3.000000106112566e-07,-74.66000366210938,,NSC1390,vorinostat,other,hdac_inhibitor,,,241279087.64641,231499477.0065633,0.9594676408335124,0.0111630539902482,4.4,0.9888369460097518,0.2729632832797584,,0.0233863275331004,1.9634896759847869,0.3734257090948057,0.4277957856540725,,0.030881283977963,1.8371712328262757,2.1872147348770827,0.8551455688234253,0.9841697436889862,5.25,0.1724312542656479,0.0,178.61635220125788,0.4647546002912271,0.3011039528762356,0.6478772941409427,400.0,20.643580204271405,13.621723719475693,0.6598527767318769,400.0,0.3495787257749672,0.0219545009774938,-0.3276242247974733,0.0884134359269902,1.0,"2,True,The solver successfully reached the end of the integration interval.",9.174,phi_strong
HS 578T,tanimoto+zero,2,1390,747973,9.999999747378752e-06,3.000000106112566e-07,-74.66000366210938,,NSC1390,vorinostat,other,hdac_inhibitor,,,241279087.64641,231499477.0065633,0.9594676408335124,0.0111630539902482,4.4,0.9888369460097518,0.2729632832797584,,0.0233863275331004,1.9634896759847869,0.3734257090948057,0.4277957856540725,,0.030881283977963,1.8371712328262757,2.1872147348770827,0.8551455688234253,0.9841697436889862,5.25,0.1724312542656479,0.0,178.61635220125788,0.4647546002912271,0.3011039528762356,0.6478772941409427,400.0,20.643580204271405,13.621723719475693,0.6598527767318769,400.0,0.3495787257749672,0.0219545009774938,-0.3276242247974733,0.0884134359269902,1.0,"2,True,The solver successfully reached the end of the integration interval.",9.639,phi_strong
HT29,act_hamming+zero,3,92859,673596,6.000000212225132e-06,9.999999717180683e-10,1.919999957084656,,dromostanolone,NSC673596,hormonal,other,,,241279087.64641,244584341.35947287,1.0136988818438617,0.4465715196136446,4.800000000000001,0.5534284803863554,0.0400607379547834,9.0,-0.0004923076851012,0.361165215286218,0.8203604680376804,0.0859952758106804,,0.0381785968132897,0.142781495718416,7.289123118292508,0.2847878135302214,0.5366465566903084,5.25,0.2033398275045627,0.060731260348103,166.03773584905662,35.89050091294007,23.731317313506885,0.6612144358495349,400.0,0.0534579804274952,0.0318220538177521,0.5952722785873338,400.0,-0.0679711959270776,0.0006518052669085,0.0686230011939862,0.1434063836842791,1.0,"2,True,The solver successfully reached the end of the integration interval.",5.21,phi_strong
HT29,linear_curve,3,681239,686673,3.000000106112566e-07,2.0000000233721948e-07,-61.86000061035156,,bortezomib,NSC686673,proteasome,other,,,241279087.64641,213789814.12095192,0.8860685615417151,0.0040443996079151,5.0,0.9959556003920848,0.3730213522842991,,0.0579493320665305,2.404077667267762,0.2519402453630224,0.5987024520215427,,0.0230123579907505,1.5993885311656704,2.614239994523288,0.7094987122388849,0.995879477456848,5.25,0.0987738442495985,0.0,216.35220125786165,19.3674899915252,12.53517367543099,0.6472275798730819,400.0,0.0031882667853898,0.0020517023573937,0.6435165233962212,400.0,0.3114790771788845,0.0751106904815113,-0.2363683866973732,0.0308072449259197,1.0,"2,True,The solver successfully reached the end of the integration interval.",3.918,phi_strong
HT29,hamming+zero,3,92859,673596,6.000000212225132e-06,9.999999717180683e-10,1.919999957084656,,dromostanolone,NSC673596,hormonal,other,,,241279087.64641,244584341.35947287,1.0136988818438617,0.4465715196136446,4.800000000000001,0.5534284803863554,0.0400607379547834,9.0,-0.0004923076851012,0.361165215286218,0.8203604680376804,0.0859952758106804,,0.0381785968132897,0.142781495718416,7.289123118292508,0.2847878135302214,0.5366465566903084,5.25,0.2033398275045627,0.060731260348103,166.03773584905662,35.89050091294007,23.731317313506885,0.6612144358495349,400.0,0.0534579804274952,0.0318220538177521,0.5952722785873338,400.0,-0.0679711959270776,0.0006518052669085,0.0686230011939862,0.1434063836842791,1.0,"2,True,The solver successfully reached the end of the integration interval.",5.478,phi_strong
HT29,ours+zero,3,409962,754143,1.9999999949504854e-06,9.99999993922529e-09,-72.94999694824219,,carmustine,bendamustine,alkylator,alkylator,,,241279087.64641,239093442.4068635,0.9909414228109584,0.0193820494970992,4.4,0.9806179505029008,0.2326862586339932,,0.0093686768235776,1.72387300288221,0.4428678352616284,0.3537258606401579,,0.034295477094977,1.6866563006146325,2.2635671119973675,0.890145480434211,0.971606499111818,5.25,0.190568164729299,0.0448653818382372,171.0691823899371,0.0637659195481261,0.0421803011128918,0.6614865967871298,400.0,13.68780180499778,9.11657466253308,0.6660364310070866,400.0,-0.0765314286313527,0.0124095471503467,0.0889409757816994,0.1225322438345903,1.0,"2,True,The solver successfully reached the end of the integration interval.",8.068,phi_strong
HT29,random,3,409962,754143,1.9999999949504854e-06,9.99999993922529e-09,-72.94999694824219,,carmustine,bendamustine,alkylator,alkylator,,,241279087.64641,239093442.4068635,0.9909414228109584,0.0193820494970992,4.4,0.9806179505029008,0.2326862586339932,,0.0093686768235776,1.72387300288221,0.4428678352616284,0.3537258606401579,,0.034295477094977,1.6866563006146325,2.2635671119973675,0.890145480434211,0.971606499111818,5.25,0.190568164729299,0.0448653818382372,171.0691823899371,0.0637659195481261,0.0421803011128918,0.6614865967871298,400.0,13.68780180499778,9.11657466253308,0.6660364310070866,400.0,-0.0765314286313527,0.0124095471503467,0.0889409757816994,0.1225322438345903,1.0,"2,True,The solver successfully reached the end of the integration interval.",8.015,phi_strong
KM12,act_hamming+zero,5,26271,747973,9.999999747378752e-06,3.000000106112566e-07,0.8999999761581421,,cyclophosphamide,vorinostat,alkylator,hdac_inhibitor,,,241279087.64641,231873194.42337963,0.9610165418197596,0.0115395906910135,4.4,0.9884604093089864,0.2704984548750365,,0.0226857965906748,1.9490822965229329,0.3768614867716555,0.4238182428559913,,0.0310527350071094,1.8222019690142657,2.1972770523920353,0.8577721881382183,0.983606854887504,5.25,0.1724312542656479,0.0,178.61635220125788,17.97405850448311,11.976708048894176,0.6663329846126256,400.0,20.111380442073887,13.269135616804464,0.6597824378601507,400.0,0.3331557984816857,0.0213346772723385,-0.3118211212093472,0.0891611441214303,1.0,"2,True,The solver successfully reached the end of the integration interval.",2.94,phi_strong
HT29,tanimoto+zero,3,92859,673596,6.000000212225132e-06,9.999999717180683e-10,1.919999957084656,,dromostanolone,NSC673596,hormonal,other,,,241279087.64641,244584341.35947287,1.0136988818438617,0.4465715196136446,4.800000000000001,0.5534284803863554,0.0400607379547834,9.0,-0.0004923076851012,0.361165215286218,0.8203604680376804,0.0859952758106804,,0.0381785968132897,0.142781495718416,7.289123118292508,0.2847878135302214,0.5366465566903084,5.25,0.2033398275045627,0.060731260348103,166.03773584905662,35.89050091294007,23.731317313506885,0.6612144358495349,400.0,0.0534579804274952,0.0318220538177521,0.5952722785873338,400.0,-0.0679711959270776,0.0006518052669085,0.0686230011939862,0.1434063836842791,1.0,"2,True,The solver successfully reached the end of the integration interval.",5.198,phi_strong
KM12,hamming+zero,5,26271,747973,9.999999747378752e-06,3.000000106112566e-07,0.8999999761581421,,cyclophosphamide,vorinostat,alkylator,hdac_inhibitor,,,241279087.64641,231873194.42337963,0.9610165418197596,0.0115395906910135,4.4,0.9884604093089864,0.2704984548750365,,0.0226857965906748,1.9490822965229329,0.3768614867716555,0.4238182428559913,,0.0310527350071094,1.8222019690142657,2.1972770523920353,0.8577721881382183,0.983606854887504,5.25,0.1724312542656479,0.0,178.61635220125788,17.97405850448311,11.976708048894176,0.6663329846126256,400.0,20.111380442073887,13.269135616804464,0.6597824378601507,400.0,0.3331557984816857,0.0213346772723385,-0.3118211212093472,0.0891611441214303,1.0,"2,True,The solver successfully reached the end of the integration interval.",2.943,phi_strong
KM12,linear_curve,5,673596,754143,1.000000013351432e-10,9.99999993922529e-09,-83.88999938964844,,NSC673596,bendamustine,other,alkylator,,,241279087.64641,243529463.18744653,1.0093268569729277,0.0497019527073164,4.4,0.9502980472926836,0.1697028235440604,14.4,0.0013848303026083,1.3148992494230176,0.5544944329009647,0.2561028097898947,,0.0382331905918475,1.1903378689258377,2.7986077326238714,0.8952823107170857,0.9336955804133112,5.25,0.1968849621189929,0.0578624312878497,168.55345911949686,0.0002781882476896,0.0001774935931742,0.6380341177180636,400.0,6.952046883678343,4.615140157170432,0.6638534282623466,400.0,-0.1676650073826786,0.0050783083034883,0.1727433156861669,0.1375266596916832,1.0,"2,True,The solver successfully reached the end of the integration interval.",3.064,phi_strong
KM12,ours+zero,5,702294,754143,9.999999747378752e-05,9.99999993922529e-09,-69.5,,NSC702294,bendamustine,other,alkylator,,,241279087.64641,239811982.2890814,0.9939194674033308,0.015607246931577,4.6000000000000005,0.984392753068423,0.2631950100572279,,0.0080654627694251,1.817844307024783,0.4168600720351423,0.3800097007605919,,0.0332164878940487,1.554148538998492,2.422654317178978,0.8573917422402273,0.9807495971464836,5.25,0.190568164729299,0.0498007529556812,171.0691823899371,0.019,0.012226529643071,0.6435015601616353,400.0,6.952046883678343,4.621001291167208,0.6646965085946351,400.0,-0.2547036579826298,0.0169688700381936,0.2716725280208235,0.1289185923775858,1.0,"2,True,The solver successfully reached the end of the integration interval.",7.05,phi_strong
KM12,random,5,762,713563,1.9999999949504854e-06,9.999999747378752e-05,0.1879999935626983,,mechlorethamine,arsenic trioxide,alkylator,other,,,241279087.64641,244557497.3477863,1.0135876247434288,0.4966526742233562,4.4,0.5033473257766439,0.0293647788952052,8.0,-0.0004446396868366,0.3152199229315905,0.8561034872796696,0.0674737338766475,,0.0352078191153836,0.0994462609946349,7.7112347060917505,0.1248868914881017,0.414732752190685,5.25,0.2033398275045627,0.060731260348103,166.03773584905662,0.087332094363511,0.0558188355338274,0.6391560392618915,400.0,2.4168985384296877,1.464274926488055,0.6058487368027566,400.0,-0.0371076316988094,0.0003269541440804,0.0374345858428899,0.1429116493873104,1.0,"2,True,The solver successfully reached the end of the integration interval.",7.33,phi_strong
KM12,tanimoto+zero,5,26271,747973,9.999999747378752e-06,3.000000106112566e-07,0.8999999761581421,,cyclophosphamide,vorinostat,alkylator,hdac_inhibitor,,,241279087.64641,231873194.42337963,0.9610165418197596,0.0115395906910135,4.4,0.9884604093089864,0.2704984548750365,,0.0226857965906748,1.9490822965229329,0.3768614867716555,0.4238182428559913,,0.0310527350071094,1.8222019690142657,2.1972770523920353,0.8577721881382183,0.983606854887504,5.25,0.1724312542656479,0.0,178.61635220125788,17.97405850448311,11.976708048894176,0.6663329846126256,400.0,20.111380442073887,13.269135616804464,0.6597824378601507,400.0,0.3331557984816857,0.0213346772723385,-0.3118211212093472,0.0891611441214303,1.0,"2,True,The solver successfully reached the end of the integration interval.",2.959,phi_strong
M14,act_hamming+zero,4,25154,119875,3.000000106112566e-07,1.9999999494757503e-05,26.59000015258789,,NSC25154,cisplatin,other,platinum,,,241279087.64641,244415332.87721437,1.0129984130054424,0.7024540500665842,4.4,0.2975459499334157,0.0130636306748762,6.4,-0.000192105218599,0.1646547803899713,0.9220478806511112,0.0352465260584654,,0.0272486160946139,0.051414412985886,8.071336872740703,0.0445754769783695,0.2131841410041242,5.25,0.2033398275045627,0.060731260348103,166.03773584905662,0.0005794359032895,0.0003386775146624,0.5844952180900765,400.0,4.054053261967809,2.6511094098782104,0.6539404488710098,400.0,-0.0201796178655613,0.0001398519561808,0.0203194698217421,0.1422329633922636,1.0,"2,True,The solver successfully reached the end of the integration interval.",13.922,phi_strong
M14,hamming+zero,4,25154,119875,3.000000106112566e-07,1.9999999494757503e-05,26.59000015258789,,NSC25154,cisplatin,other,platinum,,,241279087.64641,244415332.87721437,1.0129984130054424,0.7024540500665842,4.4,0.2975459499334157,0.0130636306748762,6.4,-0.000192105218599,0.1646547803899713,0.9220478806511112,0.0352465260584654,,0.0272486160946139,0.051414412985886,8.071336872740703,0.0445754769783695,0.2131841410041242,5.25,0.2033398275045627,0.060731260348103,166.03773584905662,0.0005794359032895,0.0003386775146624,0.5844952180900765,400.0,4.054053261967809,2.6511094098782104,0.6539404488710098,400.0,-0.0201796178655613,0.0001398519561808,0.0203194698217421,0.1422329633922636,1.0,"2,True,The solver successfully reached the end of the integration interval.",13.849,phi_strong
M14,linear_curve,4,609699,681239,1.0000000116860974e-07,3.000000106112566e-07,-96.5999984741211,,topotecan,bortezomib,topo1,proteasome,,,241279087.64641,231389449.03927353,0.9590116213402232,0.0056698868780521,4.800000000000001,0.994330113121948,0.3460283390027082,,0.0235927897630661,2.257481843280164,0.3148836356347786,0.5018499088718235,,0.0275617461888938,1.5328339870126586,2.5752728560748204,0.7565025551829048,0.993777752660913,5.25,0.1724312542656479,0.0339766680013239,178.61635220125788,3.591378767115229,2.294265004406781,0.6388256859494792,400.0,3.4357492135598684,2.1615074889664245,0.6291226031386705,400.0,-0.346739384083375,0.0451774278574742,0.3919168119408492,0.1076808693872535,1.0,"2,True,The solver successfully reached the end of the integration interval.",5.691,phi_strong
M14,random,4,125973,246131,3.000000106112566e-07,1.9999999494757503e-05,-2.259999990463257,,paclitaxel,mitoxantrone,antimitotic,dna_intercalator,,,241279087.64641,244612422.9995572,1.0138152683917312,0.3163109890780797,4.800000000000001,0.6836890109219202,0.0542306196235311,9.6,-0.0005421677914361,0.5109419573300049,0.7806830371837556,0.1075252569585172,,0.0404868985366025,0.2222307323079296,6.481246586042584,0.3891610375360109,0.6566613836970848,5.25,0.2033398275045627,0.060731260348103,166.03773584905662,12.074200839692525,5.75647681297715,0.4767584115425184,400.0,2.6714752421683974,0.8573764437193792,0.3209374469154575,240.76336815833477,-0.0724349292059385,0.0008522452087618,0.0732871744147003,0.1436525384959195,1.0,"2,True,The solver successfully reached the end of the integration interval.",1.629,phi_strong
M14,tanimoto+zero,4,1390,753082,0.0001999999949475,4.999999873689376e-06,-4.0920000076293945,,NSC1390,pazopanib,other,kinase_inhibitor,,,241279087.64641,229875772.2692536,0.9527380698907988,0.0089201577688073,4.4,0.9910798422311928,0.289172913515102,,0.026443140485275,2.0609001654896253,0.3548249330980244,0.4499858704456265,,0.0299548724274171,1.9185375808306464,2.134792205365545,0.8370885940618239,0.987336227870038,5.25,0.1666518025896331,0.0,181.13207547169813,10.206807147819664,6.693205278450817,0.6557589637500492,400.0,18.03917270732172,11.85610115397759,0.6572419559554107,400.0,0.3906744633953657,0.02569305397232,-0.3649814094230457,0.0814418144451638,1.0,"2,True,The solver successfully reached the end of the integration interval.",6.326,phi_strong
MDA-MB-435,pool_optimum,-1,24559,701852,9.999999974752427e-07,9.999999974752427e-07,-93.4499969482422,,NSC24559,irinotecan,other,topo1,,,241279087.64641,244546386.13923112,1.0135415734728297,0.5450634671196131,4.4,0.4549365328803869,0.0249999465848625,7.6,-0.0004249075328851,0.2748256267873708,0.8724959157391424,0.0592365973499913,,0.0336251569928233,0.0857219402008359,7.841282441545354,0.0998980533479698,0.3652499593424242,5.25,0.2033398275045627,0.060731260348103,166.03773584905662,2.539011248752824,1.5319142355895288,0.6033507084074611,400.0,0.7738704833525072,0.4243589026854466,0.5483590753417406,400.0,-0.0320025771341669,0.0002629581986868,0.0322655353328538,0.1428031291458636,1.0,"2,True,The solver successfully reached the end of the integration interval.",4.966,phi_strong
M14,ours+zero,4,719344,761432,3.000000026176508e-09,5.000000058430487e-08,-45.69100189208984,,anastrozole,NSC761432,hormonal,other,,,241279087.64641,242989240.56265464,1.0070878621637978,0.0491681169356125,5.0,0.9508318830643876,0.1822803665651479,14.8,0.0023492980591875,1.3192481510937304,0.5264765157342826,0.2786209963958393,,0.0369391330516785,1.0001945324129844,3.1805719907821772,0.9026372475669678,0.9494257926951646,5.25,0.1968849621189929,0.0578624312878497,168.55345911949686,10.760851184062176,7.115749106149805,0.6612626626310837,400.0,157.80868524018254,104.03971540028746,0.6592774994731153,400.0,-0.2315010967105188,0.0076288578154742,0.2391299545259931,0.1381016857323122,1.0,"2,True,The solver successfully reached the end of the integration interval.",20.205,phi_strong
MOLT-4,act_hamming+zero,3,63878,105014,9.99999993922529e-09,1.0000000116860974e-07,-99.70999908447266,,cytarabine,cladribine,antimetabolite,antimetabolite,,,241279087.64641,244675702.8437335,1.014077536642136,0.0839111649278051,4.4,0.9160888350721949,0.1291988585024396,12.4,-0.0006545027770739,1.087452950814746,0.6262831482170964,0.2032292739681603,,0.0400747666491415,0.9377734362898243,3.2241829514984888,0.838163792280487,0.8834308912677385,5.25,0.2033398275045627,0.060731260348103,166.03773584905662,2.0400557742805585,1.345773775971948,0.659674991702884,400.0,3.277220739628644,2.165448689489474,0.6607576545896174,400.0,-0.1475088015296051,0.0029939410719542,0.1505027426015593,0.1457648532690975,1.0,"2,True,The solver successfully reached the end of the integration interval.",2.642,phi_strong
MOLT-4,hamming+zero,3,63878,105014,9.99999993922529e-09,1.0000000116860974e-07,-99.70999908447266,,cytarabine,cladribine,antimetabolite,antimetabolite,,,241279087.64641,244675702.8437335,1.014077536642136,0.0839111649278051,4.4,0.9160888350721949,0.1291988585024396,12.4,-0.0006545027770739,1.087452950814746,0.6262831482170964,0.2032292739681603,,0.0400747666491415,0.9377734362898243,3.2241829514984888,0.838163792280487,0.8834308912677385,5.25,0.2033398275045627,0.060731260348103,166.03773584905662,2.0400557742805585,1.345773775971948,0.659674991702884,400.0,3.277220739628644,2.165448689489474,0.6607576545896174,400.0,-0.1475088015296051,0.0029939410719542,0.1505027426015593,0.1457648532690975,1.0,"2,True,The solver successfully reached the end of the integration interval.",2.35,phi_strong
MOLT-4,linear_curve,3,6396,63878,9.999999974752427e-07,1.0000000116860974e-07,-99.87999725341795,,thiotepa,cytarabine,alkylator,antimetabolite,,,241279087.64641,128133656.1553983,0.5310599331475249,0.0002276644397691,4.6000000000000005,0.9997723355602308,0.5005728907374939,,0.2802731233022217,3.653875407750758,0.0872267644638899,1.0593502366785863,,0.0089730314199747,3.468051856164267,1.7132821631203357,0.6284259011245534,0.9997171233053368,5.25,0.0,0.0,400.0,7.564270332450244,5.040192862207667,0.6663158032025319,400.0,20.40055810519228,13.5928405192878,0.6662974830981803,400.0,0.927604851883268,0.3935587378567788,-0.5340461140264893,0.0,1.0,"2,True,The solver successfully reached the end of the integration interval.",2.688,phi_strong
MOLT-4,ours+zero,3,63878,105014,9.99999993922529e-09,1.0000000116860974e-07,-99.70999908447266,,cytarabine,cladribine,antimetabolite,antimetabolite,,,241279087.64641,244675702.8437335,1.014077536642136,0.0839111649278051,4.4,0.9160888350721949,0.1291988585024396,12.4,-0.0006545027770739,1.087452950814746,0.6262831482170964,0.2032292739681603,,0.0400747666491415,0.9377734362898243,3.2241829514984888,0.838163792280487,0.8834308912677385,5.25,0.2033398275045627,0.060731260348103,166.03773584905662,2.0400557742805585,1.345773775971948,0.659674991702884,400.0,3.277220739628644,2.165448689489474,0.6607576545896174,400.0,-0.1475088015296051,0.0029939410719542,0.1505027426015593,0.1457648532690975,1.0,"2,True,The solver successfully reached the end of the integration interval.",1.868,phi_strong
MOLT-4,random,3,63878,105014,9.99999993922529e-09,1.0000000116860974e-07,-99.70999908447266,,cytarabine,cladribine,antimetabolite,antimetabolite,,,241279087.64641,244675702.8437335,1.014077536642136,0.0839111649278051,4.4,0.9160888350721949,0.1291988585024396,12.4,-0.0006545027770739,1.087452950814746,0.6262831482170964,0.2032292739681603,,0.0400747666491415,0.9377734362898243,3.2241829514984888,0.838163792280487,0.8834308912677385,5.25,0.2033398275045627,0.060731260348103,166.03773584905662,2.0400557742805585,1.345773775971948,0.659674991702884,400.0,3.277220739628644,2.165448689489474,0.6607576545896174,400.0,-0.1475088015296051,0.0029939410719542,0.1505027426015593,0.1457648532690975,1.0,"2,True,The solver successfully reached the end of the integration interval.",26.931,phi_strong
MOLT-4,tanimoto+zero,3,63878,105014,9.99999993922529e-09,1.0000000116860974e-07,-99.70999908447266,,cytarabine,cladribine,antimetabolite,antimetabolite,,,241279087.64641,244675702.8437335,1.014077536642136,0.0839111649278051,4.4,0.9160888350721949,0.1291988585024396,12.4,-0.0006545027770739,1.087452950814746,0.6262831482170964,0.2032292739681603,,0.0400747666491415,0.9377734362898243,3.2241829514984888,0.838163792280487,0.8834308912677385,5.25,0.2033398275045627,0.060731260348103,166.03773584905662,2.0400557742805585,1.345773775971948,0.659674991702884,400.0,3.277220739628644,2.165448689489474,0.6607576545896174,400.0,-0.1475088015296051,0.0029939410719542,0.1505027426015593,0.1457648532690975,1.0,"2,True,The solver successfully reached the end of the integration interval.",27.025,phi_strong
NCI-H322M,act_hamming+zero,5,740,6396,1.0000000116860974e-07,9.999999974752427e-07,-56.81999969482422,,NSC740,thiotepa,other,alkylator,,,241279087.64641,244385807.3150744,1.012876042009978,0.8386129802563806,4.4,0.1613870197436193,0.0063265879135571,4.800000000000001,-0.0001396389386593,0.08771112096612,0.9573440842702206,0.0189319420118489,,0.0202431519069725,0.0300952310978899,7.877689773111475,0.0657235452082197,0.1067850579133976,5.25,0.2033398275045627,0.060731260348103,166.03773584905662,3.870470152891944,2.3514266519879543,0.607529979331067,400.0,0.053622390134832,0.0340736666222976,0.6354372965587767,400.0,-0.011237427280109,5.95893924656421e-05,0.0112970166725746,0.1420320426079842,1.0,"2,True,The solver successfully reached the end of the integration interval.",4.605,phi_strong
NCI-H322M,hamming+zero,5,740,6396,1.0000000116860974e-07,9.999999974752427e-07,-56.81999969482422,,NSC740,thiotepa,other,alkylator,,,241279087.64641,244385807.3150744,1.012876042009978,0.8386129802563806,4.4,0.1613870197436193,0.0063265879135571,4.800000000000001,-0.0001396389386593,0.08771112096612,0.9573440842702206,0.0189319420118489,,0.0202431519069725,0.0300952310978899,7.877689773111475,0.0657235452082197,0.1067850579133976,5.25,0.2033398275045627,0.060731260348103,166.03773584905662,3.870470152891944,2.3514266519879543,0.607529979331067,400.0,0.053622390134832,0.0340736666222976,0.6354372965587767,400.0,-0.011237427280109,5.95893924656421e-05,0.0112970166725746,0.1420320426079842,1.0,"2,True,The solver successfully reached the end of the integration interval.",5.588,phi_strong
NCI-H322M,ours+zero,5,14229,24559,3.000000106112566e-06,9.999999974752427e-07,-61.189998626708984,,NSC14229,NSC24559,other,other,,,241279087.64641,244623174.6498234,1.013859829444954,0.4203590783525089,4.4,0.579640921647491,0.039596578136801,8.8,-0.0005612562731621,0.3876522700365191,0.823330907827051,0.0844255808756394,,0.0379254975424301,0.1355324064607727,7.3423412836251964,0.2100859519455323,0.510626749567491,5.25,0.2033398275045627,0.060731260348103,166.03773584905662,0.025737532844235,0.015158893266365,0.5889800455275781,400.0,2.4496629563880408,1.4908816233826971,0.608606836909907,400.0,-0.0525248107355926,0.0005092083858855,0.0530340191214782,0.1433347375468172,1.0,"2,True,The solver successfully reached the end of the integration interval.",528.736,phi_strong
NCI-H322M,linear_curve,5,713563,715055,9.999999974752427e-07,9.999999747378752e-06,-33.05699920654297,,arsenic trioxide,gefitinib,other,kinase_inhibitor,,,241279087.64641,180838927.3394104,0.7495010409042431,0.0009420910617206,4.800000000000001,0.9990579089382792,0.4478852690227303,,0.1306444194318144,3.0369633541374217,0.1617946030501011,0.7910359691554626,,0.0160242831093662,2.1727930357066154,2.243066803198524,0.6297775486404066,0.9989817800293946,5.25,0.0,0.0,400.0,0.0225956572702513,0.0146573073616995,0.6486780705864591,400.0,63.097079365186474,41.61011089656552,0.6594617582176666,400.0,0.8178397605665766,0.1760422255737415,-0.6417975349928351,0.0,1.0,"2,True,The solver successfully reached the end of the integration interval.",532.672,phi_strong
NCI-H322M,random,5,32065,760766,9.999999747378752e-05,1.9999999949504854e-06,14.109999656677246,,hydroxyurea,NSC760766,antimetabolite,other,,,241279087.64641,244519576.16568103,1.0134304574461088,0.5123560789227997,4.4,0.4876439210772003,0.0296428589589415,8.200000000000001,-0.0003772925914177,0.3017008078788744,0.8584497105601051,0.0662851414651572,,0.0350922095746466,0.0987016533245335,7.72922254057132,0.144673927617428,0.4267134020422386,5.25,0.2033398275045627,0.060731260348103,166.03773584905662,1.7752751727968317,1.1612413012507314,0.6541190453428527,400.0,0.6866976526575895,0.4114541934635567,0.5991780980627899,400.0,-0.045972092653419,0.0003674360220975,0.0463395286755166,0.1428715694994948,1.0,"2,True,The solver successfully reached the end of the integration interval.",5.975,phi_strong
NCI-H322M,tanimoto+zero,5,740,6396,1.0000000116860974e-07,9.999999974752427e-07,-56.81999969482422,,NSC740,thiotepa,other,alkylator,,,241279087.64641,244385807.3150744,1.012876042009978,0.8386129802563806,4.4,0.1613870197436193,0.0063265879135571,4.800000000000001,-0.0001396389386593,0.08771112096612,0.9573440842702206,0.0189319420118489,,0.0202431519069725,0.0300952310978899,7.877689773111475,0.0657235452082197,0.1067850579133976,5.25,0.2033398275045627,0.060731260348103,166.03773584905662,3.870470152891944,2.3514266519879543,0.607529979331067,400.0,0.053622390134832,0.0340736666222976,0.6354372965587767,400.0,-0.011237427280109,5.95893924656421e-05,0.0112970166725746,0.1420320426079842,1.0,"2,True,The solver successfully reached the end of the integration interval.",7.704,phi_strong
RPMI-8226,act_hamming+zero,0,740,19893,2.999999892949745e-08,9.999999747378752e-05,-71.53700256347656,,NSC740,fluorouracil,other,antimetabolite,,,241279087.64641,243068312.945182,1.0074155838213137,0.0381709125298066,5.0,0.9618290874701934,0.2098337065140375,14.8,0.00220799504082,1.4291991843828935,0.4964985115642383,0.3040820491230953,,0.0360478857475112,1.0623310171524096,3.080332863556077,0.8875831287510746,0.9611369278869306,5.25,0.1968849621189929,0.0578624312878497,168.55345911949686,1.0369404637895894,0.6594290070324774,0.6359371922111483,400.0,3.0802637990557153,2.0392592000915,0.6620404397560543,400.0,-0.2680273084509597,0.0099363451664102,0.2779636536173699,0.1400327668110632,1.0,"2,True,The solver successfully reached the end of the integration interval.",20.182,phi_strong
RPMI-8226,hamming+zero,0,740,19893,2.999999892949745e-08,9.999999747378752e-05,-71.53700256347656,,NSC740,fluorouracil,other,antimetabolite,,,241279087.64641,243068312.945182,1.0074155838213137,0.0381709125298066,5.0,0.9618290874701934,0.2098337065140375,14.8,0.00220799504082,1.4291991843828935,0.4964985115642383,0.3040820491230953,,0.0360478857475112,1.0623310171524096,3.080332863556077,0.8875831287510746,0.9611369278869306,5.25,0.1968849621189929,0.0578624312878497,168.55345911949686,1.0369404637895894,0.6594290070324774,0.6359371922111483,400.0,3.0802637990557153,2.0392592000915,0.6620404397560543,400.0,-0.2680273084509597,0.0099363451664102,0.2779636536173699,0.1400327668110632,1.0,"2,True,The solver successfully reached the end of the integration interval.",24.555,phi_strong
RPMI-8226,linear_curve,0,127716,681239,3.000000106112566e-07,3.000000106112566e-07,-98.0500030517578,,decitabine,bortezomib,antimetabolite,proteasome,,,241279087.64641,231824101.93396667,0.960813074167872,0.0048878710840884,4.6000000000000005,0.9951121289159116,0.3458075643318324,,0.0227777557092726,2.3220508656674532,0.3166687575024643,0.4993947819504405,,0.0279224723971017,1.7560061208789384,2.3214861001804317,0.7636037851505526,0.9939427809100548,5.25,0.1724312542656479,0.0339766680013239,178.61635220125788,6.647919983820463,4.418924317544276,0.6647078075998117,400.0,2.659365748651904,1.6812880977740563,0.6322139399690853,400.0,-0.3133986679504852,0.0421463384867493,0.3555450064372345,0.1067322785655257,1.0,"2,True,The solver successfully reached the end of the integration interval.",18.374,phi_strong
RPMI-8226,random,0,14229,246131,2.999999892949745e-08,1.9999999494757503e-05,-94.70999908447266,,NSC14229,mitoxantrone,other,dna_intercalator,,,241279087.64641,224358183.04949567,0.9298699909636942,0.0067290955851725,4.6000000000000005,0.9932709044148276,0.3129029823470679,,0.0369944275037624,2.1832139112917037,0.3324371079114617,0.4782905045579096,,0.0277767759968416,1.2320913301512215,3.010051590872183,0.7986649931148488,0.991391118458504,5.25,0.1448251182253859,0.0,191.19496855345912,0.0074007132575906,0.004673106210565,0.6314399771903048,400.0,14.265289286311544,8.534023951764043,0.59823700595774,400.0,0.5227760217273333,0.0361868158870551,-0.4865892058402781,0.0568167757439835,1.0,"2,True,The solver successfully reached the end of the integration interval.",1064.364,phi_strong
RPMI-8226,ours+zero,0,19893,749226,9.999999747378752e-05,4.999999873689376e-06,-76.33100128173828,,fluorouracil,NSC749226,antimetabolite,other,,,241279087.64641,235983685.33515257,0.9780527920471176,0.0090848328174961,5.0,0.9909151671825038,0.3206618274669127,,0.0150543625665145,2.0526147872141967,0.349628188985721,0.4563935593688316,,0.029586783478162,1.4235009315009477,2.665735016310446,0.787905641284442,0.9907472612735776,5.25,0.1843879427084984,0.047290154371214,173.58490566037736,3.0802637990557153,2.04320367043839,0.6633210022676479,400.0,0.6684768977034642,0.4293819998773138,0.6423288543739433,400.0,-0.4101516923306876,0.0346255448585444,0.444777237189232,0.1245801591565013,1.0,"2,True,The solver successfully reached the end of the integration interval.",1081.396,phi_strong
SF-295,act_hamming+zero,2,740,25154,1.0000000116860974e-07,3.000000106112566e-06,-34.849998474121094,,NSC740,NSC25154,other,other,,,241279087.64641,244307025.65976915,1.012549525294113,0.2031550681247153,4.6000000000000005,0.7968449318752846,0.0822765480394106,11.8,3.853717540950029e-07,0.7033429475114756,0.7064888569442234,0.1508946836467027,,0.0411658531975163,0.5571544367624454,4.354245382741254,0.6751260116215645,0.7687628309796546,5.25,0.2033398275045627,0.060731260348103,166.03773584905662,24.98568003893303,16.282699447785333,0.6516812599222197,400.0,0.0043658953188699,0.0027052322225135,0.619628283532402,400.0,-0.1019835456941604,0.0016549724757803,0.1036385181699408,0.1434389912687079,1.0,"2,True,The solver successfully reached the end of the integration interval.",1.906,phi_strong
SF-295,act_hamming+zero,4,740,25154,1.0000000116860974e-07,3.000000106112566e-06,-34.849998474121094,,NSC740,NSC25154,other,other,,,241279087.64641,244307025.65976915,1.012549525294113,0.2031550681247153,4.6000000000000005,0.7968449318752846,0.0822765480394106,11.8,3.853717540950029e-07,0.7033429475114756,0.7064888569442234,0.1508946836467027,,0.0411658531975163,0.5571544367624454,4.354245382741254,0.6751260116215645,0.7687628309796546,5.25,0.2033398275045627,0.060731260348103,166.03773584905662,24.98568003893303,16.282699447785333,0.6516812599222197,400.0,0.0043658953188699,0.0027052322225135,0.619628283532402,400.0,-0.1019835456941604,0.0016549724757803,0.1036385181699408,0.1434389912687079,1.0,"2,True,The solver successfully reached the end of the integration interval.",1.777,phi_strong
RPMI-8226,tanimoto+zero,0,3053,19893,1.000000013351432e-10,9.999999747378752e-05,-76.15699768066406,,dactinomycin,fluorouracil,dna_intercalator,antimetabolite,,,241279087.64641,243157131.32023585,1.0077836985051023,0.042456023648564,5.0,0.957543976351436,0.2014453994158883,14.6,0.0020493306555581,1.382992410352562,0.5065784960714104,0.2953532496732658,,0.03637197937831,1.0385559982328618,3.118151125474311,0.8915318040007628,0.9567256166456972,5.25,0.1968849621189929,0.0578624312878497,168.55345911949686,0.002326114730968,0.0011941651422449,0.5133732770558616,400.0,3.0802637990557153,2.039151227689605,0.6620053867836665,400.0,-0.256675545877659,0.0090733551104017,0.2657489009880608,0.1396695835860289,1.0,"2,True,The solver successfully reached the end of the integration interval.",11.568,phi_strong
SF-295,act_hamming+zero,9,740,25154,1.0000000116860974e-07,3.000000106112566e-06,-34.849998474121094,,NSC740,NSC25154,other,other,,,241279087.64641,244307025.65976915,1.012549525294113,0.2031550681247153,4.6000000000000005,0.7968449318752846,0.0822765480394106,11.8,3.853717540950029e-07,0.7033429475114756,0.7064888569442234,0.1508946836467027,,0.0411658531975163,0.5571544367624454,4.354245382741254,0.6751260116215645,0.7687628309796546,5.25,0.2033398275045627,0.060731260348103,166.03773584905662,24.98568003893303,16.282699447785333,0.6516812599222197,400.0,0.0043658953188699,0.0027052322225135,0.619628283532402,400.0,-0.1019835456941604,0.0016549724757803,0.1036385181699408,0.1434389912687079,1.0,"2,True,The solver successfully reached the end of the integration interval.",1.79,phi_strong
SF-295,hamming+zero,2,740,25154,1.0000000116860974e-07,3.000000106112566e-06,-34.849998474121094,,NSC740,NSC25154,other,other,,,241279087.64641,244307025.65976915,1.012549525294113,0.2031550681247153,4.6000000000000005,0.7968449318752846,0.0822765480394106,11.8,3.853717540950029e-07,0.7033429475114756,0.7064888569442234,0.1508946836467027,,0.0411658531975163,0.5571544367624454,4.354245382741254,0.6751260116215645,0.7687628309796546,5.25,0.2033398275045627,0.060731260348103,166.03773584905662,24.98568003893303,16.282699447785333,0.6516812599222197,400.0,0.0043658953188699,0.0027052322225135,0.619628283532402,400.0,-0.1019835456941604,0.0016549724757803,0.1036385181699408,0.1434389912687079,1.0,"2,True,The solver successfully reached the end of the integration interval.",1.988,phi_strong
SF-295,hamming+zero,4,740,25154,1.0000000116860974e-07,3.000000106112566e-06,-34.849998474121094,,NSC740,NSC25154,other,other,,,241279087.64641,244307025.65976915,1.012549525294113,0.2031550681247153,4.6000000000000005,0.7968449318752846,0.0822765480394106,11.8,3.853717540950029e-07,0.7033429475114756,0.7064888569442234,0.1508946836467027,,0.0411658531975163,0.5571544367624454,4.354245382741254,0.6751260116215645,0.7687628309796546,5.25,0.2033398275045627,0.060731260348103,166.03773584905662,24.98568003893303,16.282699447785333,0.6516812599222197,400.0,0.0043658953188699,0.0027052322225135,0.619628283532402,400.0,-0.1019835456941604,0.0016549724757803,0.1036385181699408,0.1434389912687079,1.0,"2,True,The solver successfully reached the end of the integration interval.",1.841,phi_strong
SF-295,hamming+zero,9,740,25154,1.0000000116860974e-07,3.000000106112566e-06,-34.849998474121094,,NSC740,NSC25154,other,other,,,241279087.64641,244307025.65976915,1.012549525294113,0.2031550681247153,4.6000000000000005,0.7968449318752846,0.0822765480394106,11.8,3.853717540950029e-07,0.7033429475114756,0.7064888569442234,0.1508946836467027,,0.0411658531975163,0.5571544367624454,4.354245382741254,0.6751260116215645,0.7687628309796546,5.25,0.2033398275045627,0.060731260348103,166.03773584905662,24.98568003893303,16.282699447785333,0.6516812599222197,400.0,0.0043658953188699,0.0027052322225135,0.619628283532402,400.0,-0.1019835456941604,0.0016549724757803,0.1036385181699408,0.1434389912687079,1.0,"2,True,The solver successfully reached the end of the integration interval.",3.343,phi_strong
SF-295,linear_curve,2,119875,681239,1.9999999494757503e-05,3.000000106112566e-07,-95.12000274658205,,cisplatin,bortezomib,platinum,proteasome,,,241279087.64641,189440070.38413927,0.7851491491950605,0.0007041349019274,4.6000000000000005,0.9992958650980726,0.456687573629466,,0.1104644953495336,3.163514737114794,0.1655106486891154,0.7811740591804236,,0.0165983485755127,2.4365765243138253,2.033709915012637,0.6054713417629434,0.9990596551191232,5.25,0.0,0.0,400.0,3.568029240982825,2.3662607701278406,0.6631842427042572,400.0,10.166128824773349,6.5755434086234095,0.6468089793038808,400.0,0.3019629109062433,0.1753365489143568,-0.1266263619918864,0.0,1.0,"2,True,The solver successfully reached the end of the integration interval.",9.097,phi_strong
SF-295,linear_curve,4,119875,681239,1.9999999494757503e-05,3.000000106112566e-07,-95.12000274658205,,cisplatin,bortezomib,platinum,proteasome,,,241279087.64641,189440070.38413927,0.7851491491950605,0.0007041349019274,4.6000000000000005,0.9992958650980726,0.456687573629466,,0.1104644953495336,3.163514737114794,0.1655106486891154,0.7811740591804236,,0.0165983485755127,2.4365765243138253,2.033709915012637,0.6054713417629434,0.9990596551191232,5.25,0.0,0.0,400.0,3.568029240982825,2.3662607701278406,0.6631842427042572,400.0,10.166128824773349,6.5755434086234095,0.6468089793038808,400.0,0.3019629109062433,0.1753365489143568,-0.1266263619918864,0.0,1.0,"2,True,The solver successfully reached the end of the integration interval.",8.369,phi_strong
SF-295,ours+zero,2,681239,747973,3.000000106112566e-07,3.000000106112566e-07,-94.7699966430664,,bortezomib,vorinostat,proteasome,hdac_inhibitor,,,241279087.64641,121301638.66125306,0.5027441037037506,0.0001648706641146,4.4,0.9998351293358854,0.5059080095879808,,0.3040696739680811,3.794129313880603,0.0812675402369699,1.090082885044479,,0.0083092492265934,3.4037780512233407,1.7629302818313008,0.6487201337333584,0.9997569375453272,5.25,0.0,0.0,400.0,10.166128824773349,6.619070254712932,0.651090534932357,400.0,15.837288892247397,10.46019962746112,0.6604791829352531,400.0,0.9515025452738298,0.4217191046206348,-0.529783440653195,0.0,1.0,"2,True,The solver successfully reached the end of the integration interval.",4.01,phi_strong
SF-295,linear_curve,9,119875,681239,1.9999999494757503e-05,3.000000106112566e-07,-95.12000274658205,,cisplatin,bortezomib,platinum,proteasome,,,241279087.64641,189440070.38413927,0.7851491491950605,0.0007041349019274,4.6000000000000005,0.9992958650980726,0.456687573629466,,0.1104644953495336,3.163514737114794,0.1655106486891154,0.7811740591804236,,0.0165983485755127,2.4365765243138253,2.033709915012637,0.6054713417629434,0.9990596551191232,5.25,0.0,0.0,400.0,3.568029240982825,2.3662607701278406,0.6631842427042572,400.0,10.166128824773349,6.5755434086234095,0.6468089793038808,400.0,0.3019629109062433,0.1753365489143568,-0.1266263619918864,0.0,1.0,"2,True,The solver successfully reached the end of the integration interval.",7.925,phi_strong
SF-295,ours+zero,4,681239,747973,3.000000106112566e-07,3.000000106112566e-07,-94.7699966430664,,bortezomib,vorinostat,proteasome,hdac_inhibitor,,,241279087.64641,121301638.66125306,0.5027441037037506,0.0001648706641146,4.4,0.9998351293358854,0.5059080095879808,,0.3040696739680811,3.794129313880603,0.0812675402369699,1.090082885044479,,0.0083092492265934,3.4037780512233407,1.7629302818313008,0.6487201337333584,0.9997569375453272,5.25,0.0,0.0,400.0,10.166128824773349,6.619070254712932,0.651090534932357,400.0,15.837288892247397,10.46019962746112,0.6604791829352531,400.0,0.9515025452738298,0.4217191046206348,-0.529783440653195,0.0,1.0,"2,True,The solver successfully reached the end of the integration interval.",3.799,phi_strong
SF-295,ours+zero,9,752,9706,3.000000106112566e-06,4.999999873689376e-06,-55.029998779296875,,thioguanine,triethylenemelamine,antimetabolite,alkylator,,,241279087.64641,238036572.3007988,0.9865611422140196,0.0104854193736193,4.4,0.9895145806263806,0.2778214642033838,,0.0112926539018803,1.9906868960611228,0.3966806732053703,0.4015589583983697,,0.0324371838862672,1.9018596210394496,2.1047866121061536,0.8495542972285697,0.9843555701730364,5.25,0.1843879427084984,0.0448653818382372,173.58490566037736,5.453086025531121,3.625969525549977,0.6649389920814267,400.0,10.226680180513428,6.808662743099685,0.6657744862378064,400.0,-0.1667150871841409,0.0186770141417432,0.1853921013258842,0.1185769576373724,1.0,"2,True,The solver successfully reached the end of the integration interval.",4.87,phi_strong
SF-295,random,2,1390,681239,1.0000000116860974e-07,3.000000106112566e-07,-66.69999694824219,,NSC1390,bortezomib,other,proteasome,,,241279087.64641,237690102.3006035,0.985125170271424,0.0188872078862733,4.4,0.9811127921137266,0.2404245460025123,,0.0119252441847767,1.7351049406969845,0.4332622855288285,0.3632491136417894,,0.0335319677346165,1.372344712588513,2.640186605534274,0.8847699177941107,0.9747658271353512,5.25,0.1843879427084984,0.0380910942784249,173.58490566037736,0.0051048501129721,0.0032662130651086,0.6398254586963774,400.0,10.166128824773349,6.495495932732605,0.6389350405342145,400.0,-0.0208513834786989,0.0142656482900178,0.0351170317687168,0.1137027456496607,1.0,"2,True,The solver successfully reached the end of the integration interval.",4.311,phi_strong
SF-295,random,4,613327,681239,9.99999993922529e-09,3.000000106112566e-07,-88.45999908447266,,gemcitabine,bortezomib,antimetabolite,proteasome,,,241279087.64641,235672584.6459757,0.9767634109730616,0.0112960250319851,4.6000000000000005,0.9887039749680148,0.2755521741315853,,0.0156272769570084,1.9582449625809264,0.3895890902949772,0.4093932132180362,,0.0316405845048854,1.4978979292565202,2.5219223790070733,0.8481988564582142,0.9849429110316628,5.25,0.1843879427084984,0.0339766680013239,173.58490566037736,1.818916898944863,1.2054222736922915,0.6627143188298189,400.0,10.166128824773349,6.506794305533706,0.6400464146861502,400.0,-0.0410096791066947,0.0206525257609379,0.0616622048676326,0.1121774158568593,1.0,"2,True,The solver successfully reached the end of the integration interval.",5.749,phi_strong
SF-295,random,9,119875,681239,1.9999999494757503e-05,3.000000026176508e-09,-27.690000534057617,,cisplatin,bortezomib,platinum,proteasome,,,241279087.64641,244686491.72793815,1.0141222520143214,0.1794481149259614,4.4,0.8205518850740385,0.0783747781092503,10.6,-0.0006736524086913,0.7573338007032357,0.7191242594088293,0.1431960602250216,,0.0417315574602574,0.6071123347675388,4.126502931291553,0.5897479862046483,0.7473236218717976,5.25,0.2033398275045627,0.060731260348103,166.03773584905662,3.568029240982825,2.347787961533758,0.6580069284653767,400.0,0.1016612855389326,0.0561482956234359,0.5523075507630988,400.0,-0.0912597959056453,0.0012457586286626,0.0925055545343079,0.1442733560659902,1.0,"2,True,The solver successfully reached the end of the integration interval.",8.561,phi_strong
SF-295,tanimoto+zero,2,3053,713563,1.000000013351432e-10,9.999999747378752e-05,16.709999084472656,,dactinomycin,arsenic trioxide,dna_intercalator,other,,,241279087.64641,244370850.2396593,1.0128140512441766,0.860685302629234,4.4,0.1393146973707659,0.0053269169775788,4.4,-0.0001130581229515,0.0764283143409564,0.9626201408310208,0.0165450558518188,,0.0187266019092308,0.0266117928459858,7.750812187873789,0.0743697247327691,0.089832553755634,5.25,0.2033398275045627,0.060731260348103,166.03773584905662,0.0021201881466497,0.0004456537900506,0.21019539740136,121.38113399912568,2.24082401906662,1.3367139229899214,0.596527844942821,400.0,-0.0075288200808891,4.25724983714737e-05,0.0075713925792606,0.1419507920038194,1.0,"2,True,The solver successfully reached the end of the integration interval.",3.901,phi_strong
SF-295,tanimoto+zero,4,3088,141540,9.999999747378752e-05,4.999999873689376e-06,-29.2549991607666,,chlorambucil,etoposide,alkylator,topo2,,,241279087.64641,244215744.7327664,1.0121712043716775,0.1794878776255924,4.6000000000000005,0.8205121223744076,0.0826270530536101,11.8,0.000162682016923,0.7571354864574711,0.7012845782196756,0.1541057114616025,,0.041227097345829,0.621484954453462,4.0938080907348064,0.6745201172286984,0.7732503999943401,5.25,0.2033398275045627,0.060731260348103,166.03773584905662,14.387939455354518,9.549610887183956,0.663723316102087,400.0,10.580405627757251,6.652783053202789,0.6287833649543162,400.0,-0.0906931479317301,0.0015900313809936,0.0922831793127237,0.1430300283135661,1.0,"2,True,The solver successfully reached the end of the integration interval.",2.809,phi_strong
SF-295,tanimoto+zero,9,71423,141540,2.9999999242136255e-05,4.999999873689376e-06,-5.110000133514404,,megestrol,etoposide,hormonal,topo2,,,241279087.64641,244494029.20933732,1.0133245760927228,0.2988839241258305,4.6000000000000005,0.7011160758741695,0.0593322392620471,10.4,-0.0003319159309009,0.5356680521318802,0.7674051388788756,0.1149752969030577,,0.0409807314492938,0.2661300780132853,6.091883304365914,0.4240349581266094,0.6694752204231496,5.25,0.2033398275045627,0.060731260348103,166.03773584905662,1974.4489767877471,1316.1905716366457,0.6666115899221516,400.0,10.580405627757251,6.492274540706869,0.6136130096633212,400.0,-0.0797492595460946,0.0009703239821114,0.0807195835282061,0.1434122213870735,1.0,"2,True,The solver successfully reached the end of the integration interval.",2.981,phi_strong
SK-MEL-5,act_hamming+zero,9,740,762,1.0000000116860974e-07,4.999999987376214e-07,1.090000033378601,,NSC740,mechlorethamine,other,alkylator,,,241279087.64641,244520546.38795605,1.0134344786080107,0.559853966881392,4.4,0.440146033118608,0.0229731649104966,7.4,-0.0003790158127274,0.2631979414246376,0.8805668137428115,0.055237685989774,,0.0327711328572452,0.0795012997911172,7.893525758129721,0.0845453753472906,0.3465984555905095,5.25,0.2033398275045627,0.060731260348103,166.03773584905662,3.274310653771972,1.997798693620094,0.6101432957555969,400.0,0.0384073799644939,0.0245272792114775,0.6386084974854328,400.0,-0.0329623767078786,0.0002382203982316,0.0332005971061102,0.1427106642419237,1.0,"2,True,The solver successfully reached the end of the integration interval.",6.028,phi_strong
SK-MEL-5,hamming+zero,9,740,762,1.0000000116860974e-07,4.999999987376214e-07,1.090000033378601,,NSC740,mechlorethamine,other,alkylator,,,241279087.64641,244520546.38795605,1.0134344786080107,0.559853966881392,4.4,0.440146033118608,0.0229731649104966,7.4,-0.0003790158127274,0.2631979414246376,0.8805668137428115,0.055237685989774,,0.0327711328572452,0.0795012997911172,7.893525758129721,0.0845453753472906,0.3465984555905095,5.25,0.2033398275045627,0.060731260348103,166.03773584905662,3.274310653771972,1.997798693620094,0.6101432957555969,400.0,0.0384073799644939,0.0245272792114775,0.6386084974854328,400.0,-0.0329623767078786,0.0002382203982316,0.0332005971061102,0.1427106642419237,1.0,"2,True,The solver successfully reached the end of the integration interval.",5.836,phi_strong
SK-MEL-5,ours+zero,9,755,628503,2.0000000233721948e-07,3.999999975690116e-08,-49.15999984741211,,mercaptopurine,NSC628503,antimetabolite,other,,,241279087.64641,244476689.11824656,1.0132527087325636,0.3740580466207562,4.6000000000000005,0.6259419533792439,0.041615905354005,9.4,-0.000301113653393,0.438231607097911,0.8101467569349234,0.091436302165978,,0.0387665217780098,0.1537466819844766,7.156648300185547,0.2335653788893574,0.5522889005475646,5.25,0.2033398275045627,0.060731260348103,166.03773584905662,18.689170516814112,12.402080974820269,0.6635971865986493,400.0,11.59229589536313,7.423973295629461,0.6404230329040359,400.0,-0.0607626488492529,0.0006113151635167,0.0613739640127697,0.1429915985346491,1.0,"2,True,The solver successfully reached the end of the integration interval.",8.058,phi_strong
SK-MEL-5,linear_curve,9,92859,747973,6.000000212225132e-06,2.999999892949745e-08,-97.72000122070312,,dromostanolone,vorinostat,hormonal,hdac_inhibitor,,,241279087.64641,239518534.37475345,0.9927032496316603,0.0102285669899301,5.0,0.98977143301007,0.3052670426554386,,0.0085972162105673,2.001116933048225,0.3798527968033354,0.42038467159803,,0.03135032572241,1.4075670791684638,2.643927544021378,0.8117392417444714,0.9893310662421884,5.25,0.190568164729299,0.0550853987870166,171.0691823899371,7.44836971296567,4.925411469673506,0.6612737631833243,400.0,2.0707176646457612,1.343524182972312,0.6488205542990573,400.0,-0.4262203106934348,0.0280475880030048,0.4542678986964397,0.1361003167640756,1.0,"2,True,The solver successfully reached the end of the integration interval.",9.726,phi_strong
SK-MEL-5,random,9,180973,628503,7.000000096013537e-06,3.999999975690116e-08,-30.979999542236328,,tamoxifen,NSC628503,hormonal,other,,,241279087.64641,244495540.7306718,1.0133308407108013,0.4597070746990546,4.6000000000000005,0.5402929253009454,0.0341903175394531,8.8,-0.0003346008363271,0.3486894212744011,0.8380636854835644,0.0767229775473243,,0.0368158765692164,0.1189209571275744,7.528918099312856,0.1913633687770876,0.4883614437955926,5.25,0.2033398275045627,0.060731260348103,166.03773584905662,749.5384150207869,499.4713239820345,0.6663718816442286,400.0,11.59229589536313,7.390584844613134,0.6375428052668443,400.0,-0.053372034860448,0.0004825444094155,0.0538545792698635,0.1429181219235978,1.0,"2,True,The solver successfully reached the end of the integration interval.",4.539,phi_strong
SR,act_hamming+zero,6,26980,747971,4.999999987376214e-07,1.9999999949504854e-06,-94.94000244140624,,mitomycin,sorafenib,alkylator,kinase_inhibitor,,,241279087.64641,198308721.0209792,0.8219059635686161,0.001311817591688,4.6000000000000005,0.998688182408312,0.4189151643490977,,0.0905945281590877,2.893297158121075,0.1978137759758339,0.7037434669251026,,0.0195481063312593,2.5732504586767395,1.8821542080539304,0.6622243152445836,0.9982520820555464,5.25,0.0,0.0,400.0,90.80036472291091,60.60288475815068,0.6674299706073674,400.0,0.9043599849896466,0.5903272301884902,0.6527569109498453,400.0,0.7816058750062225,0.1140015051599726,-0.6676043698462498,0.0,1.0,"2,True,The solver successfully reached the end of the integration interval.",7.99,phi_strong
SK-MEL-5,tanimoto+zero,9,92859,119875,6.000000212225132e-06,1.9999999949504854e-06,-91.9499969482422,,dromostanolone,cisplatin,hormonal,platinum,,,241279087.64641,242203078.6891085,1.0038295529534351,0.0308348116294466,4.800000000000001,0.9691651883705532,0.2188707775758738,15.6,0.0037566825078298,1.5220149378387111,0.480364126419075,0.3184294331591671,,0.0355268956237092,1.1603452867281747,2.91518016673965,0.8886387507533419,0.9669809957659828,5.25,0.1968849621189929,0.0550853987870166,168.55345911949686,7.44836971296567,4.921484724330841,0.6607465679051644,400.0,0.3724807083952616,0.2451283033692672,0.6580966419048657,400.0,-0.2616027651689463,0.0107113371942507,0.2723141023631971,0.1379336671301045,1.0,"2,True,The solver successfully reached the end of the integration interval.",13.236,phi_strong
SR,hamming+zero,6,26980,747971,4.999999987376214e-07,1.9999999949504854e-06,-94.94000244140624,,mitomycin,sorafenib,alkylator,kinase_inhibitor,,,241279087.64641,198308721.0209792,0.8219059635686161,0.001311817591688,4.6000000000000005,0.998688182408312,0.4189151643490977,,0.0905945281590877,2.893297158121075,0.1978137759758339,0.7037434669251026,,0.0195481063312593,2.5732504586767395,1.8821542080539304,0.6622243152445836,0.9982520820555464,5.25,0.0,0.0,400.0,90.80036472291091,60.60288475815068,0.6674299706073674,400.0,0.9043599849896466,0.5903272301884902,0.6527569109498453,400.0,0.7816058750062225,0.1140015051599726,-0.6676043698462498,0.0,1.0,"2,True,The solver successfully reached the end of the integration interval.",7.99,phi_strong
SR,linear_curve,6,9706,26980,4.999999873689376e-06,4.999999987376214e-07,-98.98999786376952,,triethylenemelamine,mitomycin,alkylator,alkylator,,,241279087.64641,3935695.1798167434,0.016311795681126,2.379482823572995e-06,4.6000000000000005,0.9999976205171764,0.5420310014937612,,1.7929148868602909,5.634688034518449,0.0113589817835527,1.944660596935163,,0.0002007976584722,5.4505101471628885,1.8729523806774824,0.9984233939792844,0.9999967774298708,5.25,0.0,0.0,400.0,92.42422518636896,61.69800348149197,0.6675522933200786,400.0,90.80036472291091,60.61382728252946,0.6675504825063248,400.0,0.9994922755681852,0.980164737928858,-0.019327537639327,0.0,1.0,"2,True,The solver successfully reached the end of the integration interval.",5.964,phi_strong
SR,ours+zero,6,26980,747971,4.999999987376214e-07,1.9999999949504854e-06,-94.94000244140624,,mitomycin,sorafenib,alkylator,kinase_inhibitor,,,241279087.64641,198308721.0209792,0.8219059635686161,0.001311817591688,4.6000000000000005,0.998688182408312,0.4189151643490977,,0.0905945281590877,2.893297158121075,0.1978137759758339,0.7037434669251026,,0.0195481063312593,2.5732504586767395,1.8821542080539304,0.6622243152445836,0.9982520820555464,5.25,0.0,0.0,400.0,90.80036472291091,60.60288475815068,0.6674299706073674,400.0,0.9043599849896466,0.5903272301884902,0.6527569109498453,400.0,0.7816058750062225,0.1140015051599726,-0.6676043698462498,0.0,1.0,"2,True,The solver successfully reached the end of the integration interval.",7.137,phi_strong
SR,random,6,26980,747971,4.999999987376214e-07,1.9999999949504854e-06,-94.94000244140624,,mitomycin,sorafenib,alkylator,kinase_inhibitor,,,241279087.64641,198308721.0209792,0.8219059635686161,0.001311817591688,4.6000000000000005,0.998688182408312,0.4189151643490977,,0.0905945281590877,2.893297158121075,0.1978137759758339,0.7037434669251026,,0.0195481063312593,2.5732504586767395,1.8821542080539304,0.6622243152445836,0.9982520820555464,5.25,0.0,0.0,400.0,90.80036472291091,60.60288475815068,0.6674299706073674,400.0,0.9043599849896466,0.5903272301884902,0.6527569109498453,400.0,0.7816058750062225,0.1140015051599726,-0.6676043698462498,0.0,1.0,"2,True,The solver successfully reached the end of the integration interval.",7.24,phi_strong
SR,tanimoto+zero,6,26980,747971,4.999999987376214e-07,1.9999999949504854e-06,-94.94000244140624,,mitomycin,sorafenib,alkylator,kinase_inhibitor,,,241279087.64641,198308721.0209792,0.8219059635686161,0.001311817591688,4.6000000000000005,0.998688182408312,0.4189151643490977,,0.0905945281590877,2.893297158121075,0.1978137759758339,0.7037434669251026,,0.0195481063312593,2.5732504586767395,1.8821542080539304,0.6622243152445836,0.9982520820555464,5.25,0.0,0.0,400.0,90.80036472291091,60.60288475815068,0.6674299706073674,400.0,0.9043599849896466,0.5903272301884902,0.6527569109498453,400.0,0.7816058750062225,0.1140015051599726,-0.6676043698462498,0.0,1.0,"2,True,The solver successfully reached the end of the integration interval.",7.249,phi_strong
U251,act_hamming+zero,9,85998,409962,9.999999747378752e-05,1.9999999949504854e-06,-40.290000915527344,,streptozocin,carmustine,alkylator,alkylator,,,241279087.64641,244327380.7042708,1.0126338883638686,0.9423219923141534,4.4,0.0576780076858466,0.0024258006398838,3.2,-3.5797440573223475e-05,0.037073374214652,0.9800564629281292,0.0087489030506289,,0.0119658796687929,0.0141072686643853,6.314194654965211,0.2138371641549302,0.0368533567549539,5.25,0.2033398275045627,0.0578624312878497,166.03773584905662,0.057991673115147,0.0368275715448172,0.6350493021936638,400.0,0.0419885926861412,0.0266596990402789,0.634927186999488,400.0,-0.0042345652604169,3.308459982021006e-05,0.0042676498602371,0.1417863692291066,1.0,"2,True,The solver successfully reached the end of the integration interval.",17.754,phi_strong
U251,linear_curve,9,26980,754143,4.999999969612645e-09,9.99999993922529e-09,-90.36000061035156,,mitomycin,bendamustine,alkylator,alkylator,,,241279087.64641,236795765.8993432,0.9814185232926732,0.0135340149216955,4.4,0.9864659850783044,0.2590611577912294,,0.0135624091670179,1.8798460502300456,0.4057555195028846,0.3917355637424163,,0.0326850882707171,1.8478191265046064,2.145617320467079,0.8683777032117603,0.9802518503504692,5.25,0.1843879427084984,0.0359946996815853,173.58490566037736,1.828253653194684,1.2132854610512402,0.6636308145377692,400.0,16.209099229005094,10.80056336744086,0.6663271792496634,400.0,-0.0190625264366259,0.0168591876640819,0.0359217141007078,0.1127925903260467,1.0,"2,True,The solver successfully reached the end of the integration interval.",1.714,phi_strong
U251,hamming+zero,9,85998,409962,9.999999747378752e-05,1.9999999949504854e-06,-40.290000915527344,,streptozocin,carmustine,alkylator,alkylator,,,241279087.64641,244327380.7042708,1.0126338883638686,0.9423219923141534,4.4,0.0576780076858466,0.0024258006398838,3.2,-3.5797440573223475e-05,0.037073374214652,0.9800564629281292,0.0087489030506289,,0.0119658796687929,0.0141072686643853,6.314194654965211,0.2138371641549302,0.0368533567549539,5.25,0.2033398275045627,0.0578624312878497,166.03773584905662,0.057991673115147,0.0368275715448172,0.6350493021936638,400.0,0.0419885926861412,0.0266596990402789,0.634927186999488,400.0,-0.0042345652604169,3.308459982021006e-05,0.0042676498602371,0.1417863692291066,1.0,"2,True,The solver successfully reached the end of the integration interval.",16.839,phi_strong
U251,random,9,45388,713563,4.999999873689376e-06,9.999999747378752e-05,-51.60699844360352,,dacarbazine,arsenic trioxide,alkylator,other,,,241279087.64641,244524122.17117515,1.0134492987204953,0.5768422586932868,4.4,0.4231577413067132,0.022282860423742,7.4,-0.0003853667373787,0.2502156324912719,0.8831977633240192,0.0539420394532664,,0.0324781570484242,0.0775770998642613,7.911521272648253,0.084511182933598,0.3342104915917537,5.25,0.2033398275045627,0.060731260348103,166.03773584905662,0.771889939037878,0.4948863919654975,0.6411359533748406,400.0,2.456617606864609,1.47929149686233,0.6021659588894487,400.0,-0.0285018403506795,0.0002246333677117,0.0287264737183913,0.1426859155988461,1.0,"2,True,The solver successfully reached the end of the integration interval.",7.549,phi_strong
U251,ours+zero,9,85998,409962,9.999999747378752e-05,1.9999999949504854e-06,-40.290000915527344,,streptozocin,carmustine,alkylator,alkylator,,,241279087.64641,244327380.7042708,1.0126338883638686,0.9423219923141534,4.4,0.0576780076858466,0.0024258006398838,3.2,-3.5797440573223475e-05,0.037073374214652,0.9800564629281292,0.0087489030506289,,0.0119658796687929,0.0141072686643853,6.314194654965211,0.2138371641549302,0.0368533567549539,5.25,0.2033398275045627,0.0578624312878497,166.03773584905662,0.057991673115147,0.0368275715448172,0.6350493021936638,400.0,0.0419885926861412,0.0266596990402789,0.634927186999488,400.0,-0.0042345652604169,3.308459982021006e-05,0.0042676498602371,0.1417863692291066,1.0,"2,True,The solver successfully reached the end of the integration interval.",16.645,phi_strong
U251,tanimoto+zero,9,85998,409962,9.999999747378752e-05,1.9999999949504854e-06,-40.290000915527344,,streptozocin,carmustine,alkylator,alkylator,,,241279087.64641,244327380.7042708,1.0126338883638686,0.9423219923141534,4.4,0.0576780076858466,0.0024258006398838,3.2,-3.5797440573223475e-05,0.037073374214652,0.9800564629281292,0.0087489030506289,,0.0119658796687929,0.0141072686643853,6.314194654965211,0.2138371641549302,0.0368533567549539,5.25,0.2033398275045627,0.0578624312878497,166.03773584905662,0.057991673115147,0.0368275715448172,0.6350493021936638,400.0,0.0419885926861412,0.0266596990402789,0.634927186999488,400.0,-0.0042345652604169,3.308459982021006e-05,0.0042676498602371,0.1417863692291066,1.0,"2,True,The solver successfully reached the end of the integration interval.",15.058,phi_strong
BT-549,act_hamming+zero,8,750,105014,4.999999873689376e-05,1.0000000116860974e-07,32.560001373291016,,NSC750,cladribine,other,antimetabolite,,,241279087.64641,244380030.65285215,1.012852100182783,0.7655376848414833,4.4,0.2344623151585166,0.0108013610769855,6.200000000000001,-0.0001293731944842,0.1273061267867693,0.9346790978289172,0.0293374693024302,,0.0252465424597137,0.0443053046256682,8.086272653239115,0.0624187143224518,0.1808447623481931,5.25,0.2033398275045627,0.060731260348103,166.03773584905662,4.128523645071777,2.532984367645146,0.6135327263218588,400.0,0.0518059910829652,0.0335111366610726,0.6468583258528118,400.0,-0.0160810552220989,0.0001255686665094,0.0162066238886083,0.1420873115528924,1.0,"2,True,The solver successfully reached the end of the integration interval.",7.354,phi_weak
BT-549,hamming+zero,8,750,105014,4.999999873689376e-05,1.0000000116860974e-07,32.560001373291016,,NSC750,cladribine,other,antimetabolite,,,241279087.64641,244380030.65285215,1.012852100182783,0.7655376848414833,4.4,0.2344623151585166,0.0108013610769855,6.200000000000001,-0.0001293731944842,0.1273061267867693,0.9346790978289172,0.0293374693024302,,0.0252465424597137,0.0443053046256682,8.086272653239115,0.0624187143224518,0.1808447623481931,5.25,0.2033398275045627,0.060731260348103,166.03773584905662,4.128523645071777,2.532984367645146,0.6135327263218588,400.0,0.0518059910829652,0.0335111366610726,0.6468583258528118,400.0,-0.0160810552220989,0.0001255686665094,0.0162066238886083,0.1420873115528924,1.0,"2,True,The solver successfully reached the end of the integration interval.",7.367,phi_weak
BT-549,linear_curve,8,67574,246131,1.0000000116860974e-07,1.9999999494757503e-05,-89.91000366210938,,vincristine,mitoxantrone,antimitotic,dna_intercalator,,,241279087.64641,215896910.01205957,0.8948015848288206,0.0031401050781126,4.6000000000000005,0.9968598949218874,0.3665982452924779,,0.0536899151366569,2.5142264274660446,0.275610115562609,0.559704846806494,,0.0242127100191996,1.3022944378586991,3.0041340098553877,0.7298712904326871,0.9959753406532816,5.25,0.1028606569275243,0.0,213.8364779874214,11.374212191331845,6.8637670860592666,0.6034498891527682,400.0,11.704019281956482,6.934920600196104,0.5925247073787152,400.0,0.5481117520389359,0.061766259901135,-0.4863454921378008,0.0280291339524496,1.0,"2,True,The solver successfully reached the end of the integration interval.",1.633,phi_weak
BT-549,ours+zero,8,125973,681239,2.999999892949745e-08,3.000000106112566e-07,-95.31999969482422,,paclitaxel,bortezomib,antimitotic,proteasome,,,241279087.64641,229643389.59561932,0.9517749417726472,0.0091925311783945,5.0,0.9908074688216054,0.3219419775606916,,0.026882393207808,2.0474966153376193,0.3229805808120781,0.4908235888134441,,0.0277023970544802,1.396011483964256,2.753260761289333,0.7733589187037884,0.9906697104758356,5.25,0.1666518025896331,0.023430512056881,181.13207547169813,1.7676312857947352,1.0603299391367302,0.5998592283684326,400.0,5.224603901442932,3.3081172511853545,0.6331804886245478,400.0,-0.1699903498952106,0.0415047755421102,0.2114951254373209,0.095044762861235,1.0,"2,True,The solver successfully reached the end of the integration interval.",1.558,phi_weak
BT-549,random,8,105014,628503,9.999999974752427e-07,3.999999886872274e-09,13.720000267028809,,cladribine,NSC628503,antimetabolite,other,,,241279087.64641,244499088.15255657,1.0133455432775236,0.4093921736072327,4.4,0.5906078263927672,0.0402135683893471,9.2,-0.0003409020333488,0.3991331652486183,0.820190039058632,0.0860855093817935,,0.0380989361272259,0.1390042951209339,7.30827136867652,0.204146628016349,0.5275148013837109,5.25,0.2033398275045627,0.060731260348103,166.03773584905662,0.5180599034675787,0.3386735525307193,0.6537343466727381,400.0,1.0679288136544656,0.6549931762414901,0.613330371712788,400.0,-0.0536133375731904,0.0005289662421996,0.05414230381539,0.1429646135944775,1.0,"2,True,The solver successfully reached the end of the integration interval.",4.075,phi_weak
BT-549,tanimoto+zero,8,750,105014,4.999999873689376e-05,1.0000000116860974e-07,32.560001373291016,,NSC750,cladribine,other,antimetabolite,,,241279087.64641,244380030.65285215,1.012852100182783,0.7655376848414833,4.4,0.2344623151585166,0.0108013610769855,6.200000000000001,-0.0001293731944842,0.1273061267867693,0.9346790978289172,0.0293374693024302,,0.0252465424597137,0.0443053046256682,8.086272653239115,0.0624187143224518,0.1808447623481931,5.25,0.2033398275045627,0.060731260348103,166.03773584905662,4.128523645071777,2.532984367645146,0.6135327263218588,400.0,0.0518059910829652,0.0335111366610726,0.6468583258528118,400.0,-0.0160810552220989,0.0001255686665094,0.0162066238886083,0.1420873115528924,1.0,"2,True,The solver successfully reached the end of the integration interval.",7.219,phi_weak
HCT-15,act_hamming+zero,2,740,762,1.0000000116860974e-07,4.999999987376214e-07,-7.039999961853027,,NSC740,mechlorethamine,other,alkylator,,,241279087.64641,244425152.5498918,1.0130391114048487,0.3645021280691232,4.6000000000000005,0.6354978719308768,0.0442543541444427,9.6,-0.0002095531583078,0.4494705404875325,0.8001866474664137,0.0968086998703413,,0.0393547799355766,0.1699582351286304,6.989222771950264,0.2560666818594488,0.5738125198781491,5.25,0.2033398275045627,0.060731260348103,166.03773584905662,11.084599787238917,7.118915971276129,0.6422348219979707,400.0,0.0249483530145913,0.0161783908068048,0.6484753040548525,400.0,-0.056629200658181,0.0006580608167089,0.0572872614748899,0.1428380401625044,1.0,"2,True,The solver successfully reached the end of the integration interval.",3.323,phi_weak
HCT-15,hamming+zero,2,740,762,1.0000000116860974e-07,4.999999987376214e-07,-7.039999961853027,,NSC740,mechlorethamine,other,alkylator,,,241279087.64641,244425152.5498918,1.0130391114048487,0.3645021280691232,4.6000000000000005,0.6354978719308768,0.0442543541444427,9.6,-0.0002095531583078,0.4494705404875325,0.8001866474664137,0.0968086998703413,,0.0393547799355766,0.1699582351286304,6.989222771950264,0.2560666818594488,0.5738125198781491,5.25,0.2033398275045627,0.060731260348103,166.03773584905662,11.084599787238917,7.118915971276129,0.6422348219979707,400.0,0.0249483530145913,0.0161783908068048,0.6484753040548525,400.0,-0.056629200658181,0.0006580608167089,0.0572872614748899,0.1428380401625044,1.0,"2,True,The solver successfully reached the end of the integration interval.",3.075,phi_weak
HCT-15,linear_curve,2,681239,754230,3.000000106112566e-07,9.999999960041972e-13,-75.93000030517578,,bortezomib,romidepsin,proteasome,hdac_inhibitor,,,241279087.64641,243729423.03863335,1.0101556061742667,0.0942450817634968,4.800000000000001,0.9057549182365032,0.1396606874141301,13.6,0.0010283813293727,1.0367975419450617,0.5934471026084064,0.2266179861771344,,0.0388501404190631,0.8628731045346745,3.438478453881933,0.8863021010682545,0.8991212861521736,5.25,0.1968849621189929,0.0578624312878497,168.55345911949686,2.756535066484806,1.6682684416320392,0.6052048682113998,400.0,0.001923121509994,0.0012234888926695,0.6361994737781235,400.0,-0.1557558123287612,0.0042512340367539,0.1600070463655152,0.1375165762835342,1.0,"2,True,The solver successfully reached the end of the integration interval.",4.02,phi_weak
HCT-15,random,2,686673,747973,1.9999999949504854e-06,3.000000106112566e-07,7.989999771118164,,NSC686673,vorinostat,other,hdac_inhibitor,,,241279087.64641,244399585.89245287,1.0129331483987367,0.770392158626882,4.4,0.2296078413731179,0.0095412915480158,5.6,-0.0001641239589103,0.1245608474933086,0.9400248769990096,0.0268606529955821,,0.0241253505148561,0.0406020191516097,8.042264417957643,0.0452016341092399,0.1598312285142307,5.25,0.2033398275045627,0.060731260348103,166.03773584905662,0.0307498045165011,0.01775897216541,0.5775312215685829,400.0,2.3786622021631074,1.4626556801911197,0.6149068492621651,400.0,-0.0123266731168643,8.328011353120335e-05,0.0124099532303955,0.1420988907787227,1.0,"2,True,The solver successfully reached the end of the integration interval.",1.647,phi_weak
HCT-15,tanimoto+zero,2,681239,754230,3.000000106112566e-07,9.999999960041972e-13,-75.93000030517578,,bortezomib,romidepsin,proteasome,hdac_inhibitor,,,241279087.64641,243729423.03863335,1.0101556061742667,0.0942450817634968,4.800000000000001,0.9057549182365032,0.1396606874141301,13.6,0.0010283813293727,1.0367975419450617,0.5934471026084064,0.2266179861771344,,0.0388501404190631,0.8628731045346745,3.438478453881933,0.8863021010682545,0.8991212861521736,5.25,0.1968849621189929,0.0578624312878497,168.55345911949686,2.756535066484806,1.6682684416320392,0.6052048682113998,400.0,0.001923121509994,0.0012234888926695,0.6361994737781235,400.0,-0.1557558123287612,0.0042512340367539,0.1600070463655152,0.1375165762835342,1.0,"2,True,The solver successfully reached the end of the integration interval.",3.917,phi_weak
HS 578T,act_hamming+zero,2,1390,747973,9.999999747378752e-06,3.000000106112566e-07,-74.66000366210938,,NSC1390,vorinostat,other,hdac_inhibitor,,,241279087.64641,228794370.92676175,0.9482561176709008,0.0082691596821994,4.4,0.9917308403178006,0.2939102839952937,,0.0284910065299443,2.0938113227163857,0.3458212783246155,0.4611482881741307,,0.0295668878854048,2.144290347640826,1.9706486625252269,0.8316211601836042,0.9881715709445524,5.25,0.1610029557745819,0.0,183.6477987421384,0.4647546002912271,0.3024140518359686,0.6506961989111419,400.0,20.643580204271405,13.633663656971152,0.6604311617492679,400.0,0.4527033320202989,0.0272582537380408,-0.4254450782822581,0.0747134190856912,1.0,"2,True,The solver successfully reached the end of the integration interval.",6.758,phi_weak
HCT-15,ours+zero,2,26980,681239,4.999999987376214e-07,3.000000106112566e-07,-85.52999877929688,,mitomycin,bortezomib,alkylator,proteasome,,,241279087.64641,240698314.8516076,0.9975929418480995,0.0271116989420085,4.800000000000001,0.9728883010579914,0.2351447603505475,,0.0064632919943486,1.5778995041994364,0.4496911841949161,0.3470856263147132,,0.0342564520898779,1.2228538376236249,2.843877515998182,0.8769826387485938,0.9714983766556696,5.25,0.190568164729299,0.0523986702186213,171.0691823899371,0.0095000025785706,0.0062535904378325,0.6582724989926775,400.0,2.756535066484806,1.717584253883038,0.6230953760633051,400.0,-0.2384504019758782,0.0137414833583066,0.2521918853341848,0.1293693731429919,1.0,"2,True,The solver successfully reached the end of the integration interval.",14.613,phi_weak
HS 578T,linear_curve,2,1390,681239,9.999999974752427e-07,3.000000106112566e-07,-95.26000213623048,,NSC1390,bortezomib,other,proteasome,,,241279087.64641,244525208.4235381,1.0134538007781475,0.2411509897852704,4.6000000000000005,0.7588490102147296,0.0680989184974884,10.4,-0.0003872960045411,0.6288815598969488,0.7426024573311687,0.1292436179921639,,0.0416322851741441,0.4172724795161667,5.02253116912867,0.5130379334151214,0.7188182595827646,5.25,0.2033398275045627,0.060731260348103,166.03773584905662,0.0464754610858523,0.028409908316601,0.6112883584763268,400.0,2.6960701894000954,1.5438656450461763,0.5726355534496315,400.0,-0.081469939916438,0.001097769019858,0.082567708936296,0.1436112355436247,1.0,"2,True,The solver successfully reached the end of the integration interval.",1.536,phi_weak
HS 578T,hamming+zero,2,1390,747973,9.999999747378752e-06,3.000000106112566e-07,-74.66000366210938,,NSC1390,vorinostat,other,hdac_inhibitor,,,241279087.64641,228794370.92676175,0.9482561176709008,0.0082691596821994,4.4,0.9917308403178006,0.2939102839952937,,0.0284910065299443,2.0938113227163857,0.3458212783246155,0.4611482881741307,,0.0295668878854048,2.144290347640826,1.9706486625252269,0.8316211601836042,0.9881715709445524,5.25,0.1610029557745819,0.0,183.6477987421384,0.4647546002912271,0.3024140518359686,0.6506961989111419,400.0,20.643580204271405,13.633663656971152,0.6604311617492679,400.0,0.4527033320202989,0.0272582537380408,-0.4254450782822581,0.0747134190856912,1.0,"2,True,The solver successfully reached the end of the integration interval.",6.306,phi_weak
HS 578T,ours+zero,2,1390,747973,9.999999747378752e-06,3.000000106112566e-07,-74.66000366210938,,NSC1390,vorinostat,other,hdac_inhibitor,,,241279087.64641,228794370.92676175,0.9482561176709008,0.0082691596821994,4.4,0.9917308403178006,0.2939102839952937,,0.0284910065299443,2.0938113227163857,0.3458212783246155,0.4611482881741307,,0.0295668878854048,2.144290347640826,1.9706486625252269,0.8316211601836042,0.9881715709445524,5.25,0.1610029557745819,0.0,183.6477987421384,0.4647546002912271,0.3024140518359686,0.6506961989111419,400.0,20.643580204271405,13.633663656971152,0.6604311617492679,400.0,0.4527033320202989,0.0272582537380408,-0.4254450782822581,0.0747134190856912,1.0,"2,True,The solver successfully reached the end of the integration interval.",6.452,phi_weak
HS 578T,random,2,1390,747973,9.999999747378752e-06,3.000000106112566e-07,-74.66000366210938,,NSC1390,vorinostat,other,hdac_inhibitor,,,241279087.64641,228794370.92676175,0.9482561176709008,0.0082691596821994,4.4,0.9917308403178006,0.2939102839952937,,0.0284910065299443,2.0938113227163857,0.3458212783246155,0.4611482881741307,,0.0295668878854048,2.144290347640826,1.9706486625252269,0.8316211601836042,0.9881715709445524,5.25,0.1610029557745819,0.0,183.6477987421384,0.4647546002912271,0.3024140518359686,0.6506961989111419,400.0,20.643580204271405,13.633663656971152,0.6604311617492679,400.0,0.4527033320202989,0.0272582537380408,-0.4254450782822581,0.0747134190856912,1.0,"2,True,The solver successfully reached the end of the integration interval.",6.376,phi_weak
HS 578T,tanimoto+zero,2,1390,747973,9.999999747378752e-06,3.000000106112566e-07,-74.66000366210938,,NSC1390,vorinostat,other,hdac_inhibitor,,,241279087.64641,228794370.92676175,0.9482561176709008,0.0082691596821994,4.4,0.9917308403178006,0.2939102839952937,,0.0284910065299443,2.0938113227163857,0.3458212783246155,0.4611482881741307,,0.0295668878854048,2.144290347640826,1.9706486625252269,0.8316211601836042,0.9881715709445524,5.25,0.1610029557745819,0.0,183.6477987421384,0.4647546002912271,0.3024140518359686,0.6506961989111419,400.0,20.643580204271405,13.633663656971152,0.6604311617492679,400.0,0.4527033320202989,0.0272582537380408,-0.4254450782822581,0.0747134190856912,1.0,"2,True,The solver successfully reached the end of the integration interval.",6.349,phi_weak
HT29,act_hamming+zero,3,92859,673596,6.000000212225132e-06,9.999999717180683e-10,1.919999957084656,,dromostanolone,NSC673596,hormonal,other,,,241279087.64641,244498848.692322,1.013344550815902,0.3819345091626671,4.800000000000001,0.6180654908373329,0.0485808403760944,9.8,-0.0003404766889836,0.4290673372729194,0.7902907203487096,0.1022131175483245,,0.0398705949594209,0.1926688181018236,6.774480257159522,0.3520917116754264,0.6014479376065742,5.25,0.2033398275045627,0.060731260348103,166.03773584905662,35.89050091294007,23.770254915312652,0.662299335776126,400.0,0.0534579804274952,0.0324560375258803,0.607131755938671,400.0,-0.0683541508956513,0.0008242999657137,0.069178450861365,0.1432598090743798,1.0,"2,True,The solver successfully reached the end of the integration interval.",4.634,phi_weak
HT29,hamming+zero,3,92859,673596,6.000000212225132e-06,9.999999717180683e-10,1.919999957084656,,dromostanolone,NSC673596,hormonal,other,,,241279087.64641,244498848.692322,1.013344550815902,0.3819345091626671,4.800000000000001,0.6180654908373329,0.0485808403760944,9.8,-0.0003404766889836,0.4290673372729194,0.7902907203487096,0.1022131175483245,,0.0398705949594209,0.1926688181018236,6.774480257159522,0.3520917116754264,0.6014479376065742,5.25,0.2033398275045627,0.060731260348103,166.03773584905662,35.89050091294007,23.770254915312652,0.662299335776126,400.0,0.0534579804274952,0.0324560375258803,0.607131755938671,400.0,-0.0683541508956513,0.0008242999657137,0.069178450861365,0.1432598090743798,1.0,"2,True,The solver successfully reached the end of the integration interval.",4.611,phi_weak
HT29,linear_curve,3,681239,686673,3.000000106112566e-07,2.0000000233721948e-07,-61.86000061035156,,bortezomib,NSC686673,proteasome,other,,,241279087.64641,205720541.2108631,0.8526248305130478,0.0029139707143039,5.0,0.997086029285696,0.3936456667854907,,0.0746586835540427,2.546446544128615,0.2239869955226087,0.649777195669052,,0.0210312542510157,1.7722315345432478,2.472579693393368,0.6822748513191523,0.9970290885263884,5.25,0.0219192272371586,0.0,289.30817610062894,19.3674899915252,12.56990408298726,0.6490208121180174,400.0,0.0031882667853898,0.0020598041390742,0.6460576475322595,400.0,0.5224534485318681,0.0961290675247991,-0.426324381007069,0.0026453588801324,1.0,"2,True,The solver successfully reached the end of the integration interval.",5.715,phi_weak
HT29,ours+zero,3,409962,754143,1.9999999949504854e-06,9.99999993922529e-09,-72.94999694824219,,carmustine,bendamustine,alkylator,alkylator,,,241279087.64641,237920110.4153213,0.9860784568449162,0.0163586130863441,4.4,0.983641386913656,0.2443908910024435,,0.0115051890214031,1.797526220599882,0.4242521069423355,0.3723759921896434,,0.0335429857643243,1.8473862990481995,2.131233410380573,0.8812537320900484,0.9758577228727344,5.25,0.1843879427084984,0.0402673444188251,173.58490566037736,0.0637659195481261,0.0422278493446129,0.662232265195239,400.0,13.68780180499778,9.11941206582285,0.6662437253067991,400.0,-0.0254062623074897,0.0142625379405254,0.0396688002480152,0.1143922974606793,1.0,"2,True,The solver successfully reached the end of the integration interval.",7.786,phi_weak
HT29,random,3,409962,754143,1.9999999949504854e-06,9.99999993922529e-09,-72.94999694824219,,carmustine,bendamustine,alkylator,alkylator,,,241279087.64641,237920110.4153213,0.9860784568449162,0.0163586130863441,4.4,0.983641386913656,0.2443908910024435,,0.0115051890214031,1.797526220599882,0.4242521069423355,0.3723759921896434,,0.0335429857643243,1.8473862990481995,2.131233410380573,0.8812537320900484,0.9758577228727344,5.25,0.1843879427084984,0.0402673444188251,173.58490566037736,0.0637659195481261,0.0422278493446129,0.662232265195239,400.0,13.68780180499778,9.11941206582285,0.6662437253067991,400.0,-0.0254062623074897,0.0142625379405254,0.0396688002480152,0.1143922974606793,1.0,"2,True,The solver successfully reached the end of the integration interval.",7.695,phi_weak
HT29,tanimoto+zero,3,92859,673596,6.000000212225132e-06,9.999999717180683e-10,1.919999957084656,,dromostanolone,NSC673596,hormonal,other,,,241279087.64641,244498848.692322,1.013344550815902,0.3819345091626671,4.800000000000001,0.6180654908373329,0.0485808403760944,9.8,-0.0003404766889836,0.4290673372729194,0.7902907203487096,0.1022131175483245,,0.0398705949594209,0.1926688181018236,6.774480257159522,0.3520917116754264,0.6014479376065742,5.25,0.2033398275045627,0.060731260348103,166.03773584905662,35.89050091294007,23.770254915312652,0.662299335776126,400.0,0.0534579804274952,0.0324560375258803,0.607131755938671,400.0,-0.0683541508956513,0.0008242999657137,0.069178450861365,0.1432598090743798,1.0,"2,True,The solver successfully reached the end of the integration interval.",4.694,phi_weak
KM12,act_hamming+zero,5,26271,747973,9.999999747378752e-06,3.000000106112566e-07,0.8999999761581421,,cyclophosphamide,vorinostat,alkylator,hdac_inhibitor,,,241279087.64641,229197448.39063224,0.9499267036624276,0.0085551435068986,4.4,0.9914448564931012,0.2913683684111855,,0.0277265633405581,2.0790454022595117,0.3491448297695101,0.4569943847247751,,0.0297446398846003,2.1273986045708986,1.9794727434296808,0.8345864319097148,0.9877376134505684,5.25,0.1666518025896331,0.0,181.13207547169813,17.97405850448311,11.98172744584148,0.6666122424633805,400.0,20.111380442073887,13.281094710941732,0.6603770809863007,400.0,0.439432502062027,0.0264868836721451,-0.4129456183898818,0.0797731170340921,1.0,"2,True,The solver successfully reached the end of the integration interval.",7.436,phi_weak
KM12,hamming+zero,5,26271,747973,9.999999747378752e-06,3.000000106112566e-07,0.8999999761581421,,cyclophosphamide,vorinostat,alkylator,hdac_inhibitor,,,241279087.64641,229197448.39063224,0.9499267036624276,0.0085551435068986,4.4,0.9914448564931012,0.2913683684111855,,0.0277265633405581,2.0790454022595117,0.3491448297695101,0.4569943847247751,,0.0297446398846003,2.1273986045708986,1.9794727434296808,0.8345864319097148,0.9877376134505684,5.25,0.1666518025896331,0.0,181.13207547169813,17.97405850448311,11.98172744584148,0.6666122424633805,400.0,20.111380442073887,13.281094710941732,0.6603770809863007,400.0,0.439432502062027,0.0264868836721451,-0.4129456183898818,0.0797731170340921,1.0,"2,True,The solver successfully reached the end of the integration interval.",7.573,phi_weak
KM12,ours+zero,5,702294,754143,9.999999747378752e-05,9.99999993922529e-09,-69.5,,NSC702294,bendamustine,other,alkylator,,,241279087.64641,238208615.95193863,0.9872741905466292,0.0123764056696309,4.6000000000000005,0.9876235943303692,0.2806034261148034,,0.0109788759848334,1.918576072604084,0.3910045926365316,0.4078181414660533,,0.0320599638289162,1.7123164024727078,2.2804679150969176,0.839919738710889,0.9847313493482078,5.25,0.1843879427084984,0.047290154371214,173.58490566037736,0.019,0.0122731701931051,0.6459563259529004,400.0,6.952046883678343,4.623858014080734,0.6651074268409193,400.0,-0.2357886464200005,0.0208184226746823,0.2566070690946829,0.1209899202756026,1.0,"2,True,The solver successfully reached the end of the integration interval.",4.465,phi_weak
KM12,linear_curve,5,673596,754143,1.000000013351432e-10,9.99999993922529e-09,-83.88999938964844,,NSC673596,bendamustine,other,alkylator,,,241279087.64641,243163488.07015747,1.007810044551018,0.0421373330958218,4.4,0.957862666904178,0.1813793530401523,15.000000000000002,0.0020379772343627,1.386605655891152,0.5344460502704442,0.2720961281584441,,0.0376728703345384,1.2966511642476473,2.6519794929407974,0.9000773374639623,0.9433266973308928,5.25,0.1968849621189929,0.0578624312878497,168.55345911949686,0.0002781882476896,0.0001782998295426,0.6409322860453563,400.0,6.952046883678343,4.618479984026656,0.6643338374011379,400.0,-0.1679928292703554,0.005916652586265,0.1739094818566204,0.1369786258538121,1.0,"2,True,The solver successfully reached the end of the integration interval.",6.316,phi_weak
KM12,random,5,762,713563,1.9999999949504854e-06,9.999999747378752e-05,0.1879999935626983,,mechlorethamine,arsenic trioxide,alkylator,other,,,241279087.64641,244558308.72655103,1.0135909875660118,0.4569790232909573,4.4,0.5430209767090427,0.0332192376409429,8.4,-0.0004460805616392,0.3513764360947871,0.8416470909144104,0.0748699733422723,,0.0364374078337956,0.1130233039449553,7.573883992016758,0.1472860186935042,0.4535379197330437,5.25,0.2033398275045627,0.060731260348103,166.03773584905662,0.087332094363511,0.0559452406031062,0.6406034460852376,400.0,2.4168985384296877,1.4713877871382737,0.6087917071166201,400.0,-0.0394171986172797,0.00038427508922,0.0398014737064997,0.1429670384923542,1.0,"2,True,The solver successfully reached the end of the integration interval.",8.631,phi_weak
KM12,tanimoto+zero,5,26271,747973,9.999999747378752e-06,3.000000106112566e-07,0.8999999761581421,,cyclophosphamide,vorinostat,alkylator,hdac_inhibitor,,,241279087.64641,229197448.39063224,0.9499267036624276,0.0085551435068986,4.4,0.9914448564931012,0.2913683684111855,,0.0277265633405581,2.0790454022595117,0.3491448297695101,0.4569943847247751,,0.0297446398846003,2.1273986045708986,1.9794727434296808,0.8345864319097148,0.9877376134505684,5.25,0.1666518025896331,0.0,181.13207547169813,17.97405850448311,11.98172744584148,0.6666122424633805,400.0,20.111380442073887,13.281094710941732,0.6603770809863007,400.0,0.439432502062027,0.0264868836721451,-0.4129456183898818,0.0797731170340921,1.0,"2,True,The solver successfully reached the end of the integration interval.",9.648,phi_weak
M14,act_hamming+zero,4,25154,119875,3.000000106112566e-07,1.9999999494757503e-05,26.59000015258789,,NSC25154,cisplatin,other,platinum,,,241279087.64641,244396226.96014383,1.0129192270417646,0.6707348449520893,4.4,0.3292651550479106,0.0149142209138567,6.800000000000001,-0.0001581551444133,0.1847218324973384,0.91254202117511,0.0397471278092581,,0.0286232306670942,0.0571431204694335,8.060741163502618,0.0462302229051432,0.2396405006627543,5.25,0.2033398275045627,0.060731260348103,166.03773584905662,0.0005794359032895,0.0003410880051002,0.588655282083679,400.0,4.054053261967809,2.653785160402127,0.6546004674625312,400.0,-0.0198223738940754,0.0001658138446275,0.019988187738703,0.1421883082525237,1.0,"2,True,The solver successfully reached the end of the integration interval.",12.143,phi_weak
M14,hamming+zero,4,25154,119875,3.000000106112566e-07,1.9999999494757503e-05,26.59000015258789,,NSC25154,cisplatin,other,platinum,,,241279087.64641,244396226.96014383,1.0129192270417646,0.6707348449520893,4.4,0.3292651550479106,0.0149142209138567,6.800000000000001,-0.0001581551444133,0.1847218324973384,0.91254202117511,0.0397471278092581,,0.0286232306670942,0.0571431204694335,8.060741163502618,0.0462302229051432,0.2396405006627543,5.25,0.2033398275045627,0.060731260348103,166.03773584905662,0.0005794359032895,0.0003410880051002,0.588655282083679,400.0,4.054053261967809,2.653785160402127,0.6546004674625312,400.0,-0.0198223738940754,0.0001658138446275,0.019988187738703,0.1421883082525237,1.0,"2,True,The solver successfully reached the end of the integration interval.",11.724,phi_weak
M14,linear_curve,4,609699,681239,1.0000000116860974e-07,3.000000106112566e-07,-96.5999984741211,,topotecan,bortezomib,topo1,proteasome,,,241279087.64641,225058451.6416419,0.932772308769092,0.0037807101691268,4.800000000000001,0.9962192898308732,0.3726379987476755,,0.0356410150660793,2.433482852058245,0.2760467226317936,0.559017404659965,,0.0251433809427738,1.7366162738197817,2.403902903837163,0.7184366282836883,0.9958218940165268,5.25,0.1554832211935119,0.0190944306728874,186.16352201257865,3.591378767115229,2.306975202520024,0.6423647718931911,400.0,3.4357492135598684,2.180494447642046,0.6346488966762447,400.0,-0.2520734311078816,0.062312748202989,0.3143861793108706,0.08715997634205,1.0,"2,True,The solver successfully reached the end of the integration interval.",4.441,phi_weak
M14,random,4,125973,246131,3.000000106112566e-07,1.9999999494757503e-05,-2.259999990463257,,paclitaxel,mitoxantrone,antimitotic,dna_intercalator,,,241279087.64641,244555251.1839249,1.0135783153420908,0.2621760662103523,4.800000000000001,0.7378239337896477,0.0645272072733034,10.2,-0.0004406508455178,0.5924631946377227,0.7536427397978342,0.1228344802629199,,0.0413186340076608,0.3292299400138559,5.601000713882221,0.4948701518128179,0.7136900576770953,5.25,0.2033398275045627,0.060731260348103,166.03773584905662,12.074200839692525,6.014535122538104,0.4981311146296344,400.0,2.6714752421683974,0.9457652934213154,0.3540236040719028,304.12222226860206,-0.0761335059646968,0.0010663766585294,0.0771998826232263,0.1436412562293448,1.0,"2,True,The solver successfully reached the end of the integration interval.",1.502,phi_weak
M14,ours+zero,4,719344,761432,3.000000026176508e-09,5.000000058430487e-08,-45.69100189208984,,anastrozole,NSC761432,hormonal,other,,,241279087.64641,241995996.97889352,1.0029712866518052,0.0379318699881922,5.0,0.9620681300118076,0.2005102334197952,15.6,0.0041281596710551,1.431927473539985,0.4933392636605208,0.3068543187310019,,0.0358806131662177,1.1250488119466893,2.967781245923026,0.9005719241989936,0.9606166393498546,5.25,0.1968849621189929,0.0550853987870166,168.55345911949686,10.760851184062176,7.127806316735283,0.66238313259942,400.0,157.80868524018254,104.08480334651443,0.6595632121774468,400.0,-0.2295236153156079,0.0096951438135614,0.2392187591291693,0.1364687163408038,1.0,"2,True,The solver successfully reached the end of the integration interval.",6.33,phi_weak
MDA-MB-435,pool_optimum,-1,24559,701852,9.999999974752427e-07,9.999999974752427e-07,-93.4499969482422,,NSC24559,irinotecan,other,topo1,,,241279087.64641,244550065.8350796,1.0135568242593125,0.5046022732100386,4.4,0.4953977267899614,0.0285270401092821,8.0,-0.0004314423241136,0.308323498539044,0.8585936229862757,0.066212341470552,,0.0349568018776166,0.0970546865821973,7.735398968846089,0.1189483603735679,0.4038445555271484,5.25,0.2033398275045627,0.060731260348103,166.03773584905662,2.539011248752824,1.5381924669541032,0.6058234155952131,400.0,0.7738704833525072,0.4278822130572464,0.5529119177715698,400.0,-0.034351069673733,0.0003141712713976,0.0346652409451306,0.1428636390175665,1.0,"2,True,The solver successfully reached the end of the integration interval.",2.752,phi_weak
M14,tanimoto+zero,4,1390,753082,0.0001999999949475,4.999999873689376e-06,-4.0920000076293945,,NSC1390,pazopanib,other,kinase_inhibitor,,,241279087.64641,227062335.68154773,0.9410775624877334,0.0066844539519825,4.4,0.9933155460480176,0.3093389215164366,,0.0317912408286538,2.1862067653443944,0.3289708113839051,0.4828426340173816,,0.0286464186183073,2.1998723126193345,1.947987291442788,0.8131309638486441,0.9904432970022752,5.25,0.1554832211935119,0.0,186.16352201257865,10.206807147819664,6.703066885751121,0.6567251431984784,400.0,18.03917270732172,11.868189144485346,0.657912052677909,400.0,0.4797081723282888,0.0316950721933168,-0.448013100134972,0.0686060385518974,1.0,"2,True,The solver successfully reached the end of the integration interval.",5.134,phi_weak
MOLT-4,act_hamming+zero,3,63878,105014,9.99999993922529e-09,1.0000000116860974e-07,-99.70999908447266,,cytarabine,cladribine,antimetabolite,antimetabolite,,,241279087.64641,244524806.1291394,1.013452133437631,0.0616469825898263,4.4,0.9383530174101736,0.1495637563040582,13.000000000000002,-0.0003865814999619,1.2213608769878266,0.5918568215997099,0.2277833424491463,,0.0393641044419305,1.111578807636691,2.9025612405457024,0.8703583100197202,0.9130454037914691,5.25,0.2033398275045627,0.060731260348103,166.03773584905662,2.0400557742805585,1.348882504149053,0.6611988364017876,400.0,3.277220739628644,2.1697121376384754,0.6620585886699639,400.0,-0.1620090788396253,0.0038829820823952,0.1658920609220205,0.1459791695006479,1.0,"2,True,The solver successfully reached the end of the integration interval.",6.986,phi_weak
MOLT-4,hamming+zero,3,63878,105014,9.99999993922529e-09,1.0000000116860974e-07,-99.70999908447266,,cytarabine,cladribine,antimetabolite,antimetabolite,,,241279087.64641,244524806.1291394,1.013452133437631,0.0616469825898263,4.4,0.9383530174101736,0.1495637563040582,13.000000000000002,-0.0003865814999619,1.2213608769878266,0.5918568215997099,0.2277833424491463,,0.0393641044419305,1.111578807636691,2.9025612405457024,0.8703583100197202,0.9130454037914691,5.25,0.2033398275045627,0.060731260348103,166.03773584905662,2.0400557742805585,1.348882504149053,0.6611988364017876,400.0,3.277220739628644,2.1697121376384754,0.6620585886699639,400.0,-0.1620090788396253,0.0038829820823952,0.1658920609220205,0.1459791695006479,1.0,"2,True,The solver successfully reached the end of the integration interval.",7.517,phi_weak
MOLT-4,linear_curve,3,6396,63878,9.999999974752427e-07,1.0000000116860974e-07,-99.87999725341795,,thiotepa,cytarabine,alkylator,antimetabolite,,,241279087.64641,107105915.70190464,0.4439088225452275,0.0001523802499575,4.6000000000000005,0.9998476197500424,0.5111547476425419,,0.3581228831886462,3.8282419270517782,0.0688449424969465,1.162127958476691,,0.006997985666675,3.949330738344666,1.6014036007718606,0.6741431765612953,0.9998110178024134,5.25,0.0,0.0,400.0,7.564270332450244,5.042094258223227,0.6665671686260286,400.0,20.40055810519228,13.594565480934104,0.6663820377283727,400.0,0.9553733773123164,0.485973319626845,-0.4694000576854713,0.0,1.0,"2,True,The solver successfully reached the end of the integration interval.",2.458,phi_weak
MOLT-4,ours+zero,3,63878,105014,9.99999993922529e-09,1.0000000116860974e-07,-99.70999908447266,,cytarabine,cladribine,antimetabolite,antimetabolite,,,241279087.64641,244524806.1291394,1.013452133437631,0.0616469825898263,4.4,0.9383530174101736,0.1495637563040582,13.000000000000002,-0.0003865814999619,1.2213608769878266,0.5918568215997099,0.2277833424491463,,0.0393641044419305,1.111578807636691,2.9025612405457024,0.8703583100197202,0.9130454037914691,5.25,0.2033398275045627,0.060731260348103,166.03773584905662,2.0400557742805585,1.348882504149053,0.6611988364017876,400.0,3.277220739628644,2.1697121376384754,0.6620585886699639,400.0,-0.1620090788396253,0.0038829820823952,0.1658920609220205,0.1459791695006479,1.0,"2,True,The solver successfully reached the end of the integration interval.",8.626,phi_weak
MOLT-4,random,3,63878,105014,9.99999993922529e-09,1.0000000116860974e-07,-99.70999908447266,,cytarabine,cladribine,antimetabolite,antimetabolite,,,241279087.64641,244524806.1291394,1.013452133437631,0.0616469825898263,4.4,0.9383530174101736,0.1495637563040582,13.000000000000002,-0.0003865814999619,1.2213608769878266,0.5918568215997099,0.2277833424491463,,0.0393641044419305,1.111578807636691,2.9025612405457024,0.8703583100197202,0.9130454037914691,5.25,0.2033398275045627,0.060731260348103,166.03773584905662,2.0400557742805585,1.348882504149053,0.6611988364017876,400.0,3.277220739628644,2.1697121376384754,0.6620585886699639,400.0,-0.1620090788396253,0.0038829820823952,0.1658920609220205,0.1459791695006479,1.0,"2,True,The solver successfully reached the end of the integration interval.",8.415,phi_weak
NCI-H322M,act_hamming+zero,5,740,6396,1.0000000116860974e-07,9.999999974752427e-07,-56.81999969482422,,NSC740,thiotepa,other,alkylator,,,241279087.64641,244374055.3759403,1.0128273351815136,0.8106274704056801,4.4,0.1893725295943199,0.0076888174034512,5.200000000000001,-0.0001187542355232,0.1024513842491805,0.9498587973956611,0.0223409505740317,,0.0220691066878669,0.0347556108973034,7.992336782420775,0.0570719100707129,0.1291916936463714,5.25,0.2033398275045627,0.060731260348103,166.03773584905662,3.870470152891944,2.358148370807355,0.6092666465972849,400.0,0.053622390134832,0.034125293122226,0.6364000753494747,400.0,-0.0112113435432126,7.82671337017371e-05,0.0112896106769143,0.1420076890386714,1.0,"2,True,The solver successfully reached the end of the integration interval.",6.816,phi_weak
MOLT-4,tanimoto+zero,3,63878,105014,9.99999993922529e-09,1.0000000116860974e-07,-99.70999908447266,,cytarabine,cladribine,antimetabolite,antimetabolite,,,241279087.64641,244524806.1291394,1.013452133437631,0.0616469825898263,4.4,0.9383530174101736,0.1495637563040582,13.000000000000002,-0.0003865814999619,1.2213608769878266,0.5918568215997099,0.2277833424491463,,0.0393641044419305,1.111578807636691,2.9025612405457024,0.8703583100197202,0.9130454037914691,5.25,0.2033398275045627,0.060731260348103,166.03773584905662,2.0400557742805585,1.348882504149053,0.6611988364017876,400.0,3.277220739628644,2.1697121376384754,0.6620585886699639,400.0,-0.1620090788396253,0.0038829820823952,0.1658920609220205,0.1459791695006479,1.0,"2,True,The solver successfully reached the end of the integration interval.",8.791,phi_weak
NCI-H322M,hamming+zero,5,740,6396,1.0000000116860974e-07,9.999999974752427e-07,-56.81999969482422,,NSC740,thiotepa,other,alkylator,,,241279087.64641,244374055.3759403,1.0128273351815136,0.8106274704056801,4.4,0.1893725295943199,0.0076888174034512,5.200000000000001,-0.0001187542355232,0.1024513842491805,0.9498587973956611,0.0223409505740317,,0.0220691066878669,0.0347556108973034,7.992336782420775,0.0570719100707129,0.1291916936463714,5.25,0.2033398275045627,0.060731260348103,166.03773584905662,3.870470152891944,2.358148370807355,0.6092666465972849,400.0,0.053622390134832,0.034125293122226,0.6364000753494747,400.0,-0.0112113435432126,7.82671337017371e-05,0.0112896106769143,0.1420076890386714,1.0,"2,True,The solver successfully reached the end of the integration interval.",6.243,phi_weak
NCI-H322M,linear_curve,5,713563,715055,9.999999974752427e-07,9.999999747378752e-06,-33.05699920654297,,arsenic trioxide,gefitinib,other,kinase_inhibitor,,,241279087.64641,165471783.40275142,0.6858107141272318,0.000630134344917,4.800000000000001,0.9993698656550828,0.466977514964642,,0.1692123941343651,3.2116230863962723,0.1348255271460532,0.8702278730151419,,0.0136059558219099,2.4658899797466147,2.097119970358876,0.6163581236993647,0.999319905857385,5.25,0.0,0.0,400.0,0.0225956572702513,0.0147108204988193,0.6510463635942576,400.0,63.097079365186474,41.62513474942551,0.6596998651635212,400.0,0.8896639715343284,0.2330759434342104,-0.656588028100118,0.0,1.0,"2,True,The solver successfully reached the end of the integration interval.",5.269,phi_weak
NCI-H322M,random,5,32065,760766,9.999999747378752e-05,1.9999999949504854e-06,14.109999656677246,,hydroxyurea,NSC760766,antimetabolite,other,,,241279087.64641,244475987.5360288,1.0132498009703343,0.4580657782089783,4.4,0.5419342217910217,0.0350364985646041,8.8,-0.0002998673434726,0.3503448540668636,0.8375170451317487,0.0770063454477351,,0.0367960720371048,0.1183582281547256,7.530082986116456,0.1734547332358053,0.4802628907209968,5.25,0.2033398275045627,0.060731260348103,166.03773584905662,1.7752751727968317,1.1639993920403071,0.6556726584569428,400.0,0.6866976526575895,0.416741346013358,0.6068774873490929,400.0,-0.0462714346951893,0.0004507594644789,0.0467221941596682,0.142793667455611,1.0,"2,True,The solver successfully reached the end of the integration interval.",2.644,phi_weak
NCI-H322M,ours+zero,5,14229,24559,3.000000106112566e-06,9.999999974752427e-07,-61.189998626708984,,NSC14229,NSC24559,other,other,,,241279087.64641,244609704.24094525,1.013804000284584,0.3709006461782094,4.4,0.6290993538217906,0.0459156412194677,9.2,-0.000537340774026,0.4420151112502959,0.8025138596041622,0.0955474584899032,,0.0392965421050473,0.1667830038128231,7.01455864934439,0.2572317835529019,0.5618292999429135,5.25,0.2033398275045627,0.060731260348103,166.03773584905662,0.025737532844235,0.0153236436495299,0.5953812178606813,400.0,2.4496629563880408,1.5027670905713906,0.6134587154745478,400.0,-0.0553081495493446,0.0006174942876491,0.0559256438369937,0.1433829619421147,1.0,"2,True,The solver successfully reached the end of the integration interval.",3.568,phi_weak
NCI-H322M,tanimoto+zero,5,740,6396,1.0000000116860974e-07,9.999999974752427e-07,-56.81999969482422,,NSC740,thiotepa,other,alkylator,,,241279087.64641,244374055.3759403,1.0128273351815136,0.8106274704056801,4.4,0.1893725295943199,0.0076888174034512,5.200000000000001,-0.0001187542355232,0.1024513842491805,0.9498587973956611,0.0223409505740317,,0.0220691066878669,0.0347556108973034,7.992336782420775,0.0570719100707129,0.1291916936463714,5.25,0.2033398275045627,0.060731260348103,166.03773584905662,3.870470152891944,2.358148370807355,0.6092666465972849,400.0,0.053622390134832,0.034125293122226,0.6364000753494747,400.0,-0.0112113435432126,7.82671337017371e-05,0.0112896106769143,0.1420076890386714,1.0,"2,True,The solver successfully reached the end of the integration interval.",5.977,phi_weak
RPMI-8226,act_hamming+zero,0,740,19893,2.999999892949745e-08,9.999999747378752e-05,-71.53700256347656,,NSC740,fluorouracil,other,antimetabolite,,,241279087.64641,241938780.82933053,1.0027341498567306,0.0276845159353899,5.0,0.97231548406461,0.2352599178331159,15.6,0.0042308539153468,1.568694792619696,0.4580448954583006,0.3390919523580819,,0.0347131129263116,1.21185692184082,2.8500537471519327,0.8741512382384815,0.971840224351501,5.25,0.1968849621189929,0.0578624312878497,168.55345911949686,1.0369404637895894,0.6654056117755911,0.6417008835240243,400.0,3.0802637990557153,2.042475971425257,0.6630847565885097,400.0,-0.2776302571378122,0.0132516870110379,0.2908819441488501,0.138865655836958,1.0,"2,True,The solver successfully reached the end of the integration interval.",8.203,phi_weak
RPMI-8226,hamming+zero,0,740,19893,2.999999892949745e-08,9.999999747378752e-05,-71.53700256347656,,NSC740,fluorouracil,other,antimetabolite,,,241279087.64641,241938780.82933053,1.0027341498567306,0.0276845159353899,5.0,0.97231548406461,0.2352599178331159,15.6,0.0042308539153468,1.568694792619696,0.4580448954583006,0.3390919523580819,,0.0347131129263116,1.21185692184082,2.8500537471519327,0.8741512382384815,0.971840224351501,5.25,0.1968849621189929,0.0578624312878497,168.55345911949686,1.0369404637895894,0.6654056117755911,0.6417008835240243,400.0,3.0802637990557153,2.042475971425257,0.6630847565885097,400.0,-0.2776302571378122,0.0132516870110379,0.2908819441488501,0.138865655836958,1.0,"2,True,The solver successfully reached the end of the integration interval.",7.622,phi_weak
RPMI-8226,linear_curve,0,127716,681239,3.000000106112566e-07,3.000000106112566e-07,-98.0500030517578,,decitabine,bortezomib,antimetabolite,proteasome,,,241279087.64641,225925737.070236,0.9363668408814856,0.0033251927705249,4.6000000000000005,0.9966748072294752,0.3709069609108074,,0.0339706339324074,2.4893537810774595,0.2794231326586868,0.5537376427094822,,0.0256424011745552,2.0414464363192555,2.1175512713266436,0.727000419990941,0.9958400097361244,5.25,0.1554832211935119,0.0190944306728874,186.16352201257865,6.647919983820463,4.421686285590976,0.6651232710911628,400.0,2.659365748651904,1.6972757180655411,0.6382257569971075,400.0,-0.1925142856043975,0.0571752169495775,0.249689502553975,0.0858581348866881,1.0,"2,True,The solver successfully reached the end of the integration interval.",6.741,phi_weak
RPMI-8226,ours+zero,0,19893,749226,9.999999747378752e-05,4.999999873689376e-06,-76.33100128173828,,fluorouracil,NSC749226,antimetabolite,other,,,241279087.64641,231253084.4175861,0.9584464475283624,0.0061813392476874,5.0,0.9938186607523124,0.3484555180878663,,0.0238488077473973,2.219849147445258,0.3090010225511573,0.5100400833984977,,0.0273053203155195,1.6270928350360458,2.4706680098982012,0.7503643266022484,0.9937097885921284,5.25,0.1724312542656479,0.0359946996815853,178.61635220125788,3.0802637990557153,2.045435848657696,0.6640456733883455,400.0,0.6684768977034642,0.4321573296667172,0.6464805756958588,400.0,-0.3650790238808643,0.0477692348276573,0.4128482587085217,0.1089009321798902,1.0,"2,True,The solver successfully reached the end of the integration interval.",8.673,phi_weak
RPMI-8226,random,0,14229,246131,2.999999892949745e-08,1.9999999494757503e-05,-94.70999908447266,,NSC14229,mitoxantrone,other,dna_intercalator,,,241279087.64641,220407142.7671499,0.9134945963081244,0.0047853188721025,4.6000000000000005,0.9952146811278972,0.335853140710189,,0.0447106770953316,2.33125972618019,0.3042142412787332,0.5168204590404208,,0.0262220744191292,1.3459230641805044,2.8701291487429,0.7716339327708834,0.9937783206327608,5.25,0.1249925835096809,0.0,201.25786163522017,0.0074007132575906,0.0046909627656888,0.6338527926179859,400.0,14.265289286311544,8.635155406029709,0.6053263437367298,400.0,0.6168779318107704,0.0456197598881399,-0.5712581719226305,0.0399031194854815,1.0,"2,True,The solver successfully reached the end of the integration interval.",6.408,phi_weak
SF-295,act_hamming+zero,2,740,25154,1.0000000116860974e-07,3.000000106112566e-06,-34.849998474121094,,NSC740,NSC25154,other,other,,,241279087.64641,244081956.22095215,1.0116167074481386,0.1724166142110311,4.6000000000000005,0.8275833857889688,0.0926660756966415,12.4,0.0004006664012993,0.7745914961966789,0.6786013616690797,0.1683852732426632,,0.0407566641147336,0.6779673208764957,3.9117655502226887,0.7555070280741618,0.8013396901670307,5.25,0.2033398275045627,0.0578624312878497,166.03773584905662,24.98568003893303,16.328111722863962,0.6534987920049113,400.0,0.0043658953188699,0.0027384349890939,0.6272333139225952,400.0,-0.1005738580701287,0.0020336635966914,0.1026075216668201,0.1429847514579024,1.0,"2,True,The solver successfully reached the end of the integration interval.",1.798,phi_weak
SF-295,act_hamming+zero,4,740,25154,1.0000000116860974e-07,3.000000106112566e-06,-34.849998474121094,,NSC740,NSC25154,other,other,,,241279087.64641,244081956.22095215,1.0116167074481386,0.1724166142110311,4.6000000000000005,0.8275833857889688,0.0926660756966415,12.4,0.0004006664012993,0.7745914961966789,0.6786013616690797,0.1683852732426632,,0.0407566641147336,0.6779673208764957,3.9117655502226887,0.7555070280741618,0.8013396901670307,5.25,0.2033398275045627,0.0578624312878497,166.03773584905662,24.98568003893303,16.328111722863962,0.6534987920049113,400.0,0.0043658953188699,0.0027384349890939,0.6272333139225952,400.0,-0.1005738580701287,0.0020336635966914,0.1026075216668201,0.1429847514579024,1.0,"2,True,The solver successfully reached the end of the integration interval.",1.926,phi_weak
SF-295,act_hamming+zero,9,740,25154,1.0000000116860974e-07,3.000000106112566e-06,-34.849998474121094,,NSC740,NSC25154,other,other,,,241279087.64641,244081956.22095215,1.0116167074481386,0.1724166142110311,4.6000000000000005,0.8275833857889688,0.0926660756966415,12.4,0.0004006664012993,0.7745914961966789,0.6786013616690797,0.1683852732426632,,0.0407566641147336,0.6779673208764957,3.9117655502226887,0.7555070280741618,0.8013396901670307,5.25,0.2033398275045627,0.0578624312878497,166.03773584905662,24.98568003893303,16.328111722863962,0.6534987920049113,400.0,0.0043658953188699,0.0027384349890939,0.6272333139225952,400.0,-0.1005738580701287,0.0020336635966914,0.1026075216668201,0.1429847514579024,1.0,"2,True,The solver successfully reached the end of the integration interval.",2.304,phi_weak
RPMI-8226,tanimoto+zero,0,3053,19893,1.000000013351432e-10,9.999999747378752e-05,-76.15699768066406,,dactinomycin,fluorouracil,dna_intercalator,antimetabolite,,,241279087.64641,242107139.6001789,1.0034319259155289,0.0312872341649459,5.0,0.968712765835054,0.2254714125401095,15.6,0.003928745024343,1.5155645542754113,0.4689599195231882,0.3288642734336128,,0.0351084545782884,1.1839348058657098,2.8859983011512047,0.8811234018194891,0.9681333756112188,5.25,0.1968849621189929,0.0578624312878497,168.55345911949686,0.002326114730968,0.0012728021092496,0.5471794199592109,400.0,3.0802637990557153,2.042397146726679,0.6630591663456863,400.0,-0.2629694295047102,0.0119436762582754,0.2749131057629856,0.138434303839945,1.0,"2,True,The solver successfully reached the end of the integration interval.",7.901,phi_weak
SF-295,hamming+zero,2,740,25154,1.0000000116860974e-07,3.000000106112566e-06,-34.849998474121094,,NSC740,NSC25154,other,other,,,241279087.64641,244081956.22095215,1.0116167074481386,0.1724166142110311,4.6000000000000005,0.8275833857889688,0.0926660756966415,12.4,0.0004006664012993,0.7745914961966789,0.6786013616690797,0.1683852732426632,,0.0407566641147336,0.6779673208764957,3.9117655502226887,0.7555070280741618,0.8013396901670307,5.25,0.2033398275045627,0.0578624312878497,166.03773584905662,24.98568003893303,16.328111722863962,0.6534987920049113,400.0,0.0043658953188699,0.0027384349890939,0.6272333139225952,400.0,-0.1005738580701287,0.0020336635966914,0.1026075216668201,0.1429847514579024,1.0,"2,True,The solver successfully reached the end of the integration interval.",2.041,phi_weak
SF-295,hamming+zero,4,740,25154,1.0000000116860974e-07,3.000000106112566e-06,-34.849998474121094,,NSC740,NSC25154,other,other,,,241279087.64641,244081956.22095215,1.0116167074481386,0.1724166142110311,4.6000000000000005,0.8275833857889688,0.0926660756966415,12.4,0.0004006664012993,0.7745914961966789,0.6786013616690797,0.1683852732426632,,0.0407566641147336,0.6779673208764957,3.9117655502226887,0.7555070280741618,0.8013396901670307,5.25,0.2033398275045627,0.0578624312878497,166.03773584905662,24.98568003893303,16.328111722863962,0.6534987920049113,400.0,0.0043658953188699,0.0027384349890939,0.6272333139225952,400.0,-0.1005738580701287,0.0020336635966914,0.1026075216668201,0.1429847514579024,1.0,"2,True,The solver successfully reached the end of the integration interval.",1.933,phi_weak
SF-295,hamming+zero,9,740,25154,1.0000000116860974e-07,3.000000106112566e-06,-34.849998474121094,,NSC740,NSC25154,other,other,,,241279087.64641,244081956.22095215,1.0116167074481386,0.1724166142110311,4.6000000000000005,0.8275833857889688,0.0926660756966415,12.4,0.0004006664012993,0.7745914961966789,0.6786013616690797,0.1683852732426632,,0.0407566641147336,0.6779673208764957,3.9117655502226887,0.7555070280741618,0.8013396901670307,5.25,0.2033398275045627,0.0578624312878497,166.03773584905662,24.98568003893303,16.328111722863962,0.6534987920049113,400.0,0.0043658953188699,0.0027384349890939,0.6272333139225952,400.0,-0.1005738580701287,0.0020336635966914,0.1026075216668201,0.1429847514579024,1.0,"2,True,The solver successfully reached the end of the integration interval.",1.905,phi_weak
SF-295,linear_curve,2,119875,681239,1.9999999494757503e-05,3.000000106112566e-07,-95.12000274658205,,cisplatin,bortezomib,platinum,proteasome,,,241279087.64641,172064295.80211508,0.7131338960228168,0.0004650969346311,4.6000000000000005,0.9995349030653689,0.4745988296102503,,0.1522455803397635,3.3436271315206474,0.1367742288215321,0.8639957252399271,,0.0139510652457063,2.7397677569683605,1.9174334452428103,0.5915952423406945,0.9993739529054622,5.25,0.0,0.0,400.0,3.568029240982825,2.367268656512385,0.6634667197571266,400.0,10.166128824773349,6.592709443730711,0.6484975311020313,400.0,0.545203265170987,0.2344707860045758,-0.3107324791664112,0.0,1.0,"2,True,The solver successfully reached the end of the integration interval.",5.92,phi_weak
SF-295,linear_curve,4,119875,681239,1.9999999494757503e-05,3.000000106112566e-07,-95.12000274658205,,cisplatin,bortezomib,platinum,proteasome,,,241279087.64641,172064295.80211508,0.7131338960228168,0.0004650969346311,4.6000000000000005,0.9995349030653689,0.4745988296102503,,0.1522455803397635,3.3436271315206474,0.1367742288215321,0.8639957252399271,,0.0139510652457063,2.7397677569683605,1.9174334452428103,0.5915952423406945,0.9993739529054622,5.25,0.0,0.0,400.0,3.568029240982825,2.367268656512385,0.6634667197571266,400.0,10.166128824773349,6.592709443730711,0.6484975311020313,400.0,0.545203265170987,0.2344707860045758,-0.3107324791664112,0.0,1.0,"2,True,The solver successfully reached the end of the integration interval.",5.883,phi_weak
SF-295,ours+zero,2,681239,747973,3.000000106112566e-07,3.000000106112566e-07,-94.7699966430664,,bortezomib,vorinostat,proteasome,hdac_inhibitor,,,241279087.64641,94957590.8941166,0.3935591427354665,9.887874373174572e-05,4.4,0.9999011212562684,0.517832627539719,,0.4104066538593441,4.016169761193957,0.0601158579182933,1.2210109506599858,,0.0059799193774939,3.878552797625459,1.6668183173096596,0.7197313021532894,0.9998539950490054,5.25,0.0,0.0,400.0,10.166128824773349,6.632172342112499,0.6523793330211279,400.0,15.837288892247397,10.46548384444227,0.6608128395994146,400.0,0.970440712739936,0.5404316987930609,-0.4300090139468751,0.0,1.0,"2,True,The solver successfully reached the end of the integration interval.",2.919,phi_weak
SF-295,ours+zero,4,681239,747973,3.000000106112566e-07,3.000000106112566e-07,-94.7699966430664,,bortezomib,vorinostat,proteasome,hdac_inhibitor,,,241279087.64641,94957590.8941166,0.3935591427354665,9.887874373174572e-05,4.4,0.9999011212562684,0.517832627539719,,0.4104066538593441,4.016169761193957,0.0601158579182933,1.2210109506599858,,0.0059799193774939,3.878552797625459,1.6668183173096596,0.7197313021532894,0.9998539950490054,5.25,0.0,0.0,400.0,10.166128824773349,6.632172342112499,0.6523793330211279,400.0,15.837288892247397,10.46548384444227,0.6608128395994146,400.0,0.970440712739936,0.5404316987930609,-0.4300090139468751,0.0,1.0,"2,True,The solver successfully reached the end of the integration interval.",2.951,phi_weak
SF-295,linear_curve,9,119875,681239,1.9999999494757503e-05,3.000000106112566e-07,-95.12000274658205,,cisplatin,bortezomib,platinum,proteasome,,,241279087.64641,172064295.80211508,0.7131338960228168,0.0004650969346311,4.6000000000000005,0.9995349030653689,0.4745988296102503,,0.1522455803397635,3.3436271315206474,0.1367742288215321,0.8639957252399271,,0.0139510652457063,2.7397677569683605,1.9174334452428103,0.5915952423406945,0.9993739529054622,5.25,0.0,0.0,400.0,3.568029240982825,2.367268656512385,0.6634667197571266,400.0,10.166128824773349,6.592709443730711,0.6484975311020313,400.0,0.545203265170987,0.2344707860045758,-0.3107324791664112,0.0,1.0,"2,True,The solver successfully reached the end of the integration interval.",6.543,phi_weak
SF-295,ours+zero,9,752,9706,3.000000106112566e-06,4.999999873689376e-06,-55.029998779296875,,thioguanine,triethylenemelamine,antimetabolite,alkylator,,,241279087.64641,236231077.6730664,0.979078128889722,0.0083454503798199,4.4,0.99165454962018,0.2939175692923856,,0.0145993105627761,2.0898229219368565,0.3732002433189704,0.4280580817742737,,0.0313319774341792,2.1241199778565742,1.9561900407375243,0.8324607029952377,0.9874567814579368,5.25,0.1843879427084984,0.0380910942784249,173.58490566037736,5.453086025531121,3.627329828444125,0.6651884476901919,400.0,10.226680180513428,6.811406104174291,0.6660427415294732,400.0,-0.1178790934150948,0.0225169833158046,0.1403960767308995,0.1154921010241694,1.0,"2,True,The solver successfully reached the end of the integration interval.",2.36,phi_weak
SF-295,random,2,1390,681239,1.0000000116860974e-07,3.000000106112566e-07,-66.69999694824219,,NSC1390,bortezomib,other,proteasome,,,241279087.64641,235696615.7578012,0.9768630097905964,0.0146307545558387,4.4,0.9853692454441612,0.2575918555185644,,0.0155829949833032,1.8460059765126875,0.4064495844152008,0.3909933161662319,,0.0324044239754331,1.5257007557198818,2.472178508687119,0.8701319474480578,0.980134346932852,5.25,0.1843879427084984,0.030169722882606,173.58490566037736,0.0051048501129721,0.0032802298844435,0.6425712433961648,400.0,10.166128824773349,6.525254478724608,0.6418622654892521,400.0,0.0712542210340096,0.0173943322332433,-0.0538598888007663,0.109347472213202,1.0,"2,True,The solver successfully reached the end of the integration interval.",6.596,phi_weak
SF-295,random,4,613327,681239,9.99999993922529e-09,3.000000106112566e-07,-88.45999908447266,,gemcitabine,bortezomib,antimetabolite,proteasome,,,241279087.64641,232888179.47023204,0.9652232265215016,0.008439741127654,4.4,0.991560258872346,0.2988285241598203,,0.0207888958127473,2.084943575494933,0.3602617079377098,0.4433818963984458,,0.0302227127778008,1.6731208741373758,2.356454833127587,0.8261435399776789,0.9886282021491944,5.25,0.1724312542656479,0.0219192272371586,178.61635220125788,1.818916898944863,1.2062959088316745,0.663194623971791,400.0,10.166128824773349,6.535543394527304,0.6428743435358751,400.0,0.062730801226428,0.0259667862795147,-0.0367640149469132,0.0968301772313094,1.0,"2,True,The solver successfully reached the end of the integration interval.",5.57,phi_weak
SF-295,random,9,119875,681239,1.9999999494757503e-05,3.000000026176508e-09,-27.690000534057617,,cisplatin,bortezomib,platinum,proteasome,,,241279087.64641,244665892.05425653,1.014036875059847,0.1543917275929093,4.4,0.8456082724070907,0.0867766356521412,11.0,-0.0006370884727191,0.8226486743535045,0.6998926281936885,0.1549685807852893,,0.0415080840411771,0.7177972766622824,3.7538243870951584,0.6620234008943802,0.7793748280024858,5.25,0.2033398275045627,0.060731260348103,166.03773584905662,3.568029240982825,2.350992439204959,0.658905037044307,400.0,0.1016612855389326,0.0574189272916323,0.5648062287156788,400.0,-0.0967281936899464,0.0014471344118561,0.0981753281018026,0.1443795380270956,1.0,"2,True,The solver successfully reached the end of the integration interval.",2.718,phi_weak
SF-295,tanimoto+zero,2,3053,713563,1.000000013351432e-10,9.999999747378752e-05,16.709999084472656,,dactinomycin,arsenic trioxide,dna_intercalator,other,,,241279087.64641,244370711.8768924,1.012813477788896,0.8426300958179606,4.4,0.1573699041820394,0.0061419880593831,4.6,-0.0001128122253613,0.0856357346445897,0.9581039037116698,0.0185873903351206,,0.0200046531731791,0.0295335798356202,7.863885864991132,0.0648896788230574,0.1037321358714589,5.25,0.2033398275045627,0.060731260348103,166.03773584905662,0.0021201881466497,0.0004518478641972,0.2131168712131844,122.86792593154657,2.24082401906662,1.3384494038767347,0.597302328290039,400.0,-0.0079998965299978,5.1581281654500266e-05,0.0080514778116523,0.1419594911240961,1.0,"2,True,The solver successfully reached the end of the integration interval.",1.871,phi_weak
SF-295,tanimoto+zero,4,3088,141540,9.999999747378752e-05,4.999999873689376e-06,-29.2549991607666,,chlorambucil,etoposide,alkylator,topo2,,,241279087.64641,244005371.43255576,1.0112992958185465,0.1540040312566855,4.4,0.8459959687433145,0.0949037957970242,12.6,0.0005369549274987,0.8237406119910637,0.6770088825260446,0.1694056332251365,,0.0408471964630422,0.7329825029511629,3.731161577812281,0.7459731513175188,0.8020665915782494,5.25,0.2033398275045627,0.0578624312878497,166.03773584905662,14.387939455354518,9.55893267725418,0.6643712052664213,400.0,10.580405627757251,6.707314900306727,0.6339374062096794,400.0,-0.0874255845169595,0.0019121516740643,0.0893377361910239,0.1425703974366887,1.0,"2,True,The solver successfully reached the end of the integration interval.",1.961,phi_weak
SF-295,tanimoto+zero,9,71423,141540,2.9999999242136255e-05,4.999999873689376e-06,-5.110000133514404,,megestrol,etoposide,hormonal,topo2,,,241279087.64641,244342987.0999698,1.0126985702882376,0.2484893406894241,4.6000000000000005,0.7515106593105758,0.0701133961990674,11.2,-6.353708669596382e-05,0.6158628449086615,0.7354466370908646,0.1334488335519984,,0.0414738004064951,0.4330548392334638,4.94343704712093,0.5519221782747281,0.7221397953448625,5.25,0.2033398275045627,0.060731260348103,166.03773584905662,1974.4489767877471,1316.2429046011418,0.6666380950205926,400.0,10.580405627757251,6.5976032662183055,0.6235680840921419,400.0,-0.078934995912256,0.0012342060181073,0.0801692019303633,0.1431146664042836,1.0,"2,True,The solver successfully reached the end of the integration interval.",2.783,phi_weak
SK-MEL-5,act_hamming+zero,9,740,762,1.0000000116860974e-07,4.999999987376214e-07,1.090000033378601,,NSC740,mechlorethamine,other,alkylator,,,241279087.64641,244513638.08892003,1.013405846623766,0.5165807162860273,4.4,0.4834192837139727,0.0264385136642434,7.800000000000001,-0.0003667457659858,0.2981345110695306,0.8662739250437279,0.0623447577238775,,0.0342126614842092,0.0903982150924165,7.7973027311288785,0.0999568570025125,0.3869286149192175,5.25,0.2033398275045627,0.060731260348103,166.03773584905662,3.274310653771972,2.0081135393254583,0.6132935300479606,400.0,0.0384073799644939,0.0245918251467542,0.6402890582353815,400.0,-0.0346193910018279,0.000284827707938,0.034904218709766,0.1427307841710885,1.0,"2,True,The solver successfully reached the end of the integration interval.",3.885,phi_weak
SK-MEL-5,hamming+zero,9,740,762,1.0000000116860974e-07,4.999999987376214e-07,1.090000033378601,,NSC740,mechlorethamine,other,alkylator,,,241279087.64641,244513638.08892003,1.013405846623766,0.5165807162860273,4.4,0.4834192837139727,0.0264385136642434,7.800000000000001,-0.0003667457659858,0.2981345110695306,0.8662739250437279,0.0623447577238775,,0.0342126614842092,0.0903982150924165,7.7973027311288785,0.0999568570025125,0.3869286149192175,5.25,0.2033398275045627,0.060731260348103,166.03773584905662,3.274310653771972,2.0081135393254583,0.6132935300479606,400.0,0.0384073799644939,0.0245918251467542,0.6402890582353815,400.0,-0.0346193910018279,0.000284827707938,0.034904218709766,0.1427307841710885,1.0,"2,True,The solver successfully reached the end of the integration interval.",3.979,phi_weak
SK-MEL-5,ours+zero,9,755,628503,2.0000000233721948e-07,3.999999975690116e-08,-49.15999984741211,,mercaptopurine,NSC628503,antimetabolite,other,,,241279087.64641,244384593.69891432,1.0128710120831332,0.3283089418044266,4.4,0.6716910581955733,0.0506026365743484,10.2,-0.0001374822335873,0.4949899898904418,0.7857980235634575,0.1046890678588572,,0.0401546022852909,0.2003678076525235,6.683026563563154,0.2917444344368082,0.6011321112361268,5.25,0.2033398275045627,0.060731260348103,166.03773584905662,18.689170516814112,12.413053345842345,0.6641842844054889,400.0,11.59229589536313,7.46942087884314,0.6443435317960506,400.0,-0.0595400879152119,0.0007481429032096,0.0602882308184216,0.1427887066331,1.0,"2,True,The solver successfully reached the end of the integration interval.",4.565,phi_weak
SK-MEL-5,linear_curve,9,92859,747973,6.000000212225132e-06,2.999999892949745e-08,-97.72000122070312,,dromostanolone,vorinostat,hormonal,hdac_inhibitor,,,241279087.64641,235322351.4695183,0.9753118422528968,0.0060577243671307,5.0,0.9939422756328692,0.3447458063747193,,0.0162731623043308,2.2286222182938276,0.3273693730724361,0.4849619532924628,,0.0286250644669762,1.668340482296223,2.3956302365275124,0.7635577960098237,0.9936760235250194,5.25,0.1843879427084984,0.0498007529556812,173.58490566037736,7.44836971296567,4.936134823902683,0.6627134546382893,400.0,2.0707176646457612,1.3510269411549207,0.6524438189819768,400.0,-0.4574156838318701,0.0430407429666797,0.5004564267985498,0.1278596045059818,1.0,"2,True,The solver successfully reached the end of the integration interval.",9.743,phi_weak
SK-MEL-5,random,9,180973,628503,7.000000096013537e-06,3.999999975690116e-08,-30.979999542236328,,tamoxifen,NSC628503,hormonal,other,,,241279087.64641,244423111.2185735,1.013030650947964,0.4063638979195166,4.6000000000000005,0.5936361020804833,0.0404208934968827,9.4,-0.0002059261067543,0.4022554911788656,0.8141110256564416,0.0893163634868405,,0.0384573166387931,0.1474903795479329,7.228989712002968,0.2326020207406878,0.5427532091612814,5.25,0.2033398275045627,0.060731260348103,166.03773584905662,749.5384150207869,499.51791941629057,0.6664340471494545,400.0,11.59229589536313,7.437218558556625,0.6415656247638987,400.0,-0.052683001867513,0.000597185319845,0.0532801871873581,0.1427652107224745,1.0,"2,True,The solver successfully reached the end of the integration interval.",9.283,phi_weak
SK-MEL-5,tanimoto+zero,9,92859,119875,6.000000212225132e-06,1.9999999949504854e-06,-91.9499969482422,,dromostanolone,cisplatin,hormonal,platinum,,,241279087.64641,240336480.6326752,0.9960932917024446,0.0214579092047794,4.800000000000001,0.9785420907952206,0.2460377726874606,,0.0071166444576574,1.679468834173135,0.4362215892215549,0.3602928443791243,,0.0338726312335601,1.3630098942184026,2.645063756919838,0.8715662105364265,0.976934305187756,5.25,0.190568164729299,0.0523986702186213,171.0691823899371,7.44836971296567,4.933495160782701,0.6623590598886051,400.0,0.3724807083952616,0.2458120962043591,0.6599324224424346,400.0,-0.243623363717699,0.0148223922142617,0.2584457559319607,0.1290360407294169,1.0,"2,True,The solver successfully reached the end of the integration interval.",5.325,phi_weak
SR,act_hamming+zero,6,26980,747971,4.999999987376214e-07,1.9999999949504854e-06,-94.94000244140624,,mitomycin,sorafenib,alkylator,kinase_inhibitor,,,241279087.64641,192164401.05019116,0.7964403501550226,0.0010453793621057,4.6000000000000005,0.9989546206378942,0.4317351320725803,,0.1042634051357931,2.991896686687518,0.1813480809591099,0.7414870358005515,,0.0182213946415228,2.779450425376937,1.7969985003289404,0.6447536137029575,0.9986047954416144,5.25,0.0,0.0,400.0,90.80036472291091,60.605471243821725,0.6674584560179595,400.0,0.9043599849896466,0.5912253861591978,0.6537500508339789,400.0,0.8194593616517261,0.1345122018690823,-0.6849471597826438,0.0,1.0,"2,True,The solver successfully reached the end of the integration interval.",6.935,phi_weak
SR,hamming+zero,6,26980,747971,4.999999987376214e-07,1.9999999949504854e-06,-94.94000244140624,,mitomycin,sorafenib,alkylator,kinase_inhibitor,,,241279087.64641,192164401.05019116,0.7964403501550226,0.0010453793621057,4.6000000000000005,0.9989546206378942,0.4317351320725803,,0.1042634051357931,2.991896686687518,0.1813480809591099,0.7414870358005515,,0.0182213946415228,2.779450425376937,1.7969985003289404,0.6447536137029575,0.9986047954416144,5.25,0.0,0.0,400.0,90.80036472291091,60.605471243821725,0.6674584560179595,400.0,0.9043599849896466,0.5912253861591978,0.6537500508339789,400.0,0.8194593616517261,0.1345122018690823,-0.6849471597826438,0.0,1.0,"2,True,The solver successfully reached the end of the integration interval.",6.82,phi_weak
SR,linear_curve,6,9706,26980,4.999999873689376e-06,4.999999987376214e-07,-98.98999786376952,,triethylenemelamine,mitomycin,alkylator,alkylator,,,241279087.64641,2633690.246485609,0.0109155346705605,1.5799507640489515e-06,4.6000000000000005,0.999998420049236,0.5422753121197416,,1.9673716463521895,5.812527055424683,0.0103259948923481,1.98606809410824,,0.0001351583930278,5.872196030484046,1.8185779236218984,0.998866108395934,0.999997858724506,5.25,0.0,0.0,400.0,92.42422518636896,61.69925812837934,0.6675658681905721,400.0,90.80036472291091,60.615080238886875,0.6675642815297234,400.0,0.9996647122257054,0.9867203273607342,-0.0129443848649711,0.0,1.0,"2,True,The solver successfully reached the end of the integration interval.",2.364,phi_weak
SR,ours+zero,6,26980,747971,4.999999987376214e-07,1.9999999949504854e-06,-94.94000244140624,,mitomycin,sorafenib,alkylator,kinase_inhibitor,,,241279087.64641,192164401.05019116,0.7964403501550226,0.0010453793621057,4.6000000000000005,0.9989546206378942,0.4317351320725803,,0.1042634051357931,2.991896686687518,0.1813480809591099,0.7414870358005515,,0.0182213946415228,2.779450425376937,1.7969985003289404,0.6447536137029575,0.9986047954416144,5.25,0.0,0.0,400.0,90.80036472291091,60.605471243821725,0.6674584560179595,400.0,0.9043599849896466,0.5912253861591978,0.6537500508339789,400.0,0.8194593616517261,0.1345122018690823,-0.6849471597826438,0.0,1.0,"2,True,The solver successfully reached the end of the integration interval.",7.034,phi_weak
SR,random,6,26980,747971,4.999999987376214e-07,1.9999999949504854e-06,-94.94000244140624,,mitomycin,sorafenib,alkylator,kinase_inhibitor,,,241279087.64641,192164401.05019116,0.7964403501550226,0.0010453793621057,4.6000000000000005,0.9989546206378942,0.4317351320725803,,0.1042634051357931,2.991896686687518,0.1813480809591099,0.7414870358005515,,0.0182213946415228,2.779450425376937,1.7969985003289404,0.6447536137029575,0.9986047954416144,5.25,0.0,0.0,400.0,90.80036472291091,60.605471243821725,0.6674584560179595,400.0,0.9043599849896466,0.5912253861591978,0.6537500508339789,400.0,0.8194593616517261,0.1345122018690823,-0.6849471597826438,0.0,1.0,"2,True,The solver successfully reached the end of the integration interval.",7.126,phi_weak
U251,act_hamming+zero,9,85998,409962,9.999999747378752e-05,1.9999999949504854e-06,-40.290000915527344,,streptozocin,carmustine,alkylator,alkylator,,,241279087.64641,244318148.6180213,1.012595625262248,0.9322308891973676,4.4,0.0677691108026324,0.0028946317360499,3.5999999999999996,-1.9387000389118404e-05,0.0417492121462899,0.977249128883311,0.0099947080242287,,0.0134431946186213,0.0165302612211378,6.896759385267675,0.1842908676247944,0.0451719147293544,5.25,0.2033398275045627,0.0578624312878497,166.03773584905662,0.057991673115147,0.0368543725259321,0.6355114544247554,400.0,0.0419885926861412,0.0266791651643971,0.6353907920615529,400.0,-0.0037200353035276,4.039228668173411e-05,0.0037604275902093,0.1417592640261541,1.0,"2,True,The solver successfully reached the end of the integration interval.",1.738,phi_weak
U251,hamming+zero,9,85998,409962,9.999999747378752e-05,1.9999999949504854e-06,-40.290000915527344,,streptozocin,carmustine,alkylator,alkylator,,,241279087.64641,244318148.6180213,1.012595625262248,0.9322308891973676,4.4,0.0677691108026324,0.0028946317360499,3.5999999999999996,-1.9387000389118404e-05,0.0417492121462899,0.977249128883311,0.0099947080242287,,0.0134431946186213,0.0165302612211378,6.896759385267675,0.1842908676247944,0.0451719147293544,5.25,0.2033398275045627,0.0578624312878497,166.03773584905662,0.057991673115147,0.0368543725259321,0.6355114544247554,400.0,0.0419885926861412,0.0266791651643971,0.6353907920615529,400.0,-0.0037200353035276,4.039228668173411e-05,0.0037604275902093,0.1417592640261541,1.0,"2,True,The solver successfully reached the end of the integration interval.",1.589,phi_weak
SR,tanimoto+zero,6,26980,747971,4.999999987376214e-07,1.9999999949504854e-06,-94.94000244140624,,mitomycin,sorafenib,alkylator,kinase_inhibitor,,,241279087.64641,192164401.05019116,0.7964403501550226,0.0010453793621057,4.6000000000000005,0.9989546206378942,0.4317351320725803,,0.1042634051357931,2.991896686687518,0.1813480809591099,0.7414870358005515,,0.0182213946415228,2.779450425376937,1.7969985003289404,0.6447536137029575,0.9986047954416144,5.25,0.0,0.0,400.0,90.80036472291091,60.605471243821725,0.6674584560179595,400.0,0.9043599849896466,0.5912253861591978,0.6537500508339789,400.0,0.8194593616517261,0.1345122018690823,-0.6849471597826438,0.0,1.0,"2,True,The solver successfully reached the end of the integration interval.",6.296,phi_weak
U251,ours+zero,9,85998,409962,9.999999747378752e-05,1.9999999949504854e-06,-40.290000915527344,,streptozocin,carmustine,alkylator,alkylator,,,241279087.64641,244318148.6180213,1.012595625262248,0.9322308891973676,4.4,0.0677691108026324,0.0028946317360499,3.5999999999999996,-1.9387000389118404e-05,0.0417492121462899,0.977249128883311,0.0099947080242287,,0.0134431946186213,0.0165302612211378,6.896759385267675,0.1842908676247944,0.0451719147293544,5.25,0.2033398275045627,0.0578624312878497,166.03773584905662,0.057991673115147,0.0368543725259321,0.6355114544247554,400.0,0.0419885926861412,0.0266791651643971,0.6353907920615529,400.0,-0.0037200353035276,4.039228668173411e-05,0.0037604275902093,0.1417592640261541,1.0,"2,True,The solver successfully reached the end of the integration interval.",1.751,phi_weak
U251,linear_curve,9,26980,754143,4.999999969612645e-09,9.99999993922529e-09,-90.36000061035156,,mitomycin,bendamustine,alkylator,alkylator,,,241279087.64641,235274102.07607713,0.975111868878031,0.0113026669682714,4.4,0.9886973330317284,0.2715203418838857,,0.0163622171420468,1.9580917698471836,0.3871753822798612,0.4120922641733007,,0.0318485322155767,2.0257781953570917,2.018207601700439,0.856065697678502,0.9833943799914964,5.25,0.178342803429609,0.030169722882606,176.1006289308176,1.828253653194684,1.2141916949905456,0.6641264973647784,400.0,16.209099229005094,10.803314980651432,0.6664969365675562,400.0,0.0493576966570719,0.0194358852262702,-0.0299218114308016,0.1043812078771397,1.0,"2,True,The solver successfully reached the end of the integration interval.",2.966,phi_weak
U251,tanimoto+zero,9,85998,409962,9.999999747378752e-05,1.9999999949504854e-06,-40.290000915527344,,streptozocin,carmustine,alkylator,alkylator,,,241279087.64641,244318148.6180213,1.012595625262248,0.9322308891973676,4.4,0.0677691108026324,0.0028946317360499,3.5999999999999996,-1.9387000389118404e-05,0.0417492121462899,0.977249128883311,0.0099947080242287,,0.0134431946186213,0.0165302612211378,6.896759385267675,0.1842908676247944,0.0451719147293544,5.25,0.2033398275045627,0.0578624312878497,166.03773584905662,0.057991673115147,0.0368543725259321,0.6355114544247554,400.0,0.0419885926861412,0.0266791651643971,0.6353907920615529,400.0,-0.0037200353035276,4.039228668173411e-05,0.0037604275902093,0.1417592640261541,1.0,"2,True,The solver successfully reached the end of the integration interval.",1.778,phi_weak
U251,random,9,45388,713563,4.999999873689376e-06,9.999999747378752e-05,-51.60699844360352,,dacarbazine,arsenic trioxide,alkylator,other,,,241279087.64641,244527263.7171235,1.0134623191027383,0.5379898691845728,4.4,0.4620101308154272,0.0254095325519807,7.800000000000001,-0.0003909463394795,0.2804986035997177,0.8703946528782945,0.0602837856520807,,0.0338127845524987,0.0872083987387525,7.828891142438085,0.0999078382891464,0.3705412354041973,5.25,0.2033398275045627,0.060731260348103,166.03773584905662,0.771889939037878,0.4956425885056122,0.6421156222393647,400.0,2.456617606864609,1.484842765456269,0.60442567915622,400.0,-0.0305548903962236,0.0002679295835198,0.0308228199797434,0.1427376396508764,1.0,"2,True,The solver successfully reached the end of the integration interval.",5.523,phi_weak
BT-549,act_hamming+zero,8,750,105014,4.999999873689376e-05,1.0000000116860974e-07,32.560001373291016,,NSC750,cladribine,other,antimetabolite,,,814309305.0081123,658933821.427861,0.8091935304869156,0.7147064302296718,4.4,0.2852935697703281,0.0043269121535407,,-0.0004116907346029,0.0933138116898799,0.949872702083699,0.0223345931184764,,0.0243843826912554,0.0723383052884371,11.242563127532122,-0.8715329729773036,0.265782231780838,5.25,0.4237959699125112,0.2474944586689752,150.68493150684935,4.128523645071777,2.324136231075855,0.5629460869989636,600.0,0.0518059910829652,0.0321067476650189,0.6197497045004172,600.0,0.0019413202187295,-6.556795460821441e-05,-0.0020068881733377,0.1819668105828084,1.0,"2,True,The solver successfully reached the end of the integration interval.",6.509,radius_large
BT-549,hamming+zero,8,750,105014,4.999999873689376e-05,1.0000000116860974e-07,32.560001373291016,,NSC750,cladribine,other,antimetabolite,,,814309305.0081123,658933821.427861,0.8091935304869156,0.7147064302296718,4.4,0.2852935697703281,0.0043269121535407,,-0.0004116907346029,0.0933138116898799,0.949872702083699,0.0223345931184764,,0.0243843826912554,0.0723383052884371,11.242563127532122,-0.8715329729773036,0.265782231780838,5.25,0.4237959699125112,0.2474944586689752,150.68493150684935,4.128523645071777,2.324136231075855,0.5629460869989636,600.0,0.0518059910829652,0.0321067476650189,0.6197497045004172,600.0,0.0019413202187295,-6.556795460821441e-05,-0.0020068881733377,0.1819668105828084,1.0,"2,True,The solver successfully reached the end of the integration interval.",6.538,radius_large
BT-549,linear_curve,8,67574,246131,1.0000000116860974e-07,1.9999999494757503e-05,-89.91000366210938,,vincristine,mitoxantrone,antimitotic,dna_intercalator,,,814309305.0081123,657979554.2555487,0.8080216573836078,0.0252596368987524,6.4,0.9747403631012476,0.2578104277409901,,0.0002177098734946,1.5306317173477693,0.4172038986903684,0.3796516418279554,,0.0263451753799107,0.7775115251208976,4.210717288858831,0.8056359135717239,0.958621480404684,5.25,0.4010297071895137,0.2368509330900255,158.90410958904113,11.374212191331845,4.867917799251674,0.4279784584079992,600.0,11.704019281956482,4.35713664826054,0.3722769540355872,600.0,-4.176790702573598,0.052106425119485,4.228897127693083,0.1936346831893587,1.0,"2,True,The solver successfully reached the end of the integration interval.",1.778,radius_large
BT-549,ours+zero,8,125973,681239,2.999999892949745e-08,3.000000106112566e-07,-95.31999969482422,,paclitaxel,bortezomib,antimitotic,proteasome,,,814309305.0081123,593264872.8816746,0.7285497896597957,0.0095830658073243,5.6000000000000005,0.9904169341926756,0.3215967853395203,,0.0451814740446394,1.9566315490418191,0.2846379639294965,0.5457071758416111,,0.0200055660793387,1.0700727269633716,3.6506289326810033,0.7395789170018361,0.9900151635265172,5.25,0.3649234067450505,0.1392009772678685,172.60273972602744,1.7676312857947352,0.9744895158301352,0.5512968251136154,600.0,5.224603901442932,3.138435954115338,0.6007031371791772,600.0,-3.070227507348424,0.1041062458343141,3.174333753182738,0.1105858328245669,1.0,"2,True,The solver successfully reached the end of the integration interval.",1.594,radius_large
BT-549,random,8,105014,628503,9.999999974752427e-07,3.999999886872274e-09,13.720000267028809,,cladribine,NSC628503,antimetabolite,other,,,814309305.0081123,660479839.8038056,0.8110920945416751,0.4342407518455977,4.6000000000000005,0.5657592481544023,0.0286862983985418,,-0.0014294573026023,0.3080073892500745,0.8477760124852308,0.0717188757987947,,0.0326018733357812,0.1540470668191936,8.319835259262486,-0.1187642598539948,0.5392097288281197,5.25,0.4237959699125112,0.2474944586689752,150.68493150684935,0.5180599034675787,0.3245980435361408,0.6265646913869969,600.0,1.0679288136544656,0.5871119111327734,0.5497668979673553,600.0,-0.1483506849038034,0.0002422490370233,0.1485929339408267,0.1842160473778135,1.0,"2,True,The solver successfully reached the end of the integration interval.",1.777,radius_large
HCT-15,act_hamming+zero,2,740,762,1.0000000116860974e-07,4.999999987376214e-07,-7.039999961853027,,NSC740,mechlorethamine,other,alkylator,,,814309305.0081123,659509618.8596339,0.8099006296545559,0.3263795848288041,4.6000000000000005,0.673620415171196,0.0411433094451895,,-0.0007910254190802,0.4320149815279913,0.7997431709891272,0.0970494596707404,,0.0346349680272043,0.2293304237489335,7.16116624602015,0.1183865849395562,0.6396247661209216,5.25,0.4237959699125112,0.2474944586689752,150.68493150684935,11.084599787238917,6.836194127811429,0.6167289987033685,600.0,0.0249483530145913,0.0154686155469982,0.6200255198389742,600.0,-0.1236343489765585,0.0010242329310883,0.1246585819076468,0.1832702655354771,1.0,"2,True,The solver successfully reached the end of the integration interval.",1.958,radius_large
HCT-15,hamming+zero,2,740,762,1.0000000116860974e-07,4.999999987376214e-07,-7.039999961853027,,NSC740,mechlorethamine,other,alkylator,,,814309305.0081123,659509618.8596339,0.8099006296545559,0.3263795848288041,4.6000000000000005,0.673620415171196,0.0411433094451895,,-0.0007910254190802,0.4320149815279913,0.7997431709891272,0.0970494596707404,,0.0346349680272043,0.2293304237489335,7.16116624602015,0.1183865849395562,0.6396247661209216,5.25,0.4237959699125112,0.2474944586689752,150.68493150684935,11.084599787238917,6.836194127811429,0.6167289987033685,600.0,0.0249483530145913,0.0154686155469982,0.6200255198389742,600.0,-0.1236343489765585,0.0010242329310883,0.1246585819076468,0.1832702655354771,1.0,"2,True,The solver successfully reached the end of the integration interval.",1.784,radius_large
BT-549,tanimoto+zero,8,750,105014,4.999999873689376e-05,1.0000000116860974e-07,32.560001373291016,,NSC750,cladribine,other,antimetabolite,,,814309305.0081123,658933821.427861,0.8091935304869156,0.7147064302296718,4.4,0.2852935697703281,0.0043269121535407,,-0.0004116907346029,0.0933138116898799,0.949872702083699,0.0223345931184764,,0.0243843826912554,0.0723383052884371,11.242563127532122,-0.8715329729773036,0.265782231780838,5.25,0.4237959699125112,0.2474944586689752,150.68493150684935,4.128523645071777,2.324136231075855,0.5629460869989636,600.0,0.0518059910829652,0.0321067476650189,0.6197497045004172,600.0,0.0019413202187295,-6.556795460821441e-05,-0.0020068881733377,0.1819668105828084,1.0,"2,True,The solver successfully reached the end of the integration interval.",6.929,radius_large
HCT-15,linear_curve,2,681239,754230,3.000000106112566e-07,9.999999960041972e-13,-75.93000030517578,,bortezomib,romidepsin,proteasome,hdac_inhibitor,,,814309305.0081123,659326639.9907116,0.8096759252728215,0.1015521264398703,5.0,0.8984478735601297,0.1345678795407304,,-0.0006705150629924,0.9358295518352344,0.5883586161898355,0.2303578821587517,,0.0326093649505321,0.7174465987328258,4.12115782306541,0.8975094276525477,0.8979334954359091,5.25,0.416114009253141,0.2421337091294258,153.4246575342466,2.756535066484806,1.5016403227179629,0.5447564737976968,600.0,0.001923121509994,0.001153937273653,0.6000334704054627,600.0,-1.0130944030894722,0.0090424641334209,1.0221368672228932,0.1801203169941017,1.0,"2,True,The solver successfully reached the end of the integration interval.",1.748,radius_large
HCT-15,ours+zero,2,26980,681239,4.999999987376214e-07,3.000000106112566e-07,-85.52999877929688,,mitomycin,bortezomib,alkylator,proteasome,,,814309305.0081123,646349328.9366219,0.7937393383097628,0.0254126462755604,5.4,0.9745873537244396,0.2438955217229295,,0.0079628063925029,1.5344895332553592,0.4130920806519068,0.3839531307608732,,0.0270537384663327,1.0202848850662676,3.4659391750492654,0.8408043656374083,0.9745786941762606,5.25,0.4085254454236195,0.2265170165739386,156.1643835616439,0.0095000025785706,0.0060450666739614,0.636322635069329,600.0,2.756535066484806,1.6211483608401371,0.5881109152394934,600.0,-2.200218991197257,0.0346022820686942,2.2348212732659514,0.1706503743731147,1.0,"2,True,The solver successfully reached the end of the integration interval.",2.081,radius_large
HCT-15,random,2,686673,747973,1.9999999949504854e-06,3.000000106112566e-07,7.989999771118164,,NSC686673,vorinostat,other,hdac_inhibitor,,,814309305.0081123,658749240.1473634,0.8089668582883267,0.729875160456377,4.4,0.270124839543623,0.0022593883920434,,-0.0002900186353786,0.0841929174307283,0.9585704823145162,0.0183759485606906,,0.0232944037458372,0.0668969064379809,11.696687554367466,-0.9355706116456186,0.2373757784855101,5.25,0.4237959699125112,0.2474944586689752,150.68493150684935,0.0307498045165011,0.0159198686098345,0.5177225956441952,600.0,2.3786622021631074,1.3518982487579836,0.5683439403579855,600.0,0.0105266308254884,-0.0001627762848337,-0.0106894071103221,0.1816811880248966,1.0,"2,True,The solver successfully reached the end of the integration interval.",2.627,radius_large
HCT-15,tanimoto+zero,2,681239,754230,3.000000106112566e-07,9.999999960041972e-13,-75.93000030517578,,bortezomib,romidepsin,proteasome,hdac_inhibitor,,,814309305.0081123,659326639.9907116,0.8096759252728215,0.1015521264398703,5.0,0.8984478735601297,0.1345678795407304,,-0.0006705150629924,0.9358295518352344,0.5883586161898355,0.2303578821587517,,0.0326093649505321,0.7174465987328258,4.12115782306541,0.8975094276525477,0.8979334954359091,5.25,0.416114009253141,0.2421337091294258,153.4246575342466,2.756535066484806,1.5016403227179629,0.5447564737976968,600.0,0.001923121509994,0.001153937273653,0.6000334704054627,600.0,-1.0130944030894722,0.0090424641334209,1.0221368672228932,0.1801203169941017,1.0,"2,True,The solver successfully reached the end of the integration interval.",1.588,radius_large
HS 578T,act_hamming+zero,2,1390,747973,9.999999747378752e-06,3.000000106112566e-07,-74.66000366210938,,NSC1390,vorinostat,other,hdac_inhibitor,,,814309305.0081123,604346964.8577795,0.7421589820243536,0.0061712780846162,4.4,0.9938287219153836,0.2982164799896488,,0.0371437632941286,2.1570663845207267,0.3239550481116697,0.4895152481620545,,0.0235915744729958,1.7863378742669755,2.3907193130907096,0.8214597005704788,0.9913492529089692,5.25,0.3863144225698152,0.0,164.38356164383566,0.4647546002912271,0.296807929431697,0.6386336557953585,600.0,20.643580204271405,13.469686792024383,0.6524879240296383,600.0,0.8840753023190601,0.0557701464073586,-0.8283051559117014,0.1084586954691081,1.0,"2,True,The solver successfully reached the end of the integration interval.",1.653,radius_large
HS 578T,hamming+zero,2,1390,747973,9.999999747378752e-06,3.000000106112566e-07,-74.66000366210938,,NSC1390,vorinostat,other,hdac_inhibitor,,,814309305.0081123,604346964.8577795,0.7421589820243536,0.0061712780846162,4.4,0.9938287219153836,0.2982164799896488,,0.0371437632941286,2.1570663845207267,0.3239550481116697,0.4895152481620545,,0.0235915744729958,1.7863378742669755,2.3907193130907096,0.8214597005704788,0.9913492529089692,5.25,0.3863144225698152,0.0,164.38356164383566,0.4647546002912271,0.296807929431697,0.6386336557953585,600.0,20.643580204271405,13.469686792024383,0.6524879240296383,600.0,0.8840753023190601,0.0557701464073586,-0.8283051559117014,0.1084586954691081,1.0,"2,True,The solver successfully reached the end of the integration interval.",1.678,radius_large
HS 578T,linear_curve,2,1390,681239,9.999999974752427e-07,3.000000106112566e-07,-95.26000213623048,,NSC1390,bortezomib,other,proteasome,,,814309305.0081123,660488927.7392306,0.8111032548408011,0.2821815157409462,4.6000000000000005,0.7178184842590538,0.0519985115921005,,-0.0014354329778855,0.4952094052156802,0.7769714468104193,0.1095949409423647,,0.0352870777375498,0.2946051545420701,6.432764902641107,0.3206313798241451,0.6955679235527561,5.25,0.4237959699125112,0.2474944586689752,150.68493150684935,0.0464754610858523,0.0258066424257921,0.5552745862622109,600.0,2.6960701894000954,1.298527511851491,0.4816371313168324,600.0,-0.1534843467570126,0.0008244538800117,0.1543088006370243,0.1845910592679698,1.0,"2,True,The solver successfully reached the end of the integration interval.",1.775,radius_large
HS 578T,ours+zero,2,1390,747973,9.999999747378752e-06,3.000000106112566e-07,-74.66000366210938,,NSC1390,vorinostat,other,hdac_inhibitor,,,814309305.0081123,604346964.8577795,0.7421589820243536,0.0061712780846162,4.4,0.9938287219153836,0.2982164799896488,,0.0371437632941286,2.1570663845207267,0.3239550481116697,0.4895152481620545,,0.0235915744729958,1.7863378742669755,2.3907193130907096,0.8214597005704788,0.9913492529089692,5.25,0.3863144225698152,0.0,164.38356164383566,0.4647546002912271,0.296807929431697,0.6386336557953585,600.0,20.643580204271405,13.469686792024383,0.6524879240296383,600.0,0.8840753023190601,0.0557701464073586,-0.8283051559117014,0.1084586954691081,1.0,"2,True,The solver successfully reached the end of the integration interval.",1.738,radius_large
HS 578T,random,2,1390,747973,9.999999747378752e-06,3.000000106112566e-07,-74.66000366210938,,NSC1390,vorinostat,other,hdac_inhibitor,,,814309305.0081123,604346964.8577795,0.7421589820243536,0.0061712780846162,4.4,0.9938287219153836,0.2982164799896488,,0.0371437632941286,2.1570663845207267,0.3239550481116697,0.4895152481620545,,0.0235915744729958,1.7863378742669755,2.3907193130907096,0.8214597005704788,0.9913492529089692,5.25,0.3863144225698152,0.0,164.38356164383566,0.4647546002912271,0.296807929431697,0.6386336557953585,600.0,20.643580204271405,13.469686792024383,0.6524879240296383,600.0,0.8840753023190601,0.0557701464073586,-0.8283051559117014,0.1084586954691081,1.0,"2,True,The solver successfully reached the end of the integration interval.",1.703,radius_large
HS 578T,tanimoto+zero,2,1390,747973,9.999999747378752e-06,3.000000106112566e-07,-74.66000366210938,,NSC1390,vorinostat,other,hdac_inhibitor,,,814309305.0081123,604346964.8577795,0.7421589820243536,0.0061712780846162,4.4,0.9938287219153836,0.2982164799896488,,0.0371437632941286,2.1570663845207267,0.3239550481116697,0.4895152481620545,,0.0235915744729958,1.7863378742669755,2.3907193130907096,0.8214597005704788,0.9913492529089692,5.25,0.3863144225698152,0.0,164.38356164383566,0.4647546002912271,0.296807929431697,0.6386336557953585,600.0,20.643580204271405,13.469686792024383,0.6524879240296383,600.0,0.8840753023190601,0.0557701464073586,-0.8283051559117014,0.1084586954691081,1.0,"2,True,The solver successfully reached the end of the integration interval.",1.719,radius_large
HT29,act_hamming+zero,3,92859,673596,6.000000212225132e-06,9.999999717180683e-10,1.919999957084656,,dromostanolone,NSC673596,hormonal,other,,,814309305.0081123,660564925.8019269,0.8111965830911709,0.3665677626602511,5.0,0.633432237339749,0.0471906921475271,,-0.0014854014772199,0.3783643047091911,0.7820839320586079,0.1067466366154806,,0.0344987667734779,0.252000530460192,6.940706780114737,0.4115250957703954,0.6318870874152123,5.25,0.4237959699125112,0.2474944586689752,150.68493150684935,35.89050091294007,23.187624786979413,0.6460657889179606,600.0,0.0534579804274952,0.0296965163482027,0.555511377547828,600.0,-0.22551073417768,0.0016299298597298,0.2271406640374099,0.18512799615355,1.0,"2,True,The solver successfully reached the end of the integration interval.",2.135,radius_large
HT29,hamming+zero,3,92859,673596,6.000000212225132e-06,9.999999717180683e-10,1.919999957084656,,dromostanolone,NSC673596,hormonal,other,,,814309305.0081123,660564925.8019269,0.8111965830911709,0.3665677626602511,5.0,0.633432237339749,0.0471906921475271,,-0.0014854014772199,0.3783643047091911,0.7820839320586079,0.1067466366154806,,0.0344987667734779,0.252000530460192,6.940706780114737,0.4115250957703954,0.6318870874152123,5.25,0.4237959699125112,0.2474944586689752,150.68493150684935,35.89050091294007,23.187624786979413,0.6460657889179606,600.0,0.0534579804274952,0.0296965163482027,0.555511377547828,600.0,-0.22551073417768,0.0016299298597298,0.2271406640374099,0.18512799615355,1.0,"2,True,The solver successfully reached the end of the integration interval.",2.077,radius_large
HT29,linear_curve,3,681239,686673,3.000000106112566e-07,2.0000000233721948e-07,-61.86000061035156,,bortezomib,NSC686673,proteasome,other,,,814309305.0081123,482011252.1261305,0.5919264942223995,0.0022632402546967,5.4,0.9977367597453032,0.4029137225070007,,0.1353729320589202,2.5848087656993,0.1789148314143284,0.7473536564453842,,0.013269239491387,1.3886410721667506,3.3173537044333794,0.7026005061339073,0.997718406895996,5.25,0.0,0.0,600.0,19.3674899915252,12.337835329201663,0.6370384254542245,600.0,0.0031882667853898,0.0019999234627242,0.627276071089408,600.0,0.5298224695082443,0.2249796859807119,-0.3048427835275323,0.0,1.0,"2,True,The solver successfully reached the end of the integration interval.",1.617,radius_large
HT29,ours+zero,3,409962,754143,1.9999999949504854e-06,9.99999993922529e-09,-72.94999694824219,,carmustine,bendamustine,alkylator,alkylator,,,814309305.0081123,630149651.4325284,0.7738455738587572,0.0117757229460693,4.4,0.9882242770539308,0.251283964452982,,0.0189864082728469,1.8764539219380143,0.391110844921894,0.4077001415410027,,0.0269489605433794,1.7475430551225974,2.3511074427522636,0.8705597839687348,0.9828093413253928,5.25,0.4085254454236195,0.1973272226481886,156.1643835616439,0.0637659195481261,0.0413101470858103,0.6478405295266269,600.0,13.68780180499778,8.953063138337301,0.6540906469779756,600.0,0.3759676853403025,0.0314700746545789,-0.3444976106857236,0.146666959881444,1.0,"2,True,The solver successfully reached the end of the integration interval.",1.864,radius_large
HT29,random,3,409962,754143,1.9999999949504854e-06,9.99999993922529e-09,-72.94999694824219,,carmustine,bendamustine,alkylator,alkylator,,,814309305.0081123,630149651.4325284,0.7738455738587572,0.0117757229460693,4.4,0.9882242770539308,0.251283964452982,,0.0189864082728469,1.8764539219380143,0.391110844921894,0.4077001415410027,,0.0269489605433794,1.7475430551225974,2.3511074427522636,0.8705597839687348,0.9828093413253928,5.25,0.4085254454236195,0.1973272226481886,156.1643835616439,0.0637659195481261,0.0413101470858103,0.6478405295266269,600.0,13.68780180499778,8.953063138337301,0.6540906469779756,600.0,0.3759676853403025,0.0314700746545789,-0.3444976106857236,0.146666959881444,1.0,"2,True,The solver successfully reached the end of the integration interval.",1.706,radius_large
HT29,tanimoto+zero,3,92859,673596,6.000000212225132e-06,9.999999717180683e-10,1.919999957084656,,dromostanolone,NSC673596,hormonal,other,,,814309305.0081123,660564925.8019269,0.8111965830911709,0.3665677626602511,5.0,0.633432237339749,0.0471906921475271,,-0.0014854014772199,0.3783643047091911,0.7820839320586079,0.1067466366154806,,0.0344987667734779,0.252000530460192,6.940706780114737,0.4115250957703954,0.6318870874152123,5.25,0.4237959699125112,0.2474944586689752,150.68493150684935,35.89050091294007,23.187624786979413,0.6460657889179606,600.0,0.0534579804274952,0.0296965163482027,0.555511377547828,600.0,-0.22551073417768,0.0016299298597298,0.2271406640374099,0.18512799615355,1.0,"2,True,The solver successfully reached the end of the integration interval.",1.879,radius_large
KM12,act_hamming+zero,5,26271,747973,9.999999747378752e-06,3.000000106112566e-07,0.8999999761581421,,cyclophosphamide,vorinostat,alkylator,hdac_inhibitor,,,814309305.0081123,605620958.6134417,0.7437234904339063,0.0063996421775768,4.4,0.9936003578224232,0.2955284564947272,,0.0362292123348927,2.141285809158154,0.3273421445737145,0.4849980766427733,,0.0237592285458016,1.7721108236048255,2.4010398971947167,0.8244547709389385,0.9910075908330856,5.25,0.3936262233163901,0.0,161.64383561643837,17.97405850448311,11.76021751426669,0.654288374066071,600.0,20.111380442073887,13.119608032253367,0.6523474641654421,600.0,0.8745157401121466,0.0543463260045224,-0.8201694141076241,0.1150266737294616,1.0,"2,True,The solver successfully reached the end of the integration interval.",1.719,radius_large
KM12,hamming+zero,5,26271,747973,9.999999747378752e-06,3.000000106112566e-07,0.8999999761581421,,cyclophosphamide,vorinostat,alkylator,hdac_inhibitor,,,814309305.0081123,605620958.6134417,0.7437234904339063,0.0063996421775768,4.4,0.9936003578224232,0.2955284564947272,,0.0362292123348927,2.141285809158154,0.3273421445737145,0.4849980766427733,,0.0237592285458016,1.7721108236048255,2.4010398971947167,0.8244547709389385,0.9910075908330856,5.25,0.3936262233163901,0.0,161.64383561643837,17.97405850448311,11.76021751426669,0.654288374066071,600.0,20.111380442073887,13.119608032253367,0.6523474641654421,600.0,0.8745157401121466,0.0543463260045224,-0.8201694141076241,0.1150266737294616,1.0,"2,True,The solver successfully reached the end of the integration interval.",1.745,radius_large
KM12,linear_curve,5,673596,754143,1.000000013351432e-10,9.99999993922529e-09,-83.88999938964844,,NSC673596,bendamustine,other,alkylator,,,814309305.0081123,656695466.2248397,0.8064447528550561,0.032604622522321,4.6000000000000005,0.967395377477679,0.1872195494674476,,0.0010660906743298,1.4324587906096289,0.5135361457162471,0.2894289827723651,,0.0314801772286989,1.19468777779065,2.965566085878618,0.8981546665317198,0.9596064380807148,5.25,0.416114009253141,0.2421337091294258,153.4246575342466,0.0002781882476896,0.0001733255422,0.6230512742344438,600.0,6.952046883678343,4.514652301391465,0.6493990010324487,600.0,-1.127423860851304,0.0117898358713971,1.1392136967227011,0.1780078428302245,1.0,"2,True,The solver successfully reached the end of the integration interval.",2.027,radius_large
KM12,random,5,762,713563,1.9999999949504854e-06,9.999999747378752e-05,0.1879999935626983,,mechlorethamine,arsenic trioxide,alkylator,other,,,814309305.0081123,659467683.4462879,0.8098491315160866,0.4991733208363829,4.4,0.5008266791636171,0.0199767680005638,,-0.0007634096009962,0.2491901354752946,0.8773846788430135,0.0568099536466326,,0.0306099972694657,0.1215101056338466,9.063041262770687,-0.4723063218966328,0.4476823499148618,5.25,0.4237959699125112,0.2474944586689752,150.68493150684935,0.087332094363511,0.0529298722331344,0.6060758375130589,600.0,2.4168985384296877,1.347319688147351,0.5574581086977421,600.0,0.0638362951749456,-0.0002531630131306,-0.0640894581880762,0.1826915717398265,1.0,"2,True,The solver successfully reached the end of the integration interval.",1.553,radius_large
KM12,tanimoto+zero,5,26271,747973,9.999999747378752e-06,3.000000106112566e-07,0.8999999761581421,,cyclophosphamide,vorinostat,alkylator,hdac_inhibitor,,,814309305.0081123,605620958.6134417,0.7437234904339063,0.0063996421775768,4.4,0.9936003578224232,0.2955284564947272,,0.0362292123348927,2.141285809158154,0.3273421445737145,0.4849980766427733,,0.0237592285458016,1.7721108236048255,2.4010398971947167,0.8244547709389385,0.9910075908330856,5.25,0.3936262233163901,0.0,161.64383561643837,17.97405850448311,11.76021751426669,0.654288374066071,600.0,20.111380442073887,13.119608032253367,0.6523474641654421,600.0,0.8745157401121466,0.0543463260045224,-0.8201694141076241,0.1150266737294616,1.0,"2,True,The solver successfully reached the end of the integration interval.",1.742,radius_large
M14,act_hamming+zero,4,25154,119875,3.000000106112566e-07,1.9999999494757503e-05,26.59000015258789,,NSC25154,cisplatin,other,platinum,,,814309305.0081123,658769444.3713118,0.8089916697743604,0.6290453976801235,4.4,0.3709546023198765,0.0082834558754105,,-0.0003033384965323,0.1487595119199904,0.9257811088230886,0.0334916855294406,,0.0266168117048902,0.0855501506309133,10.409123164519894,-1.068336629026967,0.317428112679049,5.25,0.4237959699125112,0.2474944586689752,150.68493150684935,0.0005794359032895,0.0003077621506055,0.5311409749695513,600.0,4.054053261967809,2.5684716257621507,0.6335564581397316,600.0,0.0582647820331425,8.80368204048132e-06,-0.058255978351102,0.1817975814701842,1.0,"2,True,The solver successfully reached the end of the integration interval.",1.877,radius_large
M14,hamming+zero,4,25154,119875,3.000000106112566e-07,1.9999999494757503e-05,26.59000015258789,,NSC25154,cisplatin,other,platinum,,,814309305.0081123,658769444.3713118,0.8089916697743604,0.6290453976801235,4.4,0.3709546023198765,0.0082834558754105,,-0.0003033384965323,0.1487595119199904,0.9257811088230886,0.0334916855294406,,0.0266168117048902,0.0855501506309133,10.409123164519894,-1.068336629026967,0.317428112679049,5.25,0.4237959699125112,0.2474944586689752,150.68493150684935,0.0005794359032895,0.0003077621506055,0.5311409749695513,600.0,4.054053261967809,2.5684716257621507,0.6335564581397316,600.0,0.0582647820331425,8.80368204048132e-06,-0.058255978351102,0.1817975814701842,1.0,"2,True,The solver successfully reached the end of the integration interval.",1.926,radius_large
M14,linear_curve,4,609699,681239,1.0000000116860974e-07,3.000000106112566e-07,-96.5999984741211,,topotecan,bortezomib,topo1,proteasome,,,814309305.0081123,612243140.0839527,0.7518557583937389,0.0050328743227551,5.2,0.9949671256772448,0.3599475307878077,,0.0315061808917736,2.239183657599828,0.2846567313534924,0.5456785418537963,,0.0206593967034773,1.188529229466765,3.35125680997479,0.717726644864312,0.9949657088755413,5.25,0.3790937337153559,0.183723274618526,167.1232876712329,3.591378767115229,2.2015889484635376,0.6130205392487637,600.0,3.4357492135598684,2.0508137140117615,0.5969043683158878,600.0,-4.10077665532471,0.0946641448797392,4.195440800204449,0.1408587024780478,1.0,"2,True,The solver successfully reached the end of the integration interval.",1.751,radius_large
KM12,ours+zero,5,702294,754143,9.999999747378752e-05,9.99999993922529e-09,-69.5,,NSC702294,bendamustine,other,alkylator,,,814309305.0081123,635300939.3225474,0.7801715336118116,0.0095919861962813,4.6000000000000005,0.9904080138037188,0.2941163681487684,,0.0154506111757511,1.96382942206602,0.3531104408660286,0.4520894409091076,,0.0250809240202738,1.4714734001043464,2.7208580852357502,0.8057099658582396,0.9891096042995616,5.25,0.4010297071895137,0.2115866621900928,158.90410958904113,0.019,0.011983991471257,0.6307363932240542,600.0,6.952046883678343,4.524780017665739,0.6508557973463591,600.0,-2.242920602753775,0.0470135896597468,2.289934192413522,0.1570988260949143,1.0,"2,True,The solver successfully reached the end of the integration interval.",10.733,radius_large
M14,random,4,125973,246131,3.000000106112566e-07,1.9999999494757503e-05,-2.259999990463257,,paclitaxel,mitoxantrone,antimitotic,dna_intercalator,,,814309305.0081123,660945735.2091502,0.8116642302184742,0.4080570463021199,4.800000000000001,0.5919429536978801,0.0314775713037792,,-0.0017356959828505,0.3333765950853726,0.8401033661223761,0.0756672751586652,,0.0330933130831058,0.165393635909173,8.106311637781944,-0.0103184964357907,0.5725104662251097,5.25,0.4237959699125112,0.2474944586689752,150.68493150684935,12.074200839692525,3.888087336355741,0.3220161224728107,317.5300470318401,2.6714752421683974,0.4588566435380418,0.171761518240983,151.75229196788337,-0.1048101768089706,-0.0002145359405396,0.1045956408684309,0.1847281053903865,1.0,"2,True,The solver successfully reached the end of the integration interval.",1.601,radius_large
M14,ours+zero,4,719344,761432,3.000000026176508e-09,5.000000058430487e-08,-45.69100189208984,,anastrozole,NSC761432,hormonal,other,,,814309305.0081123,649848970.6201209,0.7980370193776024,0.029292036981131,5.6000000000000005,0.970707963018869,0.2233326622591642,,0.0056176732976413,1.4713864457581896,0.4460085685890666,0.3506567976663269,,0.0284108476850741,0.9942987783450072,3.4763207657943593,0.8684067947842246,0.9697750282770456,5.25,0.4085254454236195,0.2316455593163409,156.1643835616439,10.760851184062176,6.9484828139404025,0.6457186978137709,600.0,157.80868524018254,103.38243436552904,0.6551124496613255,600.0,-2.0564790000193818,0.0274512020231615,2.083930202042543,0.1705228142713331,1.0,"2,True,The solver successfully reached the end of the integration interval.",1.782,radius_large
M14,tanimoto+zero,4,1390,753082,0.0001999999949475,4.999999873689376e-06,-4.0920000076293945,,NSC1390,pazopanib,other,kinase_inhibitor,,,814309305.0081123,599716518.1384447,0.7364726332489473,0.0050134168360564,4.4,0.9949865831639436,0.3134519213431532,,0.0404840977550221,2.2473076860254295,0.3093597536104642,0.5095361868286372,,0.0228173784010933,1.7898208620379188,2.406629333549048,0.8039950784780578,0.9930017096227084,5.25,0.3863144225698152,0.0,164.38356164383566,10.206807147819664,6.613334918455294,0.6479337585865926,600.0,18.03917270732172,11.736651035411109,0.6506202488236863,600.0,0.8751411263532833,0.0622147423635844,-0.8129263839896989,0.1065359379532133,1.0,"2,True,The solver successfully reached the end of the integration interval.",1.802,radius_large
MDA-MB-435,pool_optimum,-1,24559,701852,9.999999974752427e-07,9.999999974752427e-07,-93.4499969482422,,NSC24559,irinotecan,other,topo1,,,814309305.0081123,659509635.051354,0.8099006495385483,0.5588652203787414,4.4,0.4411347796212586,0.0143417623612732,,-0.0007910360815094,0.2001344179724344,0.9014829244416523,0.0450424951101862,,0.0288823858224743,0.102671065560731,9.640936092736055,-0.7276577339181574,0.3874799431848168,5.25,0.4237959699125112,0.2474944586689752,150.68493150684935,2.539011248752824,1.3974910575409594,0.5504075880827288,600.0,0.7738704833525072,0.3663234562710701,0.4733653294077188,600.0,0.0158084639766199,-0.0003881965219687,-0.0161966604985887,0.1826660828027371,1.0,"2,True,The solver successfully reached the end of the integration interval.",1.808,radius_large
MOLT-4,act_hamming+zero,3,63878,105014,9.99999993922529e-09,1.0000000116860974e-07,-99.70999908447266,,cytarabine,cladribine,antimetabolite,antimetabolite,,,814309305.0081123,663630178.0877262,0.8149608189496435,0.1519511063521315,4.6000000000000005,0.8480488936478685,0.085155538774972,,-0.0034960183827881,0.7640341006544703,0.6935333741951095,0.1589326349799927,,0.0353230896382532,0.6201380427640703,4.371586832101188,0.705258788850792,0.8191795825403216,5.25,0.4237959699125112,0.2529337529431069,150.68493150684935,2.0400557742805585,1.2975086803952682,0.6360162779632066,600.0,3.277220739628644,2.092915285355127,0.6386250581315083,600.0,-0.523233263379236,0.0010031866612811,0.5242364500405172,0.1892928324678764,1.0,"2,True,The solver successfully reached the end of the integration interval.",1.836,radius_large
MOLT-4,hamming+zero,3,63878,105014,9.99999993922529e-09,1.0000000116860974e-07,-99.70999908447266,,cytarabine,cladribine,antimetabolite,antimetabolite,,,814309305.0081123,663630178.0877262,0.8149608189496435,0.1519511063521315,4.6000000000000005,0.8480488936478685,0.085155538774972,,-0.0034960183827881,0.7640341006544703,0.6935333741951095,0.1589326349799927,,0.0353230896382532,0.6201380427640703,4.371586832101188,0.705258788850792,0.8191795825403216,5.25,0.4237959699125112,0.2529337529431069,150.68493150684935,2.0400557742805585,1.2975086803952682,0.6360162779632066,600.0,3.277220739628644,2.092915285355127,0.6386250581315083,600.0,-0.523233263379236,0.0010031866612811,0.5242364500405172,0.1892928324678764,1.0,"2,True,The solver successfully reached the end of the integration interval.",1.83,radius_large
MOLT-4,ours+zero,3,63878,105014,9.99999993922529e-09,1.0000000116860974e-07,-99.70999908447266,,cytarabine,cladribine,antimetabolite,antimetabolite,,,814309305.0081123,663630178.0877262,0.8149608189496435,0.1519511063521315,4.6000000000000005,0.8480488936478685,0.085155538774972,,-0.0034960183827881,0.7640341006544703,0.6935333741951095,0.1589326349799927,,0.0353230896382532,0.6201380427640703,4.371586832101188,0.705258788850792,0.8191795825403216,5.25,0.4237959699125112,0.2529337529431069,150.68493150684935,2.0400557742805585,1.2975086803952682,0.6360162779632066,600.0,3.277220739628644,2.092915285355127,0.6386250581315083,600.0,-0.523233263379236,0.0010031866612811,0.5242364500405172,0.1892928324678764,1.0,"2,True,The solver successfully reached the end of the integration interval.",1.906,radius_large
MOLT-4,random,3,63878,105014,9.99999993922529e-09,1.0000000116860974e-07,-99.70999908447266,,cytarabine,cladribine,antimetabolite,antimetabolite,,,814309305.0081123,663630178.0877262,0.8149608189496435,0.1519511063521315,4.6000000000000005,0.8480488936478685,0.085155538774972,,-0.0034960183827881,0.7640341006544703,0.6935333741951095,0.1589326349799927,,0.0353230896382532,0.6201380427640703,4.371586832101188,0.705258788850792,0.8191795825403216,5.25,0.4237959699125112,0.2529337529431069,150.68493150684935,2.0400557742805585,1.2975086803952682,0.6360162779632066,600.0,3.277220739628644,2.092915285355127,0.6386250581315083,600.0,-0.523233263379236,0.0010031866612811,0.5242364500405172,0.1892928324678764,1.0,"2,True,The solver successfully reached the end of the integration interval.",1.917,radius_large
MOLT-4,linear_curve,3,6396,63878,9.999999974752427e-07,1.0000000116860974e-07,-99.87999725341795,,thiotepa,cytarabine,alkylator,antimetabolite,,,814309305.0081123,230454265.81488883,0.2830058116707791,0.000106617917038,4.6000000000000005,0.999893382082962,0.511966634696631,,0.4558453571100925,3.917907773576944,0.0599365990964637,1.2223079032913091,,0.0042570089628873,2.8192785655939594,2.3005445972211267,0.838074769022901,0.9998791311732198,5.25,0.0,0.0,600.0,7.564270332450244,4.946960609771408,0.6539904567594919,600.0,20.40055810519228,13.394149325025948,0.6565579851277163,600.0,0.998080337953326,0.620669611213048,-0.377410726740278,0.0,1.0,"2,True,The solver successfully reached the end of the integration interval.",4.054,radius_large
MOLT-4,tanimoto+zero,3,63878,105014,9.99999993922529e-09,1.0000000116860974e-07,-99.70999908447266,,cytarabine,cladribine,antimetabolite,antimetabolite,,,814309305.0081123,663630178.0877262,0.8149608189496435,0.1519511063521315,4.6000000000000005,0.8480488936478685,0.085155538774972,,-0.0034960183827881,0.7640341006544703,0.6935333741951095,0.1589326349799927,,0.0353230896382532,0.6201380427640703,4.371586832101188,0.705258788850792,0.8191795825403216,5.25,0.4237959699125112,0.2529337529431069,150.68493150684935,2.0400557742805585,1.2975086803952682,0.6360162779632066,600.0,3.277220739628644,2.092915285355127,0.6386250581315083,600.0,-0.523233263379236,0.0010031866612811,0.5242364500405172,0.1892928324678764,1.0,"2,True,The solver successfully reached the end of the integration interval.",1.887,radius_large
NCI-H322M,act_hamming+zero,5,740,6396,1.0000000116860974e-07,9.999999974752427e-07,-56.81999969482422,,NSC740,thiotepa,other,alkylator,,,814309305.0081123,658681969.7344928,0.8088842478939018,0.7470299516293897,4.4,0.2529700483706103,0.0014467513743382,,-0.0002456669168049,0.0741034862759286,0.9634017281048451,0.0161925790038087,,0.0227266908122913,0.0643911546532683,11.954338718204395,-0.6089795512822611,0.2249940995365925,5.25,0.4237959699125112,0.2474944586689752,150.68493150684935,3.870470152891944,2.164782226763748,0.5593073040871437,600.0,0.053622390134832,0.0322075325249416,0.6006358993688403,600.0,0.0132084835757979,-9.309279056401998e-05,-0.0133015763663619,0.1816144289233369,1.0,"2,True,The solver successfully reached the end of the integration interval.",1.841,radius_large
NCI-H322M,hamming+zero,5,740,6396,1.0000000116860974e-07,9.999999974752427e-07,-56.81999969482422,,NSC740,thiotepa,other,alkylator,,,814309305.0081123,658681969.7344928,0.8088842478939018,0.7470299516293897,4.4,0.2529700483706103,0.0014467513743382,,-0.0002456669168049,0.0741034862759286,0.9634017281048451,0.0161925790038087,,0.0227266908122913,0.0643911546532683,11.954338718204395,-0.6089795512822611,0.2249940995365925,5.25,0.4237959699125112,0.2474944586689752,150.68493150684935,3.870470152891944,2.164782226763748,0.5593073040871437,600.0,0.053622390134832,0.0322075325249416,0.6006358993688403,600.0,0.0132084835757979,-9.309279056401998e-05,-0.0133015763663619,0.1816144289233369,1.0,"2,True,The solver successfully reached the end of the integration interval.",1.857,radius_large
NCI-H322M,linear_curve,5,713563,715055,9.999999974752427e-07,9.999999747378752e-06,-33.05699920654297,,arsenic trioxide,gefitinib,other,kinase_inhibitor,,,814309305.0081123,355598416.69228816,0.4366871586819772,0.0003763410338178,5.2,0.999623658966182,0.4829551756327252,,0.2674702900371978,3.365418169656679,0.103363781181132,0.9856316120031664,,0.0078055772385856,1.9960067807903357,2.7667587352030383,0.7364575177506553,0.9996213433019436,5.25,0.0,0.0,600.0,0.0225956572702513,0.0144584392152303,0.6398769038803653,600.0,63.097079365186474,41.349750790552584,0.6553354165766209,600.0,0.977788682465714,0.4172602955013703,-0.5605283869643436,0.0,1.0,"2,True,The solver successfully reached the end of the integration interval.",1.638,radius_large
NCI-H322M,ours+zero,5,14229,24559,3.000000106112566e-06,9.999999974752427e-07,-61.189998626708984,,NSC14229,NSC24559,other,other,,,814309305.0081123,659904140.9596964,0.8103851164430969,0.4302497584824086,4.4,0.5697502415175915,0.0303724853788374,,-0.0010507449723701,0.3137208659541527,0.84041922326409,0.0755040223512377,,0.0327914809229099,0.1600266917934979,8.221070913612515,-0.1164557375915438,0.5312597924925091,5.25,0.4237959699125112,0.2474944586689752,150.68493150684935,0.025737532844235,0.0138239139598754,0.5371110760125511,600.0,2.4496629563880408,1.3771963782928651,0.5621983116908061,600.0,0.0469368889065701,-1.5799466603905188e-05,-0.046952688373174,0.1834434414606147,1.0,"2,True,The solver successfully reached the end of the integration interval.",1.767,radius_large
NCI-H322M,random,5,32065,760766,9.999999747378752e-05,1.9999999949504854e-06,14.109999656677246,,hydroxyurea,NSC760766,antimetabolite,other,,,814309305.0081123,659365494.2737045,0.8097236396766162,0.444081631129624,4.6000000000000005,0.5559183688703759,0.0271449247049049,,-0.0006961073908278,0.298275157661228,0.8481821557524762,0.071510868565477,,0.0323515174852003,0.1509881946991435,8.402657047973008,-0.148856539043789,0.5243662716477406,5.25,0.4237959699125112,0.2474944586689752,150.68493150684935,1.7752751727968317,1.1253387428484811,0.6338953870884041,600.0,0.6866976526575895,0.3822181409454689,0.556603243751083,600.0,0.0244131996299974,0.0004412693673927,-0.0239719302626046,0.1828330006493366,1.0,"2,True,The solver successfully reached the end of the integration interval.",1.874,radius_large
NCI-H322M,tanimoto+zero,5,740,6396,1.0000000116860974e-07,9.999999974752427e-07,-56.81999969482422,,NSC740,thiotepa,other,alkylator,,,814309305.0081123,658681969.7344928,0.8088842478939018,0.7470299516293897,4.4,0.2529700483706103,0.0014467513743382,,-0.0002456669168049,0.0741034862759286,0.9634017281048451,0.0161925790038087,,0.0227266908122913,0.0643911546532683,11.954338718204395,-0.6089795512822611,0.2249940995365925,5.25,0.4237959699125112,0.2474944586689752,150.68493150684935,3.870470152891944,2.164782226763748,0.5593073040871437,600.0,0.053622390134832,0.0322075325249416,0.6006358993688403,600.0,0.0132084835757979,-9.309279056401998e-05,-0.0133015763663619,0.1816144289233369,1.0,"2,True,The solver successfully reached the end of the integration interval.",1.882,radius_large
RPMI-8226,act_hamming+zero,0,740,19893,2.999999892949745e-08,9.999999747378752e-05,-71.53700256347656,,NSC740,fluorouracil,other,antimetabolite,,,814309305.0081123,656071063.2937759,0.8056779644526351,0.0281261992557346,5.800000000000001,0.9718738007442652,0.2499723302888875,,0.0014792254729359,1.4876768539190537,0.4267462229449268,0.3698303140595915,,0.0273851403219148,0.8865525647815513,3.8047887255413286,0.8264941570020556,0.9696122861015002,5.25,0.4085254454236195,0.2368509330900255,156.1643835616439,1.0369404637895894,0.6201256608910162,0.5980340072994286,600.0,3.0802637990557153,1.9838825388965209,0.6440625440927168,600.0,-3.135702205626526,0.0338248175519658,3.1695270231784916,0.1848481825834637,1.0,"2,True,The solver successfully reached the end of the integration interval.",2.236,radius_large
RPMI-8226,hamming+zero,0,740,19893,2.999999892949745e-08,9.999999747378752e-05,-71.53700256347656,,NSC740,fluorouracil,other,antimetabolite,,,814309305.0081123,656071063.2937759,0.8056779644526351,0.0281261992557346,5.800000000000001,0.9718738007442652,0.2499723302888875,,0.0014792254729359,1.4876768539190537,0.4267462229449268,0.3698303140595915,,0.0273851403219148,0.8865525647815513,3.8047887255413286,0.8264941570020556,0.9696122861015002,5.25,0.4085254454236195,0.2368509330900255,156.1643835616439,1.0369404637895894,0.6201256608910162,0.5980340072994286,600.0,3.0802637990557153,1.9838825388965209,0.6440625440927168,600.0,-3.135702205626526,0.0338248175519658,3.1695270231784916,0.1848481825834637,1.0,"2,True,The solver successfully reached the end of the integration interval.",2.368,radius_large
RPMI-8226,ours+zero,0,19893,749226,9.999999747378752e-05,4.999999873689376e-06,-76.33100128173828,,fluorouracil,NSC749226,antimetabolite,other,,,814309305.0081123,603591205.8182006,0.7412308837760211,0.0051748906513763,5.800000000000001,0.9948251093486236,0.3758604015445249,,0.0376872050551942,2.2228867257326494,0.2623123652249798,0.5811812365831055,,0.0191239947218578,1.158891787608283,3.484058294245369,0.6919455729807411,0.9943988978312222,5.25,0.3649234067450505,0.1793316242951145,172.60273972602744,3.0802637990557153,1.996669365298492,0.64821375555905,600.0,0.6684768977034642,0.4124175806845394,0.6169511348879666,600.0,-6.096077846777913,0.1226200923795218,6.218697939157435,0.1395581233622783,1.0,"2,True,The solver successfully reached the end of the integration interval.",2.387,radius_large
RPMI-8226,random,0,14229,246131,2.999999892949745e-08,1.9999999494757503e-05,-94.70999908447266,,NSC14229,mitoxantrone,other,dna_intercalator,,,814309305.0081123,629154778.2015966,0.7726238351105774,0.0129183790591292,6.2,0.9870816209408708,0.2995977877309131,,0.0196726093757861,1.8230429326022504,0.3607913829502622,0.4427438435853109,,0.0235742918354924,0.8243222126060221,4.192026597934402,0.7708562562944159,0.9793562556776908,5.25,0.3863144225698152,0.1927205025606297,164.38356164383566,0.0074007132575906,0.0042033519583458,0.5679657908694987,600.0,14.265289286311544,6.631913723360089,0.4648986494598349,600.0,-5.3579588345559825,0.071062065381244,5.4290208999372265,0.1498548793915433,1.0,"2,True,The solver successfully reached the end of the integration interval.",1.749,radius_large
RPMI-8226,tanimoto+zero,0,3053,19893,1.000000013351432e-10,9.999999747378752e-05,-76.15699768066406,,dactinomycin,fluorouracil,dna_intercalator,antimetabolite,,,814309305.0081123,656377865.1563706,0.8060547277546235,0.0304324269763421,5.800000000000001,0.9695675730236578,0.2427630022626604,,0.0012761815974735,1.4534513144632566,0.4349036453066375,0.3616069521187002,,0.0276971526119112,0.875744435923594,3.822875477806547,0.8335779486365287,0.96732317557515,5.25,0.4085254454236195,0.2368509330900255,156.1643835616439,0.002326114730968,0.0009622280947792,0.4136632135848281,600.0,3.0802637990557153,1.9837499745043976,0.6440195073917161,600.0,-3.058165478590684,0.0319240687572848,3.090089547347969,0.1837842300928418,1.0,"2,True,The solver successfully reached the end of the integration interval.",2.224,radius_large
RPMI-8226,linear_curve,0,127716,681239,3.000000106112566e-07,3.000000106112566e-07,-98.0500030517578,,decitabine,bortezomib,antimetabolite,proteasome,,,814309305.0081123,614148606.8049276,0.7541957374523791,0.0034569088505825,4.800000000000001,0.9965430911494176,0.3672922953185921,,0.0301566376477499,2.405409548198152,0.286151605245626,0.5434038134551831,,0.0211500577169376,1.3412376096167864,3.045906478047121,0.7255888298092253,0.996295362325554,5.25,0.3790937337153559,0.183723274618526,167.1232876712329,6.647919983820463,4.329802459441223,0.6513018312463124,600.0,2.659365748651904,1.6023013300731954,0.6025125843955237,600.0,-4.546324783371916,0.0877006628589026,4.634025446230819,0.1379326878491316,1.0,"2,True,The solver successfully reached the end of the integration interval.",9.87,radius_large
SF-295,act_hamming+zero,2,740,25154,1.0000000116860974e-07,3.000000106112566e-06,-34.849998474121094,,NSC740,NSC25154,other,other,,,814309305.0081123,659304376.7211728,0.809648585207564,0.1443660992330637,4.800000000000001,0.8556339007669362,0.096632888046754,,-0.0006558501340044,0.7846322546993961,0.6580461555696477,0.1817436437626319,,0.0343446219125382,0.6562073576209061,4.271990351594553,0.8114057401926172,0.8471023647078334,5.25,0.4237959699125112,0.2421337091294258,150.68493150684935,24.98568003893303,16.002794795154195,0.640478656983457,600.0,0.0043658953188699,0.0025934666204373,0.59402858543768,600.0,-0.6750971520157849,0.0050708625064399,0.6801680145222249,0.1850149317762693,1.0,"2,True,The solver successfully reached the end of the integration interval.",2.313,radius_large
SF-295,act_hamming+zero,4,740,25154,1.0000000116860974e-07,3.000000106112566e-06,-34.849998474121094,,NSC740,NSC25154,other,other,,,814309305.0081123,659304376.7211728,0.809648585207564,0.1443660992330637,4.800000000000001,0.8556339007669362,0.096632888046754,,-0.0006558501340044,0.7846322546993961,0.6580461555696477,0.1817436437626319,,0.0343446219125382,0.6562073576209061,4.271990351594553,0.8114057401926172,0.8471023647078334,5.25,0.4237959699125112,0.2421337091294258,150.68493150684935,24.98568003893303,16.002794795154195,0.640478656983457,600.0,0.0043658953188699,0.0025934666204373,0.59402858543768,600.0,-0.6750971520157849,0.0050708625064399,0.6801680145222249,0.1850149317762693,1.0,"2,True,The solver successfully reached the end of the integration interval.",2.044,radius_large
SF-295,act_hamming+zero,9,740,25154,1.0000000116860974e-07,3.000000106112566e-06,-34.849998474121094,,NSC740,NSC25154,other,other,,,814309305.0081123,659304376.7211728,0.809648585207564,0.1443660992330637,4.800000000000001,0.8556339007669362,0.096632888046754,,-0.0006558501340044,0.7846322546993961,0.6580461555696477,0.1817436437626319,,0.0343446219125382,0.6562073576209061,4.271990351594553,0.8114057401926172,0.8471023647078334,5.25,0.4237959699125112,0.2421337091294258,150.68493150684935,24.98568003893303,16.002794795154195,0.640478656983457,600.0,0.0043658953188699,0.0025934666204373,0.59402858543768,600.0,-0.6750971520157849,0.0050708625064399,0.6801680145222249,0.1850149317762693,1.0,"2,True,The solver successfully reached the end of the integration interval.",2.053,radius_large
SF-295,hamming+zero,2,740,25154,1.0000000116860974e-07,3.000000106112566e-06,-34.849998474121094,,NSC740,NSC25154,other,other,,,814309305.0081123,659304376.7211728,0.809648585207564,0.1443660992330637,4.800000000000001,0.8556339007669362,0.096632888046754,,-0.0006558501340044,0.7846322546993961,0.6580461555696477,0.1817436437626319,,0.0343446219125382,0.6562073576209061,4.271990351594553,0.8114057401926172,0.8471023647078334,5.25,0.4237959699125112,0.2421337091294258,150.68493150684935,24.98568003893303,16.002794795154195,0.640478656983457,600.0,0.0043658953188699,0.0025934666204373,0.59402858543768,600.0,-0.6750971520157849,0.0050708625064399,0.6801680145222249,0.1850149317762693,1.0,"2,True,The solver successfully reached the end of the integration interval.",1.962,radius_large
SF-295,hamming+zero,4,740,25154,1.0000000116860974e-07,3.000000106112566e-06,-34.849998474121094,,NSC740,NSC25154,other,other,,,814309305.0081123,659304376.7211728,0.809648585207564,0.1443660992330637,4.800000000000001,0.8556339007669362,0.096632888046754,,-0.0006558501340044,0.7846322546993961,0.6580461555696477,0.1817436437626319,,0.0343446219125382,0.6562073576209061,4.271990351594553,0.8114057401926172,0.8471023647078334,5.25,0.4237959699125112,0.2421337091294258,150.68493150684935,24.98568003893303,16.002794795154195,0.640478656983457,600.0,0.0043658953188699,0.0025934666204373,0.59402858543768,600.0,-0.6750971520157849,0.0050708625064399,0.6801680145222249,0.1850149317762693,1.0,"2,True,The solver successfully reached the end of the integration interval.",1.984,radius_large
SF-295,hamming+zero,9,740,25154,1.0000000116860974e-07,3.000000106112566e-06,-34.849998474121094,,NSC740,NSC25154,other,other,,,814309305.0081123,659304376.7211728,0.809648585207564,0.1443660992330637,4.800000000000001,0.8556339007669362,0.096632888046754,,-0.0006558501340044,0.7846322546993961,0.6580461555696477,0.1817436437626319,,0.0343446219125382,0.6562073576209061,4.271990351594553,0.8114057401926172,0.8471023647078334,5.25,0.4237959699125112,0.2421337091294258,150.68493150684935,24.98568003893303,16.002794795154195,0.640478656983457,600.0,0.0043658953188699,0.0025934666204373,0.59402858543768,600.0,-0.6750971520157849,0.0050708625064399,0.6801680145222249,0.1850149317762693,1.0,"2,True,The solver successfully reached the end of the integration interval.",2.087,radius_large
SF-295,linear_curve,2,119875,681239,1.9999999494757503e-05,3.000000106112566e-07,-95.12000274658205,,cisplatin,bortezomib,platinum,proteasome,,,814309305.0081123,526656794.97585213,0.6467527654870718,0.0007549949645383,5.2,0.9992450050354617,0.4625994055139864,,0.096902416770741,3.0630556881504805,0.1741177468820591,0.759156961334418,,0.0134495958852246,1.5404298261278788,3.0509881508755328,0.631849093131105,0.9992375576845822,5.25,0.2872509471423926,0.0995521664851331,205.47945205479456,3.568029240982825,2.316375426920759,0.6492030391215925,600.0,10.166128824773349,6.330778634124965,0.6227324818762672,600.0,-7.73961217414594,0.2401947023134734,7.979806876459413,0.084659148627525,1.0,"2,True,The solver successfully reached the end of the integration interval.",20.814,radius_large
SF-295,linear_curve,4,119875,681239,1.9999999494757503e-05,3.000000106112566e-07,-95.12000274658205,,cisplatin,bortezomib,platinum,proteasome,,,814309305.0081123,526656794.97585213,0.6467527654870718,0.0007549949645383,5.2,0.9992450050354617,0.4625994055139864,,0.096902416770741,3.0630556881504805,0.1741177468820591,0.759156961334418,,0.0134495958852246,1.5404298261278788,3.0509881508755328,0.631849093131105,0.9992375576845822,5.25,0.2872509471423926,0.0995521664851331,205.47945205479456,3.568029240982825,2.316375426920759,0.6492030391215925,600.0,10.166128824773349,6.330778634124965,0.6227324818762672,600.0,-7.73961217414594,0.2401947023134734,7.979806876459413,0.084659148627525,1.0,"2,True,The solver successfully reached the end of the integration interval.",20.894,radius_large
SF-295,ours+zero,2,681239,747973,3.000000106112566e-07,3.000000106112566e-07,-94.7699966430664,,bortezomib,vorinostat,proteasome,hdac_inhibitor,,,814309305.0081123,257272312.98673657,0.3159393014478369,8.475875366477222e-05,4.4,0.9999152412463352,0.5153918497020739,,0.4080370576148876,4.019256939163941,0.0676337550913729,1.169836499456378,,0.0048907351771854,2.5857336419522805,2.4204288256514,0.8135524480099082,0.9998769717346632,5.25,0.0,0.0,600.0,10.166128824773349,6.555472407572118,0.6448346780337275,600.0,15.837288892247397,10.335698492154828,0.6526179172758739,600.0,0.9993074136472828,0.5775077163086382,-0.4217996973386446,0.0,1.0,"2,True,The solver successfully reached the end of the integration interval.",1.679,radius_large
SF-295,ours+zero,4,681239,747973,3.000000106112566e-07,3.000000106112566e-07,-94.7699966430664,,bortezomib,vorinostat,proteasome,hdac_inhibitor,,,814309305.0081123,257272312.98673657,0.3159393014478369,8.475875366477222e-05,4.4,0.9999152412463352,0.5153918497020739,,0.4080370576148876,4.019256939163941,0.0676337550913729,1.169836499456378,,0.0048907351771854,2.5857336419522805,2.4204288256514,0.8135524480099082,0.9998769717346632,5.25,0.0,0.0,600.0,10.166128824773349,6.555472407572118,0.6448346780337275,600.0,15.837288892247397,10.335698492154828,0.6526179172758739,600.0,0.9993074136472828,0.5775077163086382,-0.4217996973386446,0.0,1.0,"2,True,The solver successfully reached the end of the integration interval.",1.586,radius_large
SF-295,ours+zero,9,752,9706,3.000000106112566e-06,4.999999873689376e-06,-55.029998779296875,,thioguanine,triethylenemelamine,antimetabolite,alkylator,,,814309305.0081123,633879779.829122,0.7784263005846496,0.0068489886470865,4.4,0.9931510113529136,0.2936314758115491,,0.0164232102304661,2.1118150548436843,0.3628429775562734,0.4402812778134509,,0.0258685849745007,1.7670803234596688,2.355925822421391,0.8263997148525395,0.9900177079227293,5.25,0.4085254454236195,0.2115866621900928,156.1643835616439,5.453086025531121,3.5651178345257466,0.6537798629682374,600.0,10.226680180513428,6.678168759266999,0.6530143351888533,600.0,-0.8256167606247176,0.0375991102326916,0.8632158708574093,0.1557964721002536,1.0,"2,True,The solver successfully reached the end of the integration interval.",7.675,radius_large
SF-295,random,2,1390,681239,1.0000000116860974e-07,3.000000106112566e-07,-66.69999694824219,,NSC1390,bortezomib,other,proteasome,,,814309305.0081123,641335567.9420693,0.7875822663424927,0.0139945801206866,4.6000000000000005,0.9860054198793132,0.2540810656794809,,0.0113447824372521,1.7997780943063897,0.4172675326575844,0.3795854061730512,,0.0274032303291484,1.090688153071565,3.2948140573585554,0.8567216796975561,0.9835125526588688,5.25,0.4085254454236195,0.2164881392452479,156.1643835616439,0.0051048501129721,0.0031106652130183,0.6093548574743999,600.0,10.166128824773349,6.197395483391007,0.6096121336067348,600.0,-1.992726776624914,0.0320399099588398,2.024766686583754,0.161377094615066,1.0,"2,True,The solver successfully reached the end of the integration interval.",1.644,radius_large
SF-295,random,4,613327,681239,9.99999993922529e-09,3.000000106112566e-07,-88.45999908447266,,gemcitabine,bortezomib,antimetabolite,proteasome,,,814309305.0081123,637754147.2778602,0.7831841578569543,0.0090151466915108,4.800000000000001,0.9909848533084892,0.2877306703492158,,0.0137768171538762,1.989124678897183,0.3806781621548767,0.4194420360505078,,0.0258933168154485,1.1423461727550823,3.241505367008787,0.8205099915307977,0.989758387492807,5.25,0.4010297071895137,0.2115866621900928,158.90410958904113,1.818916898944863,1.1748081654451452,0.6458833639550222,600.0,10.166128824773349,6.20922495674513,0.6107757499210683,600.0,-2.4330480078299357,0.0412877117146801,2.474335719544616,0.1560278485020138,1.0,"2,True,The solver successfully reached the end of the integration interval.",2.27,radius_large
SF-295,random,9,119875,681239,1.9999999494757503e-05,3.000000026176508e-09,-27.690000534057617,,cisplatin,bortezomib,platinum,proteasome,,,814309305.0081123,661628909.2616614,0.8125031915913943,0.2452112737618102,4.4,0.7547887262381898,0.0540419169138632,,-0.0021843644172774,0.5579010678642714,0.7650333084355785,0.1163196558857799,,0.0358995908066721,0.3669375746524768,5.770236808552504,0.2835416799562706,0.690830714670664,5.25,0.4237959699125112,0.2474944586689752,150.68493150684935,3.568029240982825,2.2744968979851072,0.6374658794440232,600.0,0.1016612855389326,0.0454993132721486,0.4475579177554668,600.0,-0.1209874185136414,-1.424479538769674e-05,0.1209731737182537,0.1858551146583365,1.0,"2,True,The solver successfully reached the end of the integration interval.",3.861,radius_large
SF-295,linear_curve,9,119875,681239,1.9999999494757503e-05,3.000000106112566e-07,-95.12000274658205,,cisplatin,bortezomib,platinum,proteasome,,,814309305.0081123,526656794.97585213,0.6467527654870718,0.0007549949645383,5.2,0.9992450050354617,0.4625994055139864,,0.096902416770741,3.0630556881504805,0.1741177468820591,0.759156961334418,,0.0134495958852246,1.5404298261278788,3.0509881508755328,0.631849093131105,0.9992375576845822,5.25,0.2872509471423926,0.0995521664851331,205.47945205479456,3.568029240982825,2.316375426920759,0.6492030391215925,600.0,10.166128824773349,6.330778634124965,0.6227324818762672,600.0,-7.73961217414594,0.2401947023134734,7.979806876459413,0.084659148627525,1.0,"2,True,The solver successfully reached the end of the integration interval.",20.383,radius_large
SF-295,tanimoto+zero,2,3053,713563,1.000000013351432e-10,9.999999747378752e-05,16.709999084472656,,dactinomycin,arsenic trioxide,dna_intercalator,other,,,814309305.0081123,658601795.5199057,0.8087857911845237,0.7737987469371242,4.4,0.2262012530628757,5.694822325255367e-05,,-0.0001928017408306,0.0588134790613898,0.9708683420958296,0.0128396600796716,,0.0217645056770626,0.0603095963399713,12.418177554040929,-0.2223766394993309,0.2044346968979549,5.25,0.4237959699125112,0.2474944586689752,150.68493150684935,0.0021201881466497,0.0002722922187781,0.1284283280276072,100.12570186427638,2.24082401906662,1.2184766056035143,0.5437627387228078,600.0,0.0077407071688541,-0.0001160446986232,-0.0078567518674773,0.1814951153759112,1.0,"2,True,The solver successfully reached the end of the integration interval.",1.964,radius_large
SF-295,tanimoto+zero,4,3088,141540,9.999999747378752e-05,4.999999873689376e-06,-29.2549991607666,,chlorambucil,etoposide,alkylator,topo2,,,814309305.0081123,658679642.205238,0.808881389607449,0.1311776879866593,4.6000000000000005,0.8688223120133407,0.0910691326248803,,-0.0002441322840925,0.8278779949975849,0.6736436398705283,0.1715697862039866,,0.0348324739163456,0.6768948526280534,4.168683323408629,0.7484642239780659,0.8414192258242881,5.25,0.4237959699125112,0.2421337091294258,150.68493150684935,14.387939455354518,9.332609891785086,0.6486411706654719,600.0,10.580405627757251,6.414922443268366,0.6063021276272325,600.0,-0.4607684500851772,0.0037558235890894,0.4645242736742666,0.1834644257451635,1.0,"2,True,The solver successfully reached the end of the integration interval.",2.123,radius_large
SF-295,tanimoto+zero,9,71423,141540,2.9999999242136255e-05,4.999999873689376e-06,-5.110000133514404,,megestrol,etoposide,hormonal,topo2,,,814309305.0081123,660706019.5367373,0.8113698510790752,0.2675224271959818,4.800000000000001,0.7324775728040182,0.0595769073328444,,-0.0015781549444908,0.5167372806366851,0.7556251972486046,0.1216935684267898,,0.0352443298121826,0.3445228373506009,6.003298643890551,0.4937751579192642,0.7204468625630582,5.25,0.4237959699125112,0.2474944586689752,150.68493150684935,1974.4489767877471,1297.07315210681,0.6569291824481748,600.0,10.580405627757251,5.9957873661914824,0.566687854618899,600.0,-0.3889123287003639,0.0017374444970323,0.3906497731973963,0.1852704507055492,1.0,"2,True,The solver successfully reached the end of the integration interval.",1.976,radius_large
SK-MEL-5,act_hamming+zero,9,740,762,1.0000000116860974e-07,4.999999987376214e-07,1.090000033378601,,NSC740,mechlorethamine,other,alkylator,,,814309305.0081123,659339066.5308709,0.8096911854940703,0.5396639998469681,4.4,0.4603360001530319,0.0154279175899135,,-0.0006787002729267,0.2153180532492871,0.8962359409816052,0.0475776439344634,,0.0292596613068217,0.1064093853262219,9.51642244700358,-0.6464200906747886,0.4032913053947525,5.25,0.4237959699125112,0.2474944586689752,150.68493150684935,3.274310653771972,1.8428292794359356,0.5628144285310911,600.0,0.0384073799644939,0.0232349085845966,0.6049594792999784,600.0,0.0491367612443226,-0.0001988716387193,-0.0493356328830419,0.1825078896427067,1.0,"2,True,The solver successfully reached the end of the integration interval.",2.219,radius_large
SK-MEL-5,hamming+zero,9,740,762,1.0000000116860974e-07,4.999999987376214e-07,1.090000033378601,,NSC740,mechlorethamine,other,alkylator,,,814309305.0081123,659339066.5308709,0.8096911854940703,0.5396639998469681,4.4,0.4603360001530319,0.0154279175899135,,-0.0006787002729267,0.2153180532492871,0.8962359409816052,0.0475776439344634,,0.0292596613068217,0.1064093853262219,9.51642244700358,-0.6464200906747886,0.4032913053947525,5.25,0.4237959699125112,0.2474944586689752,150.68493150684935,3.274310653771972,1.8428292794359356,0.5628144285310911,600.0,0.0384073799644939,0.0232349085845966,0.6049594792999784,600.0,0.0491367612443226,-0.0001988716387193,-0.0493356328830419,0.1825078896427067,1.0,"2,True,The solver successfully reached the end of the integration interval.",2.194,radius_large
SK-MEL-5,linear_curve,9,92859,747973,6.000000212225132e-06,2.999999892949745e-08,-97.72000122070312,,dromostanolone,vorinostat,hormonal,hdac_inhibitor,,,814309305.0081123,634308897.1850234,0.7789532715442866,0.0064198413736859,5.6000000000000005,0.993580158626314,0.352878463225359,,0.0161293055296164,2.130611722195473,0.3101542635768772,0.508422244371064,,0.0224927124210198,1.242246840388146,3.171787909821753,0.7319257064672029,0.9933793355922022,5.25,0.3936262233163901,0.2164881392452479,161.64383561643837,7.44836971296567,4.803367664697115,0.6448884587906134,600.0,2.0707176646457612,1.3074372310119948,0.631393286170502,600.0,-4.0167182277947475,0.0748590365581863,4.091577264352934,0.1710232371037073,1.0,"2,True,The solver successfully reached the end of the integration interval.",2.168,radius_large
SK-MEL-5,ours+zero,9,755,628503,2.0000000233721948e-07,3.999999975690116e-08,-49.15999984741211,,mercaptopurine,NSC628503,antimetabolite,other,,,814309305.0081123,659518428.2151383,0.809911447847901,0.2917449470890909,4.6000000000000005,0.7082550529109091,0.0446792934479588,,-0.0007968264397533,0.4807346242007856,0.7897761411477466,0.1024959902808992,,0.03499237321921,0.2558767998605731,6.8400715253161355,0.1761668725753085,0.6659798430160653,5.25,0.4237959699125112,0.2474944586689752,150.68493150684935,18.689170516814112,12.161512248738145,0.6507250943960717,600.0,11.59229589536313,7.163707635252101,0.6179714268782213,600.0,-0.2204140459605919,0.0012707984617182,0.2216848444223101,0.183366134981203,1.0,"2,True,The solver successfully reached the end of the integration interval.",2.129,radius_large
SK-MEL-5,random,9,180973,628503,7.000000096013537e-06,3.999999975690116e-08,-30.979999542236328,,tamoxifen,NSC628503,hormonal,other,,,814309305.0081123,659432780.1656523,0.8098062690798834,0.3675660944224171,4.6000000000000005,0.6324339055775829,0.0378120056873867,,-0.000740423329322,0.3804025234439633,0.8128156740101908,0.0900079302194796,,0.034017779301252,0.2010875676442518,7.557706311777279,0.0901757912696227,0.6043061439387021,5.25,0.4237959699125112,0.2474944586689752,150.68493150684935,749.5384150207869,492.07031797319024,0.65649779666002,600.0,11.59229589536313,7.130283582602909,0.6150881280950561,600.0,-0.0971313514418346,0.0009678667231044,0.098099218164939,0.1831473515855427,1.0,"2,True,The solver successfully reached the end of the integration interval.",2.076,radius_large
SK-MEL-5,tanimoto+zero,9,92859,119875,6.000000212225132e-06,1.9999999949504854e-06,-91.9499969482422,,dromostanolone,cisplatin,hormonal,platinum,,,814309305.0081123,645748297.0711838,0.7930012503845215,0.0169847647691437,5.2,0.9830152352308562,0.2701264416744975,,0.0083668390850489,1.7109402067720705,0.3939481578517139,0.404560925992436,,0.0265187485391454,1.1194775383271105,3.265948973682153,0.825029289740129,0.9830027337680378,5.25,0.4085254454236195,0.2265170165739386,156.1643835616439,7.44836971296567,4.800378762666665,0.6444871760743102,600.0,0.3724807083952616,0.239840400155129,0.6439001933507384,600.0,-2.76495099737882,0.0382917231964317,2.803242720575252,0.1719656959743552,1.0,"2,True,The solver successfully reached the end of the integration interval.",2.055,radius_large
SR,act_hamming+zero,6,26980,747971,4.999999987376214e-07,1.9999999949504854e-06,-94.94000244140624,,mitomycin,sorafenib,alkylator,kinase_inhibitor,,,814309305.0081123,451349420.0993735,0.5542727036563546,0.0005080836960611,4.800000000000001,0.9994919163039389,0.4576235896188971,,0.1639172198285228,3.2381622176874245,0.1391065004577334,0.8566525749183755,,0.011564345345583,2.5270272248165995,2.1219924688389384,0.6702948142325971,0.9993822025816412,5.25,0.0,0.0,600.0,90.80036472291091,59.63468398691256,0.6567670093495277,600.0,0.9043599849896466,0.5850489896992607,0.6469204734948091,600.0,0.9823124642226768,0.2689414547884877,-0.7133710094341891,0.0,1.0,"2,True,The solver successfully reached the end of the integration interval.",9.657,radius_large
SR,hamming+zero,6,26980,747971,4.999999987376214e-07,1.9999999949504854e-06,-94.94000244140624,,mitomycin,sorafenib,alkylator,kinase_inhibitor,,,814309305.0081123,451349420.0993735,0.5542727036563546,0.0005080836960611,4.800000000000001,0.9994919163039389,0.4576235896188971,,0.1639172198285228,3.2381622176874245,0.1391065004577334,0.8566525749183755,,0.011564345345583,2.5270272248165995,2.1219924688389384,0.6702948142325971,0.9993822025816412,5.25,0.0,0.0,600.0,90.80036472291091,59.63468398691256,0.6567670093495277,600.0,0.9043599849896466,0.5850489896992607,0.6469204734948091,600.0,0.9823124642226768,0.2689414547884877,-0.7133710094341891,0.0,1.0,"2,True,The solver successfully reached the end of the integration interval.",9.667,radius_large
SR,linear_curve,6,9706,26980,4.999999873689376e-06,4.999999987376214e-07,-98.98999786376952,,triethylenemelamine,mitomycin,alkylator,alkylator,,,814309305.0081123,3869938.169312157,0.0047524179639253,7.578761445932256e-07,4.800000000000001,0.9999992421238554,0.542415985562872,,2.2307260823620094,6.064499239567562,0.0128964985986761,1.8895281847148655,,5.778222937541294e-05,4.901285548801392,2.315350311325674,0.9994287972168352,0.9999990706090186,5.25,0.0,0.0,600.0,92.42422518636896,60.725082962840574,0.6570256103352924,600.0,90.80036472291091,59.65783083653322,0.6570219295769001,600.0,0.9999981268764884,0.9935740862417144,-0.006424040634774,0.0,1.0,"2,True,The solver successfully reached the end of the integration interval.",2.144,radius_large
SR,ours+zero,6,26980,747971,4.999999987376214e-07,1.9999999949504854e-06,-94.94000244140624,,mitomycin,sorafenib,alkylator,kinase_inhibitor,,,814309305.0081123,451349420.0993735,0.5542727036563546,0.0005080836960611,4.800000000000001,0.9994919163039389,0.4576235896188971,,0.1639172198285228,3.2381622176874245,0.1391065004577334,0.8566525749183755,,0.011564345345583,2.5270272248165995,2.1219924688389384,0.6702948142325971,0.9993822025816412,5.25,0.0,0.0,600.0,90.80036472291091,59.63468398691256,0.6567670093495277,600.0,0.9043599849896466,0.5850489896992607,0.6469204734948091,600.0,0.9823124642226768,0.2689414547884877,-0.7133710094341891,0.0,1.0,"2,True,The solver successfully reached the end of the integration interval.",9.219,radius_large
SR,random,6,26980,747971,4.999999987376214e-07,1.9999999949504854e-06,-94.94000244140624,,mitomycin,sorafenib,alkylator,kinase_inhibitor,,,814309305.0081123,451349420.0993735,0.5542727036563546,0.0005080836960611,4.800000000000001,0.9994919163039389,0.4576235896188971,,0.1639172198285228,3.2381622176874245,0.1391065004577334,0.8566525749183755,,0.011564345345583,2.5270272248165995,2.1219924688389384,0.6702948142325971,0.9993822025816412,5.25,0.0,0.0,600.0,90.80036472291091,59.63468398691256,0.6567670093495277,600.0,0.9043599849896466,0.5850489896992607,0.6469204734948091,600.0,0.9823124642226768,0.2689414547884877,-0.7133710094341891,0.0,1.0,"2,True,The solver successfully reached the end of the integration interval.",9.315,radius_large
U251,act_hamming+zero,9,85998,409962,9.999999747378752e-05,1.9999999949504854e-06,-40.290000915527344,,streptozocin,carmustine,alkylator,alkylator,,,814309305.0081123,658275873.2973944,0.808385547419032,0.8074234846073497,4.6000000000000005,0.1925765153926503,-0.0008436135768809,,2.217073384653267e-05,0.0386365900819996,0.9762490051967548,0.0104393956629455,,0.0210312458461912,0.0576885561101008,12.818243505634186,0.397613367525098,0.1891012792254263,5.25,0.4237959699125112,0.2474944586689752,150.68493150684935,0.057991673115147,0.0348955404687877,0.6017336385432415,600.0,0.0419885926861412,0.0252599604819461,0.6015910242755884,600.0,0.0468150625111341,6.237371596629071e-05,-0.0467526887951678,0.1811347898200624,1.0,"2,True,The solver successfully reached the end of the integration interval.",5.198,radius_large
SR,tanimoto+zero,6,26980,747971,4.999999987376214e-07,1.9999999949504854e-06,-94.94000244140624,,mitomycin,sorafenib,alkylator,kinase_inhibitor,,,814309305.0081123,451349420.0993735,0.5542727036563546,0.0005080836960611,4.800000000000001,0.9994919163039389,0.4576235896188971,,0.1639172198285228,3.2381622176874245,0.1391065004577334,0.8566525749183755,,0.011564345345583,2.5270272248165995,2.1219924688389384,0.6702948142325971,0.9993822025816412,5.25,0.0,0.0,600.0,90.80036472291091,59.63468398691256,0.6567670093495277,600.0,0.9043599849896466,0.5850489896992607,0.6469204734948091,600.0,0.9823124642226768,0.2689414547884877,-0.7133710094341891,0.0,1.0,"2,True,The solver successfully reached the end of the integration interval.",8.262,radius_large
U251,linear_curve,9,26980,754143,4.999999969612645e-09,9.99999993922529e-09,-90.36000061035156,,mitomycin,bendamustine,alkylator,alkylator,,,814309305.0081123,619838629.9865558,0.7611832827826779,0.0080395717072744,4.4,0.9919604282927256,0.2784586250779432,,0.0261514695063511,2.042208588004587,0.3542014410830407,0.4507496761974985,,0.0253084952559999,1.9035017416315545,2.239883575854057,0.8430943586090809,0.9882991100111986,5.25,0.4010297071895137,0.1665776731022413,158.90410958904113,1.828253653194684,1.1894422750916758,0.6505893058182866,600.0,16.209099229005094,10.611578356709906,0.6546679865912104,600.0,0.6580409114823653,0.0415808110921385,-0.6164601003902268,0.1325373377870773,1.0,"2,True,The solver successfully reached the end of the integration interval.",1.824,radius_large
U251,hamming+zero,9,85998,409962,9.999999747378752e-05,1.9999999949504854e-06,-40.290000915527344,,streptozocin,carmustine,alkylator,alkylator,,,814309305.0081123,658275873.2973944,0.808385547419032,0.8074234846073497,4.6000000000000005,0.1925765153926503,-0.0008436135768809,,2.217073384653267e-05,0.0386365900819996,0.9762490051967548,0.0104393956629455,,0.0210312458461912,0.0576885561101008,12.818243505634186,0.397613367525098,0.1891012792254263,5.25,0.4237959699125112,0.2474944586689752,150.68493150684935,0.057991673115147,0.0348955404687877,0.6017336385432415,600.0,0.0419885926861412,0.0252599604819461,0.6015910242755884,600.0,0.0468150625111341,6.237371596629071e-05,-0.0467526887951678,0.1811347898200624,1.0,"2,True,The solver successfully reached the end of the integration interval.",5.301,radius_large
U251,random,9,45388,713563,4.999999873689376e-06,9.999999747378752e-05,-51.60699844360352,,dacarbazine,arsenic trioxide,alkylator,other,,,814309305.0081123,659382622.6175385,0.8097446738754502,0.5810371163241612,4.4,0.4189628836758388,0.0124145629340663,,-0.0007073889162629,0.1832376254020795,0.9097579896915052,0.0410741216568726,,0.0281968574008766,0.0967611360660142,9.867595185268929,-0.8294627040737568,0.3665520876874287,5.25,0.4237959699125112,0.2474944586689752,150.68493150684935,0.771889939037878,0.4684856502056295,0.606933225207694,600.0,2.456617606864609,1.3489984528857812,0.54912838250293,600.0,0.0159772248785693,-0.0003592967140362,-0.0163365215926055,0.1824970553201503,1.0,"2,True,The solver successfully reached the end of the integration interval.",1.818,radius_large
U251,ours+zero,9,85998,409962,9.999999747378752e-05,1.9999999949504854e-06,-40.290000915527344,,streptozocin,carmustine,alkylator,alkylator,,,814309305.0081123,658275873.2973944,0.808385547419032,0.8074234846073497,4.6000000000000005,0.1925765153926503,-0.0008436135768809,,2.217073384653267e-05,0.0386365900819996,0.9762490051967548,0.0104393956629455,,0.0210312458461912,0.0576885561101008,12.818243505634186,0.397613367525098,0.1891012792254263,5.25,0.4237959699125112,0.2474944586689752,150.68493150684935,0.057991673115147,0.0348955404687877,0.6017336385432415,600.0,0.0419885926861412,0.0252599604819461,0.6015910242755884,600.0,0.0468150625111341,6.237371596629071e-05,-0.0467526887951678,0.1811347898200624,1.0,"2,True,The solver successfully reached the end of the integration interval.",5.115,radius_large
U251,tanimoto+zero,9,85998,409962,9.999999747378752e-05,1.9999999949504854e-06,-40.290000915527344,,streptozocin,carmustine,alkylator,alkylator,,,814309305.0081123,658275873.2973944,0.808385547419032,0.8074234846073497,4.6000000000000005,0.1925765153926503,-0.0008436135768809,,2.217073384653267e-05,0.0386365900819996,0.9762490051967548,0.0104393956629455,,0.0210312458461912,0.0576885561101008,12.818243505634186,0.397613367525098,0.1891012792254263,5.25,0.4237959699125112,0.2474944586689752,150.68493150684935,0.057991673115147,0.0348955404687877,0.6017336385432415,600.0,0.0419885926861412,0.0252599604819461,0.6015910242755884,600.0,0.0468150625111341,6.237371596629071e-05,-0.0467526887951678,0.1811347898200624,1.0,"2,True,The solver successfully reached the end of the integration interval.",4.887,radius_large
BT-549,hamming+zero,8,750,105014,4.999999873689376e-05,1.0000000116860974e-07,32.560001373291016,,NSC750,cladribine,other,antimetabolite,,,58906027.25742431,64901138.66731105,1.1017741594368196,0.8338997858752321,4.4,0.1661002141247679,0.0100077132707202,2.4000000000000004,2.8650606765082536e-05,0.1164792743004312,0.9429269338176766,0.0255219588737109,,0.0199455115731491,0.0214367944043147,1.742403531551085,0.4566264314212687,0.0914975477883425,5.25,0.0,0.0,250.0,4.128523645071777,2.614580334164729,0.6332966839818772,250.0,0.0518059910829652,0.0303044991817409,0.5849612862962016,250.0,0.0001363827126324,5.458837899507962e-05,-8.179433363741939e-05,0.0,1.0,"2,True,The solver successfully reached the end of the integration interval.",7.687,radius_small
BT-549,act_hamming+zero,8,750,105014,4.999999873689376e-05,1.0000000116860974e-07,32.560001373291016,,NSC750,cladribine,other,antimetabolite,,,58906027.25742431,64901138.66731105,1.1017741594368196,0.8338997858752321,4.4,0.1661002141247679,0.0100077132707202,2.4000000000000004,2.8650606765082536e-05,0.1164792743004312,0.9429269338176766,0.0255219588737109,,0.0199455115731491,0.0214367944043147,1.742403531551085,0.4566264314212687,0.0914975477883425,5.25,0.0,0.0,250.0,4.128523645071777,2.614580334164729,0.6332966839818772,250.0,0.0518059910829652,0.0303044991817409,0.5849612862962016,250.0,0.0001363827126324,5.458837899507962e-05,-8.179433363741939e-05,0.0,1.0,"2,True,The solver successfully reached the end of the integration interval.",7.903,radius_small
BT-549,linear_curve,8,67574,246131,1.0000000116860974e-07,1.9999999494757503e-05,-89.91000366210938,,vincristine,mitoxantrone,antimitotic,dna_intercalator,,,58906027.25742431,61966017.53094127,1.051946980911555,0.0054052672827098,4.6000000000000005,0.9945947327172902,0.335582251622302,15.0,0.0201273814664698,2.305216134821382,0.3285374572472271,0.4834151084530643,,0.0307155516004976,1.963936770604794,2.084542330907625,0.7860458585179364,0.992543458350128,5.25,0.0,0.0,250.0,11.374212191331845,7.340123357191009,0.6453302640850003,250.0,11.704019281956482,7.50913938771108,0.6415863821488704,250.0,0.1563850504495457,0.0304045838556326,-0.1259804665939131,0.0,1.0,"2,True,The solver successfully reached the end of the integration interval.",2.925,radius_small
BT-549,ours+zero,8,125973,681239,2.999999892949745e-08,3.000000106112566e-07,-95.31999969482422,,paclitaxel,bortezomib,antimitotic,proteasome,,,58906027.25742431,63856988.82489013,1.084048471743472,0.0180369000175469,4.800000000000001,0.981963099982453,0.2588099976775871,12.6,0.0070725314775245,1.782268873069042,0.4287985820025587,0.3677466594847881,,0.0358332796556349,1.4680182308676106,2.4688551635902334,0.8653199736030672,0.9794863559448832,5.25,0.0,0.0,250.0,1.7676312857947352,1.1029150788818889,0.6239508701533379,250.0,5.224603901442932,3.435591222136069,0.6575792704949799,250.0,0.0421404756464997,0.0121132409012092,-0.0300272347452904,0.0,1.0,"2,True,The solver successfully reached the end of the integration interval.",4.883,radius_small
BT-549,random,8,105014,628503,9.999999974752427e-07,3.999999886872274e-09,13.720000267028809,,cladribine,NSC628503,antimetabolite,other,,,58906027.25742431,64890224.93396197,1.1015888858093623,0.5156190053650078,4.4,0.4843809946349922,0.0299609761556145,4.800000000000001,0.0001016874260129,0.3252642198461742,0.856046337025201,0.0675027267133864,,0.0357797407953146,0.081512478524937,7.019854261270539,0.260400851999947,0.3753343353673857,5.25,0.0,0.0,250.0,0.5180599034675787,0.3046119202361776,0.5879859031692866,250.0,1.0679288136544656,0.6726353333413514,0.6298503465222415,250.0,0.0004760045314733,0.0001945855505952,-0.000281418980878,0.0,1.0,"2,True,The solver successfully reached the end of the integration interval.",4.636,radius_small
BT-549,tanimoto+zero,8,750,105014,4.999999873689376e-05,1.0000000116860974e-07,32.560001373291016,,NSC750,cladribine,other,antimetabolite,,,58906027.25742431,64901138.66731105,1.1017741594368196,0.8338997858752321,4.4,0.1661002141247679,0.0100077132707202,2.4000000000000004,2.8650606765082536e-05,0.1164792743004312,0.9429269338176766,0.0255219588737109,,0.0199455115731491,0.0214367944043147,1.742403531551085,0.4566264314212687,0.0914975477883425,5.25,0.0,0.0,250.0,4.128523645071777,2.614580334164729,0.6332966839818772,250.0,0.0518059910829652,0.0303044991817409,0.5849612862962016,250.0,0.0001363827126324,5.458837899507962e-05,-8.179433363741939e-05,0.0,1.0,"2,True,The solver successfully reached the end of the integration interval.",7.775,radius_small
HCT-15,act_hamming+zero,2,740,762,1.0000000116860974e-07,4.999999987376214e-07,-7.039999961853027,,NSC740,mechlorethamine,other,alkylator,,,58906027.25742431,64886017.03734824,1.10151745175058,0.4621259179118014,4.4,0.5378740820881986,0.0353246439854623,5.200000000000001,0.0001298507670474,0.3728328104083057,0.8372280477245245,0.0771562309210802,,0.0377242165249187,0.0984659675222451,7.044624775440535,0.2678844412942341,0.4327474350932641,5.25,0.0,0.0,250.0,11.084599787238917,7.142219453306324,0.6443371515793258,250.0,0.0249483530145913,0.0148978630592213,0.5971481584579218,250.0,0.000671007340203,0.000239190818613,-0.00043181652159,0.0,1.0,"2,True,The solver successfully reached the end of the integration interval.",10.74,radius_small
HCT-15,hamming+zero,2,740,762,1.0000000116860974e-07,4.999999987376214e-07,-7.039999961853027,,NSC740,mechlorethamine,other,alkylator,,,58906027.25742431,64886017.03734824,1.10151745175058,0.4621259179118014,4.4,0.5378740820881986,0.0353246439854623,5.200000000000001,0.0001298507670474,0.3728328104083057,0.8372280477245245,0.0771562309210802,,0.0377242165249187,0.0984659675222451,7.044624775440535,0.2678844412942341,0.4327474350932641,5.25,0.0,0.0,250.0,11.084599787238917,7.142219453306324,0.6443371515793258,250.0,0.0249483530145913,0.0148978630592213,0.5971481584579218,250.0,0.000671007340203,0.000239190818613,-0.00043181652159,0.0,1.0,"2,True,The solver successfully reached the end of the integration interval.",10.747,radius_small
HCT-15,ours+zero,2,26980,681239,4.999999987376214e-07,3.000000106112566e-07,-85.52999877929688,,mitomycin,bortezomib,alkylator,proteasome,,,58906027.25742431,64580591.03334805,1.0963324814135813,0.0514263386931052,4.6000000000000005,0.9485736613068948,0.1759588941542781,10.6,0.0021789517084937,1.3268477031280494,0.5463292121108356,0.2625455772277603,,0.0402196904631246,1.1722944529866757,2.781296621014928,0.8984518317789966,0.9373583939574284,5.25,0.0,0.0,250.0,0.0095000025785706,0.0057202465385998,0.6021310511539363,250.0,2.756535066484806,1.7953536811238644,0.6513081233584084,250.0,0.0117950988320224,0.0039071582293531,-0.0078879406026692,0.0,1.0,"2,True,The solver successfully reached the end of the integration interval.",6.912,radius_small
HCT-15,random,2,686673,747973,1.9999999949504854e-06,3.000000106112566e-07,7.989999771118164,,NSC686673,vorinostat,other,hdac_inhibitor,,,58906027.25742431,64898599.554997735,1.1017310549799153,0.70702113044115,4.4,0.29297886955885,0.0160144631759402,3.4000000000000004,4.564174221494667e-05,0.188160743054935,0.9126875258916792,0.0396778851260763,,0.0275476750270581,0.0411929680449022,5.853151851370243,0.3223683999161291,0.1888971901718114,5.25,0.0,0.0,250.0,0.0307498045165011,0.0189420661930712,0.6160060686859478,250.0,2.3786622021631074,1.491655883289226,0.627098661563943,250.0,0.0001683826704061,9.41827060223499e-05,-7.419996438384757e-05,0.0,1.0,"2,True,The solver successfully reached the end of the integration interval.",2.066,radius_small
HCT-15,linear_curve,2,681239,754230,3.000000106112566e-07,9.999999960041972e-13,-75.93000030517578,,bortezomib,romidepsin,proteasome,hdac_inhibitor,,,58906027.25742431,64785225.43363521,1.0998063941830318,0.1332723181538861,4.6000000000000005,0.8667276818461138,0.1093044728805783,8.600000000000001,0.0008049926920595,0.9132933569271168,0.6547516506039102,0.1839233980615444,,0.0428580666086657,0.8086886408345679,3.449628856000047,0.8016537346076196,0.8391549634551366,5.25,0.0,0.0,250.0,2.756535066484806,1.7771897839584905,0.6447187288006467,250.0,0.001923121509994,0.0012149344809841,0.6317512828338898,250.0,0.0043510921378713,0.0014481566454236,-0.0029029354924476,0.0,1.0,"2,True,The solver successfully reached the end of the integration interval.",23.687,radius_small
HS 578T,act_hamming+zero,2,1390,747973,9.999999747378752e-06,3.000000106112566e-07,-74.66000366210938,,NSC1390,vorinostat,other,hdac_inhibitor,,,58906027.25742431,64085831.21117061,1.0879333439192922,0.0187099467097555,4.4,0.9812900532902444,0.2422025218516043,12.6,0.0055189454061302,1.7655205860901824,0.4519699583582402,0.344890431013478,,0.0370865994490731,1.7681705681963775,2.1406617735674716,0.8837003002988667,0.9724431779540624,5.25,0.0,0.0,250.0,0.4647546002912271,0.2998169590516764,0.6451081040699832,250.0,20.643580204271405,13.274210047998343,0.6430187940583945,250.0,0.0376379651903135,0.0089304500360053,-0.0287075151543082,0.0,1.0,"2,True,The solver successfully reached the end of the integration interval.",1.797,radius_small
HS 578T,hamming+zero,2,1390,747973,9.999999747378752e-06,3.000000106112566e-07,-74.66000366210938,,NSC1390,vorinostat,other,hdac_inhibitor,,,58906027.25742431,64085831.21117061,1.0879333439192922,0.0187099467097555,4.4,0.9812900532902444,0.2422025218516043,12.6,0.0055189454061302,1.7655205860901824,0.4519699583582402,0.344890431013478,,0.0370865994490731,1.7681705681963775,2.1406617735674716,0.8837003002988667,0.9724431779540624,5.25,0.0,0.0,250.0,0.4647546002912271,0.2998169590516764,0.6451081040699832,250.0,20.643580204271405,13.274210047998343,0.6430187940583945,250.0,0.0376379651903135,0.0089304500360053,-0.0287075151543082,0.0,1.0,"2,True,The solver successfully reached the end of the integration interval.",1.848,radius_small
HS 578T,linear_curve,2,1390,681239,9.999999974752427e-07,3.000000106112566e-07,-95.26000213623048,,NSC1390,bortezomib,other,proteasome,,,58906027.25742431,64858528.06177984,1.101050793636831,0.2484109291196096,4.4,0.7515890708803903,0.0683016283073834,7.0,0.0003138787055174,0.6424224374195825,0.7458828653248648,0.1273293694941811,,0.0440919197121617,0.3863921710865482,5.042175421069579,0.4814671600386121,0.6804660461145864,5.25,0.0,0.0,250.0,0.0464754610858523,0.0293129546990328,0.6307189646786759,250.0,2.6960701894000954,1.7134197352987282,0.6355248991792689,250.0,0.0014483252433824,0.0006024191363237,-0.0008459061070587,0.0,1.0,"2,True,The solver successfully reached the end of the integration interval.",4.133,radius_small
HS 578T,ours+zero,2,1390,747973,9.999999747378752e-06,3.000000106112566e-07,-74.66000366210938,,NSC1390,vorinostat,other,hdac_inhibitor,,,58906027.25742431,64085831.21117061,1.0879333439192922,0.0187099467097555,4.4,0.9812900532902444,0.2422025218516043,12.6,0.0055189454061302,1.7655205860901824,0.4519699583582402,0.344890431013478,,0.0370865994490731,1.7681705681963775,2.1406617735674716,0.8837003002988667,0.9724431779540624,5.25,0.0,0.0,250.0,0.4647546002912271,0.2998169590516764,0.6451081040699832,250.0,20.643580204271405,13.274210047998343,0.6430187940583945,250.0,0.0376379651903135,0.0089304500360053,-0.0287075151543082,0.0,1.0,"2,True,The solver successfully reached the end of the integration interval.",1.798,radius_small
HS 578T,random,2,1390,747973,9.999999747378752e-06,3.000000106112566e-07,-74.66000366210938,,NSC1390,vorinostat,other,hdac_inhibitor,,,58906027.25742431,64085831.21117061,1.0879333439192922,0.0187099467097555,4.4,0.9812900532902444,0.2422025218516043,12.6,0.0055189454061302,1.7655205860901824,0.4519699583582402,0.344890431013478,,0.0370865994490731,1.7681705681963775,2.1406617735674716,0.8837003002988667,0.9724431779540624,5.25,0.0,0.0,250.0,0.4647546002912271,0.2998169590516764,0.6451081040699832,250.0,20.643580204271405,13.274210047998343,0.6430187940583945,250.0,0.0376379651903135,0.0089304500360053,-0.0287075151543082,0.0,1.0,"2,True,The solver successfully reached the end of the integration interval.",1.816,radius_small
HCT-15,tanimoto+zero,2,681239,754230,3.000000106112566e-07,9.999999960041972e-13,-75.93000030517578,,bortezomib,romidepsin,proteasome,hdac_inhibitor,,,58906027.25742431,64785225.43363521,1.0998063941830318,0.1332723181538861,4.6000000000000005,0.8667276818461138,0.1093044728805783,8.600000000000001,0.0008049926920595,0.9132933569271168,0.6547516506039102,0.1839233980615444,,0.0428580666086657,0.8086886408345679,3.449628856000047,0.8016537346076196,0.8391549634551366,5.25,0.0,0.0,250.0,2.756535066484806,1.7771897839584905,0.6447187288006467,250.0,0.001923121509994,0.0012149344809841,0.6317512828338898,250.0,0.0043510921378713,0.0014481566454236,-0.0029029354924476,0.0,1.0,"2,True,The solver successfully reached the end of the integration interval.",22.944,radius_small
HS 578T,tanimoto+zero,2,1390,747973,9.999999747378752e-06,3.000000106112566e-07,-74.66000366210938,,NSC1390,vorinostat,other,hdac_inhibitor,,,58906027.25742431,64085831.21117061,1.0879333439192922,0.0187099467097555,4.4,0.9812900532902444,0.2422025218516043,12.6,0.0055189454061302,1.7655205860901824,0.4519699583582402,0.344890431013478,,0.0370865994490731,1.7681705681963775,2.1406617735674716,0.8837003002988667,0.9724431779540624,5.25,0.0,0.0,250.0,0.4647546002912271,0.2998169590516764,0.6451081040699832,250.0,20.643580204271405,13.274210047998343,0.6430187940583945,250.0,0.0376379651903135,0.0089304500360053,-0.0287075151543082,0.0,1.0,"2,True,The solver successfully reached the end of the integration interval.",1.901,radius_small
HT29,hamming+zero,3,92859,673596,6.000000212225132e-06,9.999999717180683e-10,1.919999957084656,,dromostanolone,NSC673596,hormonal,other,,,58906027.25742431,64886908.16142728,1.101532579643608,0.5111600718610783,4.6000000000000005,0.4888399281389217,0.0322407728808263,5.000000000000001,0.000123886344659,0.3294763863586225,0.8458512901104059,0.0727059839602653,,0.03703037438283,0.0920618844938563,7.054818865602587,0.2839617488943445,0.423584805300472,5.25,0.0,0.0,250.0,35.89050091294007,22.22658246719356,0.6192887226931937,250.0,0.0534579804274952,0.0333640500933552,0.624117294116763,250.0,0.0006068359702228,0.0002330192868099,-0.0003738166834128,0.0,1.0,"2,True,The solver successfully reached the end of the integration interval.",2.914,radius_small
HT29,act_hamming+zero,3,92859,673596,6.000000212225132e-06,9.999999717180683e-10,1.919999957084656,,dromostanolone,NSC673596,hormonal,other,,,58906027.25742431,64886908.16142728,1.101532579643608,0.5111600718610783,4.6000000000000005,0.4888399281389217,0.0322407728808263,5.000000000000001,0.000123886344659,0.3294763863586225,0.8458512901104059,0.0727059839602653,,0.03703037438283,0.0920618844938563,7.054818865602587,0.2839617488943445,0.423584805300472,5.25,0.0,0.0,250.0,35.89050091294007,22.22658246719356,0.6192887226931937,250.0,0.0534579804274952,0.0333640500933552,0.624117294116763,250.0,0.0006068359702228,0.0002330192868099,-0.0003738166834128,0.0,1.0,"2,True,The solver successfully reached the end of the integration interval.",2.934,radius_small
HT29,ours+zero,3,409962,754143,1.9999999949504854e-06,9.99999993922529e-09,-72.94999694824219,,carmustine,bendamustine,alkylator,alkylator,,,58906027.25742431,64501312.63386453,1.0949866361210945,0.0323236473383167,4.4,0.9676763526616832,0.1977056404024719,11.2,0.0027124141812455,1.5280727767978532,0.5169331887305463,0.2865655838705641,,0.0395136281467111,1.4938989826414244,2.3688986863082424,0.8966438601259079,0.9503622415110023,5.25,0.0,0.0,250.0,0.0637659195481261,0.0384711109748016,0.6033177479039776,250.0,13.68780180499778,8.291929840240932,0.6057897358809892,250.0,0.0149325953660688,0.0048370706988358,-0.0100955246672329,0.0,1.0,"2,True,The solver successfully reached the end of the integration interval.",4.554,radius_small
HT29,linear_curve,3,681239,686673,3.000000106112566e-07,2.0000000233721948e-07,-61.86000061035156,,bortezomib,NSC686673,proteasome,other,,,58906027.25742431,62484328.32022144,1.0607459241336994,0.0075178451302353,4.800000000000001,0.9924821548697648,0.3230217240495532,14.400000000000002,0.016509861311559,2.1623373960875933,0.3447500321724881,0.4624956846232268,,0.03162156290859,1.812663568091107,2.195275177714811,0.7974043954381175,0.9913594987412132,5.25,0.0,0.0,250.0,19.3674899915252,12.863124073312466,0.6641606154923066,250.0,0.0031882667853898,0.0020531691507041,0.6439765831744945,250.0,0.1096518383510263,0.0268024226829393,-0.082849415668087,0.0,1.0,"2,True,The solver successfully reached the end of the integration interval.",6.428,radius_small
HT29,random,3,409962,754143,1.9999999949504854e-06,9.99999993922529e-09,-72.94999694824219,,carmustine,bendamustine,alkylator,alkylator,,,58906027.25742431,64501312.63386453,1.0949866361210945,0.0323236473383167,4.4,0.9676763526616832,0.1977056404024719,11.2,0.0027124141812455,1.5280727767978532,0.5169331887305463,0.2865655838705641,,0.0395136281467111,1.4938989826414244,2.3688986863082424,0.8966438601259079,0.9503622415110023,5.25,0.0,0.0,250.0,0.0637659195481261,0.0384711109748016,0.6033177479039776,250.0,13.68780180499778,8.291929840240932,0.6057897358809892,250.0,0.0149325953660688,0.0048370706988358,-0.0100955246672329,0.0,1.0,"2,True,The solver successfully reached the end of the integration interval.",4.357,radius_small
HT29,tanimoto+zero,3,92859,673596,6.000000212225132e-06,9.999999717180683e-10,1.919999957084656,,dromostanolone,NSC673596,hormonal,other,,,58906027.25742431,64886908.16142728,1.101532579643608,0.5111600718610783,4.6000000000000005,0.4888399281389217,0.0322407728808263,5.000000000000001,0.000123886344659,0.3294763863586225,0.8458512901104059,0.0727059839602653,,0.03703037438283,0.0920618844938563,7.054818865602587,0.2839617488943445,0.423584805300472,5.25,0.0,0.0,250.0,35.89050091294007,22.22658246719356,0.6192887226931937,250.0,0.0534579804274952,0.0333640500933552,0.624117294116763,250.0,0.0006068359702228,0.0002330192868099,-0.0003738166834128,0.0,1.0,"2,True,The solver successfully reached the end of the integration interval.",3.007,radius_small
KM12,act_hamming+zero,5,26271,747973,9.999999747378752e-06,3.000000106112566e-07,0.8999999761581421,,cyclophosphamide,vorinostat,alkylator,hdac_inhibitor,,,58906027.25742431,64108331.77263117,1.0883153177597995,0.0191931785127604,4.4,0.9808068214872396,0.2401738047655925,12.4,0.0053664911983107,1.754446233993802,0.4547236592293726,0.3422524489058386,,0.0371984228007378,1.7553004992026449,2.1501429853030976,0.8849491921573363,0.971691678470453,5.25,0.0,0.0,250.0,17.97405850448311,10.891417182994092,0.6059520269324562,250.0,20.111380442073887,12.931517763577665,0.6429950346185269,250.0,0.0364683768858276,0.0086989720848491,-0.0277694048009784,0.0,1.0,"2,True,The solver successfully reached the end of the integration interval.",5.221,radius_small
KM12,hamming+zero,5,26271,747973,9.999999747378752e-06,3.000000106112566e-07,0.8999999761581421,,cyclophosphamide,vorinostat,alkylator,hdac_inhibitor,,,58906027.25742431,64108331.77263117,1.0883153177597995,0.0191931785127604,4.4,0.9808068214872396,0.2401738047655925,12.4,0.0053664911983107,1.754446233993802,0.4547236592293726,0.3422524489058386,,0.0371984228007378,1.7553004992026449,2.1501429853030976,0.8849491921573363,0.971691678470453,5.25,0.0,0.0,250.0,17.97405850448311,10.891417182994092,0.6059520269324562,250.0,20.111380442073887,12.931517763577665,0.6429950346185269,250.0,0.0364683768858276,0.0086989720848491,-0.0277694048009784,0.0,1.0,"2,True,The solver successfully reached the end of the integration interval.",5.191,radius_small
KM12,linear_curve,5,673596,754143,1.000000013351432e-10,9.99999993922529e-09,-83.88999938964844,,NSC673596,bendamustine,other,alkylator,,,58906027.25742431,64731348.08614822,1.0988917620138727,0.0708945880907112,4.4,0.9291054119092887,0.1422952454280149,9.6,0.0011663153464037,1.1869800530889136,0.601716335847671,0.2206081977950393,,0.0418927370861854,1.1173385345292624,2.8325601936912945,0.8619239594139724,0.8949261369958454,5.25,0.0,0.0,250.0,0.0002781882476896,0.0001780922786932,0.6401862054645964,250.0,6.952046883678343,4.2066219789757175,0.6050911406900618,250.0,0.0055292034758489,0.0022094892567341,-0.0033197142191148,0.0,1.0,"2,True,The solver successfully reached the end of the integration interval.",4.333,radius_small
KM12,ours+zero,5,702294,754143,9.999999747378752e-05,9.99999993922529e-09,-69.5,,NSC702294,bendamustine,other,alkylator,,,58906027.25742431,64372366.71312897,1.0927976254758498,0.025403933998153,4.4,0.974596066001847,0.2232587544976148,11.8,0.0035814903310213,1.6326921608911251,0.485692104298841,0.313638956620265,,0.0384047546090976,1.540135077407519,2.338518204873816,0.8899429266432788,0.9647678735625604,5.25,0.0,0.0,250.0,0.019,0.0122178130161508,0.6430427903237296,250.0,6.952046883678343,4.208790228068126,0.6054030271213081,250.0,0.0169917197480766,0.0067485627883245,-0.010243156959752,0.0,1.0,"2,True,The solver successfully reached the end of the integration interval.",5.692,radius_small
KM12,random,5,762,713563,1.9999999949504854e-06,9.999999747378752e-05,0.1879999935626983,,mechlorethamine,arsenic trioxide,alkylator,other,,,58906027.25742431,64875285.41828848,1.1013352697301757,0.3137386770121577,4.4,0.6862613229878423,0.052588904315661,6.200000000000001,0.0002016854798927,0.541025075757088,0.78342101566297,0.1060047824638711,,0.0420750788378281,0.176824303751209,6.5587256328055,0.3352644778828449,0.5792708544880149,5.25,0.0,0.0,250.0,0.087332094363511,0.052168868725674,0.5973619332719359,250.0,2.4168985384296877,1.5371664410396877,0.6360078491496869,250.0,0.0006387673093768,0.0004320344918126,-0.0002067328175642,0.0,1.0,"2,True,The solver successfully reached the end of the integration interval.",3.162,radius_small
M14,act_hamming+zero,4,25154,119875,3.000000106112566e-07,1.9999999494757503e-05,26.59000015258789,,NSC25154,cisplatin,other,platinum,,,58906027.25742431,64898132.135443665,1.1017231199760484,0.7027694448523852,4.4,0.2972305551476147,0.0162519119122708,3.4000000000000004,4.876967510549649e-05,0.1907802657279258,0.9111392640668876,0.0404152377434099,,0.0278164887499108,0.0420921429607675,5.925335967161835,0.3172076625013393,0.1924979146121866,5.25,0.0,0.0,250.0,0.0005794359032895,0.0003581542288024,0.618108451287188,250.0,4.054053261967809,2.3680394836550724,0.584116520093681,250.0,0.0002247845370387,9.400930592895484e-05,-0.0001307752311098,0.0,1.0,"2,True,The solver successfully reached the end of the integration interval.",1.948,radius_small
KM12,tanimoto+zero,5,26271,747973,9.999999747378752e-06,3.000000106112566e-07,0.8999999761581421,,cyclophosphamide,vorinostat,alkylator,hdac_inhibitor,,,58906027.25742431,64108331.77263117,1.0883153177597995,0.0191931785127604,4.4,0.9808068214872396,0.2401738047655925,12.4,0.0053664911983107,1.754446233993802,0.4547236592293726,0.3422524489058386,,0.0371984228007378,1.7553004992026449,2.1501429853030976,0.8849491921573363,0.971691678470453,5.25,0.0,0.0,250.0,17.97405850448311,10.891417182994092,0.6059520269324562,250.0,20.111380442073887,12.931517763577665,0.6429950346185269,250.0,0.0364683768858276,0.0086989720848491,-0.0277694048009784,0.0,1.0,"2,True,The solver successfully reached the end of the integration interval.",5.059,radius_small
M14,hamming+zero,4,25154,119875,3.000000106112566e-07,1.9999999494757503e-05,26.59000015258789,,NSC25154,cisplatin,other,platinum,,,58906027.25742431,64898132.135443665,1.1017231199760484,0.7027694448523852,4.4,0.2972305551476147,0.0162519119122708,3.4000000000000004,4.876967510549649e-05,0.1907802657279258,0.9111392640668876,0.0404152377434099,,0.0278164887499108,0.0420921429607675,5.925335967161835,0.3172076625013393,0.1924979146121866,5.25,0.0,0.0,250.0,0.0005794359032895,0.0003581542288024,0.618108451287188,250.0,4.054053261967809,2.3680394836550724,0.584116520093681,250.0,0.0002247845370387,9.400930592895484e-05,-0.0001307752311098,0.0,1.0,"2,True,The solver successfully reached the end of the integration interval.",1.903,radius_small
M14,linear_curve,4,609699,681239,1.0000000116860974e-07,3.000000106112566e-07,-96.5999984741211,,topotecan,bortezomib,topo1,proteasome,,,58906027.25742431,62887966.37135615,1.067598160991751,0.0069984072908848,4.6000000000000005,0.9930015927091153,0.324079086544436,14.2,0.0137134159820833,2.193034095078244,0.3534754278848199,0.4516407711314177,,0.0322965397063534,1.9536242480371135,2.065783009030177,0.8009474208965177,0.9910723629355748,5.25,0.0,0.0,250.0,3.591378767115229,2.36155270309839,0.6575615818420913,250.0,3.4357492135598684,2.261691957555582,0.6582820272880698,250.0,0.0685012016321154,0.0250167888610629,-0.0434844127710525,0.0,1.0,"2,True,The solver successfully reached the end of the integration interval.",3.835,radius_small
M14,random,4,125973,246131,3.000000106112566e-07,1.9999999494757503e-05,-2.259999990463257,,paclitaxel,mitoxantrone,antimitotic,dna_intercalator,,,58906027.25742431,64848838.8599496,1.1008863078909514,0.2195006695981491,4.6000000000000005,0.7804993304018508,0.0757255150907084,7.2,0.0003787627132128,0.6965974594625974,0.7260918073445045,0.1390084634564755,,0.0439900293190192,0.5034829666087394,4.452433084173669,0.5863554210478339,0.7316897992634818,5.25,0.0,0.0,250.0,12.074200839692525,7.286595738520797,0.6034847221165119,250.0,2.6714752421683974,1.4009403656814132,0.5244070181029604,250.0,0.001338529099826,0.0007914777730133,-0.0005470513268126,0.0,1.0,"2,True,The solver successfully reached the end of the integration interval.",6.847,radius_small
M14,tanimoto+zero,4,1390,753082,0.0001999999949475,4.999999873689376e-06,-4.0920000076293945,,NSC1390,pazopanib,other,kinase_inhibitor,,,58906027.25742431,63855911.467267305,1.0840301823141387,0.0144477732027587,4.4,0.9855522267972412,0.261787575744091,13.000000000000002,0.0070798587008445,1.8777922210356128,0.4264200886316362,0.3701623439055865,,0.0360143509118463,1.903330576097575,2.04576453349213,0.8692225919010292,0.9787365308527232,5.25,0.0,0.0,250.0,10.206807147819664,6.629619948761321,0.6495292653959386,250.0,18.03917270732172,11.727844142110918,0.6501320394449592,250.0,0.0488178157580821,0.0114014321219496,-0.0374163836361325,0.0,1.0,"2,True,The solver successfully reached the end of the integration interval.",1.957,radius_small
M14,ours+zero,4,719344,761432,3.000000026176508e-09,5.000000058430487e-08,-45.69100189208984,,anastrozole,NSC761432,hormonal,other,,,58906027.25742431,64767115.60398172,1.0994989582465635,0.1189795851123063,4.6000000000000005,0.8810204148876937,0.1151775368066875,8.8,0.0009264107857034,0.9625608586952812,0.6428392225207322,0.1918976328348825,,0.0426102129110464,0.8570439231185377,3.336165627462615,0.8247027948446182,0.8521464246938796,5.25,0.0,0.0,250.0,10.760851184062176,6.660688389582629,0.6189741197655191,250.0,157.80868524018254,102.713881295955,0.6508759713676465,250.0,0.0054677315152019,0.0016021676267362,-0.0038655638884657,0.0,1.0,"2,True,The solver successfully reached the end of the integration interval.",14.348,radius_small
MDA-MB-435,pool_optimum,-1,24559,701852,9.999999974752427e-07,9.999999974752427e-07,-93.4499969482422,,NSC24559,irinotecan,other,topo1,,,58906027.25742431,64877782.91185237,1.101377667659219,0.3334832410760674,4.4,0.6665167589239326,0.0495040866446523,6.0,0.0001849668359719,0.5145191229294325,0.7920536087455047,0.1012454229629853,,0.0414591779716693,0.1581280609563673,6.707322294361834,0.3169719284913722,0.5560000186730244,5.25,0.0,0.0,250.0,2.539011248752824,1.613990099031817,0.635676624049861,250.0,0.7738704833525072,0.4868201418040401,0.6290718566950275,250.0,0.000572278969105,0.0003983692450645,-0.0001739097240405,0.0,1.0,"2,True,The solver successfully reached the end of the integration interval.",1.996,radius_small
MOLT-4,act_hamming+zero,3,63878,105014,9.99999993922529e-09,1.0000000116860974e-07,-99.70999908447266,,cytarabine,cladribine,antimetabolite,antimetabolite,,,58906027.25742431,64693351.89436207,1.0982467313853412,0.052647241256172,4.4,0.947352758743828,0.1609136780145965,10.0,0.0014213136102996,1.3162175177683642,0.5746794417338753,0.2405743388002372,,0.041240894578006,1.2321693136005096,2.667719476247092,0.8787469476781052,0.9191090476893828,5.25,0.0,0.0,250.0,2.0400557742805585,1.2075869451272077,0.591938201078386,250.0,3.277220739628644,1.9409723615565,0.5922617106885635,250.0,0.0049258114165026,0.0029667744466223,-0.0019590369698803,0.0,1.0,"2,True,The solver successfully reached the end of the integration interval.",2.226,radius_small
MOLT-4,hamming+zero,3,63878,105014,9.99999993922529e-09,1.0000000116860974e-07,-99.70999908447266,,cytarabine,cladribine,antimetabolite,antimetabolite,,,58906027.25742431,64693351.89436207,1.0982467313853412,0.052647241256172,4.4,0.947352758743828,0.1609136780145965,10.0,0.0014213136102996,1.3162175177683642,0.5746794417338753,0.2405743388002372,,0.041240894578006,1.2321693136005096,2.667719476247092,0.8787469476781052,0.9191090476893828,5.25,0.0,0.0,250.0,2.0400557742805585,1.2075869451272077,0.591938201078386,250.0,3.277220739628644,1.9409723615565,0.5922617106885635,250.0,0.0049258114165026,0.0029667744466223,-0.0019590369698803,0.0,1.0,"2,True,The solver successfully reached the end of the integration interval.",2.203,radius_small
MOLT-4,ours+zero,3,63878,105014,9.99999993922529e-09,1.0000000116860974e-07,-99.70999908447266,,cytarabine,cladribine,antimetabolite,antimetabolite,,,58906027.25742431,64693351.89436207,1.0982467313853412,0.052647241256172,4.4,0.947352758743828,0.1609136780145965,10.0,0.0014213136102996,1.3162175177683642,0.5746794417338753,0.2405743388002372,,0.041240894578006,1.2321693136005096,2.667719476247092,0.8787469476781052,0.9191090476893828,5.25,0.0,0.0,250.0,2.0400557742805585,1.2075869451272077,0.591938201078386,250.0,3.277220739628644,1.9409723615565,0.5922617106885635,250.0,0.0049258114165026,0.0029667744466223,-0.0019590369698803,0.0,1.0,"2,True,The solver successfully reached the end of the integration interval.",2.179,radius_small
MOLT-4,random,3,63878,105014,9.99999993922529e-09,1.0000000116860974e-07,-99.70999908447266,,cytarabine,cladribine,antimetabolite,antimetabolite,,,58906027.25742431,64693351.89436207,1.0982467313853412,0.052647241256172,4.4,0.947352758743828,0.1609136780145965,10.0,0.0014213136102996,1.3162175177683642,0.5746794417338753,0.2405743388002372,,0.041240894578006,1.2321693136005096,2.667719476247092,0.8787469476781052,0.9191090476893828,5.25,0.0,0.0,250.0,2.0400557742805585,1.2075869451272077,0.591938201078386,250.0,3.277220739628644,1.9409723615565,0.5922617106885635,250.0,0.0049258114165026,0.0029667744466223,-0.0019590369698803,0.0,1.0,"2,True,The solver successfully reached the end of the integration interval.",2.188,radius_small
MOLT-4,tanimoto+zero,3,63878,105014,9.99999993922529e-09,1.0000000116860974e-07,-99.70999908447266,,cytarabine,cladribine,antimetabolite,antimetabolite,,,58906027.25742431,64693351.89436207,1.0982467313853412,0.052647241256172,4.4,0.947352758743828,0.1609136780145965,10.0,0.0014213136102996,1.3162175177683642,0.5746794417338753,0.2405743388002372,,0.041240894578006,1.2321693136005096,2.667719476247092,0.8787469476781052,0.9191090476893828,5.25,0.0,0.0,250.0,2.0400557742805585,1.2075869451272077,0.591938201078386,250.0,3.277220739628644,1.9409723615565,0.5922617106885635,250.0,0.0049258114165026,0.0029667744466223,-0.0019590369698803,0.0,1.0,"2,True,The solver successfully reached the end of the integration interval.",2.21,radius_small
NCI-H322M,act_hamming+zero,5,740,6396,1.0000000116860974e-07,9.999999974752427e-07,-56.81999969482422,,NSC740,thiotepa,other,alkylator,,,58906027.25742431,64901054.49594282,1.1017727305275526,0.8209000149091157,4.4,0.1790999850908843,0.0103614236766243,2.4000000000000004,2.921385088081384e-05,0.1233028730675139,0.94075022978748,0.0265256669273938,,0.0206236122185941,0.0228549045078841,2.3627551662755732,0.4405191658524737,0.0970704285578472,5.25,0.0,0.0,250.0,3.870470152891944,2.44872103027818,0.6326675916745,250.0,0.053622390134832,0.0318118668592171,0.593257159541509,250.0,0.0001324777505326,5.665217966543956e-05,-7.582557086716069e-05,0.0,1.0,"2,True,The solver successfully reached the end of the integration interval.",7.016,radius_small
NCI-H322M,hamming+zero,5,740,6396,1.0000000116860974e-07,9.999999974752427e-07,-56.81999969482422,,NSC740,thiotepa,other,alkylator,,,58906027.25742431,64901054.49594282,1.1017727305275526,0.8209000149091157,4.4,0.1790999850908843,0.0103614236766243,2.4000000000000004,2.921385088081384e-05,0.1233028730675139,0.94075022978748,0.0265256669273938,,0.0206236122185941,0.0228549045078841,2.3627551662755732,0.4405191658524737,0.0970704285578472,5.25,0.0,0.0,250.0,3.870470152891944,2.44872103027818,0.6326675916745,250.0,0.053622390134832,0.0318118668592171,0.593257159541509,250.0,0.0001324777505326,5.665217966543956e-05,-7.582557086716069e-05,0.0,1.0,"2,True,The solver successfully reached the end of the integration interval.",6.994,radius_small
NCI-H322M,linear_curve,5,713563,715055,9.999999974752427e-07,9.999999747378752e-06,-33.05699920654297,,arsenic trioxide,gefitinib,other,kinase_inhibitor,,,58906027.25742431,60826147.98053187,1.0325963371238136,0.0034895882912483,4.6000000000000005,0.9965104117087517,0.3712685342805146,15.6,0.0281906528339797,2.4952591178486805,0.2875667931505751,0.5412612656608544,,0.0282006464503729,2.2861568907786327,1.8991372339753496,0.7359937219472351,0.9954732097837092,5.25,0.0,0.0,250.0,0.0225956572702513,0.0145860291735332,0.6455235622969314,250.0,63.097079365186474,41.07354841080768,0.6509579971695144,250.0,0.1747275045097833,0.0466152462021687,-0.1281122583076146,0.0,1.0,"2,True,The solver successfully reached the end of the integration interval.",9.651,radius_small
NCI-H322M,ours+zero,5,14229,24559,3.000000106112566e-06,9.999999974752427e-07,-61.189998626708984,,NSC14229,NSC24559,other,other,,,58906027.25742431,64864380.05767557,1.1011501382398912,0.2536251053775815,4.4,0.7463748946224185,0.0648513309033093,6.800000000000001,0.0002746953482491,0.6334008961365348,0.752305006461529,0.1236060480154779,,0.0439683637269867,0.3307513092847803,5.385082603742425,0.4415037429462499,0.6591707390904491,5.25,0.0,0.0,250.0,0.025737532844235,0.0161778030418081,0.6285685244081886,250.0,2.4496629563880408,1.5617752554686566,0.6375469945348932,250.0,0.0008979964377026,0.0005838407702378,-0.0003141556674647,0.0,1.0,"2,True,The solver successfully reached the end of the integration interval.",4.451,radius_small
MOLT-4,linear_curve,3,6396,63878,9.999999974752427e-07,1.0000000116860974e-07,-99.87999725341795,,thiotepa,cytarabine,alkylator,antimetabolite,,,58906027.25742431,52973022.528224215,0.899280175468762,0.0007790678433902,4.4,0.9992209321566096,0.4580645778948847,,0.0882262134517694,3.1460178577327453,0.1736318038089126,0.7603707229748609,,0.0191778009453727,3.679856336361156,1.4211481664887555,0.5921696365645082,0.9988962371033442,5.25,0.0,0.0,250.0,7.564270332450244,4.583328610056093,0.6059181399683591,250.0,20.40055810519228,12.106309825813112,0.5934303249640929,250.0,0.3524524588985519,0.15646174161657,-0.1959907172819819,0.0,1.0,"2,True,The solver successfully reached the end of the integration interval.",37.568,radius_small
NCI-H322M,tanimoto+zero,5,740,6396,1.0000000116860974e-07,9.999999974752427e-07,-56.81999969482422,,NSC740,thiotepa,other,alkylator,,,58906027.25742431,64901054.49594282,1.1017727305275526,0.8209000149091157,4.4,0.1790999850908843,0.0103614236766243,2.4000000000000004,2.921385088081384e-05,0.1233028730675139,0.94075022978748,0.0265256669273938,,0.0206236122185941,0.0228549045078841,2.3627551662755732,0.4405191658524737,0.0970704285578472,5.25,0.0,0.0,250.0,3.870470152891944,2.44872103027818,0.6326675916745,250.0,0.053622390134832,0.0318118668592171,0.593257159541509,250.0,0.0001324777505326,5.665217966543956e-05,-7.582557086716069e-05,0.0,1.0,"2,True,The solver successfully reached the end of the integration interval.",7.099,radius_small
NCI-H322M,random,5,32065,760766,9.999999747378752e-05,1.9999999949504854e-06,14.109999656677246,,hydroxyurea,NSC760766,antimetabolite,other,,,58906027.25742431,64889113.445081785,1.1015700169612674,0.5053211624468602,4.4,0.4946788375531398,0.0313721638383594,5.0,0.0001091264142741,0.3340256500958105,0.851488785572458,0.0698210674853747,,0.0363026324807296,0.0856036772060349,7.0368628471488215,0.2638372526949921,0.3921794365808717,5.25,0.0,0.0,250.0,1.7752751727968317,1.04649133440929,0.5894811973067872,250.0,0.6866976526575895,0.4311451929711858,0.627853016975681,250.0,0.000512913305825,0.0002085271186403,-0.0003043861871846,0.0,1.0,"2,True,The solver successfully reached the end of the integration interval.",14.338,radius_small
RPMI-8226,act_hamming+zero,0,740,19893,2.999999892949745e-08,9.999999747378752e-05,-71.53700256347656,,NSC740,fluorouracil,other,antimetabolite,,,58906027.25742431,64738495.66112435,1.0990131006155222,0.088975475901275,4.6000000000000005,0.9110245240987248,0.1350348961674937,9.2,0.0011183636028249,1.088762989296598,0.6119822522595323,0.2132611723928607,,0.0419891705532914,0.970130628232609,3.1024183040500812,0.8594012966214193,0.8909975452094575,5.25,0.0,0.0,250.0,1.0369404637895894,0.6647166518277519,0.6410364674153874,250.0,3.0802637990557153,1.8235337269174972,0.5920057001210478,250.0,0.0050244276962037,0.0021550131888223,-0.0028694145073813,0.0,1.0,"2,True,The solver successfully reached the end of the integration interval.",10.293,radius_small
RPMI-8226,hamming+zero,0,740,19893,2.999999892949745e-08,9.999999747378752e-05,-71.53700256347656,,NSC740,fluorouracil,other,antimetabolite,,,58906027.25742431,64738495.66112435,1.0990131006155222,0.088975475901275,4.6000000000000005,0.9110245240987248,0.1350348961674937,9.2,0.0011183636028249,1.088762989296598,0.6119822522595323,0.2132611723928607,,0.0419891705532914,0.970130628232609,3.1024183040500812,0.8594012966214193,0.8909975452094575,5.25,0.0,0.0,250.0,1.0369404637895894,0.6647166518277519,0.6410364674153874,250.0,3.0802637990557153,1.8235337269174972,0.5920057001210478,250.0,0.0050244276962037,0.0021550131888223,-0.0028694145073813,0.0,1.0,"2,True,The solver successfully reached the end of the integration interval.",10.03,radius_small
RPMI-8226,ours+zero,0,19893,749226,9.999999747378752e-05,4.999999873689376e-06,-76.33100128173828,,fluorouracil,NSC749226,antimetabolite,other,,,58906027.25742431,64340215.099369064,1.092251813523205,0.026423299228917,4.6000000000000005,0.9735767007710828,0.2242334511005018,11.599999999999998,0.0037984585331039,1.616046265948099,0.4822457694569771,0.3167315735535422,,0.0381689757571009,1.4195221600720018,2.480671292710902,0.88971609816108,0.9671806398023554,5.25,0.0,0.0,250.0,3.0802637990557153,1.8249281180421415,0.5924583857400755,250.0,0.6684768977034642,0.4302135053867529,0.6435727350709364,250.0,0.0176379710482584,0.0072040267799265,-0.0104339442683318,0.0,1.0,"2,True,The solver successfully reached the end of the integration interval.",7.174,radius_small
RPMI-8226,random,0,14229,246131,2.999999892949745e-08,1.9999999494757503e-05,-94.70999908447266,,NSC14229,mitoxantrone,other,dna_intercalator,,,58906027.25742431,62777911.66330132,1.06572985119089,0.0085320901495469,4.6000000000000005,0.9914679098504532,0.3029113233864161,14.2,0.0144741024211186,2.10697787334976,0.3660528193328691,0.4364562438686236,,0.032825973664364,1.8251016652390424,2.1627165694070243,0.8263581620180995,0.9884101707268826,5.25,0.0,0.0,250.0,0.0074007132575906,0.0047598517290968,0.6431612147943682,250.0,14.265289286311544,9.169778464649768,0.6428035408611558,250.0,0.1239282053428448,0.020825991449433,-0.1031022138934117,0.0,1.0,"2,True,The solver successfully reached the end of the integration interval.",3.598,radius_small
RPMI-8226,linear_curve,0,127716,681239,3.000000106112566e-07,3.000000106112566e-07,-98.0500030517578,,decitabine,bortezomib,antimetabolite,proteasome,,,58906027.25742431,63341151.92183327,1.075291525687636,0.00816928461282,4.4,0.99183071538718,0.3097248123694277,14.000000000000002,0.0105950098309159,2.1254091097469097,0.3759234307864711,0.4249006044693724,,0.033612676628451,2.0207295688723654,1.993976724395878,0.8216114392660344,0.9887109994770036,5.25,0.0,0.0,250.0,6.647919983820463,3.942394738031616,0.5930268035154628,250.0,2.659365748651904,1.7499353013825232,0.6580273143209455,250.0,0.0496325607588132,0.0198533893359772,-0.029779171422836,0.0,1.0,"2,True,The solver successfully reached the end of the integration interval.",26.261,radius_small
RPMI-8226,tanimoto+zero,0,3053,19893,1.000000013351432e-10,9.999999747378752e-05,-76.15699768066406,,dactinomycin,fluorouracil,dna_intercalator,antimetabolite,,,58906027.25742431,64759866.92923614,1.0993759033558663,0.1027989850892606,4.6000000000000005,0.8972010149107394,0.1254099827753301,9.0,0.0009750193363674,1.026044481889669,0.6276482351370641,0.2022836880154748,,0.0423342541277318,0.9153506151178448,3.209521971061641,0.8420831435674464,0.8746000495338455,5.25,0.0,0.0,250.0,0.002326114730968,0.0013029250627955,0.560129320127449,250.0,3.0802637990557153,1.823406440151362,0.59196437678823,250.0,0.0045746035291805,0.0018525432172468,-0.0027220603119337,0.0,1.0,"2,True,The solver successfully reached the end of the integration interval.",13.748,radius_small
SF-295,act_hamming+zero,2,740,25154,1.0000000116860974e-07,3.000000106112566e-06,-34.849998474121094,,NSC740,NSC25154,other,other,,,58906027.25742431,64862108.9556358,1.101111583576718,0.292024002083815,4.6000000000000005,0.707975997916185,0.0587465063515921,6.6000000000000005,0.0002899016039848,0.5726147603630894,0.7622139053201068,0.1179231325138577,,0.0433815819154098,0.2539487495960955,5.943213035919245,0.4178727814120508,0.6390243483248339,5.25,0.0,0.0,250.0,24.98568003893303,16.198975145864075,0.6483303684599583,250.0,0.0043658953188699,0.0027570283765368,0.6314920938714765,250.0,0.0015819589756516,0.0005207990926219,-0.0010611598830296,0.0,1.0,"2,True,The solver successfully reached the end of the integration interval.",26.327,radius_small
SF-295,act_hamming+zero,4,740,25154,1.0000000116860974e-07,3.000000106112566e-06,-34.849998474121094,,NSC740,NSC25154,other,other,,,58906027.25742431,64862108.9556358,1.101111583576718,0.292024002083815,4.6000000000000005,0.707975997916185,0.0587465063515921,6.6000000000000005,0.0002899016039848,0.5726147603630894,0.7622139053201068,0.1179231325138577,,0.0433815819154098,0.2539487495960955,5.943213035919245,0.4178727814120508,0.6390243483248339,5.25,0.0,0.0,250.0,24.98568003893303,16.198975145864075,0.6483303684599583,250.0,0.0043658953188699,0.0027570283765368,0.6314920938714765,250.0,0.0015819589756516,0.0005207990926219,-0.0010611598830296,0.0,1.0,"2,True,The solver successfully reached the end of the integration interval.",26.281,radius_small
SF-295,act_hamming+zero,9,740,25154,1.0000000116860974e-07,3.000000106112566e-06,-34.849998474121094,,NSC740,NSC25154,other,other,,,58906027.25742431,64862108.9556358,1.101111583576718,0.292024002083815,4.6000000000000005,0.707975997916185,0.0587465063515921,6.6000000000000005,0.0002899016039848,0.5726147603630894,0.7622139053201068,0.1179231325138577,,0.0433815819154098,0.2539487495960955,5.943213035919245,0.4178727814120508,0.6390243483248339,5.25,0.0,0.0,250.0,24.98568003893303,16.198975145864075,0.6483303684599583,250.0,0.0043658953188699,0.0027570283765368,0.6314920938714765,250.0,0.0015819589756516,0.0005207990926219,-0.0010611598830296,0.0,1.0,"2,True,The solver successfully reached the end of the integration interval.",26.017,radius_small
SF-295,hamming+zero,2,740,25154,1.0000000116860974e-07,3.000000106112566e-06,-34.849998474121094,,NSC740,NSC25154,other,other,,,58906027.25742431,64862108.9556358,1.101111583576718,0.292024002083815,4.6000000000000005,0.707975997916185,0.0587465063515921,6.6000000000000005,0.0002899016039848,0.5726147603630894,0.7622139053201068,0.1179231325138577,,0.0433815819154098,0.2539487495960955,5.943213035919245,0.4178727814120508,0.6390243483248339,5.25,0.0,0.0,250.0,24.98568003893303,16.198975145864075,0.6483303684599583,250.0,0.0043658953188699,0.0027570283765368,0.6314920938714765,250.0,0.0015819589756516,0.0005207990926219,-0.0010611598830296,0.0,1.0,"2,True,The solver successfully reached the end of the integration interval.",25.803,radius_small
SF-295,hamming+zero,4,740,25154,1.0000000116860974e-07,3.000000106112566e-06,-34.849998474121094,,NSC740,NSC25154,other,other,,,58906027.25742431,64862108.9556358,1.101111583576718,0.292024002083815,4.6000000000000005,0.707975997916185,0.0587465063515921,6.6000000000000005,0.0002899016039848,0.5726147603630894,0.7622139053201068,0.1179231325138577,,0.0433815819154098,0.2539487495960955,5.943213035919245,0.4178727814120508,0.6390243483248339,5.25,0.0,0.0,250.0,24.98568003893303,16.198975145864075,0.6483303684599583,250.0,0.0043658953188699,0.0027570283765368,0.6314920938714765,250.0,0.0015819589756516,0.0005207990926219,-0.0010611598830296,0.0,1.0,"2,True,The solver successfully reached the end of the integration interval.",25.675,radius_small
SF-295,hamming+zero,9,740,25154,1.0000000116860974e-07,3.000000106112566e-06,-34.849998474121094,,NSC740,NSC25154,other,other,,,58906027.25742431,64862108.9556358,1.101111583576718,0.292024002083815,4.6000000000000005,0.707975997916185,0.0587465063515921,6.6000000000000005,0.0002899016039848,0.5726147603630894,0.7622139053201068,0.1179231325138577,,0.0433815819154098,0.2539487495960955,5.943213035919245,0.4178727814120508,0.6390243483248339,5.25,0.0,0.0,250.0,24.98568003893303,16.198975145864075,0.6483303684599583,250.0,0.0043658953188699,0.0027570283765368,0.6314920938714765,250.0,0.0015819589756516,0.0005207990926219,-0.0010611598830296,0.0,1.0,"2,True,The solver successfully reached the end of the integration interval.",25.57,radius_small
SF-295,linear_curve,2,119875,681239,1.9999999494757503e-05,3.000000106112566e-07,-95.12000274658205,,cisplatin,bortezomib,platinum,proteasome,,,58906027.25742431,53238871.45670616,0.9037932777922334,0.0007785487037753,4.4,0.9992214512962246,0.4572181380492712,,0.0860521261731758,3.1463073506491357,0.1758868752416486,0.7547665665845609,,0.0193671103102311,3.546653574973804,1.461063734695209,0.5939570958238682,0.9988702647534446,5.25,0.0,0.0,250.0,3.568029240982825,2.095007387789788,0.5871609357138317,250.0,10.166128824773349,6.7550889531261165,0.6644701311147039,250.0,0.3400766005103699,0.153715150110733,-0.1863614503996369,0.0,1.0,"2,True,The solver successfully reached the end of the integration interval.",11.563,radius_small
SF-295,linear_curve,4,119875,681239,1.9999999494757503e-05,3.000000106112566e-07,-95.12000274658205,,cisplatin,bortezomib,platinum,proteasome,,,58906027.25742431,53238871.45670616,0.9037932777922334,0.0007785487037753,4.4,0.9992214512962246,0.4572181380492712,,0.0860521261731758,3.1463073506491357,0.1758868752416486,0.7547665665845609,,0.0193671103102311,3.546653574973804,1.461063734695209,0.5939570958238682,0.9988702647534446,5.25,0.0,0.0,250.0,3.568029240982825,2.095007387789788,0.5871609357138317,250.0,10.166128824773349,6.7550889531261165,0.6644701311147039,250.0,0.3400766005103699,0.153715150110733,-0.1863614503996369,0.0,1.0,"2,True,The solver successfully reached the end of the integration interval.",11.805,radius_small
SF-295,linear_curve,9,119875,681239,1.9999999494757503e-05,3.000000106112566e-07,-95.12000274658205,,cisplatin,bortezomib,platinum,proteasome,,,58906027.25742431,53238871.45670616,0.9037932777922334,0.0007785487037753,4.4,0.9992214512962246,0.4572181380492712,,0.0860521261731758,3.1463073506491357,0.1758868752416486,0.7547665665845609,,0.0193671103102311,3.546653574973804,1.461063734695209,0.5939570958238682,0.9988702647534446,5.25,0.0,0.0,250.0,3.568029240982825,2.095007387789788,0.5871609357138317,250.0,10.166128824773349,6.7550889531261165,0.6644701311147039,250.0,0.3400766005103699,0.153715150110733,-0.1863614503996369,0.0,1.0,"2,True,The solver successfully reached the end of the integration interval.",11.762,radius_small
SF-295,ours+zero,2,681239,747973,3.000000106112566e-07,3.000000106112566e-07,-94.7699966430664,,bortezomib,vorinostat,proteasome,hdac_inhibitor,,,58906027.25742431,38124828.651323095,0.6472143925903265,0.0002218962956717,4.4,0.9997781037043284,0.5035778983426002,,0.23107306655462,3.6914430844239896,0.0947815160102048,1.0232763491331254,,0.0109128567913967,4.533070481282206,1.3268563580536998,0.5655827551297691,0.9996646351882,5.25,0.0,0.0,250.0,10.166128824773349,6.763412763827559,0.6652889099089642,250.0,15.837288892247397,10.188779410306765,0.6433411349397266,250.0,0.6811774731860063,0.3669417068473404,-0.3142357663386659,0.0,1.0,"2,True,The solver successfully reached the end of the integration interval.",13.535,radius_small
SF-295,ours+zero,4,681239,747973,3.000000106112566e-07,3.000000106112566e-07,-94.7699966430664,,bortezomib,vorinostat,proteasome,hdac_inhibitor,,,58906027.25742431,38124828.651323095,0.6472143925903265,0.0002218962956717,4.4,0.9997781037043284,0.5035778983426002,,0.23107306655462,3.6914430844239896,0.0947815160102048,1.0232763491331254,,0.0109128567913967,4.533070481282206,1.3268563580536998,0.5655827551297691,0.9996646351882,5.25,0.0,0.0,250.0,10.166128824773349,6.763412763827559,0.6652889099089642,250.0,15.837288892247397,10.188779410306765,0.6433411349397266,250.0,0.6811774731860063,0.3669417068473404,-0.3142357663386659,0.0,1.0,"2,True,The solver successfully reached the end of the integration interval.",13.32,radius_small
SF-295,random,2,1390,681239,1.0000000116860974e-07,3.000000106112566e-07,-66.69999694824219,,NSC1390,bortezomib,other,proteasome,,,58906027.25742431,64257307.7955306,1.090844363255406,0.0251601558483584,4.4,0.9748398441516416,0.2222244396998107,12.000000000000002,0.0043584411633218,1.6368798097098352,0.4788717803893375,0.3197807549020426,,0.0380680228007112,1.563525675285185,2.319766848308126,0.8956575261301191,0.964191980813254,5.25,0.0,0.0,250.0,0.0051048501129721,0.0032809982502433,0.6427217602150278,250.0,10.166128824773349,6.724002200193839,0.6614122559423449,250.0,0.0304148255660517,0.0069839855172422,-0.0234308400488095,0.0,1.0,"2,True,The solver successfully reached the end of the integration interval.",4.376,radius_small
SF-295,random,4,613327,681239,9.99999993922529e-09,3.000000106112566e-07,-88.45999908447266,,gemcitabine,bortezomib,antimetabolite,proteasome,,,58906027.25742431,63862938.17350314,1.084149469024905,0.0142398882904044,4.4,0.9857601117095957,0.2649217461817068,13.000000000000002,0.0070320715534369,1.8840865542760885,0.4255618410672126,0.3710373209313224,,0.0359427684852124,1.8065887237611549,2.1260248578379515,0.8666966338315725,0.9796287712204664,5.25,0.0,0.0,250.0,1.818916898944863,1.0774414452664212,0.5923533097589203,250.0,10.166128824773349,6.730941596346942,0.662094855609604,250.0,0.0453612307063537,0.0116949127544488,-0.0336663179519048,0.0,1.0,"2,True,The solver successfully reached the end of the integration interval.",3.109,radius_small
SF-295,ours+zero,9,752,9706,3.000000106112566e-06,4.999999873689376e-06,-55.029998779296875,,thioguanine,triethylenemelamine,antimetabolite,alkylator,,,58906027.25742431,64140237.87581728,1.0888569618779251,0.0155864384706128,4.4,0.9844135615293872,0.2518144246321371,12.4,0.0051504007596161,1.844846247170817,0.4473016886118346,0.3493994623160136,,0.0370055419750916,1.854443382595699,2.069456981542656,0.8737896733770518,0.975647054896427,5.25,0.0,0.0,250.0,5.453086025531121,3.2335207289957872,0.5929707900914415,250.0,10.226680180513428,6.19493603478895,0.6057621755487356,250.0,0.0254722724674073,0.0095487331401571,-0.0159235393272502,0.0,1.0,"2,True,The solver successfully reached the end of the integration interval.",23.139,radius_small
SF-295,random,9,119875,681239,1.9999999494757503e-05,3.000000026176508e-09,-27.690000534057617,,cisplatin,bortezomib,platinum,proteasome,,,58906027.25742431,64818110.932044744,1.1003646647020369,0.125408250772831,4.4,0.874591749227169,0.1029353690921357,8.200000000000001,0.0005845972732238,0.9392670263844746,0.669772018760005,0.1740730000508008,,0.0433594239560159,0.8553230995400672,3.3181408805583925,0.750006628446588,0.8137177013458512,5.25,0.0,0.0,250.0,3.568029240982825,2.0908267101467186,0.5859892307302935,250.0,0.1016612855389326,0.0643764809536716,0.6332448051625096,250.0,0.0022034502417483,0.0011955655783539,-0.0010078846633944,0.0,1.0,"2,True,The solver successfully reached the end of the integration interval.",7.301,radius_small
SF-295,tanimoto+zero,2,3053,713563,1.000000013351432e-10,9.999999747378752e-05,16.709999084472656,,dactinomycin,arsenic trioxide,dna_intercalator,other,,,58906027.25742431,64900920.35882901,1.1017704533902195,0.8037582342944664,4.4,0.1962417657055336,0.0111357257309224,2.5999999999999996,3.0111449063180847e-05,0.1324677014317824,0.9366867098275994,0.0284056417102461,,0.0218789798819843,0.0256286520856751,3.3296670032000595,0.4167075980516677,0.1104196234091492,5.25,0.0,0.0,250.0,0.0021201881466497,0.0008115813701077,0.3827874292147831,250.0,2.24082401906662,1.4058907969670011,0.6273990215227178,250.0,0.0001079497528867,6.261079220892807e-05,-4.533896067782095e-05,0.0,1.0,"2,True,The solver successfully reached the end of the integration interval.",1.857,radius_small
SF-295,tanimoto+zero,4,3088,141540,9.999999747378752e-05,4.999999873689376e-06,-29.2549991607666,,chlorambucil,etoposide,alkylator,topo2,,,58906027.25742431,64851818.28255671,1.1009368871397285,0.2289899013290205,4.4,0.7710100986709795,0.0710848654882906,7.200000000000001,0.0003588098952971,0.6777768066558161,0.7362960946370413,0.1329475030437123,,0.0441673311142572,0.4695631667756685,4.6012791514022515,0.5184333085744125,0.6908251760406671,5.25,0.0,0.0,250.0,14.387939455354518,8.707199775437672,0.6051735067732203,250.0,10.580405627757251,6.94243115950505,0.6561592630524365,250.0,0.0019953981813514,0.0006397419069571,-0.0013556562743942,0.0,1.0,"2,True,The solver successfully reached the end of the integration interval.",4.88,radius_small
SK-MEL-5,act_hamming+zero,9,740,762,1.0000000116860974e-07,4.999999987376214e-07,1.090000033378601,,NSC740,mechlorethamine,other,alkylator,,,58906027.25742431,64887257.63247358,1.1015385123310182,0.4434118680466323,4.4,0.5565881319533676,0.0356574924089557,5.200000000000001,0.0001215473067455,0.3907858236698894,0.8351665452072335,0.0782269108012133,,0.0378809307129735,0.0998995885336843,7.038133795067047,0.2608607270215743,0.4353863451963425,5.25,0.0,0.0,250.0,3.274310653771972,2.0840726719539444,0.6364920413257411,250.0,0.0384073799644939,0.0229065780790869,0.5964108486510438,250.0,0.0004807146922047,0.0002457418800333,-0.0002349728121714,0.0,1.0,"2,True,The solver successfully reached the end of the integration interval.",6.65,radius_small
SF-295,tanimoto+zero,9,71423,141540,2.9999999242136255e-05,4.999999873689376e-06,-5.110000133514404,,megestrol,etoposide,hormonal,topo2,,,58906027.25742431,64872378.56393776,1.101285922414017,0.3531024717839723,4.4,0.6468975282160276,0.0510562575671647,6.200000000000001,0.0002211452646114,0.4896923789039711,0.7902498439419205,0.1022355812525958,,0.0416250045097322,0.1640089097126426,6.668256558785603,0.3417669789703199,0.5716786003980969,5.25,0.0,0.0,250.0,1974.4489767877471,1225.4897051585694,0.620674284099421,250.0,10.580405627757251,6.909629831548327,0.6530590673594973,250.0,0.001205427144265,0.0003979635860119,-0.0008074635582531,0.0,1.0,"2,True,The solver successfully reached the end of the integration interval.",17.22,radius_small
SK-MEL-5,hamming+zero,9,740,762,1.0000000116860974e-07,4.999999987376214e-07,1.090000033378601,,NSC740,mechlorethamine,other,alkylator,,,58906027.25742431,64887257.63247358,1.1015385123310182,0.4434118680466323,4.4,0.5565881319533676,0.0356574924089557,5.200000000000001,0.0001215473067455,0.3907858236698894,0.8351665452072335,0.0782269108012133,,0.0378809307129735,0.0998995885336843,7.038133795067047,0.2608607270215743,0.4353863451963425,5.25,0.0,0.0,250.0,3.274310653771972,2.0840726719539444,0.6364920413257411,250.0,0.0384073799644939,0.0229065780790869,0.5964108486510438,250.0,0.0004807146922047,0.0002457418800333,-0.0002349728121714,0.0,1.0,"2,True,The solver successfully reached the end of the integration interval.",7.775,radius_small
SK-MEL-5,linear_curve,9,92859,747973,6.000000212225132e-06,2.999999892949745e-08,-97.72000122070312,,dromostanolone,vorinostat,hormonal,hdac_inhibitor,,,58906027.25742431,64074673.79073178,1.0877439334131302,0.015559042822358,4.6000000000000005,0.984440957177642,0.2611278257732405,12.4,0.0055945631815288,1.8460504327920724,0.4369524780358213,0.3595657933478186,,0.0364609253102794,1.6592513383147582,2.2514908412201353,0.8658806122256594,0.9796602516745144,5.25,0.0,0.0,250.0,7.44836971296567,4.612766425633096,0.6192988000586855,250.0,2.0707176646457612,1.3244673974286594,0.6396175683637859,250.0,0.0201459865252063,0.0114544020154828,-0.0086915845097235,0.0,1.0,"2,True,The solver successfully reached the end of the integration interval.",7.701,radius_small
SK-MEL-5,random,9,180973,628503,7.000000096013537e-06,3.999999975690116e-08,-30.979999542236328,,tamoxifen,NSC628503,hormonal,other,,,58906027.25742431,64889390.427763976,1.1015747190723262,0.5266462470097524,4.4,0.4733537529902476,0.0300713713711151,4.800000000000001,0.0001072726087999,0.3160741429614618,0.8564866395191022,0.0672794072791892,,0.0357783146723644,0.0815936945653305,7.023906444040835,0.2670261230951478,0.3771088443077299,5.25,0.0,0.0,250.0,749.5384150207869,465.1661872500575,0.6206035313575716,250.0,11.59229589536313,7.466074846079256,0.6440548889944792,250.0,0.0005682372447278,0.0001956520587981,-0.0003725851859297,0.0,1.0,"2,True,The solver successfully reached the end of the integration interval.",4.534,radius_small
SK-MEL-5,ours+zero,9,755,628503,2.0000000233721948e-07,3.999999975690116e-08,-49.15999984741211,,mercaptopurine,NSC628503,antimetabolite,other,,,58906027.25742431,64884486.94910513,1.1014914766795332,0.4380452597116582,4.4,0.5619547402883418,0.037148402721491,5.4,0.0001400920601059,0.3960741516248824,0.8306252142110196,0.0805948897124081,,0.0383229237229626,0.1048781217650749,7.030330537611282,0.2698561546629265,0.4498448764289944,5.25,0.0,0.0,250.0,18.689170516814112,11.07696596141148,0.5926943601614555,250.0,11.59229589536313,7.475117131686746,0.6448349144259475,250.0,0.0007389332099404,0.0002558243526163,-0.000483108857324,0.0,1.0,"2,True,The solver successfully reached the end of the integration interval.",19.357,radius_small
SK-MEL-5,tanimoto+zero,9,92859,119875,6.000000212225132e-06,1.9999999949504854e-06,-91.9499969482422,,dromostanolone,cisplatin,hormonal,platinum,,,58906027.25742431,64684127.00675241,1.0980901279265929,0.0672459603025389,4.6000000000000005,0.9327540396974612,0.1516732695384276,9.8,0.0014832458387812,1.2103671089943795,0.5826382583159818,0.2346010012909287,,0.0413021407142215,1.1029274632117143,2.8707603008540374,0.8826190778428525,0.913254153439887,5.25,0.0,0.0,250.0,7.44836971296567,4.6095322071325615,0.6188645817498247,250.0,0.3724807083952616,0.2178816395970657,0.5849474474416496,250.0,0.0075461274331709,0.0027312692749336,-0.0048148581582373,0.0,1.0,"2,True,The solver successfully reached the end of the integration interval.",11.588,radius_small
SR,act_hamming+zero,6,26980,747971,4.999999987376214e-07,1.9999999949504854e-06,-94.94000244140624,,mitomycin,sorafenib,alkylator,kinase_inhibitor,,,58906027.25742431,62729761.15792769,1.0649124389902132,0.0062376064354916,4.6000000000000005,0.9937623935645084,0.3243657514658174,14.4,0.0148073330410561,2.243015339595422,0.3477443971329159,0.4587398586439246,,0.0320742194610906,2.2361715254315926,1.8712557827244245,0.8008128696749242,0.9911547477767694,5.25,0.0,0.0,250.0,90.80036472291091,55.050062313748306,0.6062757840427261,250.0,0.9043599849896466,0.5848576688104964,0.6467089195871398,250.0,0.0880543527579672,0.0252562691817627,-0.0627980835762045,0.0,1.0,"2,True,The solver successfully reached the end of the integration interval.",11.342,radius_small
SR,hamming+zero,6,26980,747971,4.999999987376214e-07,1.9999999949504854e-06,-94.94000244140624,,mitomycin,sorafenib,alkylator,kinase_inhibitor,,,58906027.25742431,62729761.15792769,1.0649124389902132,0.0062376064354916,4.6000000000000005,0.9937623935645084,0.3243657514658174,14.4,0.0148073330410561,2.243015339595422,0.3477443971329159,0.4587398586439246,,0.0320742194610906,2.2361715254315926,1.8712557827244245,0.8008128696749242,0.9911547477767694,5.25,0.0,0.0,250.0,90.80036472291091,55.050062313748306,0.6062757840427261,250.0,0.9043599849896466,0.5848576688104964,0.6467089195871398,250.0,0.0880543527579672,0.0252562691817627,-0.0627980835762045,0.0,1.0,"2,True,The solver successfully reached the end of the integration interval.",11.135,radius_small
SR,ours+zero,6,26980,747971,4.999999987376214e-07,1.9999999949504854e-06,-94.94000244140624,,mitomycin,sorafenib,alkylator,kinase_inhibitor,,,58906027.25742431,62729761.15792769,1.0649124389902132,0.0062376064354916,4.6000000000000005,0.9937623935645084,0.3243657514658174,14.4,0.0148073330410561,2.243015339595422,0.3477443971329159,0.4587398586439246,,0.0320742194610906,2.2361715254315926,1.8712557827244245,0.8008128696749242,0.9911547477767694,5.25,0.0,0.0,250.0,90.80036472291091,55.050062313748306,0.6062757840427261,250.0,0.9043599849896466,0.5848576688104964,0.6467089195871398,250.0,0.0880543527579672,0.0252562691817627,-0.0627980835762045,0.0,1.0,"2,True,The solver successfully reached the end of the integration interval.",10.895,radius_small
SR,random,6,26980,747971,4.999999987376214e-07,1.9999999949504854e-06,-94.94000244140624,,mitomycin,sorafenib,alkylator,kinase_inhibitor,,,58906027.25742431,62729761.15792769,1.0649124389902132,0.0062376064354916,4.6000000000000005,0.9937623935645084,0.3243657514658174,14.4,0.0148073330410561,2.243015339595422,0.3477443971329159,0.4587398586439246,,0.0320742194610906,2.2361715254315926,1.8712557827244245,0.8008128696749242,0.9911547477767694,5.25,0.0,0.0,250.0,90.80036472291091,55.050062313748306,0.6062757840427261,250.0,0.9043599849896466,0.5848576688104964,0.6467089195871398,250.0,0.0880543527579672,0.0252562691817627,-0.0627980835762045,0.0,1.0,"2,True,The solver successfully reached the end of the integration interval.",12.106,radius_small
SR,tanimoto+zero,6,26980,747971,4.999999987376214e-07,1.9999999949504854e-06,-94.94000244140624,,mitomycin,sorafenib,alkylator,kinase_inhibitor,,,58906027.25742431,62729761.15792769,1.0649124389902132,0.0062376064354916,4.6000000000000005,0.9937623935645084,0.3243657514658174,14.4,0.0148073330410561,2.243015339595422,0.3477443971329159,0.4587398586439246,,0.0320742194610906,2.2361715254315926,1.8712557827244245,0.8008128696749242,0.9911547477767694,5.25,0.0,0.0,250.0,90.80036472291091,55.050062313748306,0.6062757840427261,250.0,0.9043599849896466,0.5848576688104964,0.6467089195871398,250.0,0.0880543527579672,0.0252562691817627,-0.0627980835762045,0.0,1.0,"2,True,The solver successfully reached the end of the integration interval.",11.426,radius_small
U251,act_hamming+zero,9,85998,409962,9.999999747378752e-05,1.9999999949504854e-06,-40.290000915527344,,streptozocin,carmustine,alkylator,alkylator,,,58906027.25742431,64904069.5634224,1.101823914890511,0.9801781380495608,0.4,0.0198218619504391,0.0056243130413596,0.6,9.03857384659098e-06,0.0163434325611915,0.9798047934407772,0.0088604402014002,,0.0061432741748892,1.2148685422499948e-17,0.0,0.7390483899630458,-0.0296431626448416,5.25,0.0,0.0,250.0,0.057991673115147,0.0343265208063263,0.5919215460152073,250.0,0.0419885926861412,0.0248505439098099,0.5918403623470853,250.0,4.423031395972554e-05,1.707482549595518e-05,-2.715548846377036e-05,0.0,1.0,"2,True,The solver successfully reached the end of the integration interval.",3.576,radius_small
U251,hamming+zero,9,85998,409962,9.999999747378752e-05,1.9999999949504854e-06,-40.290000915527344,,streptozocin,carmustine,alkylator,alkylator,,,58906027.25742431,64904069.5634224,1.101823914890511,0.9801781380495608,0.4,0.0198218619504391,0.0056243130413596,0.6,9.03857384659098e-06,0.0163434325611915,0.9798047934407772,0.0088604402014002,,0.0061432741748892,1.2148685422499948e-17,0.0,0.7390483899630458,-0.0296431626448416,5.25,0.0,0.0,250.0,0.057991673115147,0.0343265208063263,0.5919215460152073,250.0,0.0419885926861412,0.0248505439098099,0.5918403623470853,250.0,4.423031395972554e-05,1.707482549595518e-05,-2.715548846377036e-05,0.0,1.0,"2,True,The solver successfully reached the end of the integration interval.",3.594,radius_small
SR,linear_curve,6,9706,26980,4.999999873689376e-06,4.999999987376214e-07,-98.98999786376952,,triethylenemelamine,mitomycin,alkylator,alkylator,,,58906027.25742431,6123702.789778029,0.1039571513287924,1.573059615259074e-05,4.6000000000000005,0.9999842694038474,0.5393203355628874,,1.0252668626986965,4.841288127206114,0.0189267765111689,1.7229233460266822,,0.0013111497535796,5.869032828144714,1.4320354546351286,0.9603699687999222,0.999977591739826,5.25,0.0,0.0,250.0,92.42422518636896,56.03910238241416,0.6063248273860454,250.0,90.80036472291091,55.05446344318565,0.6063242544365485,250.0,0.9684353714250556,0.8928119585027852,-0.0756234129222703,0.0,1.0,"2,True,The solver successfully reached the end of the integration interval.",47.583,radius_small
U251,linear_curve,9,26980,754143,4.999999969612645e-09,9.99999993922529e-09,-90.36000061035156,,mitomycin,bendamustine,alkylator,alkylator,,,58906027.25742431,64355841.33430565,1.092517087480118,0.0235363361903133,4.4,0.9764636638096866,0.2216184586296959,11.8,0.0036929947321563,1.6658542777809993,0.484689645080348,0.3145362584544698,,0.0384111939974379,1.6432709292450811,2.233534521287744,0.8912961305503914,0.9638366470009986,5.25,0.0,0.0,250.0,1.828253653194684,1.1053948543437349,0.6046178835262667,250.0,16.209099229005094,9.821016953769268,0.6058952946746861,250.0,0.0202136206617885,0.0065932512564536,-0.0136203694053349,0.0,1.0,"2,True,The solver successfully reached the end of the integration interval.",3.619,radius_small
U251,ours+zero,9,85998,409962,9.999999747378752e-05,1.9999999949504854e-06,-40.290000915527344,,streptozocin,carmustine,alkylator,alkylator,,,58906027.25742431,64904069.5634224,1.101823914890511,0.9801781380495608,0.4,0.0198218619504391,0.0056243130413596,0.6,9.03857384659098e-06,0.0163434325611915,0.9798047934407772,0.0088604402014002,,0.0061432741748892,1.2148685422499948e-17,0.0,0.7390483899630458,-0.0296431626448416,5.25,0.0,0.0,250.0,0.057991673115147,0.0343265208063263,0.5919215460152073,250.0,0.0419885926861412,0.0248505439098099,0.5918403623470853,250.0,4.423031395972554e-05,1.707482549595518e-05,-2.715548846377036e-05,0.0,1.0,"2,True,The solver successfully reached the end of the integration interval.",3.866,radius_small
U251,tanimoto+zero,9,85998,409962,9.999999747378752e-05,1.9999999949504854e-06,-40.290000915527344,,streptozocin,carmustine,alkylator,alkylator,,,58906027.25742431,64904069.5634224,1.101823914890511,0.9801781380495608,0.4,0.0198218619504391,0.0056243130413596,0.6,9.03857384659098e-06,0.0163434325611915,0.9798047934407772,0.0088604402014002,,0.0061432741748892,1.2148685422499948e-17,0.0,0.7390483899630458,-0.0296431626448416,5.25,0.0,0.0,250.0,0.057991673115147,0.0343265208063263,0.5919215460152073,250.0,0.0419885926861412,0.0248505439098099,0.5918403623470853,250.0,4.423031395972554e-05,1.707482549595518e-05,-2.715548846377036e-05,0.0,1.0,"2,True,The solver successfully reached the end of the integration interval.",3.867,radius_small
U251,random,9,45388,713563,4.999999873689376e-06,9.999999747378752e-05,-51.60699844360352,,dacarbazine,arsenic trioxide,alkylator,other,,,58906027.25742431,64881774.33146349,1.1014454267629468,0.3717955172028498,4.4,0.6282044827971502,0.0441752644765554,5.800000000000001,0.00015824893481,0.467288987510653,0.8077913636709794,0.0927007943080056,,0.0402629391780876,0.1321643313713718,6.893426177162306,0.2902695906120086,0.5131220464688282,5.25,0.0,0.0,250.0,0.771889939037878,0.4619475955639446,0.5984630349499556,250.0,2.456617606864609,1.5593109516563883,0.6347389790332665,250.0,0.0004962968449069,0.0003397652525357,-0.0001565315923711,0.0,1.0,"2,True,The solver successfully reached the end of the integration interval.",14.351,radius_small
BT-549,act_hamming+zero,8,750,105014,4.999999873689376e-05,1.0000000116860974e-07,32.560001373291016,,NSC750,cladribine,other,antimetabolite,,,241279087.64641,249462081.90106136,1.0339150580121697,0.9057731772566462,4.4,0.0942268227433538,0.002970142323363,1.5999999999999996,-3.341040889799259e-05,0.0631146978428857,0.9717283974199216,0.0124551054284755,,0.0108780453955396,0.0108224046003493,0.0,0.295782730112279,0.0355895486122588,5.25,0.2099342535129908,0.0731543947229665,163.52201257861637,4.128523645071777,2.510903573475527,0.6081843751755656,400.0,0.0518059910829652,0.0333998902259015,0.6447109596342431,400.0,-0.0032974432042407,-1.512203140485724e-07,0.0032972919839266,0.1607293603342958,1.0,"2,True,The solver successfully reached the end of the integration interval.",2.457,rho_high
BT-549,hamming+zero,8,750,105014,4.999999873689376e-05,1.0000000116860974e-07,32.560001373291016,,NSC750,cladribine,other,antimetabolite,,,241279087.64641,249462081.90106136,1.0339150580121697,0.9057731772566462,4.4,0.0942268227433538,0.002970142323363,1.5999999999999996,-3.341040889799259e-05,0.0631146978428857,0.9717283974199216,0.0124551054284755,,0.0108780453955396,0.0108224046003493,0.0,0.295782730112279,0.0355895486122588,5.25,0.2099342535129908,0.0731543947229665,163.52201257861637,4.128523645071777,2.510903573475527,0.6081843751755656,400.0,0.0518059910829652,0.0333998902259015,0.6447109596342431,400.0,-0.0032974432042407,-1.512203140485724e-07,0.0032972919839266,0.1607293603342958,1.0,"2,True,The solver successfully reached the end of the integration interval.",2.493,rho_high
BT-549,linear_curve,8,67574,246131,1.0000000116860974e-07,1.9999999494757503e-05,-89.91000366210938,,vincristine,mitoxantrone,antimitotic,dna_intercalator,,,241279087.64641,249059770.7021647,1.0322476478656002,0.0225894244592274,4.4,0.9774105755407724,0.1774137338792044,10.2,0.0006675481176186,1.6662289876143814,0.607814583629675,0.2162288838646466,,0.0407060937809999,1.1254050903408377,2.8466586803539595,0.8188222663894709,0.9602803108217448,5.25,0.2099342535129908,0.0731543947229665,163.52201257861637,11.374212191331845,6.695340202903883,0.5886421046379215,400.0,11.704019281956482,6.69109604200374,0.571692158122046,400.0,0.004700348496386,8.289612789880163e-05,-0.0046174523684872,0.1592737176451466,1.0,"2,True,The solver successfully reached the end of the integration interval.",1.471,rho_high
BT-549,ours+zero,8,125973,681239,2.999999892949745e-08,3.000000106112566e-07,-95.31999969482422,,paclitaxel,bortezomib,antimitotic,proteasome,,,241279087.64641,249554535.72818488,1.0342982401106489,0.0634513291436949,4.6000000000000005,0.936548670856305,0.1327079141247968,7.8,-0.0001943356606491,1.2174366364325782,0.6556439064171543,0.1833319707876224,,0.041970712577259,1.1158587862027756,2.8332388726292543,0.7371235390929689,0.921933784427646,5.25,0.2099342535129908,0.0731543947229665,163.52201257861637,1.7676312857947352,0.9942435048416411,0.5624722264375541,400.0,5.224603901442932,3.251178292343748,0.6222822540567787,400.0,-0.0338074162210431,2.32298641664741e-05,0.0338306460852095,0.1611595701335562,1.0,"2,True,The solver successfully reached the end of the integration interval.",1.747,rho_high
BT-549,tanimoto+zero,8,750,105014,4.999999873689376e-05,1.0000000116860974e-07,32.560001373291016,,NSC750,cladribine,other,antimetabolite,,,241279087.64641,249462081.90106136,1.0339150580121697,0.9057731772566462,4.4,0.0942268227433538,0.002970142323363,1.5999999999999996,-3.341040889799259e-05,0.0631146978428857,0.9717283974199216,0.0124551054284755,,0.0108780453955396,0.0108224046003493,0.0,0.295782730112279,0.0355895486122588,5.25,0.2099342535129908,0.0731543947229665,163.52201257861637,4.128523645071777,2.510903573475527,0.6081843751755656,400.0,0.0518059910829652,0.0333998902259015,0.6447109596342431,400.0,-0.0032974432042407,-1.512203140485724e-07,0.0032972919839266,0.1607293603342958,1.0,"2,True,The solver successfully reached the end of the integration interval.",2.522,rho_high
BT-549,random,8,105014,628503,9.999999974752427e-07,3.999999886872274e-09,13.720000267028809,,cladribine,NSC628503,antimetabolite,other,,,241279087.64641,249501139.20060164,1.0340769340368232,0.6743464156558128,4.4,0.3256535843441872,0.0114205145056851,3.0,-0.0001014008698605,0.1912511001311964,0.920608884862556,0.0359248380145403,,0.0259584967000926,0.0434557569176125,7.422745754166454,0.0522121563823906,0.2052502491742203,5.25,0.2099342535129908,0.0731543947229665,163.52201257861637,0.5180599034675787,0.3364584981252471,0.6494586743216335,400.0,1.0679288136544656,0.6375093425722483,0.5969586496975239,400.0,-0.0105959751841768,-2.2822311462888933e-07,0.0105957469610622,0.1608898005171177,1.0,"2,True,The solver successfully reached the end of the integration interval.",5.84,rho_high
HCT-15,act_hamming+zero,2,740,762,1.0000000116860974e-07,4.999999987376214e-07,-7.039999961853027,,NSC740,mechlorethamine,other,alkylator,,,241279087.64641,249480054.04697663,1.0339895449728531,0.602377729040941,4.4,0.397622270959059,0.015099479447172,3.5999999999999996,-6.46974189137824e-05,0.2402652467160501,0.9014941956461556,0.0450370651778086,,0.0290128271397841,0.0548542917011553,7.594661524418194,0.0372837066603891,0.2645118114355862,5.25,0.2099342535129908,0.0731543947229665,163.52201257861637,11.084599787238917,7.053820292777917,0.63636219874159,400.0,0.0249483530145913,0.016046339187101,0.6431823045680084,400.0,-0.0077055804488876,7.502703978090608e-07,0.0077063307192855,0.1608056725378475,1.0,"2,True,The solver successfully reached the end of the integration interval.",3.9,rho_high
HCT-15,linear_curve,2,681239,754230,3.000000106112566e-07,9.999999960041972e-13,-75.93000030517578,,bortezomib,romidepsin,proteasome,hdac_inhibitor,,,241279087.64641,249531479.1589277,1.0342026803608086,0.2964786821030624,4.4,0.7035213178969376,0.0474419104064998,5.4,-0.0001542089469828,0.5481406821102353,0.8017708397043256,0.0959497430291191,,0.0402263804067243,0.1628420288981592,6.885647936957529,0.151456996139001,0.6330056901356413,5.25,0.2099342535129908,0.0731543947229665,163.52201257861637,2.756535066484806,1.5937143751868832,0.5781585710858461,400.0,0.001923121509994,0.0012022427635099,0.6251517427589603,400.0,-0.0185628518349849,3.019970423845386e-06,0.0185658718054088,0.1610219832151739,1.0,"2,True,The solver successfully reached the end of the integration interval.",1.521,rho_high
HCT-15,hamming+zero,2,740,762,1.0000000116860974e-07,4.999999987376214e-07,-7.039999961853027,,NSC740,mechlorethamine,other,alkylator,,,241279087.64641,249480054.04697663,1.0339895449728531,0.602377729040941,4.4,0.397622270959059,0.015099479447172,3.5999999999999996,-6.46974189137824e-05,0.2402652467160501,0.9014941956461556,0.0450370651778086,,0.0290128271397841,0.0548542917011553,7.594661524418194,0.0372837066603891,0.2645118114355862,5.25,0.2099342535129908,0.0731543947229665,163.52201257861637,11.084599787238917,7.053820292777917,0.63636219874159,400.0,0.0249483530145913,0.016046339187101,0.6431823045680084,400.0,-0.0077055804488876,7.502703978090608e-07,0.0077063307192855,0.1608056725378475,1.0,"2,True,The solver successfully reached the end of the integration interval.",4.011,rho_high
HCT-15,ours+zero,2,26980,681239,4.999999987376214e-07,3.000000106112566e-07,-85.52999877929688,,mitomycin,bortezomib,alkylator,proteasome,,,241279087.64641,249556320.8728521,1.0343056387819742,0.1330132558622829,4.6000000000000005,0.866986744137717,0.0826999693745723,6.3999999999999995,-0.0001974422990567,0.8959824361892917,0.7250831944148027,0.1396121605981,,0.0430996655288609,0.8703786964168247,3.290075921501088,0.5265451276686698,0.8292466975734143,5.25,0.2099342535129908,0.0731543947229665,163.52201257861637,0.0095000025785706,0.0062201214713395,0.6547494508444076,400.0,2.756535066484806,1.668198191985878,0.605179383447206,400.0,-0.0257158597735032,1.054033182223968e-05,0.0257264001053254,0.1611364375068799,1.0,"2,True,The solver successfully reached the end of the integration interval.",1.921,rho_high
HCT-15,tanimoto+zero,2,681239,754230,3.000000106112566e-07,9.999999960041972e-13,-75.93000030517578,,bortezomib,romidepsin,proteasome,hdac_inhibitor,,,241279087.64641,249531479.1589277,1.0342026803608086,0.2964786821030624,4.4,0.7035213178969376,0.0474419104064998,5.4,-0.0001542089469828,0.5481406821102353,0.8017708397043256,0.0959497430291191,,0.0402263804067243,0.1628420288981592,6.885647936957529,0.151456996139001,0.6330056901356413,5.25,0.2099342535129908,0.0731543947229665,163.52201257861637,2.756535066484806,1.5937143751868832,0.5781585710858461,400.0,0.001923121509994,0.0012022427635099,0.6251517427589603,400.0,-0.0185628518349849,3.019970423845386e-06,0.0185658718054088,0.1610219832151739,1.0,"2,True,The solver successfully reached the end of the integration interval.",1.566,rho_high
HS 578T,act_hamming+zero,2,1390,747973,9.999999747378752e-06,3.000000106112566e-07,-74.66000366210938,,NSC1390,vorinostat,other,hdac_inhibitor,,,241279087.64641,248980258.17102712,1.031918101977835,0.0436553579045584,4.4,0.9563446420954416,0.1315422359450383,9.6,0.0008062191151556,1.3800966004832178,0.6347216136248504,0.1974167127807553,,0.0416242258018509,1.6836766504637912,2.144584092956977,0.7777874481322268,0.9135056271370228,5.25,0.2099342535129908,0.0731543947229665,163.52201257861637,0.4647546002912271,0.3008980846426111,0.6474343329879051,400.0,20.643580204271405,13.620359388332483,0.6597866868807122,400.0,0.0395114513065452,5.082073792861408e-05,-0.0394606305686165,0.1588746166946145,1.0,"2,True,The solver successfully reached the end of the integration interval.",1.68,rho_high
HCT-15,random,2,686673,747973,1.9999999949504854e-06,3.000000106112566e-07,7.989999771118164,,NSC686673,vorinostat,other,hdac_inhibitor,,,241279087.64641,249456146.63608763,1.033890458843499,0.8920365540420272,4.4,0.1079634459579728,0.0027362862218467,1.4000000000000004,-2.307744177268177e-05,0.0697515022364153,0.9713863103052304,0.0126080213085158,,0.0105298479343784,0.0103113356834041,0.0,0.2702544614138215,0.027885681677722,5.25,0.2099342535129908,0.0731543947229665,163.52201257861637,0.0307498045165011,0.0176408750103434,0.5736906392649381,400.0,2.3786622021631074,1.4573678376687729,0.6126838171235377,400.0,-0.0020513476406225,-2.883350351812197e-07,0.0020510593055873,0.1607046238984554,1.0,"2,True,The solver successfully reached the end of the integration interval.",5.424,rho_high
HS 578T,hamming+zero,2,1390,747973,9.999999747378752e-06,3.000000106112566e-07,-74.66000366210938,,NSC1390,vorinostat,other,hdac_inhibitor,,,241279087.64641,248980258.17102712,1.031918101977835,0.0436553579045584,4.4,0.9563446420954416,0.1315422359450383,9.6,0.0008062191151556,1.3800966004832178,0.6347216136248504,0.1974167127807553,,0.0416242258018509,1.6836766504637912,2.144584092956977,0.7777874481322268,0.9135056271370228,5.25,0.2099342535129908,0.0731543947229665,163.52201257861637,0.4647546002912271,0.3008980846426111,0.6474343329879051,400.0,20.643580204271405,13.620359388332483,0.6597866868807122,400.0,0.0395114513065452,5.082073792861408e-05,-0.0394606305686165,0.1588746166946145,1.0,"2,True,The solver successfully reached the end of the integration interval.",1.667,rho_high
HS 578T,ours+zero,2,1390,747973,9.999999747378752e-06,3.000000106112566e-07,-74.66000366210938,,NSC1390,vorinostat,other,hdac_inhibitor,,,241279087.64641,248980258.17102712,1.031918101977835,0.0436553579045584,4.4,0.9563446420954416,0.1315422359450383,9.6,0.0008062191151556,1.3800966004832178,0.6347216136248504,0.1974167127807553,,0.0416242258018509,1.6836766504637912,2.144584092956977,0.7777874481322268,0.9135056271370228,5.25,0.2099342535129908,0.0731543947229665,163.52201257861637,0.4647546002912271,0.3008980846426111,0.6474343329879051,400.0,20.643580204271405,13.620359388332483,0.6597866868807122,400.0,0.0395114513065452,5.082073792861408e-05,-0.0394606305686165,0.1588746166946145,1.0,"2,True,The solver successfully reached the end of the integration interval.",1.658,rho_high
HS 578T,linear_curve,2,1390,681239,9.999999974752427e-07,3.000000106112566e-07,-95.26000213623048,,NSC1390,bortezomib,other,proteasome,,,241279087.64641,249499736.67106068,1.0340711211437348,0.4918447380862719,4.4,0.5081552619137282,0.0216354120057111,3.8000000000000007,-9.895954813229126e-05,0.3283061240509284,0.8759601629885421,0.0575156442744466,,0.0325308897091875,0.0722015913905997,7.612461656334508,0.0384635893126193,0.3692979487789293,5.25,0.2099342535129908,0.0731543947229665,163.52201257861637,0.0464754610858523,0.0277442210934799,0.5969649454844379,400.0,2.6960701894000954,1.4695935926889845,0.545087289814211,400.0,-0.0109815339779968,5.085636112234226e-07,0.010982042541608,0.1608858372632254,1.0,"2,True,The solver successfully reached the end of the integration interval.",2.563,rho_high
HS 578T,random,2,1390,747973,9.999999747378752e-06,3.000000106112566e-07,-74.66000366210938,,NSC1390,vorinostat,other,hdac_inhibitor,,,241279087.64641,248980258.17102712,1.031918101977835,0.0436553579045584,4.4,0.9563446420954416,0.1315422359450383,9.6,0.0008062191151556,1.3800966004832178,0.6347216136248504,0.1974167127807553,,0.0416242258018509,1.6836766504637912,2.144584092956977,0.7777874481322268,0.9135056271370228,5.25,0.2099342535129908,0.0731543947229665,163.52201257861637,0.4647546002912271,0.3008980846426111,0.6474343329879051,400.0,20.643580204271405,13.620359388332483,0.6597866868807122,400.0,0.0395114513065452,5.082073792861408e-05,-0.0394606305686165,0.1588746166946145,1.0,"2,True,The solver successfully reached the end of the integration interval.",1.647,rho_high
HS 578T,tanimoto+zero,2,1390,747973,9.999999747378752e-06,3.000000106112566e-07,-74.66000366210938,,NSC1390,vorinostat,other,hdac_inhibitor,,,241279087.64641,248980258.17102712,1.031918101977835,0.0436553579045584,4.4,0.9563446420954416,0.1315422359450383,9.6,0.0008062191151556,1.3800966004832178,0.6347216136248504,0.1974167127807553,,0.0416242258018509,1.6836766504637912,2.144584092956977,0.7777874481322268,0.9135056271370228,5.25,0.2099342535129908,0.0731543947229665,163.52201257861637,0.4647546002912271,0.3008980846426111,0.6474343329879051,400.0,20.643580204271405,13.620359388332483,0.6597866868807122,400.0,0.0395114513065452,5.082073792861408e-05,-0.0394606305686165,0.1588746166946145,1.0,"2,True,The solver successfully reached the end of the integration interval.",1.66,rho_high
HT29,act_hamming+zero,3,92859,673596,6.000000212225132e-06,9.999999717180683e-10,1.919999957084656,,dromostanolone,NSC673596,hormonal,other,,,241279087.64641,249500361.5150145,1.0340737108582432,0.6432979600463186,4.4,0.3567020399536814,0.0171257517087748,4.0,-0.0001000471883238,0.2117219793612675,0.9003338271676063,0.045596432321059,,0.0297244947469643,0.0580676416531237,7.627529628801834,0.0713080236747611,0.3005406495085019,5.25,0.2099342535129908,0.0731543947229665,163.52201257861637,35.89050091294007,23.72135140186943,0.6609367603815433,400.0,0.0534579804274952,0.0316441603559426,0.5919445535145396,400.0,-0.0109092977933449,5.458281676640198e-07,0.0109098436215125,0.1608882578418294,1.0,"2,True,The solver successfully reached the end of the integration interval.",1.841,rho_high
HT29,hamming+zero,3,92859,673596,6.000000212225132e-06,9.999999717180683e-10,1.919999957084656,,dromostanolone,NSC673596,hormonal,other,,,241279087.64641,249500361.5150145,1.0340737108582432,0.6432979600463186,4.4,0.3567020399536814,0.0171257517087748,4.0,-0.0001000471883238,0.2117219793612675,0.9003338271676063,0.045596432321059,,0.0297244947469643,0.0580676416531237,7.627529628801834,0.0713080236747611,0.3005406495085019,5.25,0.2099342535129908,0.0731543947229665,163.52201257861637,35.89050091294007,23.72135140186943,0.6609367603815433,400.0,0.0534579804274952,0.0316441603559426,0.5919445535145396,400.0,-0.0109092977933449,5.458281676640198e-07,0.0109098436215125,0.1608882578418294,1.0,"2,True,The solver successfully reached the end of the integration interval.",1.84,rho_high
HT29,ours+zero,3,409962,754143,1.9999999949504854e-06,9.99999993922529e-09,-72.94999694824219,,carmustine,bendamustine,alkylator,alkylator,,,241279087.64641,249446947.87634903,1.0338523338662025,0.0753911166410031,4.4,0.9246088833589968,0.0960699130368683,7.200000000000001,-7.062425473074688e-06,1.1428139777493669,0.6973284645894924,0.1565626067557339,,0.0428983448314407,1.3624421524270365,2.4607565442510526,0.6063764901326909,0.8500979713042494,5.25,0.2099342535129908,0.0731543947229665,163.52201257861637,0.0637659195481261,0.0421075703288105,0.6603460065690833,400.0,13.68780180499778,9.112333261031628,0.6657265637572625,400.0,-0.0132291827533221,1.4620746596305524e-05,0.0132438034999184,0.1607030745510006,1.0,"2,True,The solver successfully reached the end of the integration interval.",1.941,rho_high
HT29,random,3,409962,754143,1.9999999949504854e-06,9.99999993922529e-09,-72.94999694824219,,carmustine,bendamustine,alkylator,alkylator,,,241279087.64641,249446947.87634903,1.0338523338662025,0.0753911166410031,4.4,0.9246088833589968,0.0960699130368683,7.200000000000001,-7.062425473074688e-06,1.1428139777493669,0.6973284645894924,0.1565626067557339,,0.0428983448314407,1.3624421524270365,2.4607565442510526,0.6063764901326909,0.8500979713042494,5.25,0.2099342535129908,0.0731543947229665,163.52201257861637,0.0637659195481261,0.0421075703288105,0.6603460065690833,400.0,13.68780180499778,9.112333261031628,0.6657265637572625,400.0,-0.0132291827533221,1.4620746596305524e-05,0.0132438034999184,0.1607030745510006,1.0,"2,True,The solver successfully reached the end of the integration interval.",1.893,rho_high
HT29,linear_curve,3,681239,686673,3.000000106112566e-07,2.0000000233721948e-07,-61.86000061035156,,bortezomib,NSC686673,proteasome,other,,,241279087.64641,249271071.56123975,1.0331234007588002,0.0229720247411657,4.6000000000000005,0.9770279752588342,0.196316562661711,9.8,0.0002992514165735,1.6586780849714426,0.5780888224448644,0.2380054277835882,,0.0403507581098255,1.5313346527188825,2.313621255394133,0.8354956716420835,0.970926657391692,5.25,0.2099342535129908,0.0731543947229665,163.52201257861637,19.3674899915252,12.516630163627582,0.6462701242703413,400.0,0.0031882667853898,0.0020473405453672,0.6421484408861572,400.0,-0.0202435562149045,8.126016927290092e-05,0.0203248163841774,0.1601251971379836,1.0,"2,True,The solver successfully reached the end of the integration interval.",4.879,rho_high
HT29,tanimoto+zero,3,92859,673596,6.000000212225132e-06,9.999999717180683e-10,1.919999957084656,,dromostanolone,NSC673596,hormonal,other,,,241279087.64641,249500361.5150145,1.0340737108582432,0.6432979600463186,4.4,0.3567020399536814,0.0171257517087748,4.0,-0.0001000471883238,0.2117219793612675,0.9003338271676063,0.045596432321059,,0.0297244947469643,0.0580676416531237,7.627529628801834,0.0713080236747611,0.3005406495085019,5.25,0.2099342535129908,0.0731543947229665,163.52201257861637,35.89050091294007,23.72135140186943,0.6609367603815433,400.0,0.0534579804274952,0.0316441603559426,0.5919445535145396,400.0,-0.0109092977933449,5.458281676640198e-07,0.0109098436215125,0.1608882578418294,1.0,"2,True,The solver successfully reached the end of the integration interval.",1.836,rho_high
KM12,act_hamming+zero,5,26271,747973,9.999999747378752e-06,3.000000106112566e-07,0.8999999761581421,,cyclophosphamide,vorinostat,alkylator,hdac_inhibitor,,,241279087.64641,249007443.158415,1.03203077227866,0.0449044494149206,4.4,0.9550955505850792,0.1298307391874855,9.4,0.0007588031247873,1.3678447778175375,0.637401162705077,0.195587148650271,,0.0416817867072897,1.664897128257677,2.1607288825360222,0.7727720186247874,0.9110494013747692,5.25,0.2099342535129908,0.0731543947229665,163.52201257861637,17.97405850448311,11.976187909172875,0.6663040462556501,400.0,20.111380442073887,13.267628733940873,0.6597075109863871,400.0,0.0362663123127768,4.886089600208976e-05,-0.0362174514167747,0.1589815451194161,1.0,"2,True,The solver successfully reached the end of the integration interval.",4.81,rho_high
KM12,hamming+zero,5,26271,747973,9.999999747378752e-06,3.000000106112566e-07,0.8999999761581421,,cyclophosphamide,vorinostat,alkylator,hdac_inhibitor,,,241279087.64641,249007443.158415,1.03203077227866,0.0449044494149206,4.4,0.9550955505850792,0.1298307391874855,9.4,0.0007588031247873,1.3678447778175375,0.637401162705077,0.195587148650271,,0.0416817867072897,1.664897128257677,2.1607288825360222,0.7727720186247874,0.9110494013747692,5.25,0.2099342535129908,0.0731543947229665,163.52201257861637,17.97405850448311,11.976187909172875,0.6663040462556501,400.0,20.111380442073887,13.267628733940873,0.6597075109863871,400.0,0.0362663123127768,4.886089600208976e-05,-0.0362174514167747,0.1589815451194161,1.0,"2,True,The solver successfully reached the end of the integration interval.",4.75,rho_high
KM12,linear_curve,5,673596,754143,1.000000013351432e-10,9.99999993922529e-09,-83.88999938964844,,NSC673596,bendamustine,other,alkylator,,,241279087.64641,249527149.20932913,1.0341847345469346,0.1623618756002678,4.4,0.8376381243997322,0.059700309753217,5.4,-0.0001466728656058,0.8096500939452494,0.7661269627832176,0.1156992529952538,,0.0437340976382995,0.778032429620678,3.5029902617886295,0.2525122233903202,0.7191027338021369,5.25,0.2099342535129908,0.0731543947229665,163.52201257861637,0.0002781882476896,0.0001755535017654,0.631060094103328,400.0,6.952046883678343,4.607901960034129,0.6628122676865605,400.0,-0.0182039584448923,3.290266147426557e-06,0.0182072487110397,0.1610050365460237,1.0,"2,True,The solver successfully reached the end of the integration interval.",1.841,rho_high
KM12,ours+zero,5,702294,754143,9.999999747378752e-05,9.99999993922529e-09,-69.5,,NSC702294,bendamustine,other,alkylator,,,241279087.64641,249548194.8081489,1.0342719596729288,0.0689276634078342,4.4,0.9310723365921656,0.107233135982206,6.800000000000001,-0.0001833005513881,1.1817405970670614,0.691773979432023,0.1600357776810349,,0.0428364184881306,1.2900055715395562,2.55470130879128,0.6263991356898915,0.882651604387513,5.25,0.2099342535129908,0.0731543947229665,163.52201257861637,0.019,0.0121523409337293,0.6395968912489126,400.0,6.952046883678343,4.616972789078424,0.6641170386692751,400.0,-0.0259400983742101,1.008563182736122e-05,0.0259501840060375,0.1611060346943027,1.0,"2,True,The solver successfully reached the end of the integration interval.",1.809,rho_high
KM12,random,5,762,713563,1.9999999949504854e-06,9.999999747378752e-05,0.1879999935626983,,mechlorethamine,arsenic trioxide,alkylator,other,,,241279087.64641,249476177.13541496,1.033973476810463,0.6573994677961786,4.4,0.3426005322038213,0.0104513230235832,2.8,-5.794844498427046e-05,0.2023048054196803,0.9219778319633108,0.0352795209981593,,0.025363881511495,0.0415283331369281,7.370809125748703,0.0401719247681968,0.1811388888223301,5.25,0.2099342535129908,0.0731543947229665,163.52201257861637,0.087332094363511,0.0557013549196952,0.6378108223059895,400.0,2.4168985384296877,1.4583534612777358,0.6033987104089442,400.0,-0.0053997542459898,-5.234072939508394e-07,0.0053992308386958,0.1607862546785211,1.0,"2,True,The solver successfully reached the end of the integration interval.",2.276,rho_high
M14,act_hamming+zero,4,25154,119875,3.000000106112566e-07,1.9999999494757503e-05,26.59000015258789,,NSC25154,cisplatin,other,platinum,,,241279087.64641,249450106.57028544,1.0338654253196196,0.8209830753080174,4.4,0.1790169246919826,0.0050098103833083,2.2,-1.2561769814330044e-05,0.1057999494139255,0.9557915397213111,0.0196368179966554,,0.0175492904741686,0.0221635399382218,5.878076957232986,0.1479289658799578,0.0716471240866192,5.25,0.2099342535129908,0.0731543947229665,163.52201257861637,0.0005794359032895,0.0003371822196862,0.5819146134577257,400.0,4.054053261967809,2.64956529490727,0.6535595671037607,400.0,-0.001434673152082,2.0509260922896289e-07,0.0014348782446912,0.160681080731889,1.0,"2,True,The solver successfully reached the end of the integration interval.",2.234,rho_high
KM12,tanimoto+zero,5,26271,747973,9.999999747378752e-06,3.000000106112566e-07,0.8999999761581421,,cyclophosphamide,vorinostat,alkylator,hdac_inhibitor,,,241279087.64641,249007443.158415,1.03203077227866,0.0449044494149206,4.4,0.9550955505850792,0.1298307391874855,9.4,0.0007588031247873,1.3678447778175375,0.637401162705077,0.195587148650271,,0.0416817867072897,1.664897128257677,2.1607288825360222,0.7727720186247874,0.9110494013747692,5.25,0.2099342535129908,0.0731543947229665,163.52201257861637,17.97405850448311,11.976187909172875,0.6663040462556501,400.0,20.111380442073887,13.267628733940873,0.6597075109863871,400.0,0.0362663123127768,4.886089600208976e-05,-0.0362174514167747,0.1589815451194161,1.0,"2,True,The solver successfully reached the end of the integration interval.",4.828,rho_high
M14,hamming+zero,4,25154,119875,3.000000106112566e-07,1.9999999494757503e-05,26.59000015258789,,NSC25154,cisplatin,other,platinum,,,241279087.64641,249450106.57028544,1.0338654253196196,0.8209830753080174,4.4,0.1790169246919826,0.0050098103833083,2.2,-1.2561769814330044e-05,0.1057999494139255,0.9557915397213111,0.0196368179966554,,0.0175492904741686,0.0221635399382218,5.878076957232986,0.1479289658799578,0.0716471240866192,5.25,0.2099342535129908,0.0731543947229665,163.52201257861637,0.0005794359032895,0.0003371822196862,0.5819146134577257,400.0,4.054053261967809,2.64956529490727,0.6535595671037607,400.0,-0.001434673152082,2.0509260922896289e-07,0.0014348782446912,0.160681080731889,1.0,"2,True,The solver successfully reached the end of the integration interval.",2.218,rho_high
M14,linear_curve,4,609699,681239,1.0000000116860974e-07,3.000000106112566e-07,-96.5999984741211,,topotecan,bortezomib,topo1,proteasome,,,241279087.64641,249574040.596621,1.034379079559382,0.0317033406019981,4.6000000000000005,0.968296659398002,0.155194779628537,7.8,-0.0002282782443366,1.5187723337954429,0.6369635588436765,0.1958854132624689,,0.0418418755054979,1.3920146415113346,2.4441843888594397,0.7516099255898258,0.953005846912314,5.25,0.2099342535129908,0.0731543947229665,163.52201257861637,3.591378767115229,2.283840661369666,0.6359230839926578,400.0,3.4357492135598684,2.1443043782777105,0.6241155116371085,400.0,-0.0362461671050715,2.2014438251560797e-05,0.0362681815433231,0.1612365465518637,1.0,"2,True,The solver successfully reached the end of the integration interval.",3.133,rho_high
M14,random,4,125973,246131,3.000000106112566e-07,1.9999999494757503e-05,-2.259999990463257,,paclitaxel,mitoxantrone,antimitotic,dna_intercalator,,,241279087.64641,249517413.6791171,1.0341443848825398,0.5434090471571866,4.4,0.4565909528428133,0.0191105314750397,3.5999999999999996,-0.0001297281381628,0.2850072889154043,0.8917694317412295,0.0497474185681957,,0.030757093660946,0.0626416441420911,7.615837855413835,0.049465632442412,0.34119511594566,5.25,0.2099342535129908,0.0731543947229665,163.52201257861637,12.074200839692525,5.396229815273885,0.4469223170062246,400.0,2.6714752421683974,0.7430772627505279,0.2781524047167972,186.36124501308387,-0.0135706627226721,-2.6479570380821826e-07,0.0135703979269683,0.1609565843116784,1.0,"2,True,The solver successfully reached the end of the integration interval.",1.524,rho_high
M14,ours+zero,4,719344,761432,3.000000026176508e-09,5.000000058430487e-08,-45.69100189208984,,anastrozole,NSC761432,hormonal,other,,,241279087.64641,249570106.1148738,1.0343627727928668,0.1689619791276048,4.800000000000001,0.8310380208723951,0.0690058595996749,5.800000000000001,-0.000221431630094,0.791835069379181,0.7441310997178191,0.1283505444698457,,0.0433102146840519,0.7542270454870988,3.5826601145529113,0.4404205496533182,0.808985248321785,5.25,0.2099342535129908,0.0731543947229665,163.52201257861637,10.760851184062176,7.10600908771364,0.6603575280585892,400.0,157.80868524018254,103.99291717329004,0.6589809490841034,400.0,-0.0264149128472253,5.156167045994309e-06,0.0264200690142712,0.1611849031977543,1.0,"2,True,The solver successfully reached the end of the integration interval.",4.772,rho_high
M14,tanimoto+zero,4,1390,753082,0.0001999999949475,4.999999873689376e-06,-4.0920000076293945,,NSC1390,pazopanib,other,kinase_inhibitor,,,241279087.64641,248912228.66977403,1.031636148403173,0.0370850565711477,4.4,0.9629149434288524,0.139676585916057,9.8,0.0009248987014742,1.4509352077384254,0.625524358845531,0.2037557735705328,,0.0414469785215003,1.7568811777556632,2.083535455149863,0.791331423789343,0.9252111180389242,5.25,0.2099342535129908,0.0731543947229665,163.52201257861637,10.206807147819664,6.6910129491985195,0.6555441728540767,400.0,18.03917270732172,11.853261991507216,0.6570845672260917,400.0,0.0481595426275813,5.557811497924891e-05,-0.0481039645126021,0.1586062665533596,1.0,"2,True,The solver successfully reached the end of the integration interval.",4.313,rho_high
MDA-MB-435,pool_optimum,-1,24559,701852,9.999999974752427e-07,9.999999974752427e-07,-93.4499969482422,,NSC24559,irinotecan,other,topo1,,,241279087.64641,249478083.02568108,1.033981375921342,0.6939069605582089,4.4,0.3060930394417911,0.0087836183765832,2.5999999999999996,-6.126625461847376e-05,0.1788329096723228,0.9311890995415524,0.0309621164964439,,0.0235552560196578,0.0361586542565057,7.177010103397413,0.0534726836622748,0.1503843277702641,5.25,0.2099342535129908,0.0731543947229665,163.52201257861637,2.539011248752824,1.5268360379941552,0.6013506394444472,400.0,0.7738704833525072,0.4214115254707128,0.5445504571321852,400.0,-0.0055378276720063,-7.332487796940512e-07,0.0055370944232266,0.1607935469702666,1.0,"2,True,The solver successfully reached the end of the integration interval.",4.075,rho_high
MOLT-4,act_hamming+zero,3,63878,105014,9.99999993922529e-09,1.0000000116860974e-07,-99.70999908447266,,cytarabine,cladribine,antimetabolite,antimetabolite,,,241279087.64641,249552043.9360333,1.0342879126837017,0.2402017848886868,4.4,0.7597982151113132,0.0405008224938403,4.4,-0.000189999225805,0.6395579233489461,0.8118762787740719,0.0905101475316752,,0.0389709118683909,0.1335382415560247,7.139171155031071,0.0598506335230752,0.5789061837859797,5.25,0.2099342535129908,0.0731543947229665,163.52201257861637,2.0400557742805585,1.341606036048435,0.6576320377914975,400.0,3.277220739628644,2.15974452713104,0.6590171058711688,400.0,-0.0194429818840127,-4.526156036632756e-07,0.019442529268409,0.1610980706670252,1.0,"2,True,The solver successfully reached the end of the integration interval.",2.333,rho_high
MOLT-4,hamming+zero,3,63878,105014,9.99999993922529e-09,1.0000000116860974e-07,-99.70999908447266,,cytarabine,cladribine,antimetabolite,antimetabolite,,,241279087.64641,249552043.9360333,1.0342879126837017,0.2402017848886868,4.4,0.7597982151113132,0.0405008224938403,4.4,-0.000189999225805,0.6395579233489461,0.8118762787740719,0.0905101475316752,,0.0389709118683909,0.1335382415560247,7.139171155031071,0.0598506335230752,0.5789061837859797,5.25,0.2099342535129908,0.0731543947229665,163.52201257861637,2.0400557742805585,1.341606036048435,0.6576320377914975,400.0,3.277220739628644,2.15974452713104,0.6590171058711688,400.0,-0.0194429818840127,-4.526156036632756e-07,0.019442529268409,0.1610980706670252,1.0,"2,True,The solver successfully reached the end of the integration interval.",2.181,rho_high
MOLT-4,ours+zero,3,63878,105014,9.99999993922529e-09,1.0000000116860974e-07,-99.70999908447266,,cytarabine,cladribine,antimetabolite,antimetabolite,,,241279087.64641,249552043.9360333,1.0342879126837017,0.2402017848886868,4.4,0.7597982151113132,0.0405008224938403,4.4,-0.000189999225805,0.6395579233489461,0.8118762787740719,0.0905101475316752,,0.0389709118683909,0.1335382415560247,7.139171155031071,0.0598506335230752,0.5789061837859797,5.25,0.2099342535129908,0.0731543947229665,163.52201257861637,2.0400557742805585,1.341606036048435,0.6576320377914975,400.0,3.277220739628644,2.15974452713104,0.6590171058711688,400.0,-0.0194429818840127,-4.526156036632756e-07,0.019442529268409,0.1610980706670252,1.0,"2,True,The solver successfully reached the end of the integration interval.",2.097,rho_high
MOLT-4,linear_curve,3,6396,63878,9.999999974752427e-07,1.0000000116860974e-07,-99.87999725341795,,thiotepa,cytarabine,alkylator,antimetabolite,,,241279087.64641,247914034.21582583,1.0274990536234918,0.0017244326968652,4.4,0.9982755673031348,0.3505466899644127,12.6,0.002670019516987,2.783487904686697,0.4715893616587311,0.326436000491752,,0.037532397581823,3.4278561842638005,1.3027358183509927,0.8501701468956936,0.9967871976195692,5.25,0.2099342535129908,0.0699034531552081,163.52201257861637,7.564270332450244,5.039747934682118,0.6662569835800177,400.0,20.40055810519228,13.592409147160344,0.6662763379841481,400.0,0.1254570921561321,0.0002421945254273,-0.1252148976307047,0.1548925543933294,1.0,"2,True,The solver successfully reached the end of the integration interval.",4.57,rho_high
MOLT-4,random,3,63878,105014,9.99999993922529e-09,1.0000000116860974e-07,-99.70999908447266,,cytarabine,cladribine,antimetabolite,antimetabolite,,,241279087.64641,249552043.9360333,1.0342879126837017,0.2402017848886868,4.4,0.7597982151113132,0.0405008224938403,4.4,-0.000189999225805,0.6395579233489461,0.8118762787740719,0.0905101475316752,,0.0389709118683909,0.1335382415560247,7.139171155031071,0.0598506335230752,0.5789061837859797,5.25,0.2099342535129908,0.0731543947229665,163.52201257861637,2.0400557742805585,1.341606036048435,0.6576320377914975,400.0,3.277220739628644,2.15974452713104,0.6590171058711688,400.0,-0.0194429818840127,-4.526156036632756e-07,0.019442529268409,0.1610980706670252,1.0,"2,True,The solver successfully reached the end of the integration interval.",2.122,rho_high
MOLT-4,tanimoto+zero,3,63878,105014,9.99999993922529e-09,1.0000000116860974e-07,-99.70999908447266,,cytarabine,cladribine,antimetabolite,antimetabolite,,,241279087.64641,249552043.9360333,1.0342879126837017,0.2402017848886868,4.4,0.7597982151113132,0.0405008224938403,4.4,-0.000189999225805,0.6395579233489461,0.8118762787740719,0.0905101475316752,,0.0389709118683909,0.1335382415560247,7.139171155031071,0.0598506335230752,0.5789061837859797,5.25,0.2099342535129908,0.0731543947229665,163.52201257861637,2.0400557742805585,1.341606036048435,0.6576320377914975,400.0,3.277220739628644,2.15974452713104,0.6590171058711688,400.0,-0.0194429818840127,-4.526156036632756e-07,0.019442529268409,0.1610980706670252,1.0,"2,True,The solver successfully reached the end of the integration interval.",2.19,rho_high
NCI-H322M,act_hamming+zero,5,740,6396,1.0000000116860974e-07,9.999999974752427e-07,-56.81999969482422,,NSC740,thiotepa,other,alkylator,,,241279087.64641,249452018.79347917,1.033873350677811,0.9176034401483772,4.4,0.0823965598516228,0.0022863887735532,1.4000000000000004,-1.5890951788072736e-05,0.057479120486914,0.9758316495886804,0.010625100326219,,0.0072191117161499,0.0058882649848059,0.0,0.3501902993888204,0.0177015653467466,5.25,0.2099342535129908,0.0731543947229665,163.52201257861637,3.870470152891944,2.3473506612760935,0.606476879694369,400.0,0.053622390134832,0.0340362836753463,0.634740144737357,400.0,-0.0015102597496461,-8.979873289405306e-08,0.0015101699509132,0.1606881889144489,1.0,"2,True,The solver successfully reached the end of the integration interval.",3.17,rho_high
NCI-H322M,hamming+zero,5,740,6396,1.0000000116860974e-07,9.999999974752427e-07,-56.81999969482422,,NSC740,thiotepa,other,alkylator,,,241279087.64641,249452018.79347917,1.033873350677811,0.9176034401483772,4.4,0.0823965598516228,0.0022863887735532,1.4000000000000004,-1.5890951788072736e-05,0.057479120486914,0.9758316495886804,0.010625100326219,,0.0072191117161499,0.0058882649848059,0.0,0.3501902993888204,0.0177015653467466,5.25,0.2099342535129908,0.0731543947229665,163.52201257861637,3.870470152891944,2.3473506612760935,0.606476879694369,400.0,0.053622390134832,0.0340362836753463,0.634740144737357,400.0,-0.0015102597496461,-8.979873289405306e-08,0.0015101699509132,0.1606881889144489,1.0,"2,True,The solver successfully reached the end of the integration interval.",3.088,rho_high
NCI-H322M,ours+zero,5,14229,24559,3.000000106112566e-06,9.999999974752427e-07,-61.189998626708984,,NSC14229,NSC24559,other,other,,,241279087.64641,249488169.85808352,1.034023181585069,0.5926114202813926,4.4,0.4073885797186074,0.0144283350876653,3.4000000000000004,-7.882518020730924e-05,0.247364137015785,0.9037832600977166,0.0439357069465263,,0.0285450054393198,0.0528311964294775,7.5651094987868674,0.0308275275034634,0.2528267711866967,5.25,0.2099342535129908,0.0731543947229665,163.52201257861637,0.025737532844235,0.0150671000067919,0.5854135319798851,400.0,2.4496629563880408,1.484825942901011,0.606134790514343,400.0,-0.0077038687971826,-2.632124143087111e-07,0.0077036055847683,0.1608359361751987,1.0,"2,True,The solver successfully reached the end of the integration interval.",3.582,rho_high
NCI-H322M,random,5,32065,760766,9.999999747378752e-05,1.9999999949504854e-06,14.109999656677246,,hydroxyurea,NSC760766,antimetabolite,other,,,241279087.64641,249473115.02562,1.0339607856575543,0.6836619599066138,4.4,0.3163380400933862,0.0114095715448088,3.2,-5.261781356408515e-05,0.1852927378763979,0.9209877327777268,0.0357461544094726,,0.0259510680088403,0.0435272834872071,7.443688167236392,0.0578498032982838,0.202267599568943,5.25,0.2099342535129908,0.0731543947229665,163.52201257861637,1.7752751727968317,1.1601910412710177,0.6535274412941917,400.0,0.6866976526575895,0.4093373271165598,0.596095422100808,400.0,-0.0058758252105741,3.497096634497155e-07,0.0058761749202376,0.1607760340139978,1.0,"2,True,The solver successfully reached the end of the integration interval.",2.067,rho_high
NCI-H322M,linear_curve,5,713563,715055,9.999999974752427e-07,9.999999747378752e-06,-33.05699920654297,,arsenic trioxide,gefitinib,other,kinase_inhibitor,,,241279087.64641,248337457.83481476,1.029253965842032,0.0060260266411766,4.6000000000000005,0.9939739733588234,0.270471135214954,11.8,0.0019289009962136,2.2398463129559407,0.5122223373638333,0.2905414864253282,,0.038620787754454,2.2067034027044707,1.8017283876849244,0.8623040699483404,0.9914626115605446,5.25,0.2099342535129908,0.0699034531552081,163.52201257861637,0.0225956572702513,0.0146590386728056,0.6487546919958466,400.0,63.097079365186474,41.61049082339453,0.6594677795237687,400.0,0.0686152680875262,0.000187872389912,-0.0684273956976142,0.1565349425516093,1.0,"2,True,The solver successfully reached the end of the integration interval.",8.523,rho_high
NCI-H322M,tanimoto+zero,5,740,6396,1.0000000116860974e-07,9.999999974752427e-07,-56.81999969482422,,NSC740,thiotepa,other,alkylator,,,241279087.64641,249452018.79347917,1.033873350677811,0.9176034401483772,4.4,0.0823965598516228,0.0022863887735532,1.4000000000000004,-1.5890951788072736e-05,0.057479120486914,0.9758316495886804,0.010625100326219,,0.0072191117161499,0.0058882649848059,0.0,0.3501902993888204,0.0177015653467466,5.25,0.2099342535129908,0.0731543947229665,163.52201257861637,3.870470152891944,2.3473506612760935,0.606476879694369,400.0,0.053622390134832,0.0340362836753463,0.634740144737357,400.0,-0.0015102597496461,-8.979873289405306e-08,0.0015101699509132,0.1606881889144489,1.0,"2,True,The solver successfully reached the end of the integration interval.",3.096,rho_high
RPMI-8226,act_hamming+zero,0,740,19893,2.999999892949745e-08,9.999999747378752e-05,-71.53700256347656,,NSC740,fluorouracil,other,antimetabolite,,,241279087.64641,249592763.4996048,1.0344566780912994,0.1618489016875039,4.6000000000000005,0.838151098312496,0.073998631197726,5.8,-0.0002608575480409,0.8107676037110181,0.7443295005192092,0.1282347679773467,,0.0433329526780762,0.7501954055830539,3.593343963440022,0.4366499495876448,0.8060169562401285,5.25,0.2099342535129908,0.0731543947229665,163.52201257861637,1.0369404637895894,0.6513758919565175,0.628170965164198,400.0,3.0802637990557153,2.0352580228598804,0.660741467495027,400.0,-0.0290684456025822,5.286948872140762e-06,0.0290737325514544,0.1612761872572537,1.0,"2,True,The solver successfully reached the end of the integration interval.",7.647,rho_high
RPMI-8226,hamming+zero,0,740,19893,2.999999892949745e-08,9.999999747378752e-05,-71.53700256347656,,NSC740,fluorouracil,other,antimetabolite,,,241279087.64641,249592763.4996048,1.0344566780912994,0.1618489016875039,4.6000000000000005,0.838151098312496,0.073998631197726,5.8,-0.0002608575480409,0.8107676037110181,0.7443295005192092,0.1282347679773467,,0.0433329526780762,0.7501954055830539,3.593343963440022,0.4366499495876448,0.8060169562401285,5.25,0.2099342535129908,0.0731543947229665,163.52201257861637,1.0369404637895894,0.6513758919565175,0.628170965164198,400.0,3.0802637990557153,2.0352580228598804,0.660741467495027,400.0,-0.0290684456025822,5.286948872140762e-06,0.0290737325514544,0.1612761872572537,1.0,"2,True,The solver successfully reached the end of the integration interval.",7.584,rho_high
RPMI-8226,ours+zero,0,19893,749226,9.999999747378752e-05,4.999999873689376e-06,-76.33100128173828,,fluorouracil,NSC749226,antimetabolite,other,,,241279087.64641,249620323.40220875,1.0345709022574832,0.0532234200153873,4.6000000000000005,0.9467765799846126,0.1340679629510799,7.2,-0.0003088094705722,1.293774582438228,0.6624667711799177,0.1788359007196406,,0.0422912933101124,1.2352679197634953,2.641335052910638,0.7062796674879103,0.933618377878666,5.25,0.2099342535129908,0.0731543947229665,163.52201257861637,3.0802637990557153,2.041273328368092,0.6626943215038479,400.0,0.6684768977034642,0.426764813864123,0.6384137063378899,400.0,-0.0388808963506093,2.3673997635031977e-05,0.0389045703482443,0.1614152864445064,1.0,"2,True,The solver successfully reached the end of the integration interval.",2.041,rho_high
RPMI-8226,linear_curve,0,127716,681239,3.000000106112566e-07,3.000000106112566e-07,-98.0500030517578,,decitabine,bortezomib,antimetabolite,proteasome,,,241279087.64641,249568495.4334944,1.0343560971982468,0.0279768935672063,4.4,0.9720231064327935,0.1574952564745379,7.800000000000001,-0.0002186287611794,1.5733346629191929,0.6402423347261067,0.1936556124004653,,0.0419903471764192,1.5410361760932625,2.2758750375155565,0.7419877514796149,0.9508265809193104,5.25,0.2099342535129908,0.0731543947229665,163.52201257861637,6.647919983820463,4.41681483275759,0.6643904925912345,400.0,2.659365748651904,1.66588166016386,0.6264206647800645,400.0,-0.0351298192107396,2.037628238327205e-05,0.0351501954931229,0.1612111708502168,1.0,"2,True,The solver successfully reached the end of the integration interval.",4.058,rho_high
RPMI-8226,random,0,14229,246131,2.999999892949745e-08,1.9999999494757503e-05,-94.70999908447266,,NSC14229,mitoxantrone,other,dna_intercalator,,,241279087.64641,248667656.7235386,1.0306225008938876,0.0293564486601536,4.4,0.9706435513398464,0.1632029739746912,10.8,0.0013518301685619,1.5524306370953451,0.608479704380345,0.2157539029271286,,0.0406273161758979,1.1539311462751822,2.8014444103165745,0.8278039404131501,0.9485749664838028,5.25,0.2099342535129908,0.0731543947229665,163.52201257861637,0.0074007132575906,0.0046567937167325,0.6292357985841766,400.0,14.265289286311544,8.40625783065994,0.5892805720194039,400.0,0.059230184283749,9.47887331590458e-05,-0.05913539555059,0.1576964499401957,1.0,"2,True,The solver successfully reached the end of the integration interval.",1.375,rho_high
RPMI-8226,tanimoto+zero,0,3053,19893,1.000000013351432e-10,9.999999747378752e-05,-76.15699768066406,,dactinomycin,fluorouracil,dna_intercalator,antimetabolite,,,241279087.64641,249589749.4452875,1.0344441861080669,0.1729436955180249,4.6000000000000005,0.8270563044819751,0.0711856897953771,5.8,-0.0002556130247484,0.7819726254348278,0.7490286446674976,0.1255015735112744,,0.0433641192735975,0.7121769822333454,3.704224814741984,0.4121020529629716,0.794029883172168,5.25,0.2099342535129908,0.0731543947229665,163.52201257861637,0.002326114730968,0.0009835140437531,0.4228140730375055,400.0,3.0802637990557153,2.0351102457167007,0.6606934920121398,400.0,-0.0285054602664223,4.188844170749384e-06,0.028509649110593,0.1612618123574256,1.0,"2,True,The solver successfully reached the end of the integration interval.",1.952,rho_high
SF-295,act_hamming+zero,2,740,25154,1.0000000116860974e-07,3.000000106112566e-06,-34.849998474121094,,NSC740,NSC25154,other,other,,,241279087.64641,249507178.63324544,1.0341019649365284,0.4041243601031531,4.4,0.5958756398968469,0.0316188119928285,4.800000000000001,-0.0001119132889021,0.4136191236268461,0.841327336384836,0.0750349997706911,,0.0363995463335927,0.1019922370165818,7.445098014945649,0.0682228017884267,0.4952399522157582,5.25,0.2099342535129908,0.0731543947229665,163.52201257861637,24.98568003893303,16.236917069182343,0.6498489152139048,400.0,0.0043658953188699,0.0026721095047935,0.6120415881810807,400.0,-0.0137872676684387,2.4978713665246843e-06,0.0137897655398052,0.1609207325209699,1.0,"2,True,The solver successfully reached the end of the integration interval.",4.93,rho_high
SF-295,act_hamming+zero,4,740,25154,1.0000000116860974e-07,3.000000106112566e-06,-34.849998474121094,,NSC740,NSC25154,other,other,,,241279087.64641,249507178.63324544,1.0341019649365284,0.4041243601031531,4.4,0.5958756398968469,0.0316188119928285,4.800000000000001,-0.0001119132889021,0.4136191236268461,0.841327336384836,0.0750349997706911,,0.0363995463335927,0.1019922370165818,7.445098014945649,0.0682228017884267,0.4952399522157582,5.25,0.2099342535129908,0.0731543947229665,163.52201257861637,24.98568003893303,16.236917069182343,0.6498489152139048,400.0,0.0043658953188699,0.0026721095047935,0.6120415881810807,400.0,-0.0137872676684387,2.4978713665246843e-06,0.0137897655398052,0.1609207325209699,1.0,"2,True,The solver successfully reached the end of the integration interval.",4.841,rho_high
SF-295,act_hamming+zero,9,740,25154,1.0000000116860974e-07,3.000000106112566e-06,-34.849998474121094,,NSC740,NSC25154,other,other,,,241279087.64641,249507178.63324544,1.0341019649365284,0.4041243601031531,4.4,0.5958756398968469,0.0316188119928285,4.800000000000001,-0.0001119132889021,0.4136191236268461,0.841327336384836,0.0750349997706911,,0.0363995463335927,0.1019922370165818,7.445098014945649,0.0682228017884267,0.4952399522157582,5.25,0.2099342535129908,0.0731543947229665,163.52201257861637,24.98568003893303,16.236917069182343,0.6498489152139048,400.0,0.0043658953188699,0.0026721095047935,0.6120415881810807,400.0,-0.0137872676684387,2.4978713665246843e-06,0.0137897655398052,0.1609207325209699,1.0,"2,True,The solver successfully reached the end of the integration interval.",4.704,rho_high
SF-295,hamming+zero,2,740,25154,1.0000000116860974e-07,3.000000106112566e-06,-34.849998474121094,,NSC740,NSC25154,other,other,,,241279087.64641,249507178.63324544,1.0341019649365284,0.4041243601031531,4.4,0.5958756398968469,0.0316188119928285,4.800000000000001,-0.0001119132889021,0.4136191236268461,0.841327336384836,0.0750349997706911,,0.0363995463335927,0.1019922370165818,7.445098014945649,0.0682228017884267,0.4952399522157582,5.25,0.2099342535129908,0.0731543947229665,163.52201257861637,24.98568003893303,16.236917069182343,0.6498489152139048,400.0,0.0043658953188699,0.0026721095047935,0.6120415881810807,400.0,-0.0137872676684387,2.4978713665246843e-06,0.0137897655398052,0.1609207325209699,1.0,"2,True,The solver successfully reached the end of the integration interval.",4.676,rho_high
SF-295,hamming+zero,4,740,25154,1.0000000116860974e-07,3.000000106112566e-06,-34.849998474121094,,NSC740,NSC25154,other,other,,,241279087.64641,249507178.63324544,1.0341019649365284,0.4041243601031531,4.4,0.5958756398968469,0.0316188119928285,4.800000000000001,-0.0001119132889021,0.4136191236268461,0.841327336384836,0.0750349997706911,,0.0363995463335927,0.1019922370165818,7.445098014945649,0.0682228017884267,0.4952399522157582,5.25,0.2099342535129908,0.0731543947229665,163.52201257861637,24.98568003893303,16.236917069182343,0.6498489152139048,400.0,0.0043658953188699,0.0026721095047935,0.6120415881810807,400.0,-0.0137872676684387,2.4978713665246843e-06,0.0137897655398052,0.1609207325209699,1.0,"2,True,The solver successfully reached the end of the integration interval.",4.755,rho_high
SF-295,hamming+zero,9,740,25154,1.0000000116860974e-07,3.000000106112566e-06,-34.849998474121094,,NSC740,NSC25154,other,other,,,241279087.64641,249507178.63324544,1.0341019649365284,0.4041243601031531,4.4,0.5958756398968469,0.0316188119928285,4.800000000000001,-0.0001119132889021,0.4136191236268461,0.841327336384836,0.0750349997706911,,0.0363995463335927,0.1019922370165818,7.445098014945649,0.0682228017884267,0.4952399522157582,5.25,0.2099342535129908,0.0731543947229665,163.52201257861637,24.98568003893303,16.236917069182343,0.6498489152139048,400.0,0.0043658953188699,0.0026721095047935,0.6120415881810807,400.0,-0.0137872676684387,2.4978713665246843e-06,0.0137897655398052,0.1609207325209699,1.0,"2,True,The solver successfully reached the end of the integration interval.",4.87,rho_high
SF-295,linear_curve,2,119875,681239,1.9999999494757503e-05,3.000000106112566e-07,-95.12000274658205,,cisplatin,bortezomib,platinum,proteasome,,,241279087.64641,249271453.65937915,1.033124984394345,0.0044016328580718,4.4,0.9955983671419282,0.2709194161774927,10.0,0.0002985857035998,2.3765203385238847,0.5434110872370624,0.2648715049009145,,0.0398385147842481,2.3770373658617237,1.691760866673416,0.8318027724911359,0.990806780131428,5.25,0.2099342535129908,0.0731543947229665,163.52201257861637,3.568029240982825,2.365727423060031,0.6630347632488528,400.0,10.166128824773349,6.5648155771892,0.6457537269439001,400.0,-0.0176029040566811,8.200774672340039e-05,0.0176849118034045,0.1601223735072044,1.0,"2,True,The solver successfully reached the end of the integration interval.",3.997,rho_high
SF-295,linear_curve,4,119875,681239,1.9999999494757503e-05,3.000000106112566e-07,-95.12000274658205,,cisplatin,bortezomib,platinum,proteasome,,,241279087.64641,249271453.65937915,1.033124984394345,0.0044016328580718,4.4,0.9955983671419282,0.2709194161774927,10.0,0.0002985857035998,2.3765203385238847,0.5434110872370624,0.2648715049009145,,0.0398385147842481,2.3770373658617237,1.691760866673416,0.8318027724911359,0.990806780131428,5.25,0.2099342535129908,0.0731543947229665,163.52201257861637,3.568029240982825,2.365727423060031,0.6630347632488528,400.0,10.166128824773349,6.5648155771892,0.6457537269439001,400.0,-0.0176029040566811,8.200774672340039e-05,0.0176849118034045,0.1601223735072044,1.0,"2,True,The solver successfully reached the end of the integration interval.",3.917,rho_high
SF-295,ours+zero,2,681239,747973,3.000000106112566e-07,3.000000106112566e-07,-94.7699966430664,,bortezomib,vorinostat,proteasome,hdac_inhibitor,,,241279087.64641,247049823.3490687,1.023917264272466,0.0010493381716199,4.4,0.99895066182838,0.3714336685719221,13.2,0.0041865843582094,2.9992186821620908,0.4563267094135134,0.3407241106456546,,0.0369399167932692,3.570804722927736,1.267066823228672,0.8490861668864682,0.9975436747902088,5.25,0.2099342535129908,0.0667502786547997,163.52201257861637,10.166128824773349,6.620779222897864,0.651258639056787,400.0,15.837288892247397,10.461180832383986,0.6605411382945031,400.0,0.2667170793493617,0.0002876169182289,-0.2664294624311327,0.151429062672302,1.0,"2,True,The solver successfully reached the end of the integration interval.",1.678,rho_high
SF-295,linear_curve,9,119875,681239,1.9999999494757503e-05,3.000000106112566e-07,-95.12000274658205,,cisplatin,bortezomib,platinum,proteasome,,,241279087.64641,249271453.65937915,1.033124984394345,0.0044016328580718,4.4,0.9955983671419282,0.2709194161774927,10.0,0.0002985857035998,2.3765203385238847,0.5434110872370624,0.2648715049009145,,0.0398385147842481,2.3770373658617237,1.691760866673416,0.8318027724911359,0.990806780131428,5.25,0.2099342535129908,0.0731543947229665,163.52201257861637,3.568029240982825,2.365727423060031,0.6630347632488528,400.0,10.166128824773349,6.5648155771892,0.6457537269439001,400.0,-0.0176029040566811,8.200774672340039e-05,0.0176849118034045,0.1601223735072044,1.0,"2,True,The solver successfully reached the end of the integration interval.",3.867,rho_high
SF-295,ours+zero,4,681239,747973,3.000000106112566e-07,3.000000106112566e-07,-94.7699966430664,,bortezomib,vorinostat,proteasome,hdac_inhibitor,,,241279087.64641,247049823.3490687,1.023917264272466,0.0010493381716199,4.4,0.99895066182838,0.3714336685719221,13.2,0.0041865843582094,2.9992186821620908,0.4563267094135134,0.3407241106456546,,0.0369399167932692,3.570804722927736,1.267066823228672,0.8490861668864682,0.9975436747902088,5.25,0.2099342535129908,0.0667502786547997,163.52201257861637,10.166128824773349,6.620779222897864,0.651258639056787,400.0,15.837288892247397,10.461180832383986,0.6605411382945031,400.0,0.2667170793493617,0.0002876169182289,-0.2664294624311327,0.151429062672302,1.0,"2,True,The solver successfully reached the end of the integration interval.",1.697,rho_high
SF-295,random,2,1390,681239,1.0000000116860974e-07,3.000000106112566e-07,-66.69999694824219,,NSC1390,bortezomib,other,proteasome,,,241279087.64641,249390163.5370575,1.0336169867424818,0.070988135748553,4.4,0.929011864251447,0.1054508218589728,7.800000000000001,9.181203576929904e-05,1.1689483824576423,0.6873774187284187,0.1628047391215832,,0.0425834590999144,1.1665878342647362,2.737720048621655,0.6547617668013083,0.8716282273706903,5.25,0.2099342535129908,0.0731543947229665,163.52201257861637,0.0051048501129721,0.0032511001959028,0.6368649664446194,400.0,10.166128824773349,6.463693079969449,0.6358067255864778,400.0,-0.0081193379573587,2.0923916411730303e-05,0.0081402618737704,0.1604850014382274,1.0,"2,True,The solver successfully reached the end of the integration interval.",2.484,rho_high
SF-295,random,4,613327,681239,9.99999993922529e-09,3.000000106112566e-07,-88.45999908447266,,gemcitabine,bortezomib,antimetabolite,proteasome,,,241279087.64641,249395322.56027567,1.033638368716645,0.04881403813496,4.4,0.95118596186504,0.123463790127867,8.0,8.28280722091012e-05,1.3315894174811156,0.6667510456466526,0.1760362945459,,0.0423005497445209,1.3084285486224645,2.5406886079335624,0.704054104729348,0.9082188316509728,5.25,0.2099342535129908,0.0731543947229665,163.52201257861637,1.818916898944863,1.2045867725420316,0.662254978905744,400.0,10.166128824773349,6.47833663128323,0.6372471510981137,400.0,-0.0106314096911908,2.390213124059404e-05,0.0106553118224314,0.1605124719856685,1.0,"2,True,The solver successfully reached the end of the integration interval.",1.659,rho_high
SF-295,ours+zero,9,752,9706,3.000000106112566e-06,4.999999873689376e-06,-55.029998779296875,,thioguanine,triethylenemelamine,antimetabolite,alkylator,,,241279087.64641,249488797.40319803,1.034025782494748,0.0489100904491799,4.4,0.95108990955082,0.1138114252239046,7.200000000000001,-7.991757283568381e-05,1.3307356876177248,0.6791615987729417,0.1680268779945067,,0.0427037050996922,1.5673146402849716,2.237759176518786,0.6544634850957307,0.8948928013343206,5.25,0.2099342535129908,0.0731543947229665,163.52201257861637,5.453086025531121,3.624166442345507,0.6646083383569067,400.0,10.226680180513428,6.804954853405515,0.6654119160167061,400.0,-0.0194145821351496,1.4043995958501476e-05,0.0194286261311081,0.1608726273474415,1.0,"2,True,The solver successfully reached the end of the integration interval.",4.929,rho_high
SF-295,tanimoto+zero,2,3053,713563,1.000000013351432e-10,9.999999747378752e-05,16.709999084472656,,dactinomycin,arsenic trioxide,dna_intercalator,other,,,241279087.64641,249451752.736455,1.0338722479837203,0.9370374750854408,4.4,0.0629625249145593,0.0016603424050074,1.0,-1.5427747843444397e-05,0.0483771935364651,0.9799128855295772,0.0088125314661219,,0.0020997404460742,1.019334668849096e-19,0.0,0.4197395248101124,0.0050473334337329,5.25,0.2099342535129908,0.0731543947229665,163.52201257861637,0.0021201881466497,0.0004340346476561,0.2047151562194981,116.08648039106583,2.24082401906662,1.3335413773580778,0.5951120507506625,400.0,-0.0013480691298577,-2.1063196564696798e-07,0.001347858497892,0.160686784562482,1.0,"2,True,The solver successfully reached the end of the integration interval.",2.676,rho_high
SF-295,random,9,119875,681239,1.9999999494757503e-05,3.000000026176508e-09,-27.690000534057617,,cisplatin,bortezomib,platinum,proteasome,,,241279087.64641,249516894.15182337,1.0341422316611446,0.3646464477407666,4.4,0.6353535522592334,0.0257237821191932,3.8000000000000007,-0.000128823880346,0.4582621664049163,0.8518811636541395,0.0696209845394643,,0.0347511016530527,0.0867052496194811,7.527833232794566,0.0121141433180487,0.4115151117242313,5.25,0.2099342535129908,0.0731543947229665,163.52201257861637,3.568029240982825,2.3428879822979214,0.6566336271539539,400.0,0.1016612855389326,0.0538140968336601,0.5293470031229468,400.0,-0.0132390248255727,-3.268914188225836e-07,0.0132386979341538,0.1609541281623466,1.0,"2,True,The solver successfully reached the end of the integration interval.",4.007,rho_high
SF-295,tanimoto+zero,9,71423,141540,2.9999999242136255e-05,4.999999873689376e-06,-5.110000133514404,,megestrol,etoposide,hormonal,topo2,,,241279087.64641,249502757.60583705,1.034083641643567,0.5160491306895997,4.4,0.4839508693104003,0.0224750309964975,4.0,-0.0001042179398983,0.3074431027812468,0.8758362438154755,0.0575770868175933,,0.0327283578669949,0.0735203054257897,7.617222580785988,0.0527496443398007,0.3837847219602244,5.25,0.2099342535129908,0.0731543947229665,163.52201257861637,1974.4489767877471,1316.142752499233,0.6665873709436038,400.0,10.580405627757251,6.416845123193412,0.606483848441414,400.0,-0.0120866917270374,9.575050953225528e-07,0.0120876492321327,0.1608994703555661,1.0,"2,True,The solver successfully reached the end of the integration interval.",1.701,rho_high
SF-295,tanimoto+zero,4,3088,141540,9.999999747378752e-05,4.999999873689376e-06,-29.2549991607666,,chlorambucil,etoposide,alkylator,topo2,,,241279087.64641,249492849.30245572,1.0340425759072946,0.3698923317273743,4.4,0.6301076682726257,0.030312784701454,4.6,-8.697080816203815e-05,0.4520588255692364,0.8415495731702994,0.074920295944623,,0.0361442427257902,0.0992526579810096,7.460665786118549,0.0463020864082291,0.4722731179750932,5.25,0.2099342535129908,0.0731543947229665,163.52201257861637,14.387939455354518,9.536421462900092,0.6628066160892192,400.0,10.580405627757251,6.561663734974107,0.6201712832029669,400.0,-0.0113644122799267,2.0533625955110324e-06,0.0113664656425223,0.1608615567670663,1.0,"2,True,The solver successfully reached the end of the integration interval.",6.056,rho_high
SK-MEL-5,act_hamming+zero,9,740,762,1.0000000116860974e-07,4.999999987376214e-07,1.090000033378601,,NSC740,mechlorethamine,other,alkylator,,,241279087.64641,249471401.3308338,1.033953683115834,0.7135802878916208,4.4,0.2864197121083792,0.0082694516565977,2.5999999999999996,-4.9634523178378935e-05,0.1666913090966502,0.934648198622974,0.0293518267182375,,0.0229136685992056,0.0344437556702378,7.106213605399469,0.0640987487627197,0.1385028729735116,5.25,0.2099342535129908,0.0731543947229665,163.52201257861637,3.274310653771972,1.9913229528450471,0.608165554038394,400.0,0.0384073799644939,0.0244805752267691,0.6373924815855824,400.0,-0.0047656681701178,-3.238149564044335e-07,0.0047653443551614,0.1607671825449007,1.0,"2,True,The solver successfully reached the end of the integration interval.",7.134,rho_high
SK-MEL-5,linear_curve,9,92859,747973,6.000000212225132e-06,2.999999892949745e-08,-97.72000122070312,,dromostanolone,vorinostat,hormonal,hdac_inhibitor,,,241279087.64641,249631240.63670972,1.0346161495874835,0.0513069576548697,4.6000000000000005,0.9486930423451304,0.1267414924803315,6.6000000000000005,-0.0003278030803821,1.3097010972326355,0.6736373393640727,0.1715738481260787,,0.0425685671400206,1.2773438806081157,2.577005765112166,0.6732947398787972,0.9311098579792596,5.25,0.2099342535129908,0.0731543947229665,163.52201257861637,7.44836971296567,4.921320543538569,0.6607245253913528,400.0,2.0707176646457612,1.3404271420343237,0.6473249177905822,400.0,-0.0367365211281769,6.853510305604438e-06,0.0367433746384825,0.1614375186560092,1.0,"2,True,The solver successfully reached the end of the integration interval.",1.849,rho_high
SK-MEL-5,hamming+zero,9,740,762,1.0000000116860974e-07,4.999999987376214e-07,1.090000033378601,,NSC740,mechlorethamine,other,alkylator,,,241279087.64641,249471401.3308338,1.033953683115834,0.7135802878916208,4.4,0.2864197121083792,0.0082694516565977,2.5999999999999996,-4.9634523178378935e-05,0.1666913090966502,0.934648198622974,0.0293518267182375,,0.0229136685992056,0.0344437556702378,7.106213605399469,0.0640987487627197,0.1385028729735116,5.25,0.2099342535129908,0.0731543947229665,163.52201257861637,3.274310653771972,1.9913229528450471,0.608165554038394,400.0,0.0384073799644939,0.0244805752267691,0.6373924815855824,400.0,-0.0047656681701178,-3.238149564044335e-07,0.0047653443551614,0.1607671825449007,1.0,"2,True,The solver successfully reached the end of the integration interval.",7.125,rho_high
SK-MEL-5,ours+zero,9,755,628503,2.0000000233721948e-07,3.999999975690116e-08,-49.15999984741211,,mercaptopurine,NSC628503,antimetabolite,other,,,241279087.64641,249486137.074405,1.0340147565545434,0.5773102802983757,4.4,0.4226897197016243,0.0157283649213272,3.5999999999999996,-7.528661430434736e-05,0.2587248624280186,0.8978163693298798,0.0468124806398339,,0.0294766127811816,0.0568001340922708,7.602761444176002,0.031694620313727,0.2696776432040718,5.25,0.2099342535129908,0.0731543947229665,163.52201257861637,18.689170516814112,12.394040772316542,0.6631669801057237,400.0,11.59229589536313,7.388184682915877,0.6373357572654025,400.0,-0.0089087531548006,7.519178836234985e-07,0.0089095050726842,0.1608307299202383,1.0,"2,True,The solver successfully reached the end of the integration interval.",5.507,rho_high
SK-MEL-5,random,9,180973,628503,7.000000096013537e-06,3.999999975690116e-08,-30.979999542236328,,tamoxifen,NSC628503,hormonal,other,,,241279087.64641,249478440.35173255,1.033982856887036,0.6452760806591078,4.4,0.3547239193408922,0.0139174350371731,3.4000000000000004,-6.188829171036988e-05,0.210388586767006,0.9093880454460844,0.0412507592038421,,0.0279638627759882,0.0506923553541456,7.56281028924858,0.050312173168579,0.2494400570116964,5.25,0.2099342535129908,0.0731543947229665,163.52201257861637,749.5384150207869,499.44363675394334,0.6663349426061002,400.0,11.59229589536313,7.370331960473648,0.6357957066487365,400.0,-0.0073246592804385,6.968685231090177e-07,0.0073253561489616,0.1607988837055103,1.0,"2,True,The solver successfully reached the end of the integration interval.",4.44,rho_high
SR,act_hamming+zero,6,26980,747971,4.999999987376214e-07,1.9999999949504854e-06,-94.94000244140624,,mitomycin,sorafenib,alkylator,kinase_inhibitor,,,241279087.64641,248122939.13401023,1.0283648763527728,0.0081613014638823,4.6000000000000005,0.9918386985361176,0.2304327863077328,11.599999999999998,0.0023042150973641,2.1081179401077677,0.5331519485643811,0.2731489991938798,,0.0392651652315411,2.5019663049208343,1.6348351291661845,0.8652603333330567,0.9848557063040853,5.25,0.2099342535129908,0.0699034531552081,163.52201257861637,90.80036472291091,60.601991773008784,0.6674201360087442,400.0,0.9043599849896466,0.5900051190945512,0.6524007352020399,400.0,0.1247993628963147,0.0001491890426995,-0.1246501738536152,0.1555755562671743,1.0,"2,True,The solver successfully reached the end of the integration interval.",3.789,rho_high
SK-MEL-5,tanimoto+zero,9,92859,119875,6.000000212225132e-06,1.9999999949504854e-06,-91.9499969482422,,dromostanolone,cisplatin,hormonal,platinum,,,241279087.64641,249569006.81752545,1.0343582166692544,0.1169620508955053,4.6000000000000005,0.8830379491044946,0.0851530396451994,6.2,-0.0002195186613044,0.9518323854137266,0.721327702849735,0.1418673882539395,,0.0431382314813853,0.95990452142328,3.0930129034164473,0.5348737181625527,0.8460922457317058,5.25,0.2099342535129908,0.0731543947229665,163.52201257861637,7.44836971296567,4.916564792102293,0.6600860297715667,400.0,0.3724807083952616,0.2448281137279386,0.6572907219348844,400.0,-0.0272327323178298,6.517881587786434e-06,0.0272392501994176,0.1611834916267343,1.0,"2,True,The solver successfully reached the end of the integration interval.",6.0,rho_high
SR,hamming+zero,6,26980,747971,4.999999987376214e-07,1.9999999949504854e-06,-94.94000244140624,,mitomycin,sorafenib,alkylator,kinase_inhibitor,,,241279087.64641,248122939.13401023,1.0283648763527728,0.0081613014638823,4.6000000000000005,0.9918386985361176,0.2304327863077328,11.599999999999998,0.0023042150973641,2.1081179401077677,0.5331519485643811,0.2731489991938798,,0.0392651652315411,2.5019663049208343,1.6348351291661845,0.8652603333330567,0.9848557063040853,5.25,0.2099342535129908,0.0699034531552081,163.52201257861637,90.80036472291091,60.601991773008784,0.6674201360087442,400.0,0.9043599849896466,0.5900051190945512,0.6524007352020399,400.0,0.1247993628963147,0.0001491890426995,-0.1246501738536152,0.1555755562671743,1.0,"2,True,The solver successfully reached the end of the integration interval.",3.74,rho_high
SR,linear_curve,6,9706,26980,4.999999873689376e-06,4.999999987376214e-07,-98.98999786376952,,triethylenemelamine,mitomycin,alkylator,alkylator,,,241279087.64641,242671669.24817425,1.0057716630784224,2.028228185893522e-05,4.6000000000000005,0.9999797177181412,0.7035363825382648,16.0,0.011952054548615,4.712760546593409,0.2830174297805453,0.5481868173929674,,0.0284832539197797,5.632670818232412,0.9339125201140004,0.6858031986754003,0.999960696239737,5.25,0.2033398275045627,0.0448653818382372,166.03773584905662,92.42422518636896,61.69824198292072,0.6675548738278217,400.0,90.80036472291091,60.61406565868171,0.6675531077838001,400.0,0.4844369587650639,0.0029480572161431,-0.4814889015489207,0.130839402500189,1.0,"2,True,The solver successfully reached the end of the integration interval.",4.713,rho_high
SR,ours+zero,6,26980,747971,4.999999987376214e-07,1.9999999949504854e-06,-94.94000244140624,,mitomycin,sorafenib,alkylator,kinase_inhibitor,,,241279087.64641,248122939.13401023,1.0283648763527728,0.0081613014638823,4.6000000000000005,0.9918386985361176,0.2304327863077328,11.599999999999998,0.0023042150973641,2.1081179401077677,0.5331519485643811,0.2731489991938798,,0.0392651652315411,2.5019663049208343,1.6348351291661845,0.8652603333330567,0.9848557063040853,5.25,0.2099342535129908,0.0699034531552081,163.52201257861637,90.80036472291091,60.601991773008784,0.6674201360087442,400.0,0.9043599849896466,0.5900051190945512,0.6524007352020399,400.0,0.1247993628963147,0.0001491890426995,-0.1246501738536152,0.1555755562671743,1.0,"2,True,The solver successfully reached the end of the integration interval.",3.696,rho_high
SR,random,6,26980,747971,4.999999987376214e-07,1.9999999949504854e-06,-94.94000244140624,,mitomycin,sorafenib,alkylator,kinase_inhibitor,,,241279087.64641,248122939.13401023,1.0283648763527728,0.0081613014638823,4.6000000000000005,0.9918386985361176,0.2304327863077328,11.599999999999998,0.0023042150973641,2.1081179401077677,0.5331519485643811,0.2731489991938798,,0.0392651652315411,2.5019663049208343,1.6348351291661845,0.8652603333330567,0.9848557063040853,5.25,0.2099342535129908,0.0699034531552081,163.52201257861637,90.80036472291091,60.601991773008784,0.6674201360087442,400.0,0.9043599849896466,0.5900051190945512,0.6524007352020399,400.0,0.1247993628963147,0.0001491890426995,-0.1246501738536152,0.1555755562671743,1.0,"2,True,The solver successfully reached the end of the integration interval.",3.774,rho_high
SR,tanimoto+zero,6,26980,747971,4.999999987376214e-07,1.9999999949504854e-06,-94.94000244140624,,mitomycin,sorafenib,alkylator,kinase_inhibitor,,,241279087.64641,248122939.13401023,1.0283648763527728,0.0081613014638823,4.6000000000000005,0.9918386985361176,0.2304327863077328,11.599999999999998,0.0023042150973641,2.1081179401077677,0.5331519485643811,0.2731489991938798,,0.0392651652315411,2.5019663049208343,1.6348351291661845,0.8652603333330567,0.9848557063040853,5.25,0.2099342535129908,0.0699034531552081,163.52201257861637,90.80036472291091,60.601991773008784,0.6674201360087442,400.0,0.9043599849896466,0.5900051190945512,0.6524007352020399,400.0,0.1247993628963147,0.0001491890426995,-0.1246501738536152,0.1555755562671743,1.0,"2,True,The solver successfully reached the end of the integration interval.",3.986,rho_high
U251,act_hamming+zero,9,85998,409962,9.999999747378752e-05,1.9999999949504854e-06,-40.290000915527344,,streptozocin,carmustine,alkylator,alkylator,,,241279087.64641,249441224.58771297,1.0338286132499983,0.9900626429253372,4.4,0.0099373570746628,0.000846195790398,0.4000000000000003,2.9021028933785644e-06,0.0244714795705422,0.9882764622226402,0.0051215481022099,,0.0022387960105281,2.940162746340479e-20,0.0,0.4760201783859955,-0.012571751141863,5.25,0.2099342535129908,0.0731543947229665,163.52201257861637,0.057991673115147,0.0367874159732078,0.6343568653410558,400.0,0.0419885926861412,0.0266305107295148,0.6342320384151517,400.0,0.0002022830063139,1.522671900788808e-07,-0.0002021307391238,0.1606444716956774,1.0,"2,True,The solver successfully reached the end of the integration interval.",4.87,rho_high
U251,hamming+zero,9,85998,409962,9.999999747378752e-05,1.9999999949504854e-06,-40.290000915527344,,streptozocin,carmustine,alkylator,alkylator,,,241279087.64641,249441224.58771297,1.0338286132499983,0.9900626429253372,4.4,0.0099373570746628,0.000846195790398,0.4000000000000003,2.9021028933785644e-06,0.0244714795705422,0.9882764622226402,0.0051215481022099,,0.0022387960105281,2.940162746340479e-20,0.0,0.4760201783859955,-0.012571751141863,5.25,0.2099342535129908,0.0731543947229665,163.52201257861637,0.057991673115147,0.0367874159732078,0.6343568653410558,400.0,0.0419885926861412,0.0266305107295148,0.6342320384151517,400.0,0.0002022830063139,1.522671900788808e-07,-0.0002021307391238,0.1606444716956774,1.0,"2,True,The solver successfully reached the end of the integration interval.",4.808,rho_high
U251,linear_curve,9,26980,754143,4.999999969612645e-09,9.99999993922529e-09,-90.36000061035156,,mitomycin,bendamustine,alkylator,alkylator,,,241279087.64641,249410307.345888,1.0337004743295206,0.056770282559979,4.4,0.943229717440021,0.1113442349392144,7.6,5.6734502627111104e-05,1.2660130977546205,0.6747727791450256,0.1708424455043061,,0.0425472196632174,1.543631747329627,2.2641068638436064,0.6756760534466091,0.8848274316354231,5.25,0.2099342535129908,0.0731543947229665,163.52201257861637,1.828253653194684,1.2121392727770504,0.6630038838751737,400.0,16.209099229005094,10.79701896310093,0.6661085116796861,400.0,-0.0110429579884938,2.0360400470376128e-05,0.0110633183889642,0.1605661095744096,1.0,"2,True,The solver successfully reached the end of the integration interval.",1.719,rho_high
U251,random,9,45388,713563,4.999999873689376e-06,9.999999747378752e-05,-51.60699844360352,,dacarbazine,arsenic trioxide,alkylator,other,,,241279087.64641,249474535.70582455,1.0339666737774835,0.720972143978085,4.4,0.279027856021915,0.0077978586287495,2.4000000000000004,-5.509099315505417e-05,0.1622156682629204,0.9369939933414188,0.0282631931752292,,0.0223211256974733,0.0328585249861044,7.007613282640816,0.0662020148946568,0.1314076872017584,5.25,0.2099342535129908,0.0731543947229665,163.52201257861637,0.771889939037878,0.4941702329702361,0.6402081540098767,400.0,2.456617606864609,1.4745544579982774,0.6002376820380513,400.0,-0.004954615997136,-6.750399104138438e-07,0.0049539409572256,0.1607791287992492,1.0,"2,True,The solver successfully reached the end of the integration interval.",3.688,rho_high
U251,ours+zero,9,85998,409962,9.999999747378752e-05,1.9999999949504854e-06,-40.290000915527344,,streptozocin,carmustine,alkylator,alkylator,,,241279087.64641,249441224.58771297,1.0338286132499983,0.9900626429253372,4.4,0.0099373570746628,0.000846195790398,0.4000000000000003,2.9021028933785644e-06,0.0244714795705422,0.9882764622226402,0.0051215481022099,,0.0022387960105281,2.940162746340479e-20,0.0,0.4760201783859955,-0.012571751141863,5.25,0.2099342535129908,0.0731543947229665,163.52201257861637,0.057991673115147,0.0367874159732078,0.6343568653410558,400.0,0.0419885926861412,0.0266305107295148,0.6342320384151517,400.0,0.0002022830063139,1.522671900788808e-07,-0.0002021307391238,0.1606444716956774,1.0,"2,True,The solver successfully reached the end of the integration interval.",4.615,rho_high
U251,tanimoto+zero,9,85998,409962,9.999999747378752e-05,1.9999999949504854e-06,-40.290000915527344,,streptozocin,carmustine,alkylator,alkylator,,,241279087.64641,249441224.58771297,1.0338286132499983,0.9900626429253372,4.4,0.0099373570746628,0.000846195790398,0.4000000000000003,2.9021028933785644e-06,0.0244714795705422,0.9882764622226402,0.0051215481022099,,0.0022387960105281,2.940162746340479e-20,0.0,0.4760201783859955,-0.012571751141863,5.25,0.2099342535129908,0.0731543947229665,163.52201257861637,0.057991673115147,0.0367874159732078,0.6343568653410558,400.0,0.0419885926861412,0.0266305107295148,0.6342320384151517,400.0,0.0002022830063139,1.522671900788808e-07,-0.0002021307391238,0.1606444716956774,1.0,"2,True,The solver successfully reached the end of the integration interval.",4.208,rho_high
BT-549,act_hamming+zero,8,750,105014,4.999999873689376e-05,1.0000000116860974e-07,32.560001373291016,,NSC750,cladribine,other,antimetabolite,,,241279087.64641,236718720.3107201,0.981099201840596,0.6922242979285034,4.4,0.3077757020714966,0.0187312431138044,,0.0018297064276492,0.1585460650329727,0.892939216016361,0.0491781033143056,,0.0306842287726301,0.0767633266124851,8.534193290113665,0.1901841479789243,0.2812464800767855,5.25,0.1843879427084984,0.0425249427297684,173.58490566037736,4.128523645071777,2.528976960018393,0.6125620627211946,400.0,0.0518059910829652,0.0334943117679997,0.6465335585291647,400.0,-0.0859242440541299,0.0081111078818321,0.094035351935962,0.1166865700568453,1.0,"2,True,The solver successfully reached the end of the integration interval.",2.475,rho_low
BT-549,hamming+zero,8,750,105014,4.999999873689376e-05,1.0000000116860974e-07,32.560001373291016,,NSC750,cladribine,other,antimetabolite,,,241279087.64641,236718720.3107201,0.981099201840596,0.6922242979285034,4.4,0.3077757020714966,0.0187312431138044,,0.0018297064276492,0.1585460650329727,0.892939216016361,0.0491781033143056,,0.0306842287726301,0.0767633266124851,8.534193290113665,0.1901841479789243,0.2812464800767855,5.25,0.1843879427084984,0.0425249427297684,173.58490566037736,4.128523645071777,2.528976960018393,0.6125620627211946,400.0,0.0518059910829652,0.0334943117679997,0.6465335585291647,400.0,-0.0859242440541299,0.0081111078818321,0.094035351935962,0.1166865700568453,1.0,"2,True,The solver successfully reached the end of the integration interval.",2.49,rho_low
BT-549,linear_curve,8,67574,246131,1.0000000116860974e-07,1.9999999494757503e-05,-89.91000366210938,,vincristine,mitoxantrone,antimitotic,dna_intercalator,,,241279087.64641,21679836.112786733,0.0898537719297004,0.0013668663277696,4.800000000000001,0.9986331336722304,0.2632848978840186,,1.040006315953015,2.862858309369315,0.0573500219152197,1.241466411805308,,0.0019610051911889,1.1703847365199658,5.452001390489912,0.9795814654987856,0.9985356812499118,5.25,0.0,0.0,400.0,11.374212191331845,6.871337990679312,0.6041155092847555,400.0,11.704019281956482,6.946792673406302,0.5935390660297215,400.0,0.9921375533393962,0.8906897852115008,-0.1014477681278954,0.0,1.0,"2,True,The solver successfully reached the end of the integration interval.",1.505,rho_low
BT-549,random,8,105014,628503,9.999999974752427e-07,3.999999886872274e-09,13.720000267028809,,cladribine,NSC628503,antimetabolite,other,,,241279087.64641,231552318.82338095,0.9596866478652992,0.3058520870097958,4.6000000000000005,0.6941479129902042,0.0673733405589378,,0.0114131763265648,0.5131774749721759,0.6890374835679156,0.1617571518747917,,0.0376416263618039,0.3327846021665182,5.883451954485046,0.759075398424185,0.6746764146915651,5.25,0.178342803429609,0.0402673444188251,176.1006289308176,0.5180599034675787,0.3383834657071949,0.6531743982544514,400.0,1.0679288136544656,0.6529435361711052,0.6114111051435389,400.0,-0.2986298971916326,0.037471866253595,0.3361017634452276,0.1156512418824512,1.0,"2,True,The solver successfully reached the end of the integration interval.",4.863,rho_low
BT-549,ours+zero,8,125973,681239,2.999999892949745e-08,3.000000106112566e-07,-95.31999969482422,,paclitaxel,bortezomib,antimitotic,proteasome,,,241279087.64641,33865689.25229323,0.1403589908377089,0.0034149616319801,5.6000000000000005,0.9965850383680198,0.254141878193019,,0.8463023917911349,2.464777027993384,0.0660427097818364,1.180175115615861,,0.0031598825631501,1.2654713585442618,4.723724979867642,0.9724015468382432,0.9964884505944394,5.25,0.0,0.0,400.0,1.7676312857947352,1.0646173578234517,0.6022847447762811,400.0,5.224603901442932,3.309535163606331,0.6334518799965492,400.0,0.9332999769826914,0.8352930120048294,-0.0980069649778619,0.0,1.0,"2,True,The solver successfully reached the end of the integration interval.",6.303,rho_low
BT-549,tanimoto+zero,8,750,105014,4.999999873689376e-05,1.0000000116860974e-07,32.560001373291016,,NSC750,cladribine,other,antimetabolite,,,241279087.64641,236718720.3107201,0.981099201840596,0.6922242979285034,4.4,0.3077757020714966,0.0187312431138044,,0.0018297064276492,0.1585460650329727,0.892939216016361,0.0491781033143056,,0.0306842287726301,0.0767633266124851,8.534193290113665,0.1901841479789243,0.2812464800767855,5.25,0.1843879427084984,0.0425249427297684,173.58490566037736,4.128523645071777,2.528976960018393,0.6125620627211946,400.0,0.0518059910829652,0.0334943117679997,0.6465335585291647,400.0,-0.0859242440541299,0.0081111078818321,0.094035351935962,0.1166865700568453,1.0,"2,True,The solver successfully reached the end of the integration interval.",2.454,rho_low
HCT-15,act_hamming+zero,2,740,762,1.0000000116860974e-07,4.999999987376214e-07,-7.039999961853027,,NSC740,mechlorethamine,other,alkylator,,,241279087.64641,228900260.33858857,0.9486949845982408,0.2439320922285506,4.6000000000000005,0.7560679077714494,0.081096371561619,,0.0164160241953193,0.6114199824795148,0.6372337629051096,0.1957012217991465,,0.0367595264374177,0.4488329665540741,5.152990269950704,0.8692248809592054,0.7366830662533382,5.25,0.1666518025896331,0.0339766680013239,181.13207547169813,11.084599787238917,7.133049007430598,0.6435098374631875,400.0,0.0249483530145913,0.0162070666437088,0.6496247120693671,400.0,-0.324114652642085,0.0454453209151712,0.3695599735572563,0.1037338258144536,1.0,"2,True,The solver successfully reached the end of the integration interval.",7.612,rho_low
HCT-15,hamming+zero,2,740,762,1.0000000116860974e-07,4.999999987376214e-07,-7.039999961853027,,NSC740,mechlorethamine,other,alkylator,,,241279087.64641,228900260.33858857,0.9486949845982408,0.2439320922285506,4.6000000000000005,0.7560679077714494,0.081096371561619,,0.0164160241953193,0.6114199824795148,0.6372337629051096,0.1957012217991465,,0.0367595264374177,0.4488329665540741,5.152990269950704,0.8692248809592054,0.7366830662533382,5.25,0.1666518025896331,0.0339766680013239,181.13207547169813,11.084599787238917,7.133049007430598,0.6435098374631875,400.0,0.0249483530145913,0.0162070666437088,0.6496247120693671,400.0,-0.324114652642085,0.0454453209151712,0.3695599735572563,0.1037338258144536,1.0,"2,True,The solver successfully reached the end of the integration interval.",7.532,rho_low
HCT-15,linear_curve,2,681239,754230,3.000000106112566e-07,9.999999960041972e-13,-75.93000030517578,,bortezomib,romidepsin,proteasome,hdac_inhibitor,,,241279087.64641,172053020.32669467,0.7130871639353807,0.0444605619984224,5.2,0.9555394380015776,0.1892248774261211,,0.1404000099110885,1.3503990392866103,0.2876222870045619,0.5411774647839869,,0.0211365835437031,0.8523673241981603,4.232393440312051,0.857289303089264,0.9554744297764276,5.25,0.0250097114043045,0.0,284.27672955974845,2.756535066484806,1.679117891532579,0.6091407694928499,400.0,0.001923121509994,0.0012264929578383,0.6377615514487834,400.0,-0.3458223023466498,0.2708434614043983,0.6166657637510481,0.0097100948611862,1.0,"2,True,The solver successfully reached the end of the integration interval.",6.559,rho_low
HCT-15,random,2,686673,747973,1.9999999949504854e-06,3.000000106112566e-07,7.989999771118164,,NSC686673,vorinostat,other,hdac_inhibitor,,,241279087.64641,236708789.75229496,0.9810580438665586,0.6810667549108732,4.4,0.3189332450891268,0.0188868074852398,,0.0018479258451321,0.165603223061584,0.8900751888160826,0.0505733049183851,,0.0308754333346603,0.0781049466366927,8.516143569338924,0.1765873255139658,0.2786277560854749,5.25,0.1843879427084984,0.0425249427297684,173.58490566037736,0.0307498045165011,0.0178060367983374,0.5790617884670523,400.0,2.3786622021631074,1.4646640397664217,0.615751172417204,400.0,-0.0678855204886172,0.0088984538370096,0.0767839743256268,0.1167932708809592,1.0,"2,True,The solver successfully reached the end of the integration interval.",2.341,rho_low
HCT-15,ours+zero,2,26980,681239,4.999999987376214e-07,3.000000106112566e-07,-85.52999877929688,,mitomycin,bortezomib,alkylator,proteasome,,,241279087.64641,88751658.1397995,0.3678381703343615,0.0108214746423422,5.4,0.9891785253576576,0.2382603879629323,,0.4278858351224641,1.9639820068737923,0.1280290269965271,0.8926915550767315,,0.0090704166769108,1.1257564006625602,4.248394704807529,0.8722274710613227,0.9891615987626052,5.25,0.0,0.0,400.0,0.0095000025785706,0.0062569190856527,0.6586228828786463,400.0,2.756535066484806,1.7227056611831904,0.6249532908645427,400.0,0.5748636727806055,0.5965791869002746,0.0217155141196691,0.0,1.0,"2,True,The solver successfully reached the end of the integration interval.",7.504,rho_low
HS 578T,act_hamming+zero,2,1390,747973,9.999999747378752e-06,3.000000106112566e-07,-74.66000366210938,,NSC1390,vorinostat,other,hdac_inhibitor,,,241279087.64641,52906499.42988317,0.2192751139187688,0.0036618950761091,4.6000000000000005,0.9963381049238909,0.2532794123735439,,0.6525532835196614,2.4349830269141113,0.0725157325603364,1.139567761388848,,0.0051625177905927,1.9659439827861684,3.014704381104636,0.9122105475932069,0.99569540982547,5.25,0.0,0.0,400.0,0.4647546002912271,0.3022092461458384,0.6502555240044237,400.0,20.643580204271405,13.631727451687604,0.6603373696228834,400.0,0.9807635127411332,0.7370187874304771,-0.243744725310656,0.0,1.0,"2,True,The solver successfully reached the end of the integration interval.",2.011,rho_low
HS 578T,hamming+zero,2,1390,747973,9.999999747378752e-06,3.000000106112566e-07,-74.66000366210938,,NSC1390,vorinostat,other,hdac_inhibitor,,,241279087.64641,52906499.42988317,0.2192751139187688,0.0036618950761091,4.6000000000000005,0.9963381049238909,0.2532794123735439,,0.6525532835196614,2.4349830269141113,0.0725157325603364,1.139567761388848,,0.0051625177905927,1.9659439827861684,3.014704381104636,0.9122105475932069,0.99569540982547,5.25,0.0,0.0,400.0,0.4647546002912271,0.3022092461458384,0.6502555240044237,400.0,20.643580204271405,13.631727451687604,0.6603373696228834,400.0,0.9807635127411332,0.7370187874304771,-0.243744725310656,0.0,1.0,"2,True,The solver successfully reached the end of the integration interval.",1.957,rho_low
HCT-15,tanimoto+zero,2,681239,754230,3.000000106112566e-07,9.999999960041972e-13,-75.93000030517578,,bortezomib,romidepsin,proteasome,hdac_inhibitor,,,241279087.64641,172053020.32669467,0.7130871639353807,0.0444605619984224,5.2,0.9555394380015776,0.1892248774261211,,0.1404000099110885,1.3503990392866103,0.2876222870045619,0.5411774647839869,,0.0211365835437031,0.8523673241981603,4.232393440312051,0.857289303089264,0.9554744297764276,5.25,0.0250097114043045,0.0,284.27672955974845,2.756535066484806,1.679117891532579,0.6091407694928499,400.0,0.001923121509994,0.0012264929578383,0.6377615514487834,400.0,-0.3458223023466498,0.2708434614043983,0.6166657637510481,0.0097100948611862,1.0,"2,True,The solver successfully reached the end of the integration interval.",5.813,rho_low
HS 578T,ours+zero,2,1390,747973,9.999999747378752e-06,3.000000106112566e-07,-74.66000366210938,,NSC1390,vorinostat,other,hdac_inhibitor,,,241279087.64641,52906499.42988317,0.2192751139187688,0.0036618950761091,4.6000000000000005,0.9963381049238909,0.2532794123735439,,0.6525532835196614,2.4349830269141113,0.0725157325603364,1.139567761388848,,0.0051625177905927,1.9659439827861684,3.014704381104636,0.9122105475932069,0.99569540982547,5.25,0.0,0.0,400.0,0.4647546002912271,0.3022092461458384,0.6502555240044237,400.0,20.643580204271405,13.631727451687604,0.6603373696228834,400.0,0.9807635127411332,0.7370187874304771,-0.243744725310656,0.0,1.0,"2,True,The solver successfully reached the end of the integration interval.",1.965,rho_low
HS 578T,random,2,1390,747973,9.999999747378752e-06,3.000000106112566e-07,-74.66000366210938,,NSC1390,vorinostat,other,hdac_inhibitor,,,241279087.64641,52906499.42988317,0.2192751139187688,0.0036618950761091,4.6000000000000005,0.9963381049238909,0.2532794123735439,,0.6525532835196614,2.4349830269141113,0.0725157325603364,1.139567761388848,,0.0051625177905927,1.9659439827861684,3.014704381104636,0.9122105475932069,0.99569540982547,5.25,0.0,0.0,400.0,0.4647546002912271,0.3022092461458384,0.6502555240044237,400.0,20.643580204271405,13.631727451687604,0.6603373696228834,400.0,0.9807635127411332,0.7370187874304771,-0.243744725310656,0.0,1.0,"2,True,The solver successfully reached the end of the integration interval.",1.969,rho_low
HS 578T,linear_curve,2,1390,681239,9.999999974752427e-07,3.000000106112566e-07,-95.26000213623048,,NSC1390,bortezomib,other,proteasome,,,241279087.64641,220547311.6879738,0.9140755373345152,0.1432025144951029,4.800000000000001,0.8567974855048971,0.117271024464994,,0.032560542401405,0.8426337105096099,0.523741021054324,0.2808834094480569,,0.0332021163123024,0.6176999057031949,4.49128906183823,0.9654843806450304,0.8503188378911424,5.25,0.1554832211935119,0.030169722882606,186.16352201257865,0.0464754610858523,0.0285767217444672,0.6148776381514219,400.0,2.6960701894000954,1.56400267297518,0.5801045830053806,400.0,-0.5018906986990648,0.0912182418794733,0.5931089405785381,0.0986106342538083,1.0,"2,True,The solver successfully reached the end of the integration interval.",4.937,rho_low
HS 578T,tanimoto+zero,2,1390,747973,9.999999747378752e-06,3.000000106112566e-07,-74.66000366210938,,NSC1390,vorinostat,other,hdac_inhibitor,,,241279087.64641,52906499.42988317,0.2192751139187688,0.0036618950761091,4.6000000000000005,0.9963381049238909,0.2532794123735439,,0.6525532835196614,2.4349830269141113,0.0725157325603364,1.139567761388848,,0.0051625177905927,1.9659439827861684,3.014704381104636,0.9122105475932069,0.99569540982547,5.25,0.0,0.0,400.0,0.4647546002912271,0.3022092461458384,0.6502555240044237,400.0,20.643580204271405,13.631727451687604,0.6603373696228834,400.0,0.9807635127411332,0.7370187874304771,-0.243744725310656,0.0,1.0,"2,True,The solver successfully reached the end of the integration interval.",2.02,rho_low
HT29,act_hamming+zero,3,92859,673596,6.000000212225132e-06,9.999999717180683e-10,1.919999957084656,,dromostanolone,NSC673596,hormonal,other,,,241279087.64641,227584962.41530395,0.9432436297538784,0.2554740642788705,5.2,0.7445259357211295,0.084179531949132,,0.0189187479747292,0.5910271701890413,0.6235890331172511,0.2051015312294158,,0.0359923851727024,0.4277879739116687,5.337268478909328,0.9118068153401466,0.7440495682812642,5.25,0.1666518025896331,0.0359946996815853,181.13207547169813,35.89050091294007,23.774405935215412,0.6624149936743768,400.0,0.0534579804274952,0.0325384751811127,0.6086738578769257,400.0,-0.3799514524561465,0.0558133722866651,0.4357648247428116,0.1060938039575307,1.0,"2,True,The solver successfully reached the end of the integration interval.",4.288,rho_low
HT29,hamming+zero,3,92859,673596,6.000000212225132e-06,9.999999717180683e-10,1.919999957084656,,dromostanolone,NSC673596,hormonal,other,,,241279087.64641,227584962.41530395,0.9432436297538784,0.2554740642788705,5.2,0.7445259357211295,0.084179531949132,,0.0189187479747292,0.5910271701890413,0.6235890331172511,0.2051015312294158,,0.0359923851727024,0.4277879739116687,5.337268478909328,0.9118068153401466,0.7440495682812642,5.25,0.1666518025896331,0.0359946996815853,181.13207547169813,35.89050091294007,23.774405935215412,0.6624149936743768,400.0,0.0534579804274952,0.0325384751811127,0.6086738578769257,400.0,-0.3799514524561465,0.0558133722866651,0.4357648247428116,0.1060938039575307,1.0,"2,True,The solver successfully reached the end of the integration interval.",4.09,rho_low
HT29,ours+zero,3,409962,754143,1.9999999949504854e-06,9.99999993922529e-09,-72.94999694824219,,carmustine,bendamustine,alkylator,alkylator,,,241279087.64641,84572861.48537636,0.3505188216283224,0.0071238689767565,4.4,0.9928761310232436,0.2420704201834427,,0.448831285811205,2.146076981274947,0.1105149614572677,0.95657892344053,,0.0087246223643586,1.76251868655875,2.9969625996953475,0.8270397659719285,0.9915380681219296,5.25,0.0,0.0,400.0,0.0637659195481261,0.0422379487676934,0.6623906479669787,400.0,13.68780180499778,9.119984620700317,0.6662855548778013,400.0,0.8743437568290536,0.5959959490258792,-0.2783478078031745,0.0,1.0,"2,True,The solver successfully reached the end of the integration interval.",3.3,rho_low
HT29,linear_curve,3,681239,686673,3.000000106112566e-07,2.0000000233721948e-07,-61.86000061035156,,bortezomib,NSC686673,proteasome,other,,,241279087.64641,12342651.593520816,0.0511550823319124,0.0010235614267004,5.6000000000000005,0.9989764385732997,0.2631660108219658,,1.2846538408459016,2.988048945650379,0.0391402055090478,1.4073768983711414,,0.0011182866042186,1.662290754193778,4.391075211835056,0.9940732779691642,0.9989582010661372,5.25,0.0,0.0,400.0,19.3674899915252,12.56811165130148,0.6489282636418564,400.0,0.0031882667853898,0.002059365176768,0.6459199669880316,400.0,0.9943974884383404,0.9376001525354734,-0.0567973359028669,0.0,1.0,"2,True,The solver successfully reached the end of the integration interval.",5.312,rho_low
HT29,random,3,409962,754143,1.9999999949504854e-06,9.99999993922529e-09,-72.94999694824219,,carmustine,bendamustine,alkylator,alkylator,,,241279087.64641,84572861.48537636,0.3505188216283224,0.0071238689767565,4.4,0.9928761310232436,0.2420704201834427,,0.448831285811205,2.146076981274947,0.1105149614572677,0.95657892344053,,0.0087246223643586,1.76251868655875,2.9969625996953475,0.8270397659719285,0.9915380681219296,5.25,0.0,0.0,400.0,0.0637659195481261,0.0422379487676934,0.6623906479669787,400.0,13.68780180499778,9.119984620700317,0.6662855548778013,400.0,0.8743437568290536,0.5959959490258792,-0.2783478078031745,0.0,1.0,"2,True,The solver successfully reached the end of the integration interval.",3.344,rho_low
HT29,tanimoto+zero,3,92859,673596,6.000000212225132e-06,9.999999717180683e-10,1.919999957084656,,dromostanolone,NSC673596,hormonal,other,,,241279087.64641,227584962.41530395,0.9432436297538784,0.2554740642788705,5.2,0.7445259357211295,0.084179531949132,,0.0189187479747292,0.5910271701890413,0.6235890331172511,0.2051015312294158,,0.0359923851727024,0.4277879739116687,5.337268478909328,0.9118068153401466,0.7440495682812642,5.25,0.1666518025896331,0.0359946996815853,181.13207547169813,35.89050091294007,23.774405935215412,0.6624149936743768,400.0,0.0534579804274952,0.0325384751811127,0.6086738578769257,400.0,-0.3799514524561465,0.0558133722866651,0.4357648247428116,0.1060938039575307,1.0,"2,True,The solver successfully reached the end of the integration interval.",4.419,rho_low
KM12,act_hamming+zero,5,26271,747973,9.999999747378752e-06,3.000000106112566e-07,0.8999999761581421,,cyclophosphamide,vorinostat,alkylator,hdac_inhibitor,,,241279087.64641,54384199.424722984,0.22539955681705,0.0038002780272638,4.6000000000000005,0.9961997219727362,0.2527467827044994,,0.6405895710301327,2.4188735526240053,0.074210444753295,1.1295349656173452,,0.0053212444194193,1.9505641574437635,3.018667006858288,0.908609258053285,0.9955312150342264,5.25,0.0,0.0,400.0,17.97405850448311,11.980887739424618,0.6665655247776305,400.0,20.111380442073887,13.279195091002206,0.6602826260111687,400.0,0.9794760198816932,0.72996208144654,-0.2495139384351533,0.0,1.0,"2,True,The solver successfully reached the end of the integration interval.",7.86,rho_low
KM12,hamming+zero,5,26271,747973,9.999999747378752e-06,3.000000106112566e-07,0.8999999761581421,,cyclophosphamide,vorinostat,alkylator,hdac_inhibitor,,,241279087.64641,54384199.424722984,0.22539955681705,0.0038002780272638,4.6000000000000005,0.9961997219727362,0.2527467827044994,,0.6405895710301327,2.4188735526240053,0.074210444753295,1.1295349656173452,,0.0053212444194193,1.9505641574437635,3.018667006858288,0.908609258053285,0.9955312150342264,5.25,0.0,0.0,400.0,17.97405850448311,11.980887739424618,0.6665655247776305,400.0,20.111380442073887,13.279195091002206,0.6602826260111687,400.0,0.9794760198816932,0.72996208144654,-0.2495139384351533,0.0,1.0,"2,True,The solver successfully reached the end of the integration interval.",7.87,rho_low
KM12,linear_curve,5,673596,754143,1.000000013351432e-10,9.99999993922529e-09,-83.88999938964844,,NSC673596,bendamustine,other,alkylator,,,241279087.64641,141652328.88318905,0.5870891268072842,0.0186616902050331,4.6000000000000005,0.9813383097949668,0.2181731362209535,,0.2248385917318635,1.7277379476547243,0.2016214430354832,0.6954632812703752,,0.0160799856163518,1.2638554983199497,3.409817864065498,0.8039336857534958,0.9787223649093244,5.25,0.0,0.0,400.0,0.0002781882476896,0.0001787195688227,0.6424411178652611,400.0,6.952046883678343,4.619979300822368,0.6645495029196246,400.0,0.0610920340282906,0.3865242054536196,0.325432171425329,0.0,1.0,"2,True,The solver successfully reached the end of the integration interval.",4.44,rho_low
KM12,ours+zero,5,702294,754143,9.999999747378752e-05,9.99999993922529e-09,-69.5,,NSC702294,bendamustine,other,alkylator,,,241279087.64641,58604091.15426743,0.2428892272675973,0.0050494977678346,4.800000000000001,0.9949505022321652,0.2498692842406303,,0.6081343756189246,2.295336169778375,0.0828029291731561,1.081954299673609,,0.0057017007036278,1.5993090212485452,3.5118534578875056,0.8926442930466068,0.9946964537736264,5.25,0.0,0.0,400.0,0.019,0.0122837423715368,0.6465127563966746,400.0,6.952046883678343,4.624366757089886,0.6651806057215661,400.0,0.79296590290068,0.7278011450250355,-0.0651647578756445,0.0,1.0,"2,True,The solver successfully reached the end of the integration interval.",8.868,rho_low
KM12,random,5,762,713563,1.9999999949504854e-06,9.999999747378752e-05,0.1879999935626983,,mechlorethamine,arsenic trioxide,alkylator,other,,,241279087.64641,232132179.99611473,0.9620899277284242,0.3551491018570308,4.4,0.6448508981429691,0.0580320861527975,,0.0103269608524357,0.4483821838174583,0.7108552897101011,0.1482188005035371,,0.0376235835065592,0.2756965160568316,6.356660837632432,0.6728387284019124,0.609911896977785,5.25,0.178342803429609,0.0425249427297684,176.1006289308176,0.087332094363511,0.0560333162937678,0.6416119606674596,400.0,2.4168985384296877,1.4761189687413163,0.610749249614915,400.0,-0.237088523242321,0.0398353449069472,0.2769238681492683,0.117095821385963,1.0,"2,True,The solver successfully reached the end of the integration interval.",7.51,rho_low
M14,act_hamming+zero,4,25154,119875,3.000000106112566e-07,1.9999999494757503e-05,26.59000015258789,,NSC25154,cisplatin,other,platinum,,,241279087.64641,235960469.0823846,0.9779565704765107,0.5613122293007242,4.4,0.4386877706992758,0.0287335367539697,,0.0032230599503793,0.2495884002419685,0.842688930796042,0.0743327107491892,,0.0343940860858714,0.11167154405126,8.062658447964393,0.2722153058681988,0.3881696498605235,5.25,0.1843879427084984,0.0402673444188251,173.58490566037736,0.0005794359032895,0.0003423298849694,0.5907985387615176,400.0,4.054053261967809,2.655004473181557,0.6549012313402208,400.0,-0.1169389684587547,0.0126192994212022,0.1295582678799569,0.1173997366615661,1.0,"2,True,The solver successfully reached the end of the integration interval.",5.985,rho_low
KM12,tanimoto+zero,5,26271,747973,9.999999747378752e-06,3.000000106112566e-07,0.8999999761581421,,cyclophosphamide,vorinostat,alkylator,hdac_inhibitor,,,241279087.64641,54384199.424722984,0.22539955681705,0.0038002780272638,4.6000000000000005,0.9961997219727362,0.2527467827044994,,0.6405895710301327,2.4188735526240053,0.074210444753295,1.1295349656173452,,0.0053212444194193,1.9505641574437635,3.018667006858288,0.908609258053285,0.9955312150342264,5.25,0.0,0.0,400.0,17.97405850448311,11.980887739424618,0.6665655247776305,400.0,20.111380442073887,13.279195091002206,0.6602826260111687,400.0,0.9794760198816932,0.72996208144654,-0.2495139384351533,0.0,1.0,"2,True,The solver successfully reached the end of the integration interval.",8.922,rho_low
M14,linear_curve,4,609699,681239,1.0000000116860974e-07,3.000000106112566e-07,-96.5999984741211,,topotecan,bortezomib,topo1,proteasome,,,241279087.64641,20492516.152306315,0.0849328317352464,0.001548851425781,5.2,0.998451148574219,0.2620542414726467,,1.0644670247409125,2.8083642274539007,0.0475144060139341,1.323174695558142,,0.0018766021180423,1.5698695948582655,4.281406940704449,0.9781834656172228,0.998445984601705,5.25,0.0,0.0,400.0,3.591378767115229,2.305492806498899,0.6419520067360601,400.0,3.4357492135598684,2.178640772560863,0.6341093709524617,400.0,0.9400918222964426,0.9023227417936512,-0.0377690805027913,0.0,1.0,"2,True,The solver successfully reached the end of the integration interval.",2.793,rho_low
M14,hamming+zero,4,25154,119875,3.000000106112566e-07,1.9999999494757503e-05,26.59000015258789,,NSC25154,cisplatin,other,platinum,,,241279087.64641,235960469.0823846,0.9779565704765107,0.5613122293007242,4.4,0.4386877706992758,0.0287335367539697,,0.0032230599503793,0.2495884002419685,0.842688930796042,0.0743327107491892,,0.0343940860858714,0.11167154405126,8.062658447964393,0.2722153058681988,0.3881696498605235,5.25,0.1843879427084984,0.0402673444188251,173.58490566037736,0.0005794359032895,0.0003423298849694,0.5907985387615176,400.0,4.054053261967809,2.655004473181557,0.6549012313402208,400.0,-0.1169389684587547,0.0126192994212022,0.1295582678799569,0.1173997366615661,1.0,"2,True,The solver successfully reached the end of the integration interval.",5.384,rho_low
M14,random,4,125973,246131,3.000000106112566e-07,1.9999999494757503e-05,-2.259999990463257,,paclitaxel,mitoxantrone,antimitotic,dna_intercalator,,,241279087.64641,222831030.12641448,0.9235405865466848,0.178989102090574,5.0,0.8210108979094259,0.1045901390719555,,0.0280866428285553,0.7456527420401912,0.5624362417933115,0.2499267023841594,,0.0340848132332055,0.5050749928404806,5.00010379705248,0.9534955823700404,0.819274451698748,5.25,0.1610029557745819,0.0359946996815853,183.6477987421384,12.074200839692525,6.086953582929398,0.5041288996054505,400.0,2.6714752421683974,0.9770102880922344,0.3657193870526793,363.0012541423804,-0.4672790708524317,0.0871318130434581,0.5544108838958899,0.1052591966466313,1.0,"2,True,The solver successfully reached the end of the integration interval.",1.5,rho_low
M14,ours+zero,4,719344,761432,3.000000026176508e-09,5.000000058430487e-08,-45.69100189208984,,anastrozole,NSC761432,hormonal,other,,,241279087.64641,120218260.8916804,0.4982539600276424,0.016330850689763,5.2,0.983669149310237,0.2250261236163916,,0.2960918697506127,1.7853651791874556,0.175729567632864,0.7551551595096017,,0.0131175350376187,1.036766867273074,4.162279648231413,0.8444736508136366,0.983626686527285,5.25,0.0,0.0,400.0,10.760851184062176,7.128426076836233,0.6624407265657661,400.0,157.80868524018254,104.088704768601,0.6595879346575856,400.0,0.3213553416107318,0.4601664108662304,0.1388110692554985,0.0,1.0,"2,True,The solver successfully reached the end of the integration interval.",4.024,rho_low
M14,tanimoto+zero,4,1390,753082,0.0001999999949475,4.999999873689376e-06,-4.0920000076293945,,NSC1390,pazopanib,other,kinase_inhibitor,,,241279087.64641,44262954.45673374,0.1834512675280017,0.0028963127757389,4.6000000000000005,0.997103687224261,0.2564887719854736,,0.7300219120342261,2.5368434633074113,0.0631862225314179,1.1993776073326077,,0.004249396374719,2.032570355947361,3.029369440221386,0.9303827498701815,0.9966077401534984,5.25,0.0,0.0,400.0,10.206807147819664,6.701668098102622,0.6565880986136007,400.0,18.03917270732172,11.866530279575043,0.6578200936431342,400.0,0.9848610804663208,0.7793356764796371,-0.2055254039866836,0.0,1.0,"2,True,The solver successfully reached the end of the integration interval.",2.456,rho_low
MDA-MB-435,pool_optimum,-1,24559,701852,9.999999974752427e-07,9.999999974752427e-07,-93.4499969482422,,NSC24559,irinotecan,other,topo1,,,241279087.64641,233178395.41357973,0.9664260491373304,0.4079930654939643,4.4,0.5920069345060357,0.0496626260131428,,0.0083740013781854,0.3881401229205681,0.7425612612379606,0.1292677112766107,,0.0373816177846328,0.2173264895522789,6.910740772517789,0.580526642856281,0.5524752395407346,5.25,0.1843879427084984,0.0448653818382372,173.58490566037736,2.539011248752824,1.5420802103725797,0.6073546192952307,400.0,0.7738704833525072,0.4301756542474952,0.5558755159958014,400.0,-0.1997095807094282,0.033917289649281,0.2336268703587093,0.1217590881575253,1.0,"2,True,The solver successfully reached the end of the integration interval.",2.134,rho_low
MOLT-4,act_hamming+zero,3,63878,105014,9.99999993922529e-09,1.0000000116860974e-07,-99.70999908447266,,cytarabine,cladribine,antimetabolite,antimetabolite,,,241279087.64641,179483068.20554775,0.7438815769586166,0.0366631786564668,4.6000000000000005,0.9633368213435332,0.189258088081903,,0.1220388257633206,1.4344588081613936,0.2982415999371545,0.5254317795178581,,0.0226292220707647,1.017641631047817,3.658663518557958,0.8543113967208151,0.9572131422698492,5.25,0.0947967396548822,0.009350561731507,218.8679245283019,2.0400557742805585,1.3481389001862736,0.6608343346209273,400.0,3.277220739628644,2.1686853688025676,0.6617452839164903,400.0,-0.9591081991176028,0.2990421599481144,1.2581503590657173,0.060268126637462,1.0,"2,True,The solver successfully reached the end of the integration interval.",14.848,rho_low
MOLT-4,hamming+zero,3,63878,105014,9.99999993922529e-09,1.0000000116860974e-07,-99.70999908447266,,cytarabine,cladribine,antimetabolite,antimetabolite,,,241279087.64641,179483068.20554775,0.7438815769586166,0.0366631786564668,4.6000000000000005,0.9633368213435332,0.189258088081903,,0.1220388257633206,1.4344588081613936,0.2982415999371545,0.5254317795178581,,0.0226292220707647,1.017641631047817,3.658663518557958,0.8543113967208151,0.9572131422698492,5.25,0.0947967396548822,0.009350561731507,218.8679245283019,2.0400557742805585,1.3481389001862736,0.6608343346209273,400.0,3.277220739628644,2.1686853688025676,0.6617452839164903,400.0,-0.9591081991176028,0.2990421599481144,1.2581503590657173,0.060268126637462,1.0,"2,True,The solver successfully reached the end of the integration interval.",14.802,rho_low
MOLT-4,linear_curve,3,6396,63878,9.999999974752427e-07,1.0000000116860974e-07,-99.87999725341795,,thiotepa,cytarabine,alkylator,antimetabolite,,,241279087.64641,1123106.918302774,0.0046548042321374,6.447970909398503e-05,4.800000000000001,0.999935520290906,0.2690344144875398,,2.3256412083193188,4.189161284888945,0.016152909241029,1.79174924710753,,0.0001159548019911,3.6907486266575495,2.8091356833313794,0.989520394018686,0.9999318339147296,5.25,0.0,0.0,400.0,7.564270332450244,5.041058191588882,0.6664302001427764,400.0,20.40055810519228,13.593634480829529,0.6663364017168589,400.0,0.999729465640068,0.9943041394226206,-0.0054253262174474,0.0,1.0,"2,True,The solver successfully reached the end of the integration interval.",1.839,rho_low
MOLT-4,ours+zero,3,63878,105014,9.99999993922529e-09,1.0000000116860974e-07,-99.70999908447266,,cytarabine,cladribine,antimetabolite,antimetabolite,,,241279087.64641,179483068.20554775,0.7438815769586166,0.0366631786564668,4.6000000000000005,0.9633368213435332,0.189258088081903,,0.1220388257633206,1.4344588081613936,0.2982415999371545,0.5254317795178581,,0.0226292220707647,1.017641631047817,3.658663518557958,0.8543113967208151,0.9572131422698492,5.25,0.0947967396548822,0.009350561731507,218.8679245283019,2.0400557742805585,1.3481389001862736,0.6608343346209273,400.0,3.277220739628644,2.1686853688025676,0.6617452839164903,400.0,-0.9591081991176028,0.2990421599481144,1.2581503590657173,0.060268126637462,1.0,"2,True,The solver successfully reached the end of the integration interval.",19.441,rho_low
MOLT-4,random,3,63878,105014,9.99999993922529e-09,1.0000000116860974e-07,-99.70999908447266,,cytarabine,cladribine,antimetabolite,antimetabolite,,,241279087.64641,179483068.20554775,0.7438815769586166,0.0366631786564668,4.6000000000000005,0.9633368213435332,0.189258088081903,,0.1220388257633206,1.4344588081613936,0.2982415999371545,0.5254317795178581,,0.0226292220707647,1.017641631047817,3.658663518557958,0.8543113967208151,0.9572131422698492,5.25,0.0947967396548822,0.009350561731507,218.8679245283019,2.0400557742805585,1.3481389001862736,0.6608343346209273,400.0,3.277220739628644,2.1686853688025676,0.6617452839164903,400.0,-0.9591081991176028,0.2990421599481144,1.2581503590657173,0.060268126637462,1.0,"2,True,The solver successfully reached the end of the integration interval.",20.434,rho_low
NCI-H322M,act_hamming+zero,5,740,6396,1.0000000116860974e-07,9.999999974752427e-07,-56.81999969482422,,NSC740,thiotepa,other,alkylator,,,241279087.64641,236957114.03471607,0.9820872432258708,0.7282757872189836,4.4,0.2717242127810164,0.0150742205689337,,0.0013925589943781,0.1364970332044248,0.9104302468006998,0.0407533223457189,,0.0288731727649946,0.0656424208485184,8.689669385318705,0.1225522598556685,0.2347097931184629,5.25,0.1843879427084984,0.0402673444188251,173.58490566037736,3.870470152891944,2.3612346007381166,0.6100640251608311,400.0,0.053622390134832,0.034153768708157,0.6369311144519731,400.0,-0.0611733578399773,0.0064887001155872,0.0676620579555645,0.1161677290627943,1.0,"2,True,The solver successfully reached the end of the integration interval.",7.071,rho_low
NCI-H322M,hamming+zero,5,740,6396,1.0000000116860974e-07,9.999999974752427e-07,-56.81999969482422,,NSC740,thiotepa,other,alkylator,,,241279087.64641,236957114.03471607,0.9820872432258708,0.7282757872189836,4.4,0.2717242127810164,0.0150742205689337,,0.0013925589943781,0.1364970332044248,0.9104302468006998,0.0407533223457189,,0.0288731727649946,0.0656424208485184,8.689669385318705,0.1225522598556685,0.2347097931184629,5.25,0.1843879427084984,0.0402673444188251,173.58490566037736,3.870470152891944,2.3612346007381166,0.6100640251608311,400.0,0.053622390134832,0.034153768708157,0.6369311144519731,400.0,-0.0611733578399773,0.0064887001155872,0.0676620579555645,0.1161677290627943,1.0,"2,True,The solver successfully reached the end of the integration interval.",7.062,rho_low
NCI-H322M,linear_curve,5,713563,715055,9.999999974752427e-07,9.999999747378752e-06,-33.05699920654297,,arsenic trioxide,gefitinib,other,kinase_inhibitor,,,241279087.64641,3700955.537167495,0.0153388989210336,0.0002334604167765,5.2,0.9997665395832234,0.2685817250840714,,1.8077484432478037,3.630160730835542,0.0242992932796412,1.614406357233594,,0.0003379081259511,2.351185214342918,3.762521396939794,0.9975027174082453,0.9997651752303016,5.25,0.0,0.0,400.0,0.0225956572702513,0.0146991604162888,0.6505303315801862,400.0,63.097079365186474,41.62204275570662,0.6596508614100988,400.0,0.9992528585241036,0.9811337696535972,-0.0181190888705063,0.0,1.0,"2,True,The solver successfully reached the end of the integration interval.",7.838,rho_low
MOLT-4,tanimoto+zero,3,63878,105014,9.99999993922529e-09,1.0000000116860974e-07,-99.70999908447266,,cytarabine,cladribine,antimetabolite,antimetabolite,,,241279087.64641,179483068.20554775,0.7438815769586166,0.0366631786564668,4.6000000000000005,0.9633368213435332,0.189258088081903,,0.1220388257633206,1.4344588081613936,0.2982415999371545,0.5254317795178581,,0.0226292220707647,1.017641631047817,3.658663518557958,0.8543113967208151,0.9572131422698492,5.25,0.0947967396548822,0.009350561731507,218.8679245283019,2.0400557742805585,1.3481389001862736,0.6608343346209273,400.0,3.277220739628644,2.1686853688025676,0.6617452839164903,400.0,-0.9591081991176028,0.2990421599481144,1.2581503590657173,0.060268126637462,1.0,"2,True,The solver successfully reached the end of the integration interval.",25.725,rho_low
NCI-H322M,ours+zero,5,14229,24559,3.000000106112566e-06,9.999999974752427e-07,-61.189998626708984,,NSC14229,NSC24559,other,other,,,241279087.64641,228682573.9653255,0.9477927664433792,0.272407187838005,4.6000000000000005,0.727592812161995,0.0762788972670485,,0.0168292389872141,0.563470360415709,0.6405508916479116,0.1934463599335941,,0.0366037216150618,0.4176399848985308,5.359391506463191,0.8618933443512284,0.7099727487332899,5.25,0.1724312542656479,0.0425249427297684,178.61635220125788,0.025737532844235,0.015394141783434,0.598120335643677,400.0,2.4496629563880408,1.5075467891311924,0.6154098812654732,400.0,-0.3369228393301393,0.0597643982566309,0.3966872375867702,0.114233512325708,1.0,"2,True,The solver successfully reached the end of the integration interval.",3.062,rho_low
NCI-H322M,tanimoto+zero,5,740,6396,1.0000000116860974e-07,9.999999974752427e-07,-56.81999969482422,,NSC740,thiotepa,other,alkylator,,,241279087.64641,236957114.03471607,0.9820872432258708,0.7282757872189836,4.4,0.2717242127810164,0.0150742205689337,,0.0013925589943781,0.1364970332044248,0.9104302468006998,0.0407533223457189,,0.0288731727649946,0.0656424208485184,8.689669385318705,0.1225522598556685,0.2347097931184629,5.25,0.1843879427084984,0.0402673444188251,173.58490566037736,3.870470152891944,2.3612346007381166,0.6100640251608311,400.0,0.053622390134832,0.034153768708157,0.6369311144519731,400.0,-0.0611733578399773,0.0064887001155872,0.0676620579555645,0.1161677290627943,1.0,"2,True,The solver successfully reached the end of the integration interval.",7.201,rho_low
NCI-H322M,random,5,32065,760766,9.999999747378752e-05,1.9999999949504854e-06,14.109999656677246,,hydroxyurea,NSC760766,antimetabolite,other,,,241279087.64641,232153585.38165775,0.9621786440185588,0.3334544339531452,4.6000000000000005,0.6665455660468548,0.0626237575254703,,0.0102869155117245,0.4756524266451644,0.7053737465587743,0.1515807084576335,,0.0377811584592987,0.2983311129221944,6.147926267220814,0.7136307665704305,0.648632527424974,5.25,0.178342803429609,0.0402673444188251,176.1006289308176,1.7752751727968317,1.1647308342232587,0.6560846746864039,400.0,0.6866976526575895,0.4183304199364646,0.6091915682505736,400.0,-0.2632872707472906,0.0335771714184518,0.2968644421657425,0.1147889723807368,1.0,"2,True,The solver successfully reached the end of the integration interval.",9.164,rho_low
RPMI-8226,act_hamming+zero,0,740,19893,2.999999892949745e-08,9.999999747378752e-05,-71.53700256347656,,NSC740,fluorouracil,other,antimetabolite,,,241279087.64641,99971023.10186131,0.4143377035989418,0.0126510248241304,5.4,0.9873489751758696,0.2375211566370297,,0.3761881741190071,1.896142745067854,0.1437959804210149,0.8422532537679581,,0.0102667639692137,1.0382214783697856,4.402865331306385,0.8575306962618865,0.9871808061436378,5.25,0.0,0.0,400.0,1.0369404637895894,0.6633105590182814,0.6396804659296977,400.0,3.0802637990557153,2.0412638435512944,0.662691242281607,400.0,0.0289378316753666,0.5806337742729721,0.5516959425976055,0.0,1.0,"2,True,The solver successfully reached the end of the integration interval.",13.977,rho_low
RPMI-8226,hamming+zero,0,740,19893,2.999999892949745e-08,9.999999747378752e-05,-71.53700256347656,,NSC740,fluorouracil,other,antimetabolite,,,241279087.64641,99971023.10186131,0.4143377035989418,0.0126510248241304,5.4,0.9873489751758696,0.2375211566370297,,0.3761881741190071,1.896142745067854,0.1437959804210149,0.8422532537679581,,0.0102667639692137,1.0382214783697856,4.402865331306385,0.8575306962618865,0.9871808061436378,5.25,0.0,0.0,400.0,1.0369404637895894,0.6633105590182814,0.6396804659296977,400.0,3.0802637990557153,2.0412638435512944,0.662691242281607,400.0,0.0289378316753666,0.5806337742729721,0.5516959425976055,0.0,1.0,"2,True,The solver successfully reached the end of the integration interval.",14.025,rho_low
RPMI-8226,linear_curve,0,127716,681239,3.000000106112566e-07,3.000000106112566e-07,-98.0500030517578,,decitabine,bortezomib,antimetabolite,proteasome,,,241279087.64641,23047009.02426313,0.0955201267091911,0.0014979237169794,4.800000000000001,0.9985020762830206,0.2629776618119279,,1.0134477389415069,2.8230946572155853,0.0465825739554315,1.3317765178675451,,0.0021267077398422,1.7843248095578794,3.768487517075943,0.9635945205333224,0.998411490256106,5.25,0.0,0.0,400.0,6.647919983820463,4.420496542461093,0.6649443063724569,400.0,2.659365748651904,1.6914291800777346,0.6360272861809851,400.0,0.9370331815303958,0.8899586525179528,-0.047074529012443,0.0,1.0,"2,True,The solver successfully reached the end of the integration interval.",13.098,rho_low
RPMI-8226,ours+zero,0,19893,749226,9.999999747378752e-05,4.999999873689376e-06,-76.33100128173828,,fluorouracil,NSC749226,antimetabolite,other,,,241279087.64641,30088960.177011184,0.1247060425771585,0.002566617545544,5.4,0.997433382454456,0.2595708917103432,,0.8976551312877563,2.5889072941836053,0.0588601659378223,1.2301785178772675,,0.0027809499272838,1.4118748438539583,4.403814153390279,0.9725258888829276,0.997399363262016,5.25,0.0,0.0,400.0,3.0802637990557153,2.0445801104154913,0.663767860091164,400.0,0.6684768977034642,0.4311620975276599,0.6449917701103907,400.0,0.8458991859798508,0.8620635627385796,0.0161643767587288,0.0,1.0,"2,True,The solver successfully reached the end of the integration interval.",14.739,rho_low
RPMI-8226,random,0,14229,246131,2.999999892949745e-08,1.9999999494757503e-05,-94.70999908447266,,NSC14229,mitoxantrone,other,dna_intercalator,,,241279087.64641,31378545.241805684,0.130050828473748,0.0020663685868851,4.800000000000001,0.9979336314131148,0.2601360427950093,,0.8794295056633117,2.683376563298753,0.0643638246444797,1.1913581570428502,,0.0029029512694965,1.2192078675592706,4.942455828274319,0.9733952714497252,0.9977516245959926,5.25,0.0,0.0,400.0,0.0074007132575906,0.0046936638675666,0.6342177712063795,400.0,14.265289286311544,8.651778356806242,0.6064916163395422,400.0,0.9926061836559746,0.8416090986724993,-0.1509970849834753,0.0,1.0,"2,True,The solver successfully reached the end of the integration interval.",18.59,rho_low
RPMI-8226,tanimoto+zero,0,3053,19893,1.000000013351432e-10,9.999999747378752e-05,-76.15699768066406,,dactinomycin,fluorouracil,dna_intercalator,antimetabolite,,,241279087.64641,107439853.27960049,0.4452928528851683,0.0144055880682207,5.4,0.9855944119317792,0.2338310475132645,,0.344896904226489,1.8397374611385136,0.1548735238369415,0.8100228200349336,,0.0112125746618141,1.0188248510674258,4.377869324446614,0.848701142776454,0.9854179597129404,5.25,0.0,0.0,400.0,0.002326114730968,0.00127605719046,0.5485787839574813,400.0,3.0802637990557153,2.041174435063561,0.6626622160378935,400.0,0.0184288998083363,0.544882372289526,0.5264534724811896,0.0,1.0,"2,True,The solver successfully reached the end of the integration interval.",24.019,rho_low
SF-295,act_hamming+zero,2,740,25154,1.0000000116860974e-07,3.000000106112566e-06,-34.849998474121094,,NSC740,NSC25154,other,other,,,241279087.64641,207164638.39272583,0.8586100039317196,0.0972606757780013,4.800000000000001,0.9027393242219988,0.1406186185874629,,0.0597466845540001,1.010647071562686,0.4307581600556244,0.3657664867561662,,0.0293024392295969,0.7537679435870467,4.147026706739305,0.9547911599672004,0.8980971735409528,5.25,0.115794269730383,0.0036569361069825,206.28930817610063,24.98568003893303,16.33838243666899,0.6539098560139367,400.0,0.0043658953188699,0.0027468304999438,0.6291562896782521,400.0,-0.3998713323647866,0.125247717406246,0.5251190497710327,0.0588413642329252,1.0,"2,True,The solver successfully reached the end of the integration interval.",10.811,rho_low
SF-295,act_hamming+zero,4,740,25154,1.0000000116860974e-07,3.000000106112566e-06,-34.849998474121094,,NSC740,NSC25154,other,other,,,241279087.64641,207164638.39272583,0.8586100039317196,0.0972606757780013,4.800000000000001,0.9027393242219988,0.1406186185874629,,0.0597466845540001,1.010647071562686,0.4307581600556244,0.3657664867561662,,0.0293024392295969,0.7537679435870467,4.147026706739305,0.9547911599672004,0.8980971735409528,5.25,0.115794269730383,0.0036569361069825,206.28930817610063,24.98568003893303,16.33838243666899,0.6539098560139367,400.0,0.0043658953188699,0.0027468304999438,0.6291562896782521,400.0,-0.3998713323647866,0.125247717406246,0.5251190497710327,0.0588413642329252,1.0,"2,True,The solver successfully reached the end of the integration interval.",10.224,rho_low
SF-295,act_hamming+zero,9,740,25154,1.0000000116860974e-07,3.000000106112566e-06,-34.849998474121094,,NSC740,NSC25154,other,other,,,241279087.64641,207164638.39272583,0.8586100039317196,0.0972606757780013,4.800000000000001,0.9027393242219988,0.1406186185874629,,0.0597466845540001,1.010647071562686,0.4307581600556244,0.3657664867561662,,0.0293024392295969,0.7537679435870467,4.147026706739305,0.9547911599672004,0.8980971735409528,5.25,0.115794269730383,0.0036569361069825,206.28930817610063,24.98568003893303,16.33838243666899,0.6539098560139367,400.0,0.0043658953188699,0.0027468304999438,0.6291562896782521,400.0,-0.3998713323647866,0.125247717406246,0.5251190497710327,0.0588413642329252,1.0,"2,True,The solver successfully reached the end of the integration interval.",9.964,rho_low
SF-295,hamming+zero,2,740,25154,1.0000000116860974e-07,3.000000106112566e-06,-34.849998474121094,,NSC740,NSC25154,other,other,,,241279087.64641,207164638.39272583,0.8586100039317196,0.0972606757780013,4.800000000000001,0.9027393242219988,0.1406186185874629,,0.0597466845540001,1.010647071562686,0.4307581600556244,0.3657664867561662,,0.0293024392295969,0.7537679435870467,4.147026706739305,0.9547911599672004,0.8980971735409528,5.25,0.115794269730383,0.0036569361069825,206.28930817610063,24.98568003893303,16.33838243666899,0.6539098560139367,400.0,0.0043658953188699,0.0027468304999438,0.6291562896782521,400.0,-0.3998713323647866,0.125247717406246,0.5251190497710327,0.0588413642329252,1.0,"2,True,The solver successfully reached the end of the integration interval.",10.271,rho_low
SF-295,hamming+zero,4,740,25154,1.0000000116860974e-07,3.000000106112566e-06,-34.849998474121094,,NSC740,NSC25154,other,other,,,241279087.64641,207164638.39272583,0.8586100039317196,0.0972606757780013,4.800000000000001,0.9027393242219988,0.1406186185874629,,0.0597466845540001,1.010647071562686,0.4307581600556244,0.3657664867561662,,0.0293024392295969,0.7537679435870467,4.147026706739305,0.9547911599672004,0.8980971735409528,5.25,0.115794269730383,0.0036569361069825,206.28930817610063,24.98568003893303,16.33838243666899,0.6539098560139367,400.0,0.0043658953188699,0.0027468304999438,0.6291562896782521,400.0,-0.3998713323647866,0.125247717406246,0.5251190497710327,0.0588413642329252,1.0,"2,True,The solver successfully reached the end of the integration interval.",10.553,rho_low
SF-295,hamming+zero,9,740,25154,1.0000000116860974e-07,3.000000106112566e-06,-34.849998474121094,,NSC740,NSC25154,other,other,,,241279087.64641,207164638.39272583,0.8586100039317196,0.0972606757780013,4.800000000000001,0.9027393242219988,0.1406186185874629,,0.0597466845540001,1.010647071562686,0.4307581600556244,0.3657664867561662,,0.0293024392295969,0.7537679435870467,4.147026706739305,0.9547911599672004,0.8980971735409528,5.25,0.115794269730383,0.0036569361069825,206.28930817610063,24.98568003893303,16.33838243666899,0.6539098560139367,400.0,0.0043658953188699,0.0027468304999438,0.6291562896782521,400.0,-0.3998713323647866,0.125247717406246,0.5251190497710327,0.0588413642329252,1.0,"2,True,The solver successfully reached the end of the integration interval.",10.787,rho_low
SF-295,linear_curve,2,119875,681239,1.9999999494757503e-05,3.000000106112566e-07,-95.12000274658205,,cisplatin,bortezomib,platinum,proteasome,,,241279087.64641,3435678.153886636,0.0142394361127623,0.0001836454986959,4.6000000000000005,0.999816354501304,0.268948594550473,,1.8400498374166736,3.7347086353719607,0.0229544179101363,1.6391337158198087,,0.0003279457439245,2.65193859899792,3.392552424757326,0.9785324448909908,0.9997939367521832,5.25,0.0,0.0,400.0,3.568029240982825,2.36720959326849,0.6634501662930414,400.0,10.166128824773349,6.5923306884788495,0.6484602745161283,400.0,0.996368594690397,0.9830625270313872,-0.0133060676590096,0.0,1.0,"2,True,The solver successfully reached the end of the integration interval.",12.136,rho_low
SF-295,linear_curve,4,119875,681239,1.9999999494757503e-05,3.000000106112566e-07,-95.12000274658205,,cisplatin,bortezomib,platinum,proteasome,,,241279087.64641,3435678.153886636,0.0142394361127623,0.0001836454986959,4.6000000000000005,0.999816354501304,0.268948594550473,,1.8400498374166736,3.7347086353719607,0.0229544179101363,1.6391337158198087,,0.0003279457439245,2.65193859899792,3.392552424757326,0.9785324448909908,0.9997939367521832,5.25,0.0,0.0,400.0,3.568029240982825,2.36720959326849,0.6634501662930414,400.0,10.166128824773349,6.5923306884788495,0.6484602745161283,400.0,0.996368594690397,0.9830625270313872,-0.0133060676590096,0.0,1.0,"2,True,The solver successfully reached the end of the integration interval.",12.085,rho_low
SF-295,linear_curve,9,119875,681239,1.9999999494757503e-05,3.000000106112566e-07,-95.12000274658205,,cisplatin,bortezomib,platinum,proteasome,,,241279087.64641,3435678.153886636,0.0142394361127623,0.0001836454986959,4.6000000000000005,0.999816354501304,0.268948594550473,,1.8400498374166736,3.7347086353719607,0.0229544179101363,1.6391337158198087,,0.0003279457439245,2.65193859899792,3.392552424757326,0.9785324448909908,0.9997939367521832,5.25,0.0,0.0,400.0,3.568029240982825,2.36720959326849,0.6634501662930414,400.0,10.166128824773349,6.5923306884788495,0.6484602745161283,400.0,0.996368594690397,0.9830625270313872,-0.0133060676590096,0.0,1.0,"2,True,The solver successfully reached the end of the integration interval.",12.713,rho_low
SF-295,ours+zero,2,681239,747973,3.000000106112566e-07,3.000000106112566e-07,-94.7699966430664,,bortezomib,vorinostat,proteasome,hdac_inhibitor,,,241279087.64641,838100.9233233306,0.0034735746537285,4.203258226790587e-05,4.6000000000000005,0.999957967417732,0.2699414286646548,,2.452765991701299,4.375102851596959,0.0152992855374314,1.8153288498618785,,8.585706746414555e-05,3.741982629022517,2.854689131423478,0.9937326339650376,0.9999505044492988,5.25,0.0,0.0,400.0,10.166128824773349,6.628915312188381,0.6520589524731084,400.0,15.837288892247397,10.4640546060527,0.6607225944571244,400.0,0.9998459341477732,0.995740065353512,-0.0041058687942611,0.0,1.0,"2,True,The solver successfully reached the end of the integration interval.",9.105,rho_low
SF-295,ours+zero,4,681239,747973,3.000000106112566e-07,3.000000106112566e-07,-94.7699966430664,,bortezomib,vorinostat,proteasome,hdac_inhibitor,,,241279087.64641,838100.9233233306,0.0034735746537285,4.203258226790587e-05,4.6000000000000005,0.999957967417732,0.2699414286646548,,2.452765991701299,4.375102851596959,0.0152992855374314,1.8153288498618785,,8.585706746414555e-05,3.741982629022517,2.854689131423478,0.9937326339650376,0.9999505044492988,5.25,0.0,0.0,400.0,10.166128824773349,6.628915312188381,0.6520589524731084,400.0,15.837288892247397,10.4640546060527,0.6607225944571244,400.0,0.9998459341477732,0.995740065353512,-0.0041058687942611,0.0,1.0,"2,True,The solver successfully reached the end of the integration interval.",8.909,rho_low
SF-295,ours+zero,9,752,9706,3.000000106112566e-06,4.999999873689376e-06,-55.029998779296875,,thioguanine,triethylenemelamine,antimetabolite,alkylator,,,241279087.64641,54386324.56481095,0.2254083646259185,0.0036048293568797,4.4,0.9963951706431202,0.2548439305274387,,0.640572600685967,2.441908193345821,0.0739584444560118,1.1310122317918645,,0.0052802517406757,1.980084397926504,2.985305986106503,0.8748651487572703,0.9956831388342215,5.25,0.0,0.0,400.0,5.453086025531121,3.6273744270541894,0.6651966262903196,400.0,10.226680180513428,6.811518135971375,0.6660536963843338,400.0,0.8869240036498983,0.7415852332129478,-0.1453387704369505,0.0,1.0,"2,True,The solver successfully reached the end of the integration interval.",10.815,rho_low
SF-295,random,2,1390,681239,1.0000000116860974e-07,3.000000106112566e-07,-66.69999694824219,,NSC1390,bortezomib,other,proteasome,,,241279087.64641,76231085.08606325,0.3159456786316205,0.006380361934295,4.6000000000000005,0.993619638065705,0.2445144122222353,,0.4939302091782462,2.1938436079274224,0.1059966226128727,0.974707972508442,,0.0077363832962442,1.4139744786989112,3.663350708291077,0.8791447008855959,0.9927458140224382,5.25,0.0,0.0,400.0,0.0051048501129721,0.0032819469855456,0.6429076100012722,400.0,10.166128824773349,6.5282083348804045,0.6421528240889619,400.0,0.9198196620986588,0.6308429666638353,-0.2889766954348235,0.0,1.0,"2,True,The solver successfully reached the end of the integration interval.",5.847,rho_low
SF-295,random,9,119875,681239,1.9999999494757503e-05,3.000000026176508e-09,-27.690000534057617,,cisplatin,bortezomib,platinum,proteasome,,,241279087.64641,212061929.8289994,0.8789072103081399,0.0877728007367607,4.4,0.9122271992632393,0.1405447446281703,,0.0495996015098371,1.055432948078861,0.4454894052908441,0.3511626199737662,,0.0305186394210214,0.8350699504633319,3.823037765881085,0.9523116830554555,0.8943029123254128,5.25,0.1448251182253859,0.030169722882606,191.19496855345912,3.568029240982825,2.3531874352212467,0.6595202214691082,400.0,0.1016612855389326,0.0586093483466751,0.5765159080565615,400.0,-0.6499691971568475,0.1429831417142817,0.7929523388711293,0.0951127656298477,1.0,"2,True,The solver successfully reached the end of the integration interval.",6.241,rho_low
SF-295,tanimoto+zero,2,3053,713563,1.000000013351432e-10,9.999999747378752e-05,16.709999084472656,,dactinomycin,arsenic trioxide,dna_intercalator,other,,,241279087.64641,237093841.25624037,0.9826539198610406,0.7634056496243872,4.4,0.2365943503756128,0.0127583936916582,,0.0011420379108627,0.116037534887232,0.9222435621668176,0.0351543677359491,,0.0274563037795952,0.0585558667431786,8.805561974654122,0.0929805139872803,0.2034209416235509,5.25,0.1843879427084984,0.0402673444188251,173.58490566037736,0.0021201881466497,0.0004620322258187,0.2179203890696273,128.13454610892148,2.24082401906662,1.340997840396179,0.598439604799823,400.0,-0.044086259106765,0.0057701733241394,0.0498564324309044,0.1159215747440013,1.0,"2,True,The solver successfully reached the end of the integration interval.",2.916,rho_low
SF-295,random,4,613327,681239,9.99999993922529e-09,3.000000106112566e-07,-88.45999908447266,,gemcitabine,bortezomib,antimetabolite,proteasome,,,241279087.64641,51297851.0314005,0.2126079451468108,0.0035988990290007,4.6000000000000005,0.9964011009709992,0.2545717358404445,,0.6659631387761304,2.442519261041298,0.0763704588619808,1.1170745999875862,,0.0049542488904254,1.5356692198881985,3.7234769462051736,0.9249786867334902,0.995932322232331,5.25,0.0,0.0,400.0,1.818916898944863,1.2063238278438728,0.6632099732228834,400.0,10.166128824773349,6.536346622450591,0.6429533537409524,400.0,0.9445831748614264,0.7501112640872027,-0.1944719107742235,0.0,1.0,"2,True,The solver successfully reached the end of the integration interval.",14.98,rho_low
SF-295,tanimoto+zero,4,3088,141540,9.999999747378752e-05,4.999999873689376e-06,-29.2549991607666,,chlorambucil,etoposide,alkylator,topo2,,,241279087.64641,207607505.2175731,0.8604455000336293,0.0871881770196895,4.6000000000000005,0.9128118229803104,0.1423946863818228,,0.0588192611756312,1.058231325983532,0.428371157871955,0.3681797777998746,,0.0294515984522497,0.8082599510008068,3.9537899949411934,0.9534241542365364,0.9011434773124414,5.25,0.115794269730383,0.0024710439694324,206.28930817610063,14.387939455354518,9.561122455454369,0.6645234006663938,400.0,10.580405627757251,6.723573420614658,0.6354740694416898,400.0,-0.3427579173677797,0.1221451875627925,0.4649031049305723,0.0576423164562188,1.0,"2,True,The solver successfully reached the end of the integration interval.",9.787,rho_low
SF-295,tanimoto+zero,9,71423,141540,2.9999999242136255e-05,4.999999873689376e-06,-5.110000133514404,,megestrol,etoposide,hormonal,topo2,,,241279087.64641,220494545.07486036,0.9138568419903468,0.155798330450859,4.800000000000001,0.844201669549141,0.1139387749380951,,0.0326644611050919,0.8060215549095875,0.5302371232235095,0.275529869498583,,0.033304637656608,0.5944326251891833,4.590950535858547,0.9672953636409372,0.8408665147862533,5.25,0.1500911062194407,0.0250097114043045,188.67924528301887,1974.4489767877471,1316.2501479934042,0.6666417635845046,400.0,10.580405627757251,6.605551417355883,0.6243192983099339,400.0,-0.4433824143366109,0.0819450334319628,0.5253274477685738,0.0900579641348037,1.0,"2,True,The solver successfully reached the end of the integration interval.",11.65,rho_low
SK-MEL-5,act_hamming+zero,9,740,762,1.0000000116860974e-07,4.999999987376214e-07,1.090000033378601,,NSC740,mechlorethamine,other,alkylator,,,241279087.64641,233924925.09576204,0.9695200996390314,0.4050472135850134,4.4,0.5949527864149866,0.048913519254507,,0.0069858117278113,0.3912872556273382,0.7546694595150562,0.1222432249820505,,0.0375312644566061,0.206965122742632,6.983236051023645,0.5392600827804125,0.5537528631535549,5.25,0.1843879427084984,0.0425249427297684,173.58490566037736,3.274310653771972,2.013416025647519,0.6149129507085972,400.0,0.0384073799644939,0.0246276170288265,0.6412209593987875,400.0,-0.1991931139456113,0.027605267275949,0.2267983812215603,0.1206491068388639,1.0,"2,True,The solver successfully reached the end of the integration interval.",7.819,rho_low
SK-MEL-5,linear_curve,9,92859,747973,6.000000212225132e-06,2.999999892949745e-08,-97.72000122070312,,dromostanolone,vorinostat,hormonal,hdac_inhibitor,,,241279087.64641,32058056.565116648,0.1328671161592633,0.0024802472857978,5.2,0.997519752714202,0.2611724356130299,,0.8701251199509419,2.6038790042864086,0.0591338526839726,1.228163824960262,,0.0029626834839759,1.4775906699153083,4.195777653124786,0.9626181613048708,0.997519002230277,5.25,0.0,0.0,400.0,7.44836971296567,4.9348287653092,0.6625381063884287,400.0,2.0707176646457612,1.3501635965082972,0.6520268888222723,400.0,0.6823385702354687,0.8660361396253277,0.1836975693898589,0.0,1.0,"2,True,The solver successfully reached the end of the integration interval.",1.396,rho_low
SK-MEL-5,hamming+zero,9,740,762,1.0000000116860974e-07,4.999999987376214e-07,1.090000033378601,,NSC740,mechlorethamine,other,alkylator,,,241279087.64641,233924925.09576204,0.9695200996390314,0.4050472135850134,4.4,0.5949527864149866,0.048913519254507,,0.0069858117278113,0.3912872556273382,0.7546694595150562,0.1222432249820505,,0.0375312644566061,0.206965122742632,6.983236051023645,0.5392600827804125,0.5537528631535549,5.25,0.1843879427084984,0.0425249427297684,173.58490566037736,3.274310653771972,2.013416025647519,0.6149129507085972,400.0,0.0384073799644939,0.0246276170288265,0.6412209593987875,400.0,-0.1991931139456113,0.027605267275949,0.2267983812215603,0.1206491068388639,1.0,"2,True,The solver successfully reached the end of the integration interval.",4.596,rho_low
SK-MEL-5,random,9,180973,628503,7.000000096013537e-06,3.999999975690116e-08,-30.979999542236328,,tamoxifen,NSC628503,hormonal,other,,,241279087.64641,230224228.91379988,0.9541822756358777,0.284467624533546,4.6000000000000005,0.715532375466454,0.0733217066063914,,0.013911283743871,0.544656077090464,0.6658924494940881,0.1765959095129878,,0.0372522473392758,0.3793814910556419,5.5704322127477095,0.8175822456482756,0.7024709506018264,5.25,0.1724312542656479,0.0359946996815853,178.61635220125788,749.5384150207869,499.53403663709946,0.6664555500110637,400.0,11.59229589536313,7.448605667016311,0.642547924436239,400.0,-0.2973335025792474,0.0396248170697218,0.3369583196489693,0.1085406522198663,1.0,"2,True,The solver successfully reached the end of the integration interval.",1.605,rho_low
SK-MEL-5,ours+zero,9,755,628503,2.0000000233721948e-07,3.999999975690116e-08,-49.15999984741211,,mercaptopurine,NSC628503,antimetabolite,other,,,241279087.64641,227838918.0558293,0.944296168716134,0.2210829780768151,4.6000000000000005,0.7789170219231848,0.0855753608813323,,0.0184344011958742,0.654133617193538,0.6198082146639069,0.2077426721116378,,0.0363539026178424,0.4873867611171787,4.956186520993352,0.8946817514841723,0.7536074495722264,5.25,0.1666518025896331,0.0320355066106583,181.13207547169813,18.689170516814112,12.413939057469136,0.6642316761089354,400.0,11.59229589536313,7.474623440517072,0.6447923265577521,400.0,-0.3384306847333318,0.0487505636129508,0.3871812483462826,0.103067273804476,1.0,"2,True,The solver successfully reached the end of the integration interval.",5.271,rho_low
SK-MEL-5,tanimoto+zero,9,92859,119875,6.000000212225132e-06,1.9999999949504854e-06,-91.9499969482422,,dromostanolone,cisplatin,hormonal,platinum,,,241279087.64641,86759386.0553804,0.3595810432710383,0.0092508160265631,5.2,0.9907491839734368,0.2415553602352991,,0.4377458407037881,2.0321939432195566,0.1222950474307602,0.9125911301840196,,0.0088268782765806,1.216708613966892,4.0195516569521965,0.8701760668428966,0.9907183968796788,5.25,0.0,0.0,400.0,7.44836971296567,4.9322249126729,0.662188519467177,400.0,0.3724807083952616,0.2457456409885346,0.6597540099385744,400.0,0.5652866350791951,0.6063918682196467,0.0411052331404516,0.0,1.0,"2,True,The solver successfully reached the end of the integration interval.",1.732,rho_low
SR,hamming+zero,6,26980,747971,4.999999987376214e-07,1.9999999949504854e-06,-94.94000244140624,,mitomycin,sorafenib,alkylator,kinase_inhibitor,,,241279087.64641,7261527.419328138,0.0300959668331047,0.0003955337876064,4.800000000000001,0.9996044662123936,0.2681565376407209,,1.515034329229137,3.4014007662596897,0.0251182325385574,1.6000109232850466,,0.0006632842378935,2.684961689307224,3.092752519857273,0.9932188051186356,0.9995555084891238,5.25,0.0,0.0,400.0,90.80036472291091,60.605189049105,0.6674553481591134,400.0,0.9043599849896466,0.5911265193399371,0.6536407284171297,400.0,0.9986537446753782,0.9630636723940555,-0.0355900722813224,0.0,1.0,"2,True,The solver successfully reached the end of the integration interval.",1.629,rho_low
SR,act_hamming+zero,6,26980,747971,4.999999987376214e-07,1.9999999949504854e-06,-94.94000244140624,,mitomycin,sorafenib,alkylator,kinase_inhibitor,,,241279087.64641,7261527.419328138,0.0300959668331047,0.0003955337876064,4.800000000000001,0.9996044662123936,0.2681565376407209,,1.515034329229137,3.4014007662596897,0.0251182325385574,1.6000109232850466,,0.0006632842378935,2.684961689307224,3.092752519857273,0.9932188051186356,0.9995555084891238,5.25,0.0,0.0,400.0,90.80036472291091,60.605189049105,0.6674553481591134,400.0,0.9043599849896466,0.5911265193399371,0.6536407284171297,400.0,0.9986537446753782,0.9630636723940555,-0.0355900722813224,0.0,1.0,"2,True,The solver successfully reached the end of the integration interval.",1.677,rho_low
SR,linear_curve,6,9706,26980,4.999999873689376e-06,4.999999987376214e-07,-98.98999786376952,,triethylenemelamine,mitomycin,alkylator,alkylator,,,241279087.64641,11352.4856846846,4.705126248372364e-05,5.879054796077467e-07,4.6000000000000005,0.9999994120945204,0.2700890678783712,,4.320971347878367,6.229381415189062,0.0095931821266872,2.0180373103653797,,4.046339039939469e-06,5.799394552949516,2.444296819470633,0.9994454348261802,0.9999993334569064,5.25,0.0,0.0,400.0,92.42422518636896,61.69889406408963,0.667561929133588,400.0,90.80036472291091,60.61471645109848,0.6675602750723759,400.0,0.9999985079402768,0.9999418575271832,-5.6650413093772833e-05,0.0,1.0,"2,True,The solver successfully reached the end of the integration interval.",1.553,rho_low
SR,ours+zero,6,26980,747971,4.999999987376214e-07,1.9999999949504854e-06,-94.94000244140624,,mitomycin,sorafenib,alkylator,kinase_inhibitor,,,241279087.64641,7261527.419328138,0.0300959668331047,0.0003955337876064,4.800000000000001,0.9996044662123936,0.2681565376407209,,1.515034329229137,3.4014007662596897,0.0251182325385574,1.6000109232850466,,0.0006632842378935,2.684961689307224,3.092752519857273,0.9932188051186356,0.9995555084891238,5.25,0.0,0.0,400.0,90.80036472291091,60.605189049105,0.6674553481591134,400.0,0.9043599849896466,0.5911265193399371,0.6536407284171297,400.0,0.9986537446753782,0.9630636723940555,-0.0355900722813224,0.0,1.0,"2,True,The solver successfully reached the end of the integration interval.",1.635,rho_low
SR,random,6,26980,747971,4.999999987376214e-07,1.9999999949504854e-06,-94.94000244140624,,mitomycin,sorafenib,alkylator,kinase_inhibitor,,,241279087.64641,7261527.419328138,0.0300959668331047,0.0003955337876064,4.800000000000001,0.9996044662123936,0.2681565376407209,,1.515034329229137,3.4014007662596897,0.0251182325385574,1.6000109232850466,,0.0006632842378935,2.684961689307224,3.092752519857273,0.9932188051186356,0.9995555084891238,5.25,0.0,0.0,400.0,90.80036472291091,60.605189049105,0.6674553481591134,400.0,0.9043599849896466,0.5911265193399371,0.6536407284171297,400.0,0.9986537446753782,0.9630636723940555,-0.0355900722813224,0.0,1.0,"2,True,The solver successfully reached the end of the integration interval.",1.595,rho_low
SR,tanimoto+zero,6,26980,747971,4.999999987376214e-07,1.9999999949504854e-06,-94.94000244140624,,mitomycin,sorafenib,alkylator,kinase_inhibitor,,,241279087.64641,7261527.419328138,0.0300959668331047,0.0003955337876064,4.800000000000001,0.9996044662123936,0.2681565376407209,,1.515034329229137,3.4014007662596897,0.0251182325385574,1.6000109232850466,,0.0006632842378935,2.684961689307224,3.092752519857273,0.9932188051186356,0.9995555084891238,5.25,0.0,0.0,400.0,90.80036472291091,60.605189049105,0.6674553481591134,400.0,0.9043599849896466,0.5911265193399371,0.6536407284171297,400.0,0.9986537446753782,0.9630636723940555,-0.0355900722813224,0.0,1.0,"2,True,The solver successfully reached the end of the integration interval.",1.538,rho_low
U251,act_hamming+zero,9,85998,409962,9.999999747378752e-05,1.9999999949504854e-06,-40.290000915527344,,streptozocin,carmustine,alkylator,alkylator,,,241279087.64641,237390891.0963867,0.9838850660952374,0.8763109397631931,4.4,0.1236890602368069,0.005858240216638,,0.0005982601473916,0.0561346711232439,0.9605737500879395,0.0174692856418049,,0.0212028533941,0.0361463271119207,9.301607638049708,-0.047432960476951,0.1091269559148492,5.25,0.1843879427084984,0.0402673444188251,173.58490566037736,0.057991673115147,0.0368852886113229,0.6360445669171207,400.0,0.0419885926861412,0.0267016421979478,0.6359261049194684,400.0,-0.0252907696662461,0.0024376358519153,0.0277284055181614,0.1148061667983995,1.0,"2,True,The solver successfully reached the end of the integration interval.",1.404,rho_low
U251,hamming+zero,9,85998,409962,9.999999747378752e-05,1.9999999949504854e-06,-40.290000915527344,,streptozocin,carmustine,alkylator,alkylator,,,241279087.64641,237390891.0963867,0.9838850660952374,0.8763109397631931,4.4,0.1236890602368069,0.005858240216638,,0.0005982601473916,0.0561346711232439,0.9605737500879395,0.0174692856418049,,0.0212028533941,0.0361463271119207,9.301607638049708,-0.047432960476951,0.1091269559148492,5.25,0.1843879427084984,0.0402673444188251,173.58490566037736,0.057991673115147,0.0368852886113229,0.6360445669171207,400.0,0.0419885926861412,0.0267016421979478,0.6359261049194684,400.0,-0.0252907696662461,0.0024376358519153,0.0277284055181614,0.1148061667983995,1.0,"2,True,The solver successfully reached the end of the integration interval.",1.43,rho_low
U251,ours+zero,9,85998,409962,9.999999747378752e-05,1.9999999949504854e-06,-40.290000915527344,,streptozocin,carmustine,alkylator,alkylator,,,241279087.64641,237390891.0963867,0.9838850660952374,0.8763109397631931,4.4,0.1236890602368069,0.005858240216638,,0.0005982601473916,0.0561346711232439,0.9605737500879395,0.0174692856418049,,0.0212028533941,0.0361463271119207,9.301607638049708,-0.047432960476951,0.1091269559148492,5.25,0.1843879427084984,0.0402673444188251,173.58490566037736,0.057991673115147,0.0368852886113229,0.6360445669171207,400.0,0.0419885926861412,0.0267016421979478,0.6359261049194684,400.0,-0.0252907696662461,0.0024376358519153,0.0277284055181614,0.1148061667983995,1.0,"2,True,The solver successfully reached the end of the integration interval.",1.528,rho_low
U251,linear_curve,9,26980,754143,4.999999969612645e-09,9.99999993922529e-09,-90.36000061035156,,mitomycin,bendamustine,alkylator,alkylator,,,241279087.64641,65191393.175169446,0.2701908143432066,0.0047971598443065,4.6000000000000005,0.9952028401556934,0.2496439884726755,,0.5618720485665921,2.3177047335990344,0.0861445120672497,1.0647723845517254,,0.0064878529956914,1.9239225270176337,2.9486941036204755,0.8645538293012499,0.9943203944755932,5.25,0.0,0.0,400.0,1.828253653194684,1.2143124634510951,0.6641925540962055,400.0,16.209099229005094,10.803707180587528,0.6665211328495676,400.0,0.9309739265978312,0.6837394004121433,-0.2472345261856877,0.0,1.0,"2,True,The solver successfully reached the end of the integration interval.",2.163,rho_low
U251,tanimoto+zero,9,85998,409962,9.999999747378752e-05,1.9999999949504854e-06,-40.290000915527344,,streptozocin,carmustine,alkylator,alkylator,,,241279087.64641,237390891.0963867,0.9838850660952374,0.8763109397631931,4.4,0.1236890602368069,0.005858240216638,,0.0005982601473916,0.0561346711232439,0.9605737500879395,0.0174692856418049,,0.0212028533941,0.0361463271119207,9.301607638049708,-0.047432960476951,0.1091269559148492,5.25,0.1843879427084984,0.0402673444188251,173.58490566037736,0.057991673115147,0.0368852886113229,0.6360445669171207,400.0,0.0419885926861412,0.0267016421979478,0.6359261049194684,400.0,-0.0252907696662461,0.0024376358519153,0.0277284055181614,0.1148061667983995,1.0,"2,True,The solver successfully reached the end of the integration interval.",1.419,rho_low
U251,random,9,45388,713563,4.999999873689376e-06,9.999999747378752e-05,-51.60699844360352,,dacarbazine,arsenic trioxide,alkylator,other,,,241279087.64641,233891321.82770017,0.9693808282732878,0.4396728211169565,4.4,0.5603271788830435,0.0450544826586463,,0.0070482025234038,0.3556632844971252,0.7633823867059377,0.1172578646183378,,0.0370950046210399,0.1888386701866948,7.2030463843553125,0.5197956077157945,0.5194391646920884,5.25,0.1843879427084984,0.0425249427297684,173.58490566037736,0.771889939037878,0.4961751905994288,0.6428056196948055,400.0,2.456617606864609,1.4885054776419504,0.6059166365504219,400.0,-0.1766842411972333,0.0291868457142272,0.2058710869114606,0.1209647359404614,1.0,"2,True,The solver successfully reached the end of the integration interval.",2.511,rho_low
BT-549,act_hamming+zero,8,750,105014,4.999999873689376e-05,1.0000000116860974e-07,32.560001373291016,,NSC750,cladribine,other,antimetabolite,,,241279087.64641,244366381.17586023,1.0127955288606472,0.7174870840998275,1.4,0.2825129159001724,0.0098926369327836,6.2,-0.0001051156556194,0.1529699666355507,0.9523710048460292,0.0211938352611301,,0.0187181104482295,0.0264300416879693,7.641725324907931,-0.0588312796226886,0.0409183561739937,5.25,0.2033398275045627,0.0578624312878497,166.03773584905662,2.8247793361017415,2.571484396091899,0.9103310701927624,400.0,0.0354462044251867,0.0330706587197516,0.9329816621001276,400.0,-0.0091921186705961,3.125475493515051e-05,0.0092233734255312,0.1419362516643427,1.0,"2,True,The solver successfully reached the end of the integration interval.",6.331,schedule_bolus
BT-549,hamming+zero,8,750,105014,4.999999873689376e-05,1.0000000116860974e-07,32.560001373291016,,NSC750,cladribine,other,antimetabolite,,,241279087.64641,244366381.17586023,1.0127955288606472,0.7174870840998275,1.4,0.2825129159001724,0.0098926369327836,6.2,-0.0001051156556194,0.1529699666355507,0.9523710048460292,0.0211938352611301,,0.0187181104482295,0.0264300416879693,7.641725324907931,-0.0588312796226886,0.0409183561739937,5.25,0.2033398275045627,0.0578624312878497,166.03773584905662,2.8247793361017415,2.571484396091899,0.9103310701927624,400.0,0.0354462044251867,0.0330706587197516,0.9329816621001276,400.0,-0.0091921186705961,3.125475493515051e-05,0.0092233734255312,0.1419362516643427,1.0,"2,True,The solver successfully reached the end of the integration interval.",6.371,schedule_bolus
BT-549,linear_curve,8,67574,246131,1.0000000116860974e-07,1.9999999494757503e-05,-89.91000366210938,,vincristine,mitoxantrone,antimitotic,dna_intercalator,,,241279087.64641,236393264.5589782,0.979750325089956,0.0058964928726594,2.6,0.9941035071273404,0.2860809000625722,,0.0143012435101108,2.240534948629273,0.4023457827395033,0.3954005464497671,,0.0328640635040683,2.072282009881936,1.9685217978885097,0.8798238390861629,0.9786358259028234,5.25,0.1843879427084984,0.0320355066106583,173.58490566037736,7.78235570985863,7.074159992911135,0.9089998268711416,400.0,8.00801319291759,7.214163147006028,0.9008680397013265,400.0,0.1201191982810093,0.0155248783836853,-0.104594319897324,0.1097697412131473,1.0,"2,True,The solver successfully reached the end of the integration interval.",0.52,schedule_bolus
BT-549,ours+zero,8,125973,681239,2.999999892949745e-08,3.000000106112566e-07,-95.31999969482422,,paclitaxel,bortezomib,antimitotic,proteasome,,,241279087.64641,243438550.86002564,1.0089500637402122,0.0273406790630764,2.8000000000000003,0.9726593209369236,0.2021600382141786,16.2,0.0015469876577349,1.574478403577704,0.5249188130886934,0.2799078618399916,,0.037972551196448,1.984481001135076,1.956163162416555,0.9080143267656102,0.9360440304500234,5.25,0.1968849621189929,0.0578624312878497,168.55345911949686,1.209431932385871,1.0307174984227796,0.8522327473109315,400.0,3.5747289851977944,3.293924688121014,0.9214473885322404,400.0,-0.1711060435458917,0.0054178347608327,0.1765238783067245,0.1375078456840533,1.0,"2,True,The solver successfully reached the end of the integration interval.",0.485,schedule_bolus
BT-549,tanimoto+zero,8,750,105014,4.999999873689376e-05,1.0000000116860974e-07,32.560001373291016,,NSC750,cladribine,other,antimetabolite,,,241279087.64641,244366381.17586023,1.0127955288606472,0.7174870840998275,1.4,0.2825129159001724,0.0098926369327836,6.2,-0.0001051156556194,0.1529699666355507,0.9523710048460292,0.0211938352611301,,0.0187181104482295,0.0264300416879693,7.641725324907931,-0.0588312796226886,0.0409183561739937,5.25,0.2033398275045627,0.0578624312878497,166.03773584905662,2.8247793361017415,2.571484396091899,0.9103310701927624,400.0,0.0354462044251867,0.0330706587197516,0.9329816621001276,400.0,-0.0091921186705961,3.125475493515051e-05,0.0092233734255312,0.1419362516643427,1.0,"2,True,The solver successfully reached the end of the integration interval.",6.158,schedule_bolus
HCT-15,act_hamming+zero,2,740,762,1.0000000116860974e-07,4.999999987376214e-07,-7.039999961853027,,NSC740,mechlorethamine,other,alkylator,,,241279087.64641,244434236.3731304,1.013076760018855,0.3595035562209699,1.6,0.64049644377903,0.0355225529318235,9.4,-0.0002256929907298,0.4536789439069779,0.8632774539637842,0.0638496013186338,,0.0326460433819888,0.0774548551780549,7.847089338128805,-0.0840382670926485,0.2252301616718514,5.25,0.2033398275045627,0.060731260348103,166.03773584905662,7.584199854426628,7.154628331910243,0.9433596779143868,400.0,0.0170699257468256,0.0158805821845184,0.930325205865152,400.0,-0.0263070198401105,0.0001604672065785,0.0264674870466891,0.1423392651212233,1.0,"2,True,The solver successfully reached the end of the integration interval.",2.775,schedule_bolus
BT-549,random,8,105014,628503,9.999999974752427e-07,3.999999886872274e-09,13.720000267028809,,cladribine,NSC628503,antimetabolite,other,,,241279087.64641,244458237.56135097,1.013176234815675,0.4167791102942199,1.6,0.58322088970578,0.0288859045913005,8.600000000000001,-0.0002683346109936,0.3894761914725909,0.8827897840460659,0.0541427012898258,,0.0303570018904617,0.0643111182895537,7.929864160438745,-0.0935475417287339,0.1788359078672557,5.25,0.2033398275045627,0.060731260348103,166.03773584905662,0.3544620392146589,0.334053079746676,0.942422721730088,400.0,0.7306881356583182,0.6501817379222664,0.8898211236678709,400.0,-0.0254155572273238,0.0001144005593156,0.0255299577866394,0.1423781116570184,1.0,"2,True,The solver successfully reached the end of the integration interval.",10.112,schedule_bolus
HCT-15,hamming+zero,2,740,762,1.0000000116860974e-07,4.999999987376214e-07,-7.039999961853027,,NSC740,mechlorethamine,other,alkylator,,,241279087.64641,244434236.3731304,1.013076760018855,0.3595035562209699,1.6,0.64049644377903,0.0355225529318235,9.4,-0.0002256929907298,0.4536789439069779,0.8632774539637842,0.0638496013186338,,0.0326460433819888,0.0774548551780549,7.847089338128805,-0.0840382670926485,0.2252301616718514,5.25,0.2033398275045627,0.060731260348103,166.03773584905662,7.584199854426628,7.154628331910243,0.9433596779143868,400.0,0.0170699257468256,0.0158805821845184,0.930325205865152,400.0,-0.0263070198401105,0.0001604672065785,0.0264674870466891,0.1423392651212233,1.0,"2,True,The solver successfully reached the end of the integration interval.",2.59,schedule_bolus
HCT-15,linear_curve,2,681239,754230,3.000000106112566e-07,9.999999960041972e-13,-75.93000030517578,,bortezomib,romidepsin,proteasome,hdac_inhibitor,,,241279087.64641,244486427.2463345,1.0132930691640576,0.1327016098078702,2.2,0.8672983901921297,0.0927548181785537,12.400000000000002,-0.000318412362239,0.8877670143275135,0.7175394964475682,0.1441541885073704,,0.0423481248292287,1.3305914271408414,2.511002510861085,0.5571104751691089,0.6584066996301903,5.25,0.2033398275045627,0.060731260348103,166.03773584905662,1.886050308647498,1.6624786157243645,0.8814603768000979,400.0,0.0013158199805222,0.0011938404132014,0.9072976781577888,400.0,-0.0714709827226549,0.0008656611290795,0.0723366438517345,0.143266293985243,1.0,"2,True,The solver successfully reached the end of the integration interval.",3.441,schedule_bolus
HCT-15,random,2,686673,747973,1.9999999949504854e-06,3.000000106112566e-07,7.989999771118164,,NSC686673,vorinostat,other,hdac_inhibitor,,,241279087.64641,244411108.5628922,1.0129809050052117,0.4522918826670097,1.4,0.5477081173329903,0.0238882975152425,8.200000000000001,-0.000184599092725,0.3533652606414418,0.9031087141487388,0.044259967169291,,0.0276108912619264,0.0521960669686826,7.979214531122976,-0.0946554426854613,0.1307166086915228,5.25,0.2033398275045627,0.060731260348103,166.03773584905662,0.0210393399323428,0.0180903749651626,0.859835670859287,400.0,1.6275057172694942,1.4936922360225324,0.9177800238567124,400.0,-0.0170086501296469,7.983877372030879e-05,0.0170884889033672,0.1421570005039461,1.0,"2,True,The solver successfully reached the end of the integration interval.",1.566,schedule_bolus
HCT-15,tanimoto+zero,2,681239,754230,3.000000106112566e-07,9.999999960041972e-13,-75.93000030517578,,bortezomib,romidepsin,proteasome,hdac_inhibitor,,,241279087.64641,244486427.2463345,1.0132930691640576,0.1327016098078702,2.2,0.8672983901921297,0.0927548181785537,12.400000000000002,-0.000318412362239,0.8877670143275135,0.7175394964475682,0.1441541885073704,,0.0423481248292287,1.3305914271408414,2.511002510861085,0.5571104751691089,0.6584066996301903,5.25,0.2033398275045627,0.060731260348103,166.03773584905662,1.886050308647498,1.6624786157243645,0.8814603768000979,400.0,0.0013158199805222,0.0011938404132014,0.9072976781577888,400.0,-0.0714709827226549,0.0008656611290795,0.0723366438517345,0.143266293985243,1.0,"2,True,The solver successfully reached the end of the integration interval.",3.257,schedule_bolus
HS 578T,act_hamming+zero,2,1390,747973,9.999999747378752e-06,3.000000106112566e-07,-74.66000366210938,,NSC1390,vorinostat,other,hdac_inhibitor,,,241279087.64641,243820084.12582305,1.0105313581222457,0.0146695825341264,2.0,0.9853304174658736,0.2100842841110272,16.400000000000002,0.0008668649714847,1.8438844561299628,0.539110907412167,0.2683218813396157,,0.0387111911283897,2.809337849083714,1.5043896009139943,0.9035310213196908,0.9231659048056928,5.25,0.1968849621189929,0.0578624312878497,168.55345911949686,0.3179899896729448,0.2983421747908471,0.93821247359923,400.0,14.124554876606746,13.555352136210082,0.9597011909140312,400.0,-0.1604636085678807,0.004316240415678,0.1647798489835588,0.1378444894601399,1.0,"2,True,The solver successfully reached the end of the integration interval.",3.54,schedule_bolus
HCT-15,ours+zero,2,26980,681239,4.999999987376214e-07,3.000000106112566e-07,-85.52999877929688,,mitomycin,bortezomib,alkylator,proteasome,,,241279087.64641,244370359.3006396,1.0128120165091132,0.0576020087630702,2.4000000000000004,0.9423979912369298,0.1421271114277229,14.2,-0.0001121856280481,1.2504785677559327,0.6275237946474188,0.2023698018180021,,0.0407739763743415,1.8613452560689745,2.0088176661677046,0.8251890175962118,0.8338816989009655,5.25,0.2033398275045627,0.060731260348103,166.03773584905662,0.0065000017642851,0.0061255213768389,0.942387648338214,400.0,1.886050308647498,1.7069814947608104,0.9050561837795836,400.0,-0.1111139968202761,0.0019937175083644,0.1131077143286405,0.1439264051123784,1.0,"2,True,The solver successfully reached the end of the integration interval.",13.561,schedule_bolus
HS 578T,hamming+zero,2,1390,747973,9.999999747378752e-06,3.000000106112566e-07,-74.66000366210938,,NSC1390,vorinostat,other,hdac_inhibitor,,,241279087.64641,243820084.12582305,1.0105313581222457,0.0146695825341264,2.0,0.9853304174658736,0.2100842841110272,16.400000000000002,0.0008668649714847,1.8438844561299628,0.539110907412167,0.2683218813396157,,0.0387111911283897,2.809337849083714,1.5043896009139943,0.9035310213196908,0.9231659048056928,5.25,0.1968849621189929,0.0578624312878497,168.55345911949686,0.3179899896729448,0.2983421747908471,0.93821247359923,400.0,14.124554876606746,13.555352136210082,0.9597011909140312,400.0,-0.1604636085678807,0.004316240415678,0.1647798489835588,0.1378444894601399,1.0,"2,True,The solver successfully reached the end of the integration interval.",3.99,schedule_bolus
HS 578T,linear_curve,2,1390,681239,9.999999974752427e-07,3.000000106112566e-07,-95.26000213623048,,NSC1390,bortezomib,other,proteasome,,,241279087.64641,244520015.49877807,1.0134322782964,0.1582678185127094,1.8,0.8417321814872906,0.0748100781659536,11.4,-0.0003780728960924,0.8104922712335716,0.7668164638513891,0.115308571220357,,0.0431036250429608,1.1628491063863349,2.732297221752626,0.215707490730279,0.509772271182109,5.25,0.2033398275045627,0.060731260348103,166.03773584905662,0.03179899969032,0.028267907391763,0.8889558686453946,400.0,1.844679603273749,1.608164951161341,0.8717855113198705,400.0,-0.0521171491587142,0.0004790248986555,0.0525961740573698,0.1429858603128229,1.0,"2,True,The solver successfully reached the end of the integration interval.",0.674,schedule_bolus
HS 578T,ours+zero,2,1390,747973,9.999999747378752e-06,3.000000106112566e-07,-74.66000366210938,,NSC1390,vorinostat,other,hdac_inhibitor,,,241279087.64641,243820084.12582305,1.0105313581222457,0.0146695825341264,2.0,0.9853304174658736,0.2100842841110272,16.400000000000002,0.0008668649714847,1.8438844561299628,0.539110907412167,0.2683218813396157,,0.0387111911283897,2.809337849083714,1.5043896009139943,0.9035310213196908,0.9231659048056928,5.25,0.1968849621189929,0.0578624312878497,168.55345911949686,0.3179899896729448,0.2983421747908471,0.93821247359923,400.0,14.124554876606746,13.555352136210082,0.9597011909140312,400.0,-0.1604636085678807,0.004316240415678,0.1647798489835588,0.1378444894601399,1.0,"2,True,The solver successfully reached the end of the integration interval.",3.912,schedule_bolus
HS 578T,random,2,1390,747973,9.999999747378752e-06,3.000000106112566e-07,-74.66000366210938,,NSC1390,vorinostat,other,hdac_inhibitor,,,241279087.64641,243820084.12582305,1.0105313581222457,0.0146695825341264,2.0,0.9853304174658736,0.2100842841110272,16.400000000000002,0.0008668649714847,1.8438844561299628,0.539110907412167,0.2683218813396157,,0.0387111911283897,2.809337849083714,1.5043896009139943,0.9035310213196908,0.9231659048056928,5.25,0.1968849621189929,0.0578624312878497,168.55345911949686,0.3179899896729448,0.2983421747908471,0.93821247359923,400.0,14.124554876606746,13.555352136210082,0.9597011909140312,400.0,-0.1604636085678807,0.004316240415678,0.1647798489835588,0.1378444894601399,1.0,"2,True,The solver successfully reached the end of the integration interval.",3.898,schedule_bolus
HT29,act_hamming+zero,3,92859,673596,6.000000212225132e-06,9.999999717180683e-10,1.919999957084656,,dromostanolone,NSC673596,hormonal,other,,,241279087.64641,244433276.04155663,1.0130727798497356,0.5136672975243383,2.0,0.4863327024756617,0.0252174461227483,8.600000000000001,-0.0002239867341564,0.299620293654014,0.8890332045878264,0.0510820182199259,,0.0302151819531147,0.063844673395914,7.953538103662605,-0.0707355225272636,0.1915924432644632,5.25,0.2033398275045627,0.060731260348103,166.03773584905662,24.55665851938004,23.56732790035256,0.959712327381728,400.0,0.0365765129240756,0.0314439308744033,0.8596754682348655,400.0,-0.0239707349222204,0.0001312369601521,0.0241019718823726,0.1423027955181085,1.0,"2,True,The solver successfully reached the end of the integration interval.",0.559,schedule_bolus
HT29,hamming+zero,3,92859,673596,6.000000212225132e-06,9.999999717180683e-10,1.919999957084656,,dromostanolone,NSC673596,hormonal,other,,,241279087.64641,244433276.04155663,1.0130727798497356,0.5136672975243383,2.0,0.4863327024756617,0.0252174461227483,8.600000000000001,-0.0002239867341564,0.299620293654014,0.8890332045878264,0.0510820182199259,,0.0302151819531147,0.063844673395914,7.953538103662605,-0.0707355225272636,0.1915924432644632,5.25,0.2033398275045627,0.060731260348103,166.03773584905662,24.55665851938004,23.56732790035256,0.959712327381728,400.0,0.0365765129240756,0.0314439308744033,0.8596754682348655,400.0,-0.0239707349222204,0.0001312369601521,0.0241019718823726,0.1423027955181085,1.0,"2,True,The solver successfully reached the end of the integration interval.",0.568,schedule_bolus
HT29,linear_curve,3,681239,686673,3.000000106112566e-07,2.0000000233721948e-07,-61.86000061035156,,bortezomib,NSC686673,proteasome,other,,,241279087.64641,241970232.50334063,1.0028645037730892,0.0149965334008167,2.8000000000000003,0.9850034665991833,0.2408632911272064,17.8,0.0041743999617641,1.835296821427712,0.4680804376029111,0.3296795088803309,,0.0360137854803857,2.256998686620169,1.80456471566636,0.9056243916123792,0.9620990652840572,5.25,0.1968849621189929,0.0550853987870166,168.55345911949686,13.25144052051724,12.56978718915406,0.9485600580323496,400.0,0.0021814456952667,0.0020126735860257,0.922632908255643,400.0,-0.1868662848960141,0.0089246015185768,0.1957908864145909,0.1355055815049243,1.0,"2,True,The solver successfully reached the end of the integration interval.",2.565,schedule_bolus
HS 578T,tanimoto+zero,2,1390,747973,9.999999747378752e-06,3.000000106112566e-07,-74.66000366210938,,NSC1390,vorinostat,other,hdac_inhibitor,,,241279087.64641,243820084.12582305,1.0105313581222457,0.0146695825341264,2.0,0.9853304174658736,0.2100842841110272,16.400000000000002,0.0008668649714847,1.8438844561299628,0.539110907412167,0.2683218813396157,,0.0387111911283897,2.809337849083714,1.5043896009139943,0.9035310213196908,0.9231659048056928,5.25,0.1968849621189929,0.0578624312878497,168.55345911949686,0.3179899896729448,0.2983421747908471,0.93821247359923,400.0,14.124554876606746,13.555352136210082,0.9597011909140312,400.0,-0.1604636085678807,0.004316240415678,0.1647798489835588,0.1378444894601399,1.0,"2,True,The solver successfully reached the end of the integration interval.",3.907,schedule_bolus
HT29,ours+zero,3,409962,754143,1.9999999949504854e-06,9.99999993922529e-09,-72.94999694824219,,carmustine,bendamustine,alkylator,alkylator,,,241279087.64641,244272208.06848744,1.01240522107106,0.017875679448146,1.6,0.982124320551854,0.1936096902929744,15.800000000000002,6.228357269490849e-05,1.7571195765384984,0.5751684677996274,0.2402049311022154,,0.0397957378164944,3.001914501810363,1.4213206960142808,0.88093020980782,0.8919080886965854,5.25,0.2033398275045627,0.060731260348103,166.03773584905662,0.0436293133750336,0.04159735817094,0.9534268351503236,400.0,9.365338077103742,9.01380238482598,0.9624641748772323,400.0,-0.1375352714696989,0.0029827332704919,0.1405180047401908,0.1444556437608314,1.0,"2,True,The solver successfully reached the end of the integration interval.",2.685,schedule_bolus
HT29,random,3,409962,754143,1.9999999949504854e-06,9.99999993922529e-09,-72.94999694824219,,carmustine,bendamustine,alkylator,alkylator,,,241279087.64641,244272208.06848744,1.01240522107106,0.017875679448146,1.6,0.982124320551854,0.1936096902929744,15.800000000000002,6.228357269490849e-05,1.7571195765384984,0.5751684677996274,0.2402049311022154,,0.0397957378164944,3.001914501810363,1.4213206960142808,0.88093020980782,0.8919080886965854,5.25,0.2033398275045627,0.060731260348103,166.03773584905662,0.0436293133750336,0.04159735817094,0.9534268351503236,400.0,9.365338077103742,9.01380238482598,0.9624641748772323,400.0,-0.1375352714696989,0.0029827332704919,0.1405180047401908,0.1444556437608314,1.0,"2,True,The solver successfully reached the end of the integration interval.",2.809,schedule_bolus
HT29,tanimoto+zero,3,92859,673596,6.000000212225132e-06,9.999999717180683e-10,1.919999957084656,,dromostanolone,NSC673596,hormonal,other,,,241279087.64641,244433276.04155663,1.0130727798497356,0.5136672975243383,2.0,0.4863327024756617,0.0252174461227483,8.600000000000001,-0.0002239867341564,0.299620293654014,0.8890332045878264,0.0510820182199259,,0.0302151819531147,0.063844673395914,7.953538103662605,-0.0707355225272636,0.1915924432644632,5.25,0.2033398275045627,0.060731260348103,166.03773584905662,24.55665851938004,23.56732790035256,0.959712327381728,400.0,0.0365765129240756,0.0314439308744033,0.8596754682348655,400.0,-0.0239707349222204,0.0001312369601521,0.0241019718823726,0.1423027955181085,1.0,"2,True,The solver successfully reached the end of the integration interval.",0.619,schedule_bolus
KM12,act_hamming+zero,5,26271,747973,9.999999747378752e-06,3.000000106112566e-07,0.8999999761581421,,cyclophosphamide,vorinostat,alkylator,hdac_inhibitor,,,241279087.64641,243841655.4097026,1.0106207619909768,0.014896226047955,2.0,0.985103773952045,0.2089285144808728,16.400000000000002,0.0008284437101756,1.8372259569897813,0.5408070995351351,0.2669576157559638,,0.038762474256846,2.806027441688867,1.505233267299713,0.9028624313786048,0.9219137508404782,5.25,0.1968849621189929,0.0578624312878497,168.55345911949686,12.29804002938318,11.838452465802684,0.962629202500364,400.0,13.760418197208445,13.204850239734371,0.95962564876213,400.0,-0.1593619941876978,0.0042455541870692,0.1636075483747671,0.1378549596756918,1.0,"2,True,The solver successfully reached the end of the integration interval.",8.229,schedule_bolus
KM12,hamming+zero,5,26271,747973,9.999999747378752e-06,3.000000106112566e-07,0.8999999761581421,,cyclophosphamide,vorinostat,alkylator,hdac_inhibitor,,,241279087.64641,243841655.4097026,1.0106207619909768,0.014896226047955,2.0,0.985103773952045,0.2089285144808728,16.400000000000002,0.0008284437101756,1.8372259569897813,0.5408070995351351,0.2669576157559638,,0.038762474256846,2.806027441688867,1.505233267299713,0.9028624313786048,0.9219137508404782,5.25,0.1968849621189929,0.0578624312878497,168.55345911949686,12.29804002938318,11.838452465802684,0.962629202500364,400.0,13.760418197208445,13.204850239734371,0.95962564876213,400.0,-0.1593619941876978,0.0042455541870692,0.1636075483747671,0.1378549596756918,1.0,"2,True,The solver successfully reached the end of the integration interval.",8.256,schedule_bolus
KM12,linear_curve,5,673596,754143,1.000000013351432e-10,9.99999993922529e-09,-83.88999938964844,,NSC673596,bendamustine,other,alkylator,,,241279087.64641,244525479.6554615,1.0134549249200122,0.0371169107828697,1.6,0.9628830892171304,0.148630714280679,14.2,-0.0003877777318162,1.4398103117079084,0.6419883118618532,0.1924728786914405,,0.0412896108824144,2.496739407333356,1.6162659990300572,0.7906692496360581,0.7999066213669439,5.25,0.2033398275045627,0.060731260348103,166.03773584905662,0.0001903393273666,0.0001770374514565,0.9301149368653464,400.0,4.756663657253603,4.568102005626545,0.96035842237037,400.0,-0.1007736131346972,0.0015648705982803,0.1023384837329776,0.1440497247349971,1.0,"2,True,The solver successfully reached the end of the integration interval.",4.41,schedule_bolus
KM12,random,5,762,713563,1.9999999949504854e-06,9.999999747378752e-05,0.1879999935626983,,mechlorethamine,arsenic trioxide,alkylator,other,,,241279087.64641,244588361.50705057,1.0137155436590934,0.1146825733755722,1.4,0.8853174266244277,0.0842846746733148,11.8,-0.0004994459734777,0.949286624557614,0.7588719664263851,0.1198314901979466,,0.0430873462853875,1.4419814674232625,2.3638932209901125,0.2849546530415496,0.5207473653573164,5.25,0.2033398275045627,0.060731260348103,166.03773584905662,0.059753538248718,0.0560331333354017,0.9377374960152064,400.0,1.6536674210308386,1.5325203881822267,0.9267403884796296,400.0,-0.054260837714565,0.0004847312271127,0.0547455689416778,0.1432183810012502,1.0,"2,True,The solver successfully reached the end of the integration interval.",0.577,schedule_bolus
KM12,ours+zero,5,702294,754143,9.999999747378752e-05,9.99999993922529e-09,-69.5,,NSC702294,bendamustine,other,alkylator,,,241279087.64641,244198227.3448999,1.012098602191201,0.0175889041786998,1.8,0.9824110958213002,0.2075041679927853,16.0,0.0001938347083937,1.7646461045788568,0.5484414527220384,0.2608697274637111,,0.0390522079900111,2.869700017473826,1.4772875203394296,0.8972596308360775,0.9195058399125194,5.25,0.2033398275045627,0.060731260348103,166.03773584905662,0.013,0.0121693143382132,0.936101102939483,400.0,4.756663657253603,4.57077392465578,0.9609201436148732,400.0,-0.1609059548438043,0.0039679348317457,0.16487388967555,0.1450387157197039,1.0,"2,True,The solver successfully reached the end of the integration interval.",6.502,schedule_bolus
KM12,tanimoto+zero,5,26271,747973,9.999999747378752e-06,3.000000106112566e-07,0.8999999761581421,,cyclophosphamide,vorinostat,alkylator,hdac_inhibitor,,,241279087.64641,243841655.4097026,1.0106207619909768,0.014896226047955,2.0,0.985103773952045,0.2089285144808728,16.400000000000002,0.0008284437101756,1.8372259569897813,0.5408070995351351,0.2669576157559638,,0.038762474256846,2.806027441688867,1.505233267299713,0.9028624313786048,0.9219137508404782,5.25,0.1968849621189929,0.0578624312878497,168.55345911949686,12.29804002938318,11.838452465802684,0.962629202500364,400.0,13.760418197208445,13.204850239734371,0.95962564876213,400.0,-0.1593619941876978,0.0042455541870692,0.1636075483747671,0.1378549596756918,1.0,"2,True,The solver successfully reached the end of the integration interval.",9.692,schedule_bolus
M14,act_hamming+zero,4,25154,119875,3.000000106112566e-07,1.9999999494757503e-05,26.59000015258789,,NSC25154,cisplatin,other,platinum,,,241279087.64641,244383421.08636975,1.0128661520989712,0.5042396373333229,1.4,0.4957603626666771,0.0200253216901363,7.800000000000001,-0.0001353983854544,0.3061470723676947,0.9135713831207938,0.039257512805952,,0.0258554649454205,0.0458239648301562,7.983953236513476,-0.1004843073439485,0.1051655144623407,5.25,0.2033398275045627,0.060731260348103,166.03773584905662,0.0003964561443559,0.0003429140949362,0.8649483677275076,400.0,2.7738259160832364,2.642885505283206,0.9527942939602628,400.0,-0.0139549333711683,7.12429397677905e-05,0.0140261763109361,0.1420452616726505,1.0,"2,True,The solver successfully reached the end of the integration interval.",8.902,schedule_bolus
M14,linear_curve,4,609699,681239,1.0000000116860974e-07,3.000000106112566e-07,-96.5999984741211,,topotecan,bortezomib,topo1,proteasome,,,241279087.64641,242010209.64398292,1.0030301921509432,0.006310455935312,2.2,0.993689544064688,0.2918263519682675,18.4,0.0041026538740683,2.2105824671761956,0.428360960090597,0.3681901167146388,,0.0347038757633873,2.668797985839273,1.606261917163395,0.8803929201631512,0.9780600541332534,5.25,0.1968849621189929,0.0578624312878497,168.55345911949686,2.457259156447261,2.306657968697285,0.9387117197814342,400.0,2.3507757776988565,2.1848340769863555,0.9294098134382944,400.0,-0.2673693705580304,0.0129830339644219,0.2803524045224523,0.1387936789015819,1.0,"2,True,The solver successfully reached the end of the integration interval.",0.941,schedule_bolus
M14,ours+zero,4,719344,761432,3.000000026176508e-09,5.000000058430487e-08,-45.69100189208984,,anastrozole,NSC761432,hormonal,other,,,241279087.64641,244500190.50453597,1.0133501120612924,0.1599057897022591,2.4000000000000004,0.8400942102977409,0.0760056060282134,11.6,-0.0003428600950583,0.8070520081435597,0.7512695354480224,0.1242042217752684,,0.0427904581203377,1.0326514373487596,2.96024346961868,0.3493317074256929,0.5721724395694128,5.25,0.2033398275045627,0.060731260348103,166.03773584905662,7.362687652253065,7.0395181493093935,0.9561071285096852,400.0,107.97436358538803,103.73954116257276,0.9607793713045012,400.0,-0.061813448189244,0.0006324096985815,0.0624458578878256,0.1430890126703374,1.0,"2,True,The solver successfully reached the end of the integration interval.",3.654,schedule_bolus
M14,random,4,125973,246131,3.000000106112566e-07,1.9999999494757503e-05,-2.259999990463257,,paclitaxel,mitoxantrone,antimitotic,dna_intercalator,,,241279087.64641,244653889.76455012,1.0139871306339066,0.1658422908446156,2.4000000000000004,0.8341577091553843,0.0794131848219999,11.4,-0.0006157832715626,0.7912209084493932,0.7439347891546088,0.1284651315932704,,0.0426895238866881,1.038750525924819,2.951453763091368,0.4205351009459255,0.5991080334553296,5.25,0.2033398275045627,0.060731260348103,166.03773584905662,8.261295311368569,6.606605603023088,0.7997057790600438,400.0,1.8278514814836395,1.0505177456002364,0.5747281747133782,400.0,-0.064445467101915,0.0006744812523435,0.0651199483542586,0.1436157892980594,1.0,"2,True,The solver successfully reached the end of the integration interval.",0.877,schedule_bolus
M14,hamming+zero,4,25154,119875,3.000000106112566e-07,1.9999999494757503e-05,26.59000015258789,,NSC25154,cisplatin,other,platinum,,,241279087.64641,244383421.08636975,1.0128661520989712,0.5042396373333229,1.4,0.4957603626666771,0.0200253216901363,7.800000000000001,-0.0001353983854544,0.3061470723676947,0.9135713831207938,0.039257512805952,,0.0258554649454205,0.0458239648301562,7.983953236513476,-0.1004843073439485,0.1051655144623407,5.25,0.2033398275045627,0.060731260348103,166.03773584905662,0.0003964561443559,0.0003429140949362,0.8649483677275076,400.0,2.7738259160832364,2.642885505283206,0.9527942939602628,400.0,-0.0139549333711683,7.12429397677905e-05,0.0140261763109361,0.1420452616726505,1.0,"2,True,The solver successfully reached the end of the integration interval.",9.405,schedule_bolus
M14,tanimoto+zero,4,1390,753082,0.0001999999949475,4.999999873689376e-06,-4.0920000076293945,,NSC1390,pazopanib,other,kinase_inhibitor,,,241279087.64641,243410374.3750669,1.008833284100362,0.011000163272471,2.0,0.9889998367275288,0.2305119055535866,17.200000000000003,0.0015972574285668,1.9689030797069853,0.5103192121340921,0.2921580813507774,,0.0378184270732749,2.920805799419732,1.4692025788276937,0.909624308122905,0.942234430086414,5.25,0.1968849621189929,0.0578624312878497,168.55345911949686,6.983604890613453,6.675478041977015,0.9558785393127572,400.0,12.342591852378016,11.825755973633806,0.9581258227667446,400.0,-0.1749218576678435,0.0056388882521326,0.1805607459199761,0.1375808221870477,1.0,"2,True,The solver successfully reached the end of the integration interval.",3.428,schedule_bolus
MDA-MB-435,pool_optimum,-1,24559,701852,9.999999974752427e-07,9.999999974752427e-07,-93.4499969482422,,NSC24559,irinotecan,other,topo1,,,241279087.64641,244584731.37956733,1.0137004983125668,0.1213210816604714,1.4,0.8786789183395286,0.0811498994470788,11.6,-0.0004930002210128,0.9248477804372652,0.7651115883040059,0.1162752202052057,,0.0431581198523388,1.3733461245062504,2.4427282192795037,0.2318420531751532,0.5031745831548919,5.25,0.2033398275045627,0.060731260348103,166.03773584905662,1.7372182228308797,1.6086921306706747,0.926016150146776,400.0,0.5294903307148732,0.4670892882961447,0.8821488537203696,400.0,-0.0523545723008245,0.0004537217418059,0.0528082940426304,0.1431740460017877,1.0,"2,True,The solver successfully reached the end of the integration interval.",0.775,schedule_bolus
MOLT-4,act_hamming+zero,3,63878,105014,9.99999993922529e-09,1.0000000116860974e-07,-99.70999908447266,,cytarabine,cladribine,antimetabolite,antimetabolite,,,241279087.64641,244648295.41608053,1.0139639444202808,0.0181870158628578,1.6,0.9818129841371422,0.1888216958135091,15.2,-0.0006058524159733,1.7496206891085069,0.5851754697337707,0.2327138875750105,,0.0400520613566733,2.692407855065339,1.5400083340905466,0.8732901077974412,0.8837556031597706,5.25,0.2033398275045627,0.060731260348103,166.03773584905662,1.3958276350340657,1.3374485778513063,0.9581760270985504,400.0,2.242308927114334,2.1513194786412915,0.959421537606712,400.0,-0.1480736124227646,0.0029073929997923,0.150981005422557,0.1456321022006182,1.0,"2,True,The solver successfully reached the end of the integration interval.",16.206,schedule_bolus
MOLT-4,hamming+zero,3,63878,105014,9.99999993922529e-09,1.0000000116860974e-07,-99.70999908447266,,cytarabine,cladribine,antimetabolite,antimetabolite,,,241279087.64641,244648295.41608053,1.0139639444202808,0.0181870158628578,1.6,0.9818129841371422,0.1888216958135091,15.2,-0.0006058524159733,1.7496206891085069,0.5851754697337707,0.2327138875750105,,0.0400520613566733,2.692407855065339,1.5400083340905466,0.8732901077974412,0.8837556031597706,5.25,0.2033398275045627,0.060731260348103,166.03773584905662,1.3958276350340657,1.3374485778513063,0.9581760270985504,400.0,2.242308927114334,2.1513194786412915,0.959421537606712,400.0,-0.1480736124227646,0.0029073929997923,0.150981005422557,0.1456321022006182,1.0,"2,True,The solver successfully reached the end of the integration interval.",16.253,schedule_bolus
MOLT-4,linear_curve,3,6396,63878,9.999999974752427e-07,1.0000000116860974e-07,-99.87999725341795,,thiotepa,cytarabine,alkylator,antimetabolite,,,241279087.64641,231777502.57935792,0.9606199395076606,0.0007872101895562,1.8,0.9992127898104436,0.4086641273329689,,0.0228650627523802,3.113794180612275,0.2781005263753007,0.5557981891233551,,0.0268461973698172,4.399084408736577,1.152080314212208,0.7441346667082575,0.9958884564905132,5.25,0.1724312542656479,0.0425249427297684,178.61635220125788,5.1755533853606925,4.981225679257261,0.962452767533401,400.0,13.958276598289451,13.448743542320882,0.9634959908996922,400.0,-0.4794180362569473,0.054853445830601,0.5342714820875484,0.1148382191788783,1.0,"2,True,The solver successfully reached the end of the integration interval.",1.708,schedule_bolus
MOLT-4,ours+zero,3,63878,105014,9.99999993922529e-09,1.0000000116860974e-07,-99.70999908447266,,cytarabine,cladribine,antimetabolite,antimetabolite,,,241279087.64641,244648295.41608053,1.0139639444202808,0.0181870158628578,1.6,0.9818129841371422,0.1888216958135091,15.2,-0.0006058524159733,1.7496206891085069,0.5851754697337707,0.2327138875750105,,0.0400520613566733,2.692407855065339,1.5400083340905466,0.8732901077974412,0.8837556031597706,5.25,0.2033398275045627,0.060731260348103,166.03773584905662,1.3958276350340657,1.3374485778513063,0.9581760270985504,400.0,2.242308927114334,2.1513194786412915,0.959421537606712,400.0,-0.1480736124227646,0.0029073929997923,0.150981005422557,0.1456321022006182,1.0,"2,True,The solver successfully reached the end of the integration interval.",15.602,schedule_bolus
MOLT-4,random,3,63878,105014,9.99999993922529e-09,1.0000000116860974e-07,-99.70999908447266,,cytarabine,cladribine,antimetabolite,antimetabolite,,,241279087.64641,244648295.41608053,1.0139639444202808,0.0181870158628578,1.6,0.9818129841371422,0.1888216958135091,15.2,-0.0006058524159733,1.7496206891085069,0.5851754697337707,0.2327138875750105,,0.0400520613566733,2.692407855065339,1.5400083340905466,0.8732901077974412,0.8837556031597706,5.25,0.2033398275045627,0.060731260348103,166.03773584905662,1.3958276350340657,1.3374485778513063,0.9581760270985504,400.0,2.242308927114334,2.1513194786412915,0.959421537606712,400.0,-0.1480736124227646,0.0029073929997923,0.150981005422557,0.1456321022006182,1.0,"2,True,The solver successfully reached the end of the integration interval.",15.498,schedule_bolus
NCI-H322M,act_hamming+zero,5,740,6396,1.0000000116860974e-07,9.999999974752427e-07,-56.81999969482422,,NSC740,thiotepa,other,alkylator,,,241279087.64641,244359812.33882505,1.012768303803145,0.6464565544435014,1.4,0.3535434455564986,0.012644795019163,6.800000000000001,-9.3441185476621e-05,0.1982447109873148,0.941413105058514,0.0262197603368521,,0.0211432524636696,0.0321015564513668,7.842711860762791,-0.075978201401359,0.0581105766498308,5.25,0.2033398275045627,0.0578624312878497,166.03773584905662,2.64821642039975,2.414419254698394,0.9117152344874956,400.0,0.036689003776464,0.0337790850476513,0.9206868971820008,400.0,-0.0092222813474636,4.320982928296413e-05,0.0092654911767465,0.1419239693881027,1.0,"2,True,The solver successfully reached the end of the integration interval.",2.917,schedule_bolus
NCI-H322M,hamming+zero,5,740,6396,1.0000000116860974e-07,9.999999974752427e-07,-56.81999969482422,,NSC740,thiotepa,other,alkylator,,,241279087.64641,244359812.33882505,1.012768303803145,0.6464565544435014,1.4,0.3535434455564986,0.012644795019163,6.800000000000001,-9.3441185476621e-05,0.1982447109873148,0.941413105058514,0.0262197603368521,,0.0211432524636696,0.0321015564513668,7.842711860762791,-0.075978201401359,0.0581105766498308,5.25,0.2033398275045627,0.0578624312878497,166.03773584905662,2.64821642039975,2.414419254698394,0.9117152344874956,400.0,0.036689003776464,0.0337790850476513,0.9206868971820008,400.0,-0.0092222813474636,4.320982928296413e-05,0.0092654911767465,0.1419239693881027,1.0,"2,True,The solver successfully reached the end of the integration interval.",3.319,schedule_bolus
NCI-H322M,linear_curve,5,713563,715055,9.999999974752427e-07,9.999999747378752e-06,-33.05699920654297,,arsenic trioxide,gefitinib,other,kinase_inhibitor,,,241279087.64641,241735647.6574464,1.0018922485802229,0.0072807572666392,2.4000000000000004,0.9927192427333608,0.2736282949837249,18.4,0.0045956431852843,2.1487396443190363,0.4414564462679494,0.3551121371114218,,0.0351967071468046,2.8120156985029214,1.538594133561043,0.8940149849872371,0.9720589242238654,5.25,0.1968849621189929,0.0550853987870166,168.55345911949686,0.0154601865533299,0.014460228948583,0.9353204696917788,400.0,43.17168588144336,41.48263769486012,0.9608760197315052,400.0,-0.2270473717582128,0.0110516061028429,0.2380989778610558,0.136470355651242,1.0,"2,True,The solver successfully reached the end of the integration interval.",3.6,schedule_bolus
NCI-H322M,ours+zero,5,14229,24559,3.000000106112566e-06,9.999999974752427e-07,-61.189998626708984,,NSC14229,NSC24559,other,other,,,241279087.64641,244610946.1909112,1.0138091476430977,0.0990405933388713,1.6,0.9009594066611288,0.0929280187873274,12.000000000000002,-0.0005395457995765,1.0135689012187337,0.7362446997283746,0.1329778187067165,,0.0427836091647243,1.5703328134179857,2.2334952038861045,0.4492738431338915,0.5888086167658181,5.25,0.2033398275045627,0.060731260348103,166.03773584905662,0.0176098908934239,0.0158550295608288,0.9003479724425506,400.0,1.676085180686554,1.5560173094567176,0.9283640995019988,400.0,-0.0628449778923154,0.0006267895938527,0.0634717674861682,0.1434394145356111,1.0,"2,True,The solver successfully reached the end of the integration interval.",1.006,schedule_bolus
MOLT-4,tanimoto+zero,3,63878,105014,9.99999993922529e-09,1.0000000116860974e-07,-99.70999908447266,,cytarabine,cladribine,antimetabolite,antimetabolite,,,241279087.64641,244648295.41608053,1.0139639444202808,0.0181870158628578,1.6,0.9818129841371422,0.1888216958135091,15.2,-0.0006058524159733,1.7496206891085069,0.5851754697337707,0.2327138875750105,,0.0400520613566733,2.692407855065339,1.5400083340905466,0.8732901077974412,0.8837556031597706,5.25,0.2033398275045627,0.060731260348103,166.03773584905662,1.3958276350340657,1.3374485778513063,0.9581760270985504,400.0,2.242308927114334,2.1513194786412915,0.959421537606712,400.0,-0.1480736124227646,0.0029073929997923,0.150981005422557,0.1456321022006182,1.0,"2,True,The solver successfully reached the end of the integration interval.",16.014,schedule_bolus
NCI-H322M,random,5,32065,760766,9.999999747378752e-05,1.9999999949504854e-06,14.109999656677246,,hydroxyurea,NSC760766,antimetabolite,other,,,241279087.64641,244441813.073965,1.0131081622464932,0.3784095463435701,1.6,0.6215904536564298,0.0334967330740472,9.2,-0.0002391545598432,0.4314200506511774,0.8692284490356703,0.0608660680659438,,0.0320396761316866,0.0736355862431216,7.874628224429169,-0.084495983328483,0.2133542583712084,5.25,0.2033398275045627,0.060731260348103,166.03773584905662,1.2146619603346742,1.153798093248662,0.9498923411833508,400.0,0.4698457623446664,0.4173302824629084,0.8882282568226421,400.0,-0.0254439717979735,0.0001446450640336,0.0255886168620071,0.1423476411710633,1.0,"2,True,The solver successfully reached the end of the integration interval.",4.225,schedule_bolus
NCI-H322M,tanimoto+zero,5,740,6396,1.0000000116860974e-07,9.999999974752427e-07,-56.81999969482422,,NSC740,thiotepa,other,alkylator,,,241279087.64641,244359812.33882505,1.012768303803145,0.6464565544435014,1.4,0.3535434455564986,0.012644795019163,6.800000000000001,-9.3441185476621e-05,0.1982447109873148,0.941413105058514,0.0262197603368521,,0.0211432524636696,0.0321015564513668,7.842711860762791,-0.075978201401359,0.0581105766498308,5.25,0.2033398275045627,0.0578624312878497,166.03773584905662,2.64821642039975,2.414419254698394,0.9117152344874956,400.0,0.036689003776464,0.0337790850476513,0.9206868971820008,400.0,-0.0092222813474636,4.320982928296413e-05,0.0092654911767465,0.1419239693881027,1.0,"2,True,The solver successfully reached the end of the integration interval.",3.48,schedule_bolus
RPMI-8226,act_hamming+zero,0,740,19893,2.999999892949745e-08,9.999999747378752e-05,-71.53700256347656,,NSC740,fluorouracil,other,antimetabolite,,,241279087.64641,244618853.67489472,1.0138419208272995,0.1146368267892685,2.2,0.8853631732107315,0.098376828699027,12.2,-0.0005535849143688,0.9513190496211072,0.7091441723134635,0.1492654617492785,,0.0423103740951651,1.4991230012933197,2.314471258248864,0.5954503116981522,0.6771389743011637,5.25,0.2033398275045627,0.060731260348103,166.03773584905662,0.7094855804876135,0.6497737957766511,0.915837916438099,400.0,2.1075489151433833,2.015102469496033,0.9561355634580556,400.0,-0.0819160117036112,0.0009474585445481,0.0828634702481594,0.1438012515533773,1.0,"2,True,The solver successfully reached the end of the integration interval.",4.049,schedule_bolus
RPMI-8226,hamming+zero,0,740,19893,2.999999892949745e-08,9.999999747378752e-05,-71.53700256347656,,NSC740,fluorouracil,other,antimetabolite,,,241279087.64641,244618853.67489472,1.0138419208272995,0.1146368267892685,2.2,0.8853631732107315,0.098376828699027,12.2,-0.0005535849143688,0.9513190496211072,0.7091441723134635,0.1492654617492785,,0.0423103740951651,1.4991230012933197,2.314471258248864,0.5954503116981522,0.6771389743011637,5.25,0.2033398275045627,0.060731260348103,166.03773584905662,0.7094855804876135,0.6497737957766511,0.915837916438099,400.0,2.1075489151433833,2.015102469496033,0.9561355634580556,400.0,-0.0819160117036112,0.0009474585445481,0.0828634702481594,0.1438012515533773,1.0,"2,True,The solver successfully reached the end of the integration interval.",4.105,schedule_bolus
RPMI-8226,linear_curve,0,127716,681239,3.000000106112566e-07,3.000000106112566e-07,-98.0500030517578,,decitabine,bortezomib,antimetabolite,proteasome,,,241279087.64641,242929136.47895128,1.0068387561004015,0.005942424045139,2.0,0.994057575954861,0.2849519141553929,18.0,0.0024567353295549,2.2363385716579223,0.4458234040341951,0.3508371364477315,,0.0355695789623773,3.0210431437947527,1.4531990528253718,0.890068554684916,0.973710626304732,5.25,0.1968849621189929,0.0578624312878497,168.55345911949686,4.548576831035054,4.373274000312908,0.9614598505787458,400.0,1.8195660385513024,1.6966494605561109,0.9324473113968124,400.0,-0.2727279681759524,0.0110639015702614,0.2837918697462139,0.1403275984350981,1.0,"2,True,The solver successfully reached the end of the integration interval.",11.444,schedule_bolus
RPMI-8226,ours+zero,0,19893,749226,9.999999747378752e-05,4.999999873689376e-06,-76.33100128173828,,fluorouracil,NSC749226,antimetabolite,other,,,241279087.64641,244476157.012282,1.0132505033778858,0.0366780629077041,2.2,0.963321937092296,0.1689791086371486,14.6,-0.000300168406071,1.4462368146192102,0.5957171426542012,0.2249599022462891,,0.0401690892166924,2.187648460115737,1.7943501296663904,0.8642590741255136,0.8777399513379823,5.25,0.2033398275045627,0.060731260348103,166.03773584905662,2.1075489151433833,2.019733420042036,0.9583328792654034,400.0,0.4573789300076333,0.4243823524701454,0.9278572418346048,400.0,-0.1408405059401503,0.0027293043367624,0.1435698102769127,0.1449448101358363,1.0,"2,True,The solver successfully reached the end of the integration interval.",13.866,schedule_bolus
RPMI-8226,random,0,14229,246131,2.999999892949745e-08,1.9999999494757503e-05,-94.70999908447266,,NSC14229,mitoxantrone,other,dna_intercalator,,,241279087.64641,237973520.0551781,0.9862998172635824,0.0105516081297689,2.6,0.989448391870231,0.2491298372488171,,0.0114077071032497,1.9878100727355736,0.4435100678281473,0.3530965170891178,,0.0345736087204062,1.971712926757932,2.0154485618683484,0.9088417223277316,0.964282038962398,5.25,0.190568164729299,0.0359946996815853,171.0691823899371,0.0050636459130883,0.0045633925768082,0.901206888304132,400.0,9.76046109063421,8.826825712579707,0.9043451565059372,400.0,0.1262853362548772,0.0108497537548253,-0.1154355825000519,0.1167997834402811,1.0,"2,True,The solver successfully reached the end of the integration interval.",5.05,schedule_bolus
SF-295,act_hamming+zero,2,740,25154,1.0000000116860974e-07,3.000000106112566e-06,-34.849998474121094,,NSC740,NSC25154,other,other,,,241279087.64641,244474674.98764557,1.0132443610111732,0.2613488176120264,2.0,0.7386511823879736,0.0500208874146961,10.4,-0.0002975356868709,0.5930816714158162,0.8156577957560331,0.0884920086312415,,0.0375541593358811,0.1244560062839786,7.395635611403645,-0.0174955574967965,0.3680500404095767,5.25,0.2033398275045627,0.060731260348103,166.03773584905662,17.095465289796277,16.299245065848407,0.9534250627022648,400.0,0.0029871915339636,0.0026430380902921,0.8847902989284054,400.0,-0.0398513600278847,0.0003015880030434,0.0401529480309281,0.1426453306865624,1.0,"2,True,The solver successfully reached the end of the integration interval.",0.693,schedule_bolus
SF-295,act_hamming+zero,4,740,25154,1.0000000116860974e-07,3.000000106112566e-06,-34.849998474121094,,NSC740,NSC25154,other,other,,,241279087.64641,244474674.98764557,1.0132443610111732,0.2613488176120264,2.0,0.7386511823879736,0.0500208874146961,10.4,-0.0002975356868709,0.5930816714158162,0.8156577957560331,0.0884920086312415,,0.0375541593358811,0.1244560062839786,7.395635611403645,-0.0174955574967965,0.3680500404095767,5.25,0.2033398275045627,0.060731260348103,166.03773584905662,17.095465289796277,16.299245065848407,0.9534250627022648,400.0,0.0029871915339636,0.0026430380902921,0.8847902989284054,400.0,-0.0398513600278847,0.0003015880030434,0.0401529480309281,0.1426453306865624,1.0,"2,True,The solver successfully reached the end of the integration interval.",0.633,schedule_bolus
SF-295,act_hamming+zero,9,740,25154,1.0000000116860974e-07,3.000000106112566e-06,-34.849998474121094,,NSC740,NSC25154,other,other,,,241279087.64641,244474674.98764557,1.0132443610111732,0.2613488176120264,2.0,0.7386511823879736,0.0500208874146961,10.4,-0.0002975356868709,0.5930816714158162,0.8156577957560331,0.0884920086312415,,0.0375541593358811,0.1244560062839786,7.395635611403645,-0.0174955574967965,0.3680500404095767,5.25,0.2033398275045627,0.060731260348103,166.03773584905662,17.095465289796277,16.299245065848407,0.9534250627022648,400.0,0.0029871915339636,0.0026430380902921,0.8847902989284054,400.0,-0.0398513600278847,0.0003015880030434,0.0401529480309281,0.1426453306865624,1.0,"2,True,The solver successfully reached the end of the integration interval.",0.608,schedule_bolus
SF-295,hamming+zero,2,740,25154,1.0000000116860974e-07,3.000000106112566e-06,-34.849998474121094,,NSC740,NSC25154,other,other,,,241279087.64641,244474674.98764557,1.0132443610111732,0.2613488176120264,2.0,0.7386511823879736,0.0500208874146961,10.4,-0.0002975356868709,0.5930816714158162,0.8156577957560331,0.0884920086312415,,0.0375541593358811,0.1244560062839786,7.395635611403645,-0.0174955574967965,0.3680500404095767,5.25,0.2033398275045627,0.060731260348103,166.03773584905662,17.095465289796277,16.299245065848407,0.9534250627022648,400.0,0.0029871915339636,0.0026430380902921,0.8847902989284054,400.0,-0.0398513600278847,0.0003015880030434,0.0401529480309281,0.1426453306865624,1.0,"2,True,The solver successfully reached the end of the integration interval.",0.656,schedule_bolus
SF-295,hamming+zero,4,740,25154,1.0000000116860974e-07,3.000000106112566e-06,-34.849998474121094,,NSC740,NSC25154,other,other,,,241279087.64641,244474674.98764557,1.0132443610111732,0.2613488176120264,2.0,0.7386511823879736,0.0500208874146961,10.4,-0.0002975356868709,0.5930816714158162,0.8156577957560331,0.0884920086312415,,0.0375541593358811,0.1244560062839786,7.395635611403645,-0.0174955574967965,0.3680500404095767,5.25,0.2033398275045627,0.060731260348103,166.03773584905662,17.095465289796277,16.299245065848407,0.9534250627022648,400.0,0.0029871915339636,0.0026430380902921,0.8847902989284054,400.0,-0.0398513600278847,0.0003015880030434,0.0401529480309281,0.1426453306865624,1.0,"2,True,The solver successfully reached the end of the integration interval.",0.638,schedule_bolus
SF-295,hamming+zero,9,740,25154,1.0000000116860974e-07,3.000000106112566e-06,-34.849998474121094,,NSC740,NSC25154,other,other,,,241279087.64641,244474674.98764557,1.0132443610111732,0.2613488176120264,2.0,0.7386511823879736,0.0500208874146961,10.4,-0.0002975356868709,0.5930816714158162,0.8156577957560331,0.0884920086312415,,0.0375541593358811,0.1244560062839786,7.395635611403645,-0.0174955574967965,0.3680500404095767,5.25,0.2033398275045627,0.060731260348103,166.03773584905662,17.095465289796277,16.299245065848407,0.9534250627022648,400.0,0.0029871915339636,0.0026430380902921,0.8847902989284054,400.0,-0.0398513600278847,0.0003015880030434,0.0401529480309281,0.1426453306865624,1.0,"2,True,The solver successfully reached the end of the integration interval.",0.615,schedule_bolus
RPMI-8226,tanimoto+zero,0,3053,19893,1.000000013351432e-10,9.999999747378752e-05,-76.15699768066406,,dactinomycin,fluorouracil,dna_intercalator,antimetabolite,,,241279087.64641,244610151.34232745,1.0138058533311392,0.1397245243532918,2.2,0.8602754756467081,0.0875771640892553,11.8,-0.0005381345834387,0.8653705657893386,0.7294046252502963,0.1370314870952943,,0.0425919878530179,1.3416118505956256,2.4923792224842214,0.4924186323674788,0.6271304609763992,5.25,0.2033398275045627,0.060731260348103,166.03773584905662,0.0015915521843465,0.0010027609914182,0.6300522227801905,400.0,2.1075489151433833,2.0143628982904773,0.955784648136356,400.0,-0.0740462364632414,0.0007421518214841,0.0747883882847256,0.1435857593910218,1.0,"2,True,The solver successfully reached the end of the integration interval.",4.263,schedule_bolus
SF-295,linear_curve,2,119875,681239,1.9999999494757503e-05,3.000000106112566e-07,-95.12000274658205,,cisplatin,bortezomib,platinum,proteasome,,,241279087.64641,220448561.4155797,0.9136662591274506,0.0004336863688759,2.0,0.999566313631124,0.4415533770291787,,0.0446290726594891,3.373126438903768,0.2238722872712388,0.6499996635896779,,0.0227337422155315,3.897364597321961,1.3122644259965608,0.6776865190714827,0.9978669138414182,5.25,0.1500911062194407,0.0219192272371586,188.67924528301887,2.441283164882986,2.345115354242263,0.9606076787715316,400.0,6.955772353792288,6.625010704701672,0.9524478904330034,400.0,-0.408826463931246,0.0930877298689101,0.5019141938001561,0.0887197316076792,1.0,"2,True,The solver successfully reached the end of the integration interval.",27.06,schedule_bolus
SF-295,linear_curve,4,119875,681239,1.9999999494757503e-05,3.000000106112566e-07,-95.12000274658205,,cisplatin,bortezomib,platinum,proteasome,,,241279087.64641,220448561.4155797,0.9136662591274506,0.0004336863688759,2.0,0.999566313631124,0.4415533770291787,,0.0446290726594891,3.373126438903768,0.2238722872712388,0.6499996635896779,,0.0227337422155315,3.897364597321961,1.3122644259965608,0.6776865190714827,0.9978669138414182,5.25,0.1500911062194407,0.0219192272371586,188.67924528301887,2.441283164882986,2.345115354242263,0.9606076787715316,400.0,6.955772353792288,6.625010704701672,0.9524478904330034,400.0,-0.408826463931246,0.0930877298689101,0.5019141938001561,0.0887197316076792,1.0,"2,True,The solver successfully reached the end of the integration interval.",27.151,schedule_bolus
SF-295,ours+zero,2,681239,747973,3.000000106112566e-07,3.000000106112566e-07,-94.7699966430664,,bortezomib,vorinostat,proteasome,hdac_inhibitor,,,241279087.64641,192185773.9347727,0.7965289317423868,0.0001737254943495,2.0,0.9998262745056504,0.47516812320607,,0.1042151047761222,3.770438654857158,0.1566485217393713,0.8050736991127138,,0.01685071959602,4.291516826062949,1.285870367684654,0.6136120923531982,0.9990512614791972,5.25,0.0283778241901845,0.0,279.2452830188679,6.955772353792288,6.633809864728888,0.9537129059596284,400.0,10.836039768379797,10.406951665129071,0.9604017600135772,400.0,0.1972438854184649,0.1729629464825772,-0.0242809389358876,0.0065510613429508,1.0,"2,True,The solver successfully reached the end of the integration interval.",0.765,schedule_bolus
SF-295,ours+zero,4,681239,747973,3.000000106112566e-07,3.000000106112566e-07,-94.7699966430664,,bortezomib,vorinostat,proteasome,hdac_inhibitor,,,241279087.64641,192185773.9347727,0.7965289317423868,0.0001737254943495,2.0,0.9998262745056504,0.47516812320607,,0.1042151047761222,3.770438654857158,0.1566485217393713,0.8050736991127138,,0.01685071959602,4.291516826062949,1.285870367684654,0.6136120923531982,0.9990512614791972,5.25,0.0283778241901845,0.0,279.2452830188679,6.955772353792288,6.633809864728888,0.9537129059596284,400.0,10.836039768379797,10.406951665129071,0.9604017600135772,400.0,0.1972438854184649,0.1729629464825772,-0.0242809389358876,0.0065510613429508,1.0,"2,True,The solver successfully reached the end of the integration interval.",0.702,schedule_bolus
SF-295,ours+zero,9,752,9706,3.000000106112566e-06,4.999999873689376e-06,-55.029998779296875,,thioguanine,triethylenemelamine,antimetabolite,alkylator,,,241279087.64641,243766738.6513465,1.0103102636420032,0.007233945539703,1.6,0.992766054460297,0.2519333627138305,17.2,0.0009618947967788,2.1500068998227495,0.4978968406226779,0.3028606295078112,,0.0375804507027938,3.488034927215787,1.2850550402695764,0.906320838555286,0.9519397217527772,5.25,0.1968849621189929,0.060731260348103,168.55345911949686,3.731058859573924,3.5888910868236232,0.9618961324114474,400.0,6.997202228772343,6.733407060273123,0.9622999078954014,400.0,-0.2012572866362993,0.0063508370216749,0.2076081236579743,0.1392873577879662,1.0,"2,True,The solver successfully reached the end of the integration interval.",3.589,schedule_bolus
SF-295,random,2,1390,681239,1.0000000116860974e-07,3.000000106112566e-07,-66.69999694824219,,NSC1390,bortezomib,other,proteasome,,,241279087.64641,243564953.88507348,1.0094739509377346,0.017410685311479,2.0,0.982589314688521,0.2067938128136675,16.6,0.0013215431302437,1.7694863450737746,0.5414995863463534,0.2664018707977832,,0.0386485840094946,2.39808301873974,1.694037542828157,0.9041602817747774,0.9206323819473836,5.25,0.1968849621189929,0.0578624312878497,168.55345911949686,0.0034927921825599,0.0032268702749077,0.9238655225524228,400.0,6.955772353792288,6.54853012292741,0.9414526223471288,400.0,-0.1414140168387454,0.0042906756412892,0.1457046924800347,0.1369181343846993,1.0,"2,True,The solver successfully reached the end of the integration interval.",3.619,schedule_bolus
SF-295,random,4,613327,681239,9.99999993922529e-09,3.000000106112566e-07,-88.45999908447266,,gemcitabine,bortezomib,antimetabolite,proteasome,,,241279087.64641,242901275.41563243,1.006723283750143,0.0091860624492841,2.0,0.990813937550716,0.2505800885367319,17.8,0.0025065465631721,2.0471728174886925,0.4847170217840191,0.3145117289113037,,0.0368761736771636,2.6500896507099347,1.5909331884237776,0.9067028544443596,0.9568331069160344,5.25,0.1968849621189929,0.0578624312878497,168.55345911949686,1.244522088751748,1.19189477656918,0.9577128339800276,400.0,6.955772353792288,6.566454306089918,0.944029501268811,400.0,-0.1851891900250595,0.0072701048701674,0.1924592948952269,0.1371841884344357,1.0,"2,True,The solver successfully reached the end of the integration interval.",6.05,schedule_bolus
SF-295,random,9,119875,681239,1.9999999494757503e-05,3.000000026176508e-09,-27.690000534057617,,cisplatin,bortezomib,platinum,proteasome,,,241279087.64641,244617868.74923217,1.013837838726061,0.0426125645542351,1.4,0.9573874354457648,0.1340134378677496,13.6,-0.0005518362811992,1.3792463819708205,0.6709641798170131,0.1733006645151443,,0.0418567531724575,2.398245950980264,1.6590448174329162,0.7207447787659709,0.7411000125009859,5.25,0.2033398275045627,0.060731260348103,166.03773584905662,2.441283164882986,2.340135322063687,0.9585677547470628,400.0,0.0695577216845328,0.0623054739721638,0.8957377047905574,400.0,-0.0876265823119639,0.0011650328323465,0.0887916151443105,0.1439822636474489,1.0,"2,True,The solver successfully reached the end of the integration interval.",1.367,schedule_bolus
SF-295,tanimoto+zero,2,3053,713563,1.000000013351432e-10,9.999999747378752e-05,16.709999084472656,,dactinomycin,arsenic trioxide,dna_intercalator,other,,,241279087.64641,244381374.6785862,1.01285767060228,0.5623450710698691,1.4,0.4376549289301309,0.01669229861463,7.4,-0.0001317616930583,0.2587811612040387,0.9273612778437424,0.0327510421148746,,0.0238476629645528,0.0394258337293738,7.945428694380806,-0.0855004444199198,0.0835384683157826,5.25,0.2033398275045627,0.060731260348103,166.03773584905662,0.0014506550477077,0.0005276063560762,0.3637021474608473,356.58200916817356,1.5331953814666344,1.3763979322106084,0.8977315930171694,400.0,-0.0118483293336566,5.261975017956111e-05,0.0119009490838362,0.1420143187611477,1.0,"2,True,The solver successfully reached the end of the integration interval.",3.021,schedule_bolus
SF-295,linear_curve,9,119875,681239,1.9999999494757503e-05,3.000000106112566e-07,-95.12000274658205,,cisplatin,bortezomib,platinum,proteasome,,,241279087.64641,220448561.4155797,0.9136662591274506,0.0004336863688759,2.0,0.999566313631124,0.4415533770291787,,0.0446290726594891,3.373126438903768,0.2238722872712388,0.6499996635896779,,0.0227337422155315,3.897364597321961,1.3122644259965608,0.6776865190714827,0.9978669138414182,5.25,0.1500911062194407,0.0219192272371586,188.67924528301887,2.441283164882986,2.345115354242263,0.9606076787715316,400.0,6.955772353792288,6.625010704701672,0.9524478904330034,400.0,-0.408826463931246,0.0930877298689101,0.5019141938001561,0.0887197316076792,1.0,"2,True,The solver successfully reached the end of the integration interval.",23.657,schedule_bolus
SF-295,tanimoto+zero,9,71423,141540,2.9999999242136255e-05,4.999999873689376e-06,-5.110000133514404,,megestrol,etoposide,hormonal,topo2,,,241279087.64641,244466155.0550675,1.0132090494859964,0.322085698111266,2.0,0.6779143018887339,0.0415069974907556,9.8,-0.0002824002779304,0.5023307701876166,0.8395415609587544,0.0759577995279895,,0.0354035378097268,0.0991449745485939,7.653532521602836,-0.0461458744392662,0.3028660719940627,5.25,0.2033398275045627,0.060731260348103,166.03773584905662,1350.9387735916164,1302.3444103561471,0.9640291890458692,400.0,7.239224903202327,6.651378577573294,0.918797062739549,400.0,-0.0348224081523997,0.0002311456476259,0.0350535538000257,0.1425391030490434,1.0,"2,True,The solver successfully reached the end of the integration interval.",0.861,schedule_bolus
SF-295,tanimoto+zero,4,3088,141540,9.999999747378752e-05,4.999999873689376e-06,-29.2549991607666,,chlorambucil,etoposide,alkylator,topo2,,,241279087.64641,244488895.03024,1.0133032970869564,0.1626815291741338,1.8,0.8373184708258662,0.0686054720950015,11.2,-0.0003227959983199,0.7985466414949319,0.7770256540427336,0.109564642427818,,0.0432632745017314,1.212522140644135,2.654238320964424,0.0934324423670658,0.4656838534465847,5.25,0.2033398275045627,0.060731260348103,166.03773584905662,9.844379627347823,9.454547656686326,0.9604005548934198,400.0,7.239224903202327,6.7564084699652955,0.9333055071927032,400.0,-0.0485212827856555,0.0004254420409299,0.0489467248265855,0.1428277270192713,1.0,"2,True,The solver successfully reached the end of the integration interval.",6.368,schedule_bolus
SK-MEL-5,act_hamming+zero,9,740,762,1.0000000116860974e-07,4.999999987376214e-07,1.090000033378601,,NSC740,mechlorethamine,other,alkylator,,,241279087.64641,244483692.98475447,1.0132817368036502,0.2367950027153717,1.4,0.7632049972846282,0.050020839085884,10.2,-0.0003135553181492,0.63441152126077,0.8312035337633153,0.0802926190954339,,0.0358674410882465,0.1033236791657994,7.601322732236224,-0.0609876787487118,0.3054195365778651,5.25,0.2033398275045627,0.060731260348103,166.03773584905662,2.240317815738717,2.073248784007773,0.92542619151745,400.0,0.0262787336599169,0.0245185011059361,0.9330168425632434,400.0,-0.0329927493966091,0.0002149122733644,0.0332076616699735,0.1425737352080949,1.0,"2,True,The solver successfully reached the end of the integration interval.",4.982,schedule_bolus
SK-MEL-5,hamming+zero,9,740,762,1.0000000116860974e-07,4.999999987376214e-07,1.090000033378601,,NSC740,mechlorethamine,other,alkylator,,,241279087.64641,244483692.98475447,1.0132817368036502,0.2367950027153717,1.4,0.7632049972846282,0.050020839085884,10.2,-0.0003135553181492,0.63441152126077,0.8312035337633153,0.0802926190954339,,0.0358674410882465,0.1033236791657994,7.601322732236224,-0.0609876787487118,0.3054195365778651,5.25,0.2033398275045627,0.060731260348103,166.03773584905662,2.240317815738717,2.073248784007773,0.92542619151745,400.0,0.0262787336599169,0.0245185011059361,0.9330168425632434,400.0,-0.0329927493966091,0.0002149122733644,0.0332076616699735,0.1425737352080949,1.0,"2,True,The solver successfully reached the end of the integration interval.",4.936,schedule_bolus
SK-MEL-5,ours+zero,9,755,628503,2.0000000233721948e-07,3.999999975690116e-08,-49.15999984741211,,mercaptopurine,NSC628503,antimetabolite,other,,,241279087.64641,244448383.61519969,1.0131353943671828,0.3409284897414133,1.6,0.6590715102585867,0.0362768448891918,9.4,-0.0002508281414402,0.4767188400722087,0.8612472467838121,0.064872153425112,,0.0328155461243053,0.0785044857013493,7.835547486248184,-0.0854874441283459,0.2281004774877519,5.25,0.2033398275045627,0.060731260348103,166.03773584905662,12.787327195714914,12.292184237229096,0.9612786197688176,400.0,7.931570875774769,7.4865133831264306,0.9438878502608268,400.0,-0.028086822908971,0.0001614965074497,0.0282483194164208,0.1423949651999231,1.0,"2,True,The solver successfully reached the end of the integration interval.",0.975,schedule_bolus
SK-MEL-5,random,9,180973,628503,7.000000096013537e-06,3.999999975690116e-08,-30.979999542236328,,tamoxifen,NSC628503,hormonal,other,,,241279087.64641,244415112.26630905,1.012997498666336,0.453431706039589,1.8,0.5465682939604111,0.0264071137639994,8.6,-0.0001917132213337,0.3533730027999802,0.886969845493994,0.0520911447208926,,0.0300036364141095,0.0627246635033613,7.952654584855719,-0.0889106760221707,0.1739802569005931,5.25,0.2033398275045627,0.060731260348103,166.03773584905662,512.8420734352751,494.30845344598663,0.9638609604217124,400.0,7.931570875774769,7.468336155201575,0.9415960939102188,400.0,-0.0218726312155312,0.0001228618057896,0.0219954930213209,0.142226651910178,1.0,"2,True,The solver successfully reached the end of the integration interval.",4.137,schedule_bolus
SK-MEL-5,linear_curve,9,92859,747973,6.000000212225132e-06,2.999999892949745e-08,-97.72000122070312,,dromostanolone,vorinostat,hormonal,hdac_inhibitor,,,241279087.64641,244084057.12640023,1.0116254148146515,0.0119254644179402,2.2,0.9880745355820596,0.2374553449868602,16.400000000000002,0.0003969282809952,1.934167904727193,0.5054832439267279,0.2962932360982452,,0.0377103106694668,2.6587802008671115,1.5782325795953571,0.9042580795629952,0.9511110827717656,5.25,0.2033398275045627,0.060731260348103,166.03773584905662,5.096252961502825,4.885326092752835,0.9586113816674064,400.0,1.4168068231786783,1.3418235195890482,0.947075845229626,400.0,-0.2133232863477454,0.0064412482035939,0.2197645345513393,0.1466555659987574,1.0,"2,True,The solver successfully reached the end of the integration interval.",6.417,schedule_bolus
SR,act_hamming+zero,6,26980,747971,4.999999987376214e-07,1.9999999949504854e-06,-94.94000244140624,,mitomycin,sorafenib,alkylator,kinase_inhibitor,,,241279087.64641,243100044.41440672,1.0075470973707643,0.0076622480654151,2.0,0.9923377519345848,0.2553080703034629,17.6,0.0021513035601921,2.1259460028633708,0.4796151477623026,0.3191071089641527,,0.0368161173067162,3.144203890289501,1.3980988085085977,0.9060427987895908,0.9590536824353844,5.25,0.1968849621189929,0.0578624312878497,168.55345911949686,62.126565336728504,59.89419615256661,0.9640673973836738,400.0,0.6187726213087055,0.585194258632569,0.9457339230602704,400.0,-0.2089243093458104,0.0075929531881903,0.2165172625340007,0.1381757496212337,1.0,"2,True,The solver successfully reached the end of the integration interval.",0.727,schedule_bolus
SR,hamming+zero,6,26980,747971,4.999999987376214e-07,1.9999999949504854e-06,-94.94000244140624,,mitomycin,sorafenib,alkylator,kinase_inhibitor,,,241279087.64641,243100044.41440672,1.0075470973707643,0.0076622480654151,2.0,0.9923377519345848,0.2553080703034629,17.6,0.0021513035601921,2.1259460028633708,0.4796151477623026,0.3191071089641527,,0.0368161173067162,3.144203890289501,1.3980988085085977,0.9060427987895908,0.9590536824353844,5.25,0.1968849621189929,0.0578624312878497,168.55345911949686,62.126565336728504,59.89419615256661,0.9640673973836738,400.0,0.6187726213087055,0.585194258632569,0.9457339230602704,400.0,-0.2089243093458104,0.0075929531881903,0.2165172625340007,0.1381757496212337,1.0,"2,True,The solver successfully reached the end of the integration interval.",0.699,schedule_bolus
SR,linear_curve,6,9706,26980,4.999999873689376e-06,4.999999987376214e-07,-98.98999786376952,,triethylenemelamine,mitomycin,alkylator,alkylator,,,241279087.64641,128867109.54803826,0.5340997879471867,4.424677744810309e-05,2.0,0.999955753222552,0.514719761999865,,0.2777942542211794,4.364420565091012,0.0776888744926139,1.1096411702906817,,0.0087523150302585,5.84974161391673,1.110325385554498,0.6206341512684408,0.9997477391355234,5.25,0.0,0.0,400.0,63.237627759094565,60.97624293524552,0.9642398852710944,400.0,62.126565336728504,59.90475534666566,0.964237360008226,400.0,0.6526222316630952,0.4159301779318618,-0.2366920537312333,0.0,1.0,"2,True,The solver successfully reached the end of the integration interval.",0.927,schedule_bolus
SR,ours+zero,6,26980,747971,4.999999987376214e-07,1.9999999949504854e-06,-94.94000244140624,,mitomycin,sorafenib,alkylator,kinase_inhibitor,,,241279087.64641,243100044.41440672,1.0075470973707643,0.0076622480654151,2.0,0.9923377519345848,0.2553080703034629,17.6,0.0021513035601921,2.1259460028633708,0.4796151477623026,0.3191071089641527,,0.0368161173067162,3.144203890289501,1.3980988085085977,0.9060427987895908,0.9590536824353844,5.25,0.1968849621189929,0.0578624312878497,168.55345911949686,62.126565336728504,59.89419615256661,0.9640673973836738,400.0,0.6187726213087055,0.585194258632569,0.9457339230602704,400.0,-0.2089243093458104,0.0075929531881903,0.2165172625340007,0.1381757496212337,1.0,"2,True,The solver successfully reached the end of the integration interval.",0.792,schedule_bolus
SR,random,6,26980,747971,4.999999987376214e-07,1.9999999949504854e-06,-94.94000244140624,,mitomycin,sorafenib,alkylator,kinase_inhibitor,,,241279087.64641,243100044.41440672,1.0075470973707643,0.0076622480654151,2.0,0.9923377519345848,0.2553080703034629,17.6,0.0021513035601921,2.1259460028633708,0.4796151477623026,0.3191071089641527,,0.0368161173067162,3.144203890289501,1.3980988085085977,0.9060427987895908,0.9590536824353844,5.25,0.1968849621189929,0.0578624312878497,168.55345911949686,62.126565336728504,59.89419615256661,0.9640673973836738,400.0,0.6187726213087055,0.585194258632569,0.9457339230602704,400.0,-0.2089243093458104,0.0075929531881903,0.2165172625340007,0.1381757496212337,1.0,"2,True,The solver successfully reached the end of the integration interval.",0.746,schedule_bolus
SR,tanimoto+zero,6,26980,747971,4.999999987376214e-07,1.9999999949504854e-06,-94.94000244140624,,mitomycin,sorafenib,alkylator,kinase_inhibitor,,,241279087.64641,243100044.41440672,1.0075470973707643,0.0076622480654151,2.0,0.9923377519345848,0.2553080703034629,17.6,0.0021513035601921,2.1259460028633708,0.4796151477623026,0.3191071089641527,,0.0368161173067162,3.144203890289501,1.3980988085085977,0.9060427987895908,0.9590536824353844,5.25,0.1968849621189929,0.0578624312878497,168.55345911949686,62.126565336728504,59.89419615256661,0.9640673973836738,400.0,0.6187726213087055,0.585194258632569,0.9457339230602704,400.0,-0.2089243093458104,0.0075929531881903,0.2165172625340007,0.1381757496212337,1.0,"2,True,The solver successfully reached the end of the integration interval.",0.795,schedule_bolus
SK-MEL-5,tanimoto+zero,9,92859,119875,6.000000212225132e-06,1.9999999949504854e-06,-91.9499969482422,,dromostanolone,cisplatin,hormonal,platinum,,,241279087.64641,244559464.098966,1.0135957760971115,0.0744518523715896,2.0,0.9255481476284104,0.1203163602784999,13.2,-0.0004481323041529,1.1384267035047255,0.675884473958637,0.1701275298126628,,0.0418105263717863,1.851052327378624,2.0024490625660736,0.7121471504984551,0.7439773084850893,5.25,0.2033398275045627,0.060731260348103,166.03773584905662,5.096252961502825,4.874932919967247,0.9565720062941472,400.0,0.2548552215335999,0.2419361245772877,0.9493080939108444,400.0,-0.0912291669747673,0.0012006708183731,0.0924298377931405,0.1438489507997273,1.0,"2,True,The solver successfully reached the end of the integration interval.",9.13,schedule_bolus
U251,act_hamming+zero,9,85998,409962,9.999999747378752e-05,1.9999999949504854e-06,-40.290000915527344,,streptozocin,carmustine,alkylator,alkylator,,,241279087.64641,244317821.816019,1.0125942708058568,0.8876364681979646,1.4,0.1123635318020354,0.0032548520821065,4.0,-1.8806084063393076e-05,0.0605489173798234,0.980353787604721,0.0086171689227008,,0.0083867978527233,0.0088304704062839,2.9940581053763697,0.0851104839012529,0.0003255285708714,5.25,0.2033398275045627,0.0578624312878497,166.03773584905662,0.039678513184048,0.0363416132374008,0.9159015880668456,400.0,0.0287290371010439,0.0263038379506132,0.9155836952731492,400.0,-0.0021384288084629,1.3716260682805624e-05,0.0021521450691457,0.1417297602620078,1.0,"2,True,The solver successfully reached the end of the integration interval.",9.318,schedule_bolus
U251,linear_curve,9,26980,754143,4.999999969612645e-09,9.99999993922529e-09,-90.36000061035156,,mitomycin,bendamustine,alkylator,alkylator,,,241279087.64641,244111439.88991484,1.0117389048140617,0.0134381158269366,1.6,0.9865618841730632,0.2143095206433312,16.4,0.0003482093428699,1.881043754625063,0.5467710479650495,0.2621944897916839,,0.039037268251512,3.127969273286521,1.3841532800684009,0.8982172750528636,0.919005115723467,5.25,0.2033398275045627,0.060731260348103,166.03773584905662,1.2509103942910993,1.1985243127858545,0.9581216354550058,400.0,11.090436314582432,10.677743313058883,0.96278838903922,400.0,-0.1577367696473777,0.0039354653014507,0.1616722349488284,0.1447277309546511,1.0,"2,True,The solver successfully reached the end of the integration interval.",0.917,schedule_bolus
U251,hamming+zero,9,85998,409962,9.999999747378752e-05,1.9999999949504854e-06,-40.290000915527344,,streptozocin,carmustine,alkylator,alkylator,,,241279087.64641,244317821.816019,1.0125942708058568,0.8876364681979646,1.4,0.1123635318020354,0.0032548520821065,4.0,-1.8806084063393076e-05,0.0605489173798234,0.980353787604721,0.0086171689227008,,0.0083867978527233,0.0088304704062839,2.9940581053763697,0.0851104839012529,0.0003255285708714,5.25,0.2033398275045627,0.0578624312878497,166.03773584905662,0.039678513184048,0.0363416132374008,0.9159015880668456,400.0,0.0287290371010439,0.0263038379506132,0.9155836952731492,400.0,-0.0021384288084629,1.3716260682805624e-05,0.0021521450691457,0.1417297602620078,1.0,"2,True,The solver successfully reached the end of the integration interval.",8.85,schedule_bolus
U251,random,9,45388,713563,4.999999873689376e-06,9.999999747378752e-05,-51.60699844360352,,dacarbazine,arsenic trioxide,alkylator,other,,,241279087.64641,244563003.47381935,1.0136104453122845,0.1427623490525446,1.4,0.8572376509474554,0.0727320264509949,11.2,-0.0004544175642672,0.8541703687775771,0.7819663204850219,0.1068119517259505,,0.0433439966336702,1.192016120803675,2.682807318481182,0.0604695045337275,0.453418710745194,5.25,0.2033398275045627,0.060731260348103,166.03773584905662,0.5281352214469689,0.4973794463376357,0.9417653398971016,400.0,1.6808436257494686,1.5524034921670968,0.9235859114942344,400.0,-0.0469893020935054,0.0003759290411883,0.0473652311346938,0.1430196192488209,1.0,"2,True,The solver successfully reached the end of the integration interval.",1.391,schedule_bolus
U251,ours+zero,9,85998,409962,9.999999747378752e-05,1.9999999949504854e-06,-40.290000915527344,,streptozocin,carmustine,alkylator,alkylator,,,241279087.64641,244317821.816019,1.0125942708058568,0.8876364681979646,1.4,0.1123635318020354,0.0032548520821065,4.0,-1.8806084063393076e-05,0.0605489173798234,0.980353787604721,0.0086171689227008,,0.0083867978527233,0.0088304704062839,2.9940581053763697,0.0851104839012529,0.0003255285708714,5.25,0.2033398275045627,0.0578624312878497,166.03773584905662,0.039678513184048,0.0363416132374008,0.9159015880668456,400.0,0.0287290371010439,0.0263038379506132,0.9155836952731492,400.0,-0.0021384288084629,1.3716260682805624e-05,0.0021521450691457,0.1417297602620078,1.0,"2,True,The solver successfully reached the end of the integration interval.",9.327,schedule_bolus
U251,tanimoto+zero,9,85998,409962,9.999999747378752e-05,1.9999999949504854e-06,-40.290000915527344,,streptozocin,carmustine,alkylator,alkylator,,,241279087.64641,244317821.816019,1.0125942708058568,0.8876364681979646,1.4,0.1123635318020354,0.0032548520821065,4.0,-1.8806084063393076e-05,0.0605489173798234,0.980353787604721,0.0086171689227008,,0.0083867978527233,0.0088304704062839,2.9940581053763697,0.0851104839012529,0.0003255285708714,5.25,0.2033398275045627,0.0578624312878497,166.03773584905662,0.039678513184048,0.0363416132374008,0.9159015880668456,400.0,0.0287290371010439,0.0263038379506132,0.9155836952731492,400.0,-0.0021384288084629,1.3716260682805624e-05,0.0021521450691457,0.1417297602620078,1.0,"2,True,The solver successfully reached the end of the integration interval.",8.846,schedule_bolus
BT-549,act_hamming+zero,8,750,105014,4.999999873689376e-05,1.0000000116860974e-07,32.560001373291016,,NSC750,cladribine,other,antimetabolite,,,241279087.64641,244403271.2551444,1.0129484226718928,0.8122059034301126,4.6000000000000005,0.1877940965698874,0.008513698214499,5.3999999999999995,-0.0001706727450206,0.1015044668984393,0.9477198558330152,0.0233200203054644,,0.0226163446674079,0.0363015729635142,8.031312568925511,0.0688308671607204,0.1553458420205576,5.25,0.2033398275045627,0.060731260348103,166.03773584905662,3.693942208748432,2.5315890562005037,0.6853353174299518,400.0,0.0463527288637057,0.0330180695607697,0.7123220222450151,400.0,-0.0166175700110842,0.0001003763166598,0.016717946327744,0.1421469785569843,1.0,"2,True,The solver successfully reached the end of the integration interval.",4.202,schedule_q2d
BT-549,hamming+zero,8,750,105014,4.999999873689376e-05,1.0000000116860974e-07,32.560001373291016,,NSC750,cladribine,other,antimetabolite,,,241279087.64641,244403271.2551444,1.0129484226718928,0.8122059034301126,4.6000000000000005,0.1877940965698874,0.008513698214499,5.3999999999999995,-0.0001706727450206,0.1015044668984393,0.9477198558330152,0.0233200203054644,,0.0226163446674079,0.0363015729635142,8.031312568925511,0.0688308671607204,0.1553458420205576,5.25,0.2033398275045627,0.060731260348103,166.03773584905662,3.693942208748432,2.5315890562005037,0.6853353174299518,400.0,0.0463527288637057,0.0330180695607697,0.7123220222450151,400.0,-0.0166175700110842,0.0001003763166598,0.016717946327744,0.1421469785569843,1.0,"2,True,The solver successfully reached the end of the integration interval.",4.238,schedule_q2d
BT-549,linear_curve,8,67574,246131,1.0000000116860974e-07,1.9999999494757503e-05,-89.91000366210938,,vincristine,mitoxantrone,antimitotic,dna_intercalator,,,241279087.64641,225358076.27778545,0.9340141264461488,0.0073047881475083,5.0,0.9926952118524917,0.3157512472606281,,0.0350632150199108,2.1473241017793874,0.3223117259424276,0.4917238942411386,,0.0275989720829712,1.5883436926784609,2.50792841185756,0.7884560485563502,0.9921316590947148,5.25,0.1500911062194407,0.0,188.67924528301887,10.176926697507438,6.942239106732083,0.6821547715807362,400.0,10.472017252276853,7.024176296517506,0.670756753670387,400.0,0.3557094390117885,0.0382214062756023,-0.3174880327361862,0.0654136173179897,1.0,"2,True,The solver successfully reached the end of the integration interval.",1.147,schedule_q2d
BT-549,ours+zero,8,125973,681239,2.999999892949745e-08,3.000000106112566e-07,-95.31999969482422,,paclitaxel,bortezomib,antimitotic,proteasome,,,241279087.64641,234389172.49931625,0.971444209217208,0.0176790604086428,5.4,0.9823209395913572,0.2788642656815541,,0.0179987959748455,1.7632004592285266,0.3676098795825708,0.434612825385661,,0.0302064790445063,1.418919534201537,2.656493979893184,0.8163160141215318,0.9822547204538924,5.25,0.178342803429609,0.0359946996815853,176.1006289308176,1.5815648346584472,1.0372463968977812,0.6558355207245005,400.0,4.674645596027886,3.2944112064511044,0.7047403142711853,400.0,-0.1953467495515637,0.0282445281599159,0.2235912777114796,0.1095110954938079,1.0,"2,True,The solver successfully reached the end of the integration interval.",1.49,schedule_q2d
BT-549,tanimoto+zero,8,750,105014,4.999999873689376e-05,1.0000000116860974e-07,32.560001373291016,,NSC750,cladribine,other,antimetabolite,,,241279087.64641,244403271.2551444,1.0129484226718928,0.8122059034301126,4.6000000000000005,0.1877940965698874,0.008513698214499,5.3999999999999995,-0.0001706727450206,0.1015044668984393,0.9477198558330152,0.0233200203054644,,0.0226163446674079,0.0363015729635142,8.031312568925511,0.0688308671607204,0.1553458420205576,5.25,0.2033398275045627,0.060731260348103,166.03773584905662,3.693942208748432,2.5315890562005037,0.6853353174299518,400.0,0.0463527288637057,0.0330180695607697,0.7123220222450151,400.0,-0.0166175700110842,0.0001003763166598,0.016717946327744,0.1421469785569843,1.0,"2,True,The solver successfully reached the end of the integration interval.",7.75,schedule_q2d
BT-549,random,8,105014,628503,9.999999974752427e-07,3.999999886872274e-09,13.720000267028809,,cladribine,NSC628503,antimetabolite,other,,,241279087.64641,244542654.9574723,1.013526109298975,0.5228609392698439,4.800000000000001,0.4771390607301561,0.027883199811472,8.0,-0.0004182812071542,0.2926700387575383,0.859540790426973,0.0657335085790245,,0.0348065950994461,0.096330711849882,7.7627055713418445,0.1363833889717558,0.4412520660521786,5.25,0.2033398275045627,0.060731260348103,166.03773584905662,0.4635272820499388,0.3329378332688747,0.7182701993213103,400.0,0.9555152543224162,0.6428969801887624,0.6728275422925188,400.0,-0.0494364895832188,0.0003869711497032,0.0498234607329221,0.1429786272955797,1.0,"2,True,The solver successfully reached the end of the integration interval.",9.575,schedule_q2d
HCT-15,act_hamming+zero,2,740,762,1.0000000116860974e-07,4.999999987376214e-07,-7.039999961853027,,NSC740,mechlorethamine,other,alkylator,,,241279087.64641,244465957.88996455,1.0132082323198472,0.4487831332016597,4.800000000000001,0.5512168667983403,0.0353168741177697,8.8,-0.0002820500136955,0.3590197112051108,0.8306547176969575,0.0805794640145531,,0.0370891273249889,0.1234918418538178,7.490621332828351,0.183219168984565,0.5180757672976151,5.25,0.2033398275045627,0.060731260348103,166.03773584905662,9.91779980963482,7.086937971483155,0.7145675560620235,400.0,0.0223222105920027,0.0158656222520566,0.7107549759314944,400.0,-0.0517533043548739,0.0005280430337639,0.0522813473886378,0.1428479174529082,1.0,"2,True,The solver successfully reached the end of the integration interval.",4.447,schedule_q2d
HCT-15,hamming+zero,2,740,762,1.0000000116860974e-07,4.999999987376214e-07,-7.039999961853027,,NSC740,mechlorethamine,other,alkylator,,,241279087.64641,244465957.88996455,1.0132082323198472,0.4487831332016597,4.800000000000001,0.5512168667983403,0.0353168741177697,8.8,-0.0002820500136955,0.3590197112051108,0.8306547176969575,0.0805794640145531,,0.0370891273249889,0.1234918418538178,7.490621332828351,0.183219168984565,0.5180757672976151,5.25,0.2033398275045627,0.060731260348103,166.03773584905662,9.91779980963482,7.086937971483155,0.7145675560620235,400.0,0.0223222105920027,0.0158656222520566,0.7107549759314944,400.0,-0.0517533043548739,0.0005280430337639,0.0522813473886378,0.1428479174529082,1.0,"2,True,The solver successfully reached the end of the integration interval.",4.755,schedule_q2d
HCT-15,linear_curve,2,681239,754230,3.000000106112566e-07,9.999999960041972e-13,-75.93000030517578,,bortezomib,romidepsin,proteasome,hdac_inhibitor,,,241279087.64641,243986088.17744696,1.0112193748635356,0.1388581956469027,5.0,0.8611418043530973,0.117690162394269,12.8,0.0005712777055979,0.8683602092398998,0.6283312916142395,0.2018113113854529,,0.0395953351509763,0.754639970598242,3.711153913632731,0.8496087466794204,0.8597053089818982,5.25,0.2033398275045627,0.060731260348103,166.03773584905662,2.466373480539037,1.6479224019622518,0.6681560659669804,400.0,0.0017206876668367,0.0012060175466467,0.70089277089078,400.0,-0.1409032959697798,0.0033510797460186,0.1442543757157984,0.143852279194284,1.0,"2,True,The solver successfully reached the end of the integration interval.",6.46,schedule_q2d
HCT-15,random,2,686673,747973,1.9999999949504854e-06,3.000000106112566e-07,7.989999771118164,,NSC686673,vorinostat,other,hdac_inhibitor,,,241279087.64641,244420888.49681905,1.0130214387042662,0.7274519926007893,4.6000000000000005,0.2725480073992107,0.0119501883100257,6.000000000000001,-0.0002019767249746,0.1493662708721165,0.929523421548622,0.0317396626740394,,0.0259861854139837,0.0468011339229509,8.083033837877007,0.0447422086559299,0.2110516555446709,5.25,0.2033398275045627,0.060731260348103,166.03773584905662,0.0275129829884484,0.0177688650139278,0.645835641354784,400.0,2.12827670719857,1.4660003264790815,0.6888203594582227,400.0,-0.0170538749607014,0.000121860603228,0.0171757355639294,0.1422211120496816,1.0,"2,True,The solver successfully reached the end of the integration interval.",4.838,schedule_q2d
HCT-15,tanimoto+zero,2,681239,754230,3.000000106112566e-07,9.999999960041972e-13,-75.93000030517578,,bortezomib,romidepsin,proteasome,hdac_inhibitor,,,241279087.64641,243986088.17744696,1.0112193748635356,0.1388581956469027,5.0,0.8611418043530973,0.117690162394269,12.8,0.0005712777055979,0.8683602092398998,0.6283312916142395,0.2018113113854529,,0.0395953351509763,0.754639970598242,3.711153913632731,0.8496087466794204,0.8597053089818982,5.25,0.2033398275045627,0.060731260348103,166.03773584905662,2.466373480539037,1.6479224019622518,0.6681560659669804,400.0,0.0017206876668367,0.0012060175466467,0.70089277089078,400.0,-0.1409032959697798,0.0033510797460186,0.1442543757157984,0.143852279194284,1.0,"2,True,The solver successfully reached the end of the integration interval.",5.072,schedule_q2d
HCT-15,ours+zero,2,26980,681239,4.999999987376214e-07,3.000000106112566e-07,-85.52999877929688,,mitomycin,bortezomib,alkylator,proteasome,,,241279087.64641,242173632.04026875,1.0037075090202996,0.0485711093030239,5.2,0.951428890696976,0.194538717002497,15.200000000000005,0.0038094865210456,1.3244209419538286,0.4969250237308614,0.3037091328688912,,0.036019127790026,1.1815998799091547,2.866721431465269,0.8944938030996521,0.9511996947921828,5.25,0.1968849621189929,0.0550853987870166,168.55345911949686,0.0085000023071421,0.0061496075631167,0.7234830463457155,400.0,2.466373480539037,1.7028254217994423,0.6904166928632732,400.0,-0.213535486227637,0.0094132319340451,0.2229487181616822,0.1366551674695206,1.0,"2,True,The solver successfully reached the end of the integration interval.",17.721,schedule_q2d
HS 578T,act_hamming+zero,2,1390,747973,9.999999747378752e-06,3.000000106112566e-07,-74.66000366210938,,NSC1390,vorinostat,other,hdac_inhibitor,,,241279087.64641,236365000.0566232,0.9796331806551412,0.0168915385848414,4.800000000000001,0.9831084614151586,0.2489891394798172,,0.0143531732946958,1.7833870279190642,0.4048717620524312,0.3926825122226062,,0.0326090874862231,2.237461469234492,1.862720174161494,0.8705359885761541,0.9797081255993888,5.25,0.1843879427084984,0.0339766680013239,173.58490566037736,0.4158330634184664,0.2996059072041551,0.7204956352945219,400.0,18.470571761716517,13.556203674973585,0.7339352484513327,400.0,-0.013410912723933,0.0172206615562189,0.0306315742801519,0.1117728512507993,1.0,"2,True,The solver successfully reached the end of the integration interval.",5.812,schedule_q2d
HS 578T,linear_curve,2,1390,681239,9.999999974752427e-07,3.000000106112566e-07,-95.26000213623048,,NSC1390,bortezomib,other,proteasome,,,241279087.64641,244541355.1773664,1.013520722258935,0.2909009076343108,4.800000000000001,0.7090990923656892,0.0603460520393472,10.0,-0.000415972862101,0.5473111612114344,0.7595752334214552,0.1194292042348485,,0.0411099450105028,0.2833539223138642,5.949650658469149,0.4163655250719886,0.6900212913041192,5.25,0.2033398275045627,0.060731260348103,166.03773584905662,0.0415833072873415,0.0280350723706352,0.6741905394131416,400.0,2.4122733273579797,1.5306253721393832,0.6345157303611969,400.0,-0.078403509405609,0.0010045278976996,0.0794080373033087,0.1435782819941102,1.0,"2,True,The solver successfully reached the end of the integration interval.",1.538,schedule_q2d
HS 578T,hamming+zero,2,1390,747973,9.999999747378752e-06,3.000000106112566e-07,-74.66000366210938,,NSC1390,vorinostat,other,hdac_inhibitor,,,241279087.64641,236365000.0566232,0.9796331806551412,0.0168915385848414,4.800000000000001,0.9831084614151586,0.2489891394798172,,0.0143531732946958,1.7833870279190642,0.4048717620524312,0.3926825122226062,,0.0326090874862231,2.237461469234492,1.862720174161494,0.8705359885761541,0.9797081255993888,5.25,0.1843879427084984,0.0339766680013239,173.58490566037736,0.4158330634184664,0.2996059072041551,0.7204956352945219,400.0,18.470571761716517,13.556203674973585,0.7339352484513327,400.0,-0.013410912723933,0.0172206615562189,0.0306315742801519,0.1117728512507993,1.0,"2,True,The solver successfully reached the end of the integration interval.",5.894,schedule_q2d
HS 578T,ours+zero,2,1390,747973,9.999999747378752e-06,3.000000106112566e-07,-74.66000366210938,,NSC1390,vorinostat,other,hdac_inhibitor,,,241279087.64641,236365000.0566232,0.9796331806551412,0.0168915385848414,4.800000000000001,0.9831084614151586,0.2489891394798172,,0.0143531732946958,1.7833870279190642,0.4048717620524312,0.3926825122226062,,0.0326090874862231,2.237461469234492,1.862720174161494,0.8705359885761541,0.9797081255993888,5.25,0.1843879427084984,0.0339766680013239,173.58490566037736,0.4158330634184664,0.2996059072041551,0.7204956352945219,400.0,18.470571761716517,13.556203674973585,0.7339352484513327,400.0,-0.013410912723933,0.0172206615562189,0.0306315742801519,0.1117728512507993,1.0,"2,True,The solver successfully reached the end of the integration interval.",5.749,schedule_q2d
HS 578T,random,2,1390,747973,9.999999747378752e-06,3.000000106112566e-07,-74.66000366210938,,NSC1390,vorinostat,other,hdac_inhibitor,,,241279087.64641,236365000.0566232,0.9796331806551412,0.0168915385848414,4.800000000000001,0.9831084614151586,0.2489891394798172,,0.0143531732946958,1.7833870279190642,0.4048717620524312,0.3926825122226062,,0.0326090874862231,2.237461469234492,1.862720174161494,0.8705359885761541,0.9797081255993888,5.25,0.1843879427084984,0.0339766680013239,173.58490566037736,0.4158330634184664,0.2996059072041551,0.7204956352945219,400.0,18.470571761716517,13.556203674973585,0.7339352484513327,400.0,-0.013410912723933,0.0172206615562189,0.0306315742801519,0.1117728512507993,1.0,"2,True,The solver successfully reached the end of the integration interval.",5.851,schedule_q2d
HT29,act_hamming+zero,3,92859,673596,6.000000212225132e-06,9.999999717180683e-10,1.919999957084656,,dromostanolone,NSC673596,hormonal,other,,,241279087.64641,244523646.1853418,1.0134473259600791,0.4781001904723304,5.0,0.5218998095276697,0.0381531781313462,9.0,-0.0003845213474833,0.3314128101654865,0.8244145744730629,0.0838543391183484,,0.0376736684957636,0.1347313254819608,7.391440249741294,0.2823200041088113,0.5185314517431052,5.25,0.2033398275045627,0.060731260348103,166.03773584905662,32.112553448420066,23.50852335888585,0.7320664610693692,400.0,0.047830824593022,0.0318186435413097,0.6652330126449821,400.0,-0.0628664781466299,0.0006728879150276,0.0635393660616575,0.1431994360885477,1.0,"2,True,The solver successfully reached the end of the integration interval.",5.295,schedule_q2d
HS 578T,tanimoto+zero,2,1390,747973,9.999999747378752e-06,3.000000106112566e-07,-74.66000366210938,,NSC1390,vorinostat,other,hdac_inhibitor,,,241279087.64641,236365000.0566232,0.9796331806551412,0.0168915385848414,4.800000000000001,0.9831084614151586,0.2489891394798172,,0.0143531732946958,1.7833870279190642,0.4048717620524312,0.3926825122226062,,0.0326090874862231,2.237461469234492,1.862720174161494,0.8705359885761541,0.9797081255993888,5.25,0.1843879427084984,0.0339766680013239,173.58490566037736,0.4158330634184664,0.2996059072041551,0.7204956352945219,400.0,18.470571761716517,13.556203674973585,0.7339352484513327,400.0,-0.013410912723933,0.0172206615562189,0.0306315742801519,0.1117728512507993,1.0,"2,True,The solver successfully reached the end of the integration interval.",7.885,schedule_q2d
HT29,hamming+zero,3,92859,673596,6.000000212225132e-06,9.999999717180683e-10,1.919999957084656,,dromostanolone,NSC673596,hormonal,other,,,241279087.64641,244523646.1853418,1.0134473259600791,0.4781001904723304,5.0,0.5218998095276697,0.0381531781313462,9.0,-0.0003845213474833,0.3314128101654865,0.8244145744730629,0.0838543391183484,,0.0376736684957636,0.1347313254819608,7.391440249741294,0.2823200041088113,0.5185314517431052,5.25,0.2033398275045627,0.060731260348103,166.03773584905662,32.112553448420066,23.50852335888585,0.7320664610693692,400.0,0.047830824593022,0.0318186435413097,0.6652330126449821,400.0,-0.0628664781466299,0.0006728879150276,0.0635393660616575,0.1431994360885477,1.0,"2,True,The solver successfully reached the end of the integration interval.",5.224,schedule_q2d
HT29,ours+zero,3,409962,754143,1.9999999949504854e-06,9.99999993922529e-09,-72.94999694824219,,carmustine,bendamustine,alkylator,alkylator,,,241279087.64641,241808453.6566451,1.0021939987232165,0.0294196268218021,4.800000000000001,0.9705803731781978,0.2060676835330457,16.0,0.0044648619644837,1.542419077949294,0.4816128179319458,0.3173019630230011,,0.0359927881546614,2.078872176506958,1.9179769305530252,0.8928741372505806,0.963377670515166,5.25,0.1968849621189929,0.0550853987870166,168.55345911949686,0.0570537174904286,0.0415741261320468,0.7286839133492292,400.0,12.246980562366437,8.99979991588379,0.7348586755774841,400.0,-0.1803400229916445,0.0091111724532445,0.1894511954448891,0.1350826888477116,1.0,"2,True,The solver successfully reached the end of the integration interval.",2.245,schedule_q2d
HT29,random,3,409962,754143,1.9999999949504854e-06,9.99999993922529e-09,-72.94999694824219,,carmustine,bendamustine,alkylator,alkylator,,,241279087.64641,241808453.6566451,1.0021939987232165,0.0294196268218021,4.800000000000001,0.9705803731781978,0.2060676835330457,16.0,0.0044648619644837,1.542419077949294,0.4816128179319458,0.3173019630230011,,0.0359927881546614,2.078872176506958,1.9179769305530252,0.8928741372505806,0.963377670515166,5.25,0.1968849621189929,0.0550853987870166,168.55345911949686,0.0570537174904286,0.0415741261320468,0.7286839133492292,400.0,12.246980562366437,8.99979991588379,0.7348586755774841,400.0,-0.1803400229916445,0.0091111724532445,0.1894511954448891,0.1350826888477116,1.0,"2,True,The solver successfully reached the end of the integration interval.",2.603,schedule_q2d
HT29,linear_curve,3,681239,686673,3.000000106112566e-07,2.0000000233721948e-07,-61.86000061035156,,bortezomib,NSC686673,proteasome,other,,,241279087.64641,217875432.26579413,0.9030017246463004,0.0065569903045303,5.4,0.9934430096954696,0.3451652659172259,,0.0497280799881649,2.193955097513709,0.2723992005334078,0.5647941713717303,,0.0246004915007114,1.8352841797088169,2.3185245080694643,0.7361413768743587,0.9934209854047158,5.25,0.115794269730383,0.0,206.28930817610063,17.328806834522545,12.565492876932824,0.7251216426453424,400.0,0.0028526597553488,0.0020396446800343,0.7149975303608935,400.0,0.3653343556005395,0.0600064239932858,-0.3053279316072537,0.0394753843310973,1.0,"2,True,The solver successfully reached the end of the integration interval.",12.455,schedule_q2d
HT29,tanimoto+zero,3,92859,673596,6.000000212225132e-06,9.999999717180683e-10,1.919999957084656,,dromostanolone,NSC673596,hormonal,other,,,241279087.64641,244523646.1853418,1.0134473259600791,0.4781001904723304,5.0,0.5218998095276697,0.0381531781313462,9.0,-0.0003845213474833,0.3314128101654865,0.8244145744730629,0.0838543391183484,,0.0376736684957636,0.1347313254819608,7.391440249741294,0.2823200041088113,0.5185314517431052,5.25,0.2033398275045627,0.060731260348103,166.03773584905662,32.112553448420066,23.50852335888585,0.7320664610693692,400.0,0.047830824593022,0.0318186435413097,0.6652330126449821,400.0,-0.0628664781466299,0.0006728879150276,0.0635393660616575,0.1431994360885477,1.0,"2,True,The solver successfully reached the end of the integration interval.",5.102,schedule_q2d
KM12,act_hamming+zero,5,26271,747973,9.999999747378752e-06,3.000000106112566e-07,0.8999999761581421,,cyclophosphamide,vorinostat,alkylator,hdac_inhibitor,,,241279087.64641,236654949.83852103,0.980834900144079,0.0173844386997889,4.800000000000001,0.982615561300211,0.2468613940446999,,0.0138207492136114,1.7708955645355433,0.4082115275601427,0.3891147353253098,,0.0327656449777634,2.223096911830167,1.8694738019800017,0.8724023396851599,0.9790967977711484,5.25,0.1843879427084984,0.0359946996815853,173.58490566037736,16.08205234611647,11.82358621341555,0.7352038134778698,400.0,17.99439302711874,13.205453477611655,0.7338649021231317,400.0,-0.0237589776923938,0.0167578564313648,0.0405168341237587,0.1123808656850572,1.0,"2,True,The solver successfully reached the end of the integration interval.",5.378,schedule_q2d
KM12,hamming+zero,5,26271,747973,9.999999747378752e-06,3.000000106112566e-07,0.8999999761581421,,cyclophosphamide,vorinostat,alkylator,hdac_inhibitor,,,241279087.64641,236654949.83852103,0.980834900144079,0.0173844386997889,4.800000000000001,0.982615561300211,0.2468613940446999,,0.0138207492136114,1.7708955645355433,0.4082115275601427,0.3891147353253098,,0.0327656449777634,2.223096911830167,1.8694738019800017,0.8724023396851599,0.9790967977711484,5.25,0.1843879427084984,0.0359946996815853,173.58490566037736,16.08205234611647,11.82358621341555,0.7352038134778698,400.0,17.99439302711874,13.205453477611655,0.7338649021231317,400.0,-0.0237589776923938,0.0167578564313648,0.0405168341237587,0.1123808656850572,1.0,"2,True,The solver successfully reached the end of the integration interval.",5.504,schedule_q2d
KM12,ours+zero,5,702294,754143,9.999999747378752e-05,9.99999993922529e-09,-69.5,,NSC702294,bendamustine,other,alkylator,,,241279087.64641,241409835.97230813,1.0005418966358566,0.0231806648245941,4.800000000000001,0.9768193351754058,0.2395221782772195,16.2,0.0051813807870565,1.645930350063922,0.4444661781182938,0.3521612812977018,,0.034540067062971,1.9432105254465144,2.037656717267595,0.8698834992753828,0.974197860382228,5.25,0.1968849621189929,0.0550853987870166,168.55345911949686,0.017,0.01217498166036,0.7161753917858847,400.0,6.2202524748700965,4.5628715003729,0.733550851642592,400.0,-0.2548500307839161,0.0133553944412423,0.2682054252251584,0.1371876245373846,1.0,"2,True,The solver successfully reached the end of the integration interval.",5.722,schedule_q2d
KM12,linear_curve,5,673596,754143,1.000000013351432e-10,9.99999993922529e-09,-83.88999938964844,,NSC673596,bendamustine,other,alkylator,,,241279087.64641,243966535.12851512,1.01113833572698,0.0684143648555326,4.800000000000001,0.9315856351444672,0.1462672731433303,13.4,0.0006060834668724,1.1759089380770578,0.5818226979863506,0.235209340122411,,0.0390419183499825,1.2705948706755903,2.659214068111094,0.8677711020352452,0.9186862333175908,5.25,0.2033398275045627,0.060731260348103,166.03773584905662,0.0002489052742486,0.000176468510214,0.7089785893318767,400.0,6.2202524748700965,4.556926811958415,0.7325951527479729,400.0,-0.1560703079944383,0.0040429853163682,0.1601132933108066,0.1443458868429057,1.0,"2,True,The solver successfully reached the end of the integration interval.",10.376,schedule_q2d
KM12,tanimoto+zero,5,26271,747973,9.999999747378752e-06,3.000000106112566e-07,0.8999999761581421,,cyclophosphamide,vorinostat,alkylator,hdac_inhibitor,,,241279087.64641,236654949.83852103,0.980834900144079,0.0173844386997889,4.800000000000001,0.982615561300211,0.2468613940446999,,0.0138207492136114,1.7708955645355433,0.4082115275601427,0.3891147353253098,,0.0327656449777634,2.223096911830167,1.8694738019800017,0.8724023396851599,0.9790967977711484,5.25,0.1843879427084984,0.0359946996815853,173.58490566037736,16.08205234611647,11.82358621341555,0.7352038134778698,400.0,17.99439302711874,13.205453477611655,0.7338649021231317,400.0,-0.0237589776923938,0.0167578564313648,0.0405168341237587,0.1123808656850572,1.0,"2,True,The solver successfully reached the end of the integration interval.",4.428,schedule_q2d
KM12,random,5,762,713563,1.9999999949504854e-06,9.999999747378752e-05,0.1879999935626983,,mechlorethamine,arsenic trioxide,alkylator,other,,,241279087.64641,244602508.51987213,1.013774177057286,0.3958093747441472,4.6000000000000005,0.6041906252558529,0.0402578371945167,8.8,-0.0005245648789274,0.4136845324300332,0.8191904049270955,0.0866151431744213,,0.0379526463056565,0.1365989162832356,7.337143029947232,0.1885406069555502,0.5373221070551392,5.25,0.2033398275045627,0.060731260348103,166.03773584905662,0.0781392423252466,0.0553088221370255,0.7078238858115382,400.0,2.1624881659634045,1.4823778720287086,0.685496408887074,400.0,-0.0515308675226302,0.0005315261524494,0.0520623936750797,0.1432798686521079,1.0,"2,True,The solver successfully reached the end of the integration interval.",10.191,schedule_q2d
M14,act_hamming+zero,4,25154,119875,3.000000106112566e-07,1.9999999494757503e-05,26.59000015258789,,NSC25154,cisplatin,other,platinum,,,241279087.64641,244402999.7085573,1.0129472972258802,0.6740090579387171,4.6000000000000005,0.3259909420612829,0.0150064228868121,6.8,-0.0001701902177235,0.1825048756724388,0.913870181531816,0.0391154929408304,,0.0283557594113674,0.056116910690416,8.080803427116155,0.0467083605854203,0.2567790947604448,5.25,0.2033398275045627,0.060731260348103,166.03773584905662,0.0005184426503116,0.0003396273418505,0.655091439036452,400.0,3.627310813339618,2.6272721636182417,0.7243030164264711,400.0,-0.0213126109217682,0.0001792282856846,0.0214918392074529,0.1422280290438666,1.0,"2,True,The solver successfully reached the end of the integration interval.",3.466,schedule_q2d
M14,linear_curve,4,609699,681239,1.0000000116860974e-07,3.000000106112566e-07,-96.5999984741211,,topotecan,bortezomib,topo1,proteasome,,,241279087.64641,232629076.37791196,0.9641493535437498,0.0077701488295645,5.0,0.9922298511704354,0.3304117855584711,,0.0212723453667441,2.1205023895171298,0.3238448206794981,0.4896630443204509,,0.0283477308049178,2.006023185806052,2.093700075580807,0.7701604974212795,0.9920741905324312,5.25,0.1724312542656479,0.0359946996815853,178.61635220125788,3.213338896892573,2.3025538584606604,0.7165611634326283,400.0,3.0740914016061978,2.1738023393118517,0.707136534123888,400.0,-0.300538266061388,0.0397866745922387,0.3403249406536267,0.1074081403010613,1.0,"2,True,The solver successfully reached the end of the integration interval.",1.834,schedule_q2d
M14,hamming+zero,4,25154,119875,3.000000106112566e-07,1.9999999494757503e-05,26.59000015258789,,NSC25154,cisplatin,other,platinum,,,241279087.64641,244402999.7085573,1.0129472972258802,0.6740090579387171,4.6000000000000005,0.3259909420612829,0.0150064228868121,6.8,-0.0001701902177235,0.1825048756724388,0.913870181531816,0.0391154929408304,,0.0283557594113674,0.056116910690416,8.080803427116155,0.0467083605854203,0.2567790947604448,5.25,0.2033398275045627,0.060731260348103,166.03773584905662,0.0005184426503116,0.0003396273418505,0.655091439036452,400.0,3.627310813339618,2.6272721636182417,0.7243030164264711,400.0,-0.0213126109217682,0.0001792282856846,0.0214918392074529,0.1422280290438666,1.0,"2,True,The solver successfully reached the end of the integration interval.",3.785,schedule_q2d
M14,random,4,125973,246131,3.000000106112566e-07,1.9999999494757503e-05,-2.259999990463257,,paclitaxel,mitoxantrone,antimitotic,dna_intercalator,,,241279087.64641,244630022.41806975,1.0138882105546192,0.3454484025611594,5.0,0.6545515974388405,0.0526089838448574,9.4,-0.0005734133647489,0.4725485381422284,0.7803365305515231,0.1077180616150423,,0.0402087642680984,0.2101761344640697,6.605274258195136,0.3729799681696324,0.6481886656051374,5.25,0.2033398275045627,0.060731260348103,166.03773584905662,10.803232330251204,5.70376962393116,0.5279688013336035,400.0,2.3902673219401445,0.8353204602065119,0.3494673807147623,304.6612679836205,-0.0722580728961945,0.0008983992349553,0.0731564721311499,0.1437360540133991,1.0,"2,True,The solver successfully reached the end of the integration interval.",2.304,schedule_q2d
M14,ours+zero,4,719344,761432,3.000000026176508e-09,5.000000058430487e-08,-45.69100189208984,,anastrozole,NSC761432,hormonal,other,,,241279087.64641,242996661.3859816,1.007118618344946,0.0845993590701522,5.4,0.9154006409298476,0.1445121487170354,14.2,0.0023360350299128,1.0832925662024668,0.5658017128553668,0.2473357421344041,,0.0379982317808216,0.9371047168971968,3.2870943641459935,0.9048279072755115,0.915363759265424,5.25,0.1968849621189929,0.0578624312878497,168.55345911949686,9.628130006792473,7.0431390106070735,0.7315168164158841,400.0,141.19724468858436,103.76258676958076,0.7348768525790493,400.0,-0.161813036010761,0.0055224501791451,0.1673354861899061,0.1361987620569661,1.0,"2,True,The solver successfully reached the end of the integration interval.",7.814,schedule_q2d
M14,tanimoto+zero,4,1390,753082,0.0001999999949475,4.999999873689376e-06,-4.0920000076293945,,NSC1390,pazopanib,other,kinase_inhibitor,,,241279087.64641,234615137.021236,0.972380736804924,0.0135104702790257,4.800000000000001,0.9864895297209744,0.2653777156709058,,0.017580313028839,1.8803857710755831,0.3830602906647434,0.4167328661297312,,0.0315933713734953,2.3777930056747296,1.793394673906731,0.8548053155739322,0.983790643818931,5.25,0.178342803429609,0.0266583179064115,176.1006289308176,9.132406395417592,6.676520071753085,0.7310800442590017,400.0,16.140312422340486,11.826668884334218,0.732741013610395,400.0,0.0511243930433251,0.0204832891790918,-0.0306411038642333,0.103213895434777,1.0,"2,True,The solver successfully reached the end of the integration interval.",8.432,schedule_q2d
MOLT-4,act_hamming+zero,3,63878,105014,9.99999993922529e-09,1.0000000116860974e-07,-99.70999908447266,,cytarabine,cladribine,antimetabolite,antimetabolite,,,241279087.64641,244576494.6975904,1.0136663607416017,0.0736619622237026,4.6000000000000005,0.9263380377762974,0.1395073385269589,12.599999999999998,-0.000478374591092,1.1439273251802455,0.6052037540034277,0.2180983867659736,,0.0396305765551704,1.1035510079035515,2.9100254395722547,0.8419568168419267,0.9058653294866478,5.25,0.2033398275045627,0.060731260348103,166.03773584905662,1.8253130611983943,1.3309434260204127,0.7291589888402994,400.0,2.9322501354572075,2.1415656587734846,0.7303488992556781,400.0,-0.1607139828518262,0.0035956056802518,0.1643095885320781,0.1459442777806114,1.0,"2,True,The solver successfully reached the end of the integration interval.",3.008,schedule_q2d
MDA-MB-435,pool_optimum,-1,24559,701852,9.999999974752427e-07,9.999999974752427e-07,-93.4499969482422,,NSC24559,irinotecan,other,topo1,,,241279087.64641,244596774.9623804,1.013750413881009,0.4241718910908711,4.6000000000000005,0.5758281089091288,0.0366137164463626,8.600000000000001,-0.000514384764342,0.3836287232622292,0.8312503271465784,0.0802681707680259,,0.0370748039482721,0.1222490511309292,7.488663678066402,0.1628573182372558,0.5039438269133707,5.25,0.2033398275045627,0.060731260348103,166.03773584905662,2.2717469067788425,1.553403865651663,0.6837926623852069,400.0,0.6924104324732958,0.4360289960312661,0.6297262080147564,400.0,-0.0474984606212507,0.0004686832679267,0.0479671438891774,0.1431950088088099,1.0,"2,True,The solver successfully reached the end of the integration interval.",7.395,schedule_q2d
MOLT-4,hamming+zero,3,63878,105014,9.99999993922529e-09,1.0000000116860974e-07,-99.70999908447266,,cytarabine,cladribine,antimetabolite,antimetabolite,,,241279087.64641,244576494.6975904,1.0136663607416017,0.0736619622237026,4.6000000000000005,0.9263380377762974,0.1395073385269589,12.599999999999998,-0.000478374591092,1.1439273251802455,0.6052037540034277,0.2180983867659736,,0.0396305765551704,1.1035510079035515,2.9100254395722547,0.8419568168419267,0.9058653294866478,5.25,0.2033398275045627,0.060731260348103,166.03773584905662,1.8253130611983943,1.3309434260204127,0.7291589888402994,400.0,2.9322501354572075,2.1415656587734846,0.7303488992556781,400.0,-0.1607139828518262,0.0035956056802518,0.1643095885320781,0.1459442777806114,1.0,"2,True,The solver successfully reached the end of the integration interval.",3.057,schedule_q2d
MOLT-4,ours+zero,3,63878,105014,9.99999993922529e-09,1.0000000116860974e-07,-99.70999908447266,,cytarabine,cladribine,antimetabolite,antimetabolite,,,241279087.64641,244576494.6975904,1.0136663607416017,0.0736619622237026,4.6000000000000005,0.9263380377762974,0.1395073385269589,12.599999999999998,-0.000478374591092,1.1439273251802455,0.6052037540034277,0.2180983867659736,,0.0396305765551704,1.1035510079035515,2.9100254395722547,0.8419568168419267,0.9058653294866478,5.25,0.2033398275045627,0.060731260348103,166.03773584905662,1.8253130611983943,1.3309434260204127,0.7291589888402994,400.0,2.9322501354572075,2.1415656587734846,0.7303488992556781,400.0,-0.1607139828518262,0.0035956056802518,0.1643095885320781,0.1459442777806114,1.0,"2,True,The solver successfully reached the end of the integration interval.",3.078,schedule_q2d
MOLT-4,random,3,63878,105014,9.99999993922529e-09,1.0000000116860974e-07,-99.70999908447266,,cytarabine,cladribine,antimetabolite,antimetabolite,,,241279087.64641,244576494.6975904,1.0136663607416017,0.0736619622237026,4.6000000000000005,0.9263380377762974,0.1395073385269589,12.599999999999998,-0.000478374591092,1.1439273251802455,0.6052037540034277,0.2180983867659736,,0.0396305765551704,1.1035510079035515,2.9100254395722547,0.8419568168419267,0.9058653294866478,5.25,0.2033398275045627,0.060731260348103,166.03773584905662,1.8253130611983943,1.3309434260204127,0.7291589888402994,400.0,2.9322501354572075,2.1415656587734846,0.7303488992556781,400.0,-0.1607139828518262,0.0035956056802518,0.1643095885320781,0.1459442777806114,1.0,"2,True,The solver successfully reached the end of the integration interval.",3.051,schedule_q2d
MOLT-4,linear_curve,3,6396,63878,9.999999974752427e-07,1.0000000116860974e-07,-99.87999725341795,,thiotepa,cytarabine,alkylator,antimetabolite,,,241279087.64641,166820095.34449998,0.6913988981464142,0.0005609954430201,4.800000000000001,0.9994390045569798,0.4731559724777006,,0.165687976673146,3.2620969040087284,0.1268794708614931,0.8966086412056397,,0.0134105842844856,4.11887922708799,1.3859850996329204,0.5936184823849049,0.9993798143001532,5.25,0.0,0.0,400.0,6.76803135008706,4.975243966702639,0.7351094741366173,400.0,18.253130936224675,13.422260514731285,0.7353401759746228,400.0,0.6611704242873548,0.2454391808078879,-0.4157312434794669,0.0,1.0,"2,True,The solver successfully reached the end of the integration interval.",8.761,schedule_q2d
MOLT-4,tanimoto+zero,3,63878,105014,9.99999993922529e-09,1.0000000116860974e-07,-99.70999908447266,,cytarabine,cladribine,antimetabolite,antimetabolite,,,241279087.64641,244576494.6975904,1.0136663607416017,0.0736619622237026,4.6000000000000005,0.9263380377762974,0.1395073385269589,12.599999999999998,-0.000478374591092,1.1439273251802455,0.6052037540034277,0.2180983867659736,,0.0396305765551704,1.1035510079035515,2.9100254395722547,0.8419568168419267,0.9058653294866478,5.25,0.2033398275045627,0.060731260348103,166.03773584905662,1.8253130611983943,1.3309434260204127,0.7291589888402994,400.0,2.9322501354572075,2.1415656587734846,0.7303488992556781,400.0,-0.1607139828518262,0.0035956056802518,0.1643095885320781,0.1459442777806114,1.0,"2,True,The solver successfully reached the end of the integration interval.",3.004,schedule_q2d
NCI-H322M,act_hamming+zero,5,740,6396,1.0000000116860974e-07,9.999999974752427e-07,-56.81999969482422,,NSC740,thiotepa,other,alkylator,,,241279087.64641,244378202.31685975,1.0128445225016411,0.8002844352853401,4.6000000000000005,0.1997155647146599,0.0084107105178882,5.3999999999999995,-0.0001261239960912,0.1079262382939332,0.9473726426919188,0.0234791605617074,,0.0225706103531455,0.0361871788513258,8.03393480205428,0.0567527444051871,0.1522908361842864,5.25,0.2033398275045627,0.060731260348103,166.03773584905662,3.4630522420612126,2.370693315963532,0.6845675866999028,400.0,0.047977928015376,0.0336836849433152,0.702066269567128,400.0,-0.0129471602230106,9.536131595899722e-05,0.0130425215389696,0.142042797837187,1.0,"2,True,The solver successfully reached the end of the integration interval.",3.195,schedule_q2d
NCI-H322M,hamming+zero,5,740,6396,1.0000000116860974e-07,9.999999974752427e-07,-56.81999969482422,,NSC740,thiotepa,other,alkylator,,,241279087.64641,244378202.31685975,1.0128445225016411,0.8002844352853401,4.6000000000000005,0.1997155647146599,0.0084107105178882,5.3999999999999995,-0.0001261239960912,0.1079262382939332,0.9473726426919188,0.0234791605617074,,0.0225706103531455,0.0361871788513258,8.03393480205428,0.0567527444051871,0.1522908361842864,5.25,0.2033398275045627,0.060731260348103,166.03773584905662,3.4630522420612126,2.370693315963532,0.6845675866999028,400.0,0.047977928015376,0.0336836849433152,0.702066269567128,400.0,-0.0129471602230106,9.536131595899722e-05,0.0130425215389696,0.142042797837187,1.0,"2,True,The solver successfully reached the end of the integration interval.",3.089,schedule_q2d
NCI-H322M,ours+zero,5,14229,24559,3.000000106112566e-06,9.999999974752427e-07,-61.189998626708984,,NSC14229,NSC24559,other,other,,,241279087.64641,244644126.6939292,1.0139466668261383,0.3334908721636044,4.6000000000000005,0.6665091278363956,0.0519153881168736,9.4,-0.000598452125492,0.488086657159806,0.7851627340527632,0.1050403213737626,,0.040045638795398,0.1963744188290357,6.725331934459202,0.3009751649856169,0.6202839544195888,5.25,0.2033398275045627,0.060731260348103,166.03773584905662,0.0230283188606313,0.0153264825198854,0.6655493443808115,400.0,2.1918036978208786,1.5101027584224835,0.6889771925851975,400.0,-0.0667127685226849,0.0007774944211488,0.0674902629438337,0.1436703398373285,1.0,"2,True,The solver successfully reached the end of the integration interval.",1.828,schedule_q2d
NCI-H322M,linear_curve,5,713563,715055,9.999999974752427e-07,9.999999747378752e-06,-33.05699920654297,,arsenic trioxide,gefitinib,other,kinase_inhibitor,,,241279087.64641,203181504.49277604,0.8421015947744909,0.0023928778794573,5.2,0.9976071221205426,0.3997541298073271,,0.0800521699400293,2.631878429323193,0.2127250481923284,0.6721813692828377,,0.0206260693500563,2.502293667579892,1.9019262519066296,0.6757698822036252,0.9975880102039634,5.25,0.0,0.0,400.0,0.0202171670312775,0.0145784834721787,0.7210942784231198,400.0,56.45528153727211,41.500110004388105,0.7350970338707724,400.0,0.6699386612282503,0.1002413579249262,-0.569697303303324,0.0,1.0,"2,True,The solver successfully reached the end of the integration interval.",7.847,schedule_q2d
NCI-H322M,random,5,32065,760766,9.999999747378752e-05,1.9999999949504854e-06,14.109999656677246,,hydroxyurea,NSC760766,antimetabolite,other,,,241279087.64641,244486583.8035977,1.0132937180278474,0.516915892365853,4.800000000000001,0.483084107634147,0.0290800777824319,8.2,-0.0003186904632956,0.2976363529168198,0.8543173207632117,0.0683807884917382,,0.0352342787315376,0.1007435469078363,7.725956103144438,0.148021105471654,0.4509566041485237,5.25,0.2033398275045627,0.060731260348103,166.03773584905662,1.5884041019761126,1.1485469936091155,0.7230823643556596,400.0,0.6144136892199484,0.4126141295174403,0.6715575137026811,400.0,-0.0446301308680097,0.0004130779714911,0.0450432088395008,0.1427917691841019,1.0,"2,True,The solver successfully reached the end of the integration interval.",6.943,schedule_q2d
NCI-H322M,tanimoto+zero,5,740,6396,1.0000000116860974e-07,9.999999974752427e-07,-56.81999969482422,,NSC740,thiotepa,other,alkylator,,,241279087.64641,244378202.31685975,1.0128445225016411,0.8002844352853401,4.6000000000000005,0.1997155647146599,0.0084107105178882,5.3999999999999995,-0.0001261239960912,0.1079262382939332,0.9473726426919188,0.0234791605617074,,0.0225706103531455,0.0361871788513258,8.03393480205428,0.0567527444051871,0.1522908361842864,5.25,0.2033398275045627,0.060731260348103,166.03773584905662,3.4630522420612126,2.370693315963532,0.6845675866999028,400.0,0.047977928015376,0.0336836849433152,0.702066269567128,400.0,-0.0129471602230106,9.536131595899722e-05,0.0130425215389696,0.142042797837187,1.0,"2,True,The solver successfully reached the end of the integration interval.",4.327,schedule_q2d
RPMI-8226,act_hamming+zero,0,740,19893,2.999999892949745e-08,9.999999747378752e-05,-71.53700256347656,,NSC740,fluorouracil,other,antimetabolite,,,241279087.64641,243778332.59317905,1.010358315638327,0.0693312185021264,5.2,0.9306687814978736,0.168017744928855,13.6,0.0009412395373605,1.1698701312509598,0.549118584781462,0.2603338574535266,,0.0377145132368437,0.985267846042326,3.189564817671446,0.8923042192631783,0.9305950002915608,5.25,0.1968849621189929,0.060731260348103,168.55345911949686,0.927788836022264,0.6542822996059833,0.705206049267748,400.0,2.7560255044182713,2.0126958058455906,0.730289252628096,400.0,-0.214837929429452,0.0064918446047195,0.2213297740341715,0.1395361626870427,1.0,"2,True,The solver successfully reached the end of the integration interval.",7.84,schedule_q2d
RPMI-8226,hamming+zero,0,740,19893,2.999999892949745e-08,9.999999747378752e-05,-71.53700256347656,,NSC740,fluorouracil,other,antimetabolite,,,241279087.64641,243778332.59317905,1.010358315638327,0.0693312185021264,5.2,0.9306687814978736,0.168017744928855,13.6,0.0009412395373605,1.1698701312509598,0.549118584781462,0.2603338574535266,,0.0377145132368437,0.985267846042326,3.189564817671446,0.8923042192631783,0.9305950002915608,5.25,0.1968849621189929,0.060731260348103,168.55345911949686,0.927788836022264,0.6542822996059833,0.705206049267748,400.0,2.7560255044182713,2.0126958058455906,0.730289252628096,400.0,-0.214837929429452,0.0064918446047195,0.2213297740341715,0.1395361626870427,1.0,"2,True,The solver successfully reached the end of the integration interval.",7.901,schedule_q2d
RPMI-8226,linear_curve,0,127716,681239,3.000000106112566e-07,3.000000106112566e-07,-98.0500030517578,,decitabine,bortezomib,antimetabolite,proteasome,,,241279087.64641,236364323.7227015,0.9796303775364444,0.0083652355055693,4.800000000000001,0.9916347644944308,0.3166154506084245,,0.01435441598507,2.088578065378399,0.3506614544082365,0.4551119702400542,,0.0301272150168422,2.3125387451439208,1.852877183978609,0.796909300248743,0.9909394705720748,5.25,0.1843879427084984,0.0448653818382372,173.58490566037736,5.948138932891993,4.363939179661283,0.7336646350894044,400.0,2.3794325119517037,1.6843475106419592,0.7078778247256912,400.0,-0.348866145384864,0.0308757010566079,0.379741846441472,0.1228555203355672,1.0,"2,True,The solver successfully reached the end of the integration interval.",13.773,schedule_q2d
RPMI-8226,ours+zero,0,19893,749226,9.999999747378752e-05,4.999999873689376e-06,-76.33100128173828,,fluorouracil,NSC749226,antimetabolite,other,,,241279087.64641,239873670.60614496,0.994175139445468,0.0187407216342603,5.2,0.9812592783657396,0.2705147064744925,,0.0079537608843068,1.7380126543691463,0.4053165765840437,0.3922056341764844,,0.0325405869212512,1.5330388433054096,2.4607624523703957,0.8376393688314402,0.9812468180400934,5.25,0.190568164729299,0.0523986702186213,171.0691823899371,2.7560255044182713,2.017027323722513,0.731860906399071,400.0,0.5981109084715206,0.4268565139912575,0.713674517460473,400.0,-0.337922579448614,0.020691755858374,0.358614335306988,0.1320737355231821,1.0,"2,True,The solver successfully reached the end of the integration interval.",20.597,schedule_q2d
RPMI-8226,random,0,14229,246131,2.999999892949745e-08,1.9999999494757503e-05,-94.70999908447266,,NSC14229,mitoxantrone,other,dna_intercalator,,,241279087.64641,227064418.62325835,0.9410861954021352,0.0106994008099892,4.800000000000001,0.9893005991900108,0.287600846851171,,0.0317872568744714,1.981696780575752,0.3498505119854405,0.4561174861872016,,0.0291177058598871,1.5417796263417396,2.526801790560577,0.8268218439917363,0.9882195910804268,5.25,0.1554832211935119,0.0,186.16352201257865,0.0066216908094232,0.0046667718304653,0.7047704226576248,400.0,12.763679887752431,8.720768822523459,0.6832487886891926,400.0,0.5145692499495201,0.0293393332987008,-0.4852299166508192,0.0669848436072623,1.0,"2,True,The solver successfully reached the end of the integration interval.",8.526,schedule_q2d
SF-295,act_hamming+zero,2,740,25154,1.0000000116860974e-07,3.000000106112566e-06,-34.849998474121094,,NSC740,NSC25154,other,other,,,241279087.64641,244377862.6629464,1.012843114779502,0.2661167269614998,5.0,0.7338832730385002,0.0666303865866357,10.8,-0.0001255203828334,0.5858595535750775,0.7349794839687277,0.1337247835328482,,0.0413065384030222,0.3940364665456776,5.18079452703181,0.538524354605995,0.7242206133196585,5.25,0.2033398275045627,0.060731260348103,166.03773584905662,22.355608455887445,16.246176614172025,0.7267159221467544,400.0,0.0039063273905678,0.0026747358786297,0.6847188192899957,400.0,-0.0883837078655942,0.0013382961459375,0.0897220040115317,0.1433581553979492,1.0,"2,True,The solver successfully reached the end of the integration interval.",8.855,schedule_q2d
RPMI-8226,tanimoto+zero,0,3053,19893,1.000000013351432e-10,9.999999747378752e-05,-76.15699768066406,,dactinomycin,fluorouracil,dna_intercalator,antimetabolite,,,241279087.64641,243847442.4423679,1.0106447467992823,0.0781018584334813,5.2,0.9218981415665186,0.1590862154607505,13.400000000000002,0.0008181368307955,1.1181375962435536,0.561844876364968,0.2503835752460359,,0.0380434788184099,0.9419501321220588,3.2747383390716,0.8913427530357945,0.9218095380450676,5.25,0.1968849621189929,0.060731260348103,168.55345911949686,0.0020812605487608,0.0011012042309264,0.5291044562306483,400.0,2.7560255044182713,2.012467491134274,0.7302064106112314,400.0,-0.2041783261497862,0.005804234792175,0.2099825609419613,0.1392272197034655,1.0,"2,True,The solver successfully reached the end of the integration interval.",10.076,schedule_q2d
SF-295,act_hamming+zero,4,740,25154,1.0000000116860974e-07,3.000000106112566e-06,-34.849998474121094,,NSC740,NSC25154,other,other,,,241279087.64641,244377862.6629464,1.012843114779502,0.2661167269614998,5.0,0.7338832730385002,0.0666303865866357,10.8,-0.0001255203828334,0.5858595535750775,0.7349794839687277,0.1337247835328482,,0.0413065384030222,0.3940364665456776,5.18079452703181,0.538524354605995,0.7242206133196585,5.25,0.2033398275045627,0.060731260348103,166.03773584905662,22.355608455887445,16.246176614172025,0.7267159221467544,400.0,0.0039063273905678,0.0026747358786297,0.6847188192899957,400.0,-0.0883837078655942,0.0013382961459375,0.0897220040115317,0.1433581553979492,1.0,"2,True,The solver successfully reached the end of the integration interval.",8.6,schedule_q2d
SF-295,act_hamming+zero,9,740,25154,1.0000000116860974e-07,3.000000106112566e-06,-34.849998474121094,,NSC740,NSC25154,other,other,,,241279087.64641,244377862.6629464,1.012843114779502,0.2661167269614998,5.0,0.7338832730385002,0.0666303865866357,10.8,-0.0001255203828334,0.5858595535750775,0.7349794839687277,0.1337247835328482,,0.0413065384030222,0.3940364665456776,5.18079452703181,0.538524354605995,0.7242206133196585,5.25,0.2033398275045627,0.060731260348103,166.03773584905662,22.355608455887445,16.246176614172025,0.7267159221467544,400.0,0.0039063273905678,0.0026747358786297,0.6847188192899957,400.0,-0.0883837078655942,0.0013382961459375,0.0897220040115317,0.1433581553979492,1.0,"2,True,The solver successfully reached the end of the integration interval.",8.722,schedule_q2d
SF-295,hamming+zero,4,740,25154,1.0000000116860974e-07,3.000000106112566e-06,-34.849998474121094,,NSC740,NSC25154,other,other,,,241279087.64641,244377862.6629464,1.012843114779502,0.2661167269614998,5.0,0.7338832730385002,0.0666303865866357,10.8,-0.0001255203828334,0.5858595535750775,0.7349794839687277,0.1337247835328482,,0.0413065384030222,0.3940364665456776,5.18079452703181,0.538524354605995,0.7242206133196585,5.25,0.2033398275045627,0.060731260348103,166.03773584905662,22.355608455887445,16.246176614172025,0.7267159221467544,400.0,0.0039063273905678,0.0026747358786297,0.6847188192899957,400.0,-0.0883837078655942,0.0013382961459375,0.0897220040115317,0.1433581553979492,1.0,"2,True,The solver successfully reached the end of the integration interval.",7.915,schedule_q2d
SF-295,hamming+zero,2,740,25154,1.0000000116860974e-07,3.000000106112566e-06,-34.849998474121094,,NSC740,NSC25154,other,other,,,241279087.64641,244377862.6629464,1.012843114779502,0.2661167269614998,5.0,0.7338832730385002,0.0666303865866357,10.8,-0.0001255203828334,0.5858595535750775,0.7349794839687277,0.1337247835328482,,0.0413065384030222,0.3940364665456776,5.18079452703181,0.538524354605995,0.7242206133196585,5.25,0.2033398275045627,0.060731260348103,166.03773584905662,22.355608455887445,16.246176614172025,0.7267159221467544,400.0,0.0039063273905678,0.0026747358786297,0.6847188192899957,400.0,-0.0883837078655942,0.0013382961459375,0.0897220040115317,0.1433581553979492,1.0,"2,True,The solver successfully reached the end of the integration interval.",8.15,schedule_q2d
SF-295,linear_curve,2,119875,681239,1.9999999494757503e-05,3.000000106112566e-07,-95.12000274658205,,cisplatin,bortezomib,platinum,proteasome,,,241279087.64641,194150734.62414095,0.8046728645984653,0.0009097654713894,4.800000000000001,0.9990902345286106,0.4504960127386779,,0.0997973035881771,3.0521267876006433,0.168915210315388,0.7723312417338006,,0.017338158496756,3.55154128440568,1.4912880280856828,0.61113643791518,0.9989513971566584,5.25,0.0339766680013239,0.0,271.6981132075472,3.192447215616212,2.339534733627834,0.7328342727747349,400.0,9.096010001112996,6.610151326053566,0.7267088894190685,400.0,0.1869161129527115,0.1631243917804844,-0.023791721172227,0.0082459866059861,1.0,"2,True,The solver successfully reached the end of the integration interval.",6.536,schedule_q2d
SF-295,hamming+zero,9,740,25154,1.0000000116860974e-07,3.000000106112566e-06,-34.849998474121094,,NSC740,NSC25154,other,other,,,241279087.64641,244377862.6629464,1.012843114779502,0.2661167269614998,5.0,0.7338832730385002,0.0666303865866357,10.8,-0.0001255203828334,0.5858595535750775,0.7349794839687277,0.1337247835328482,,0.0413065384030222,0.3940364665456776,5.18079452703181,0.538524354605995,0.7242206133196585,5.25,0.2033398275045627,0.060731260348103,166.03773584905662,22.355608455887445,16.246176614172025,0.7267159221467544,400.0,0.0039063273905678,0.0026747358786297,0.6847188192899957,400.0,-0.0883837078655942,0.0013382961459375,0.0897220040115317,0.1433581553979492,1.0,"2,True,The solver successfully reached the end of the integration interval.",9.733,schedule_q2d
SF-295,linear_curve,4,119875,681239,1.9999999494757503e-05,3.000000106112566e-07,-95.12000274658205,,cisplatin,bortezomib,platinum,proteasome,,,241279087.64641,194150734.62414095,0.8046728645984653,0.0009097654713894,4.800000000000001,0.9990902345286106,0.4504960127386779,,0.0997973035881771,3.0521267876006433,0.168915210315388,0.7723312417338006,,0.017338158496756,3.55154128440568,1.4912880280856828,0.61113643791518,0.9989513971566584,5.25,0.0339766680013239,0.0,271.6981132075472,3.192447215616212,2.339534733627834,0.7328342727747349,400.0,9.096010001112996,6.610151326053566,0.7267088894190685,400.0,0.1869161129527115,0.1631243917804844,-0.023791721172227,0.0082459866059861,1.0,"2,True,The solver successfully reached the end of the integration interval.",5.115,schedule_q2d
SF-295,linear_curve,9,119875,681239,1.9999999494757503e-05,3.000000106112566e-07,-95.12000274658205,,cisplatin,bortezomib,platinum,proteasome,,,241279087.64641,194150734.62414095,0.8046728645984653,0.0009097654713894,4.800000000000001,0.9990902345286106,0.4504960127386779,,0.0997973035881771,3.0521267876006433,0.168915210315388,0.7723312417338006,,0.017338158496756,3.55154128440568,1.4912880280856828,0.61113643791518,0.9989513971566584,5.25,0.0339766680013239,0.0,271.6981132075472,3.192447215616212,2.339534733627834,0.7328342727747349,400.0,9.096010001112996,6.610151326053566,0.7267088894190685,400.0,0.1869161129527115,0.1631243917804844,-0.023791721172227,0.0082459866059861,1.0,"2,True,The solver successfully reached the end of the integration interval.",5.004,schedule_q2d
SF-295,ours+zero,2,681239,747973,3.000000106112566e-07,3.000000106112566e-07,-94.7699966430664,,bortezomib,vorinostat,proteasome,hdac_inhibitor,,,241279087.64641,132706996.85718952,0.5500145004347378,0.0002441154898075,4.800000000000001,0.9997558845101924,0.4981354523089146,,0.2650425204946968,3.6234609000087104,0.0892414527634573,1.0494333684417905,,0.0094601671539232,4.123642545970375,1.470421263205378,0.6237163748842545,0.9996962567817214,5.25,0.0,0.0,400.0,9.096010001112996,6.633248696595515,0.7292481753850166,400.0,14.170205850958196,10.410264722412094,0.7346586797613915,400.0,0.9332652077327538,0.372914296585942,-0.5603509111468118,0.0,1.0,"2,True,The solver successfully reached the end of the integration interval.",8.764,schedule_q2d
SF-295,ours+zero,4,681239,747973,3.000000106112566e-07,3.000000106112566e-07,-94.7699966430664,,bortezomib,vorinostat,proteasome,hdac_inhibitor,,,241279087.64641,132706996.85718952,0.5500145004347378,0.0002441154898075,4.800000000000001,0.9997558845101924,0.4981354523089146,,0.2650425204946968,3.6234609000087104,0.0892414527634573,1.0494333684417905,,0.0094601671539232,4.123642545970375,1.470421263205378,0.6237163748842545,0.9996962567817214,5.25,0.0,0.0,400.0,9.096010001112996,6.633248696595515,0.7292481753850166,400.0,14.170205850958196,10.410264722412094,0.7346586797613915,400.0,0.9332652077327538,0.372914296585942,-0.5603509111468118,0.0,1.0,"2,True,The solver successfully reached the end of the integration interval.",8.695,schedule_q2d
SF-295,ours+zero,9,752,9706,3.000000106112566e-06,4.999999873689376e-06,-55.029998779296875,,thioguanine,triethylenemelamine,antimetabolite,alkylator,,,241279087.64641,240476470.8323707,0.9966734920051772,0.0149693699621326,4.6000000000000005,0.9850306300378674,0.2586915790819389,,0.0068637520479128,1.8359670867482945,0.4234259164697634,0.3732225638051524,,0.0338458096714293,2.696319258528891,1.603502929089275,0.8625997359741449,0.9807369596093878,5.25,0.190568164729299,0.0523986702186213,171.0691823899371,4.879076970212055,3.5808156307325016,0.7339125110331826,400.0,9.150187529933069,6.72254735969067,0.7346895719567668,400.0,-0.2383929503827699,0.0150116590815673,0.2534046094643373,0.1294499519714819,1.0,"2,True,The solver successfully reached the end of the integration interval.",3.61,schedule_q2d
SF-295,random,2,1390,681239,1.0000000116860974e-07,3.000000106112566e-07,-66.69999694824219,,NSC1390,bortezomib,other,proteasome,,,241279087.64641,239715224.02136073,0.9935184452150236,0.0268560606688174,4.800000000000001,0.9731439393311826,0.2195253988908373,,0.0082407253270731,1.582013928166355,0.4557577614861365,0.3412659266402961,,0.0346804545608172,1.674949410777456,2.2679540529660245,0.8919745519454065,0.9693267364234316,5.25,0.190568164729299,0.047290154371214,171.0691823899371,0.0045674974695014,0.0032477449769155,0.7110556707697645,400.0,9.096010001112996,6.51959778386973,0.7167535857009817,400.0,-0.1028999552462461,0.0116804727355915,0.1145804279818377,0.1240984144073676,1.0,"2,True,The solver successfully reached the end of the integration interval.",5.518,schedule_q2d
SF-295,random,4,613327,681239,9.99999993922529e-09,3.000000106112566e-07,-88.45999908447266,,gemcitabine,bortezomib,antimetabolite,proteasome,,,241279087.64641,237934497.65777233,0.9861380858935478,0.0158807225228538,4.800000000000001,0.984119277477146,0.2592374146485282,,0.0114789276386102,1.8101859799228743,0.4078415985637427,0.3895084796237978,,0.0327618466632127,1.950331758218976,2.0606642735366805,0.8599032412005834,0.9819182230804828,5.25,0.1843879427084984,0.0425249427297684,173.58490566037736,1.6274519622138246,1.19006358292268,0.7312434471514817,400.0,9.096010001112996,6.53526124204544,0.7184755998779443,400.0,-0.1263327990139882,0.0173859828524014,0.1437187818663896,0.1172007008457088,1.0,"2,True,The solver successfully reached the end of the integration interval.",6.878,schedule_q2d
SF-295,random,9,119875,681239,1.9999999494757503e-05,3.000000026176508e-09,-27.690000534057617,,cisplatin,bortezomib,platinum,proteasome,,,241279087.64641,244618259.20370588,1.013839456995085,0.1434409901128147,4.6000000000000005,0.8565590098871853,0.0921311266989194,11.2,-0.0005525294933872,0.8544973343694606,0.6873529609928352,0.1628201921293316,,0.0412641594132054,0.7465847083208926,3.6752160099682376,0.6721925862969098,0.809879070413654,5.25,0.2033398275045627,0.060731260348103,166.03773584905662,3.192447215616212,2.3269102678162765,0.7288797936686111,400.0,0.090960097587466,0.0583353656979222,0.6413291898882111,400.0,-0.1041651156546239,0.0016701168899756,0.1058352325445995,0.1444289662934087,1.0,"2,True,The solver successfully reached the end of the integration interval.",2.04,schedule_q2d
SF-295,tanimoto+zero,2,3053,713563,1.000000013351432e-10,9.999999747378752e-05,16.709999084472656,,dactinomycin,arsenic trioxide,dna_intercalator,other,,,241279087.64641,244387114.33045676,1.0128814590371855,0.8068932460087426,4.6000000000000005,0.1931067539912574,0.0079200845626084,5.2,-0.0001419616105718,0.1043545284077692,0.9498205571421884,0.0223584351363947,,0.022007341160808,0.0346126803340006,7.997948425081265,0.0541969608322803,0.1442928953352721,5.25,0.2033398275045627,0.060731260348103,166.03773584905662,0.0018970104470023,0.0004623243156957,0.2437120556854864,153.88285035445116,2.0049478065332913,1.346423122127686,0.6715502108036194,400.0,-0.011287204813239,7.770622089298129e-05,0.011364911034132,0.1420493240017037,1.0,"2,True,The solver successfully reached the end of the integration interval.",6.181,schedule_q2d
SF-295,tanimoto+zero,4,3088,141540,9.999999747378752e-05,4.999999873689376e-06,-29.2549991607666,,chlorambucil,etoposide,alkylator,topo2,,,241279087.64641,244359060.62792057,1.0127651882786637,0.2244852554101226,4.800000000000001,0.7755147445898773,0.0714744032809198,11.0,-9.210518674259872e-05,0.6598684164504844,0.725637936133016,0.1392800205695706,,0.0414863044366119,0.4788161797967712,4.70102196400829,0.5447087582079979,0.7459003153547912,5.25,0.2033398275045627,0.060731260348103,166.03773584905662,12.87341951268562,9.429823364856263,0.732503384634052,400.0,9.466678719572275,6.654761122508037,0.7029668291952673,400.0,-0.0855880024512707,0.0013151158631192,0.08690311831439,0.1432622256706184,1.0,"2,True,The solver successfully reached the end of the integration interval.",8.039,schedule_q2d
SF-295,tanimoto+zero,9,71423,141540,2.9999999242136255e-05,4.999999873689376e-06,-5.110000133514404,,megestrol,etoposide,hormonal,topo2,,,241279087.64641,244471129.19330263,1.0132296651899253,0.3427745817424145,5.0,0.6572254182575854,0.0524117824759261,9.8,-0.0002912367518808,0.4759231173011789,0.7767801901285648,0.1097018585732155,,0.0403282863571164,0.2188463508444177,6.525780416136406,0.3780272598840489,0.6466427437678417,5.25,0.2033398275045627,0.060731260348103,166.03773584905662,1766.612242389037,1301.6357915822534,0.7367976743000584,400.0,9.466678719572275,6.538524099021193,0.6906882860092052,400.0,-0.0754037201366764,0.0009390822259024,0.0763428023625788,0.1432930840518556,1.0,"2,True,The solver successfully reached the end of the integration interval.",5.755,schedule_q2d
SK-MEL-5,act_hamming+zero,9,740,762,1.0000000116860974e-07,4.999999987376214e-07,1.090000033378601,,NSC740,mechlorethamine,other,alkylator,,,241279087.64641,244524375.21297425,1.0134503474719705,0.4842757892112535,4.6000000000000005,0.5157242107887465,0.0297389656202155,8.0,-0.0003858161597064,0.3260778511298761,0.8552117095060414,0.067926361425278,,0.0350773359983942,0.0986513677293808,7.732347986217805,0.1144761730933308,0.4433660470936317,5.25,0.2033398275045627,0.060731260348103,166.03773584905662,2.929646374427554,2.020742126630109,0.6897563283640188,400.0,0.0343644978629682,0.0242923159285883,0.7069015245168513,400.0,-0.0409217889388351,0.0003601733252288,0.041281962264064,0.1428535384749924,1.0,"2,True,The solver successfully reached the end of the integration interval.",5.95,schedule_q2d
SK-MEL-5,hamming+zero,9,740,762,1.0000000116860974e-07,4.999999987376214e-07,1.090000033378601,,NSC740,mechlorethamine,other,alkylator,,,241279087.64641,244524375.21297425,1.0134503474719705,0.4842757892112535,4.6000000000000005,0.5157242107887465,0.0297389656202155,8.0,-0.0003858161597064,0.3260778511298761,0.8552117095060414,0.067926361425278,,0.0350773359983942,0.0986513677293808,7.732347986217805,0.1144761730933308,0.4433660470936317,5.25,0.2033398275045627,0.060731260348103,166.03773584905662,2.929646374427554,2.020742126630109,0.6897563283640188,400.0,0.0343644978629682,0.0242923159285883,0.7069015245168513,400.0,-0.0409217889388351,0.0003601733252288,0.041281962264064,0.1428535384749924,1.0,"2,True,The solver successfully reached the end of the integration interval.",6.562,schedule_q2d
SK-MEL-5,linear_curve,9,92859,747973,6.000000212225132e-06,2.999999892949745e-08,-97.72000122070312,,dromostanolone,vorinostat,hormonal,hdac_inhibitor,,,241279087.64641,240535266.48795372,0.9969171751861632,0.0145772918607081,5.2,0.9854227081392918,0.2827498988860437,,0.0067575815455088,1.847122115139508,0.3976056795510277,0.4005474206025561,,0.0324379369977952,1.8023620330488543,2.189625439824136,0.829213099399862,0.9853392015384552,5.25,0.190568164729299,0.0550853987870166,171.0691823899371,6.664330795811389,4.877603017178901,0.7318968950707747,400.0,1.852747384156734,1.3396474407430117,0.723059955285131,400.0,-0.373300677986333,0.0226708563169329,0.395971534303266,0.1353349480442198,1.0,"2,True,The solver successfully reached the end of the integration interval.",4.484,schedule_q2d
SK-MEL-5,random,9,180973,628503,7.000000096013537e-06,3.999999975690116e-08,-30.979999542236328,,tamoxifen,NSC628503,hormonal,other,,,241279087.64641,244461264.2090119,1.0131887789930032,0.5000363281475465,4.800000000000001,0.4999636718524535,0.0316027010024279,8.6,-0.0002737115958473,0.3120546800766413,0.8457552785796099,0.0727552829862212,,0.0359599721385403,0.1089170283205023,7.649108871458639,0.1734712340180921,0.4754298911202432,5.25,0.2033398275045627,0.060731260348103,166.03773584905662,670.639634492283,493.96318645891085,0.7365553138428398,400.0,10.372054222167009,7.403884181204125,0.71383006901185,400.0,-0.0487798832909203,0.0004773605010655,0.0492572437919858,0.1427799936622303,1.0,"2,True,The solver successfully reached the end of the integration interval.",8.597,schedule_q2d
SK-MEL-5,ours+zero,9,755,628503,2.0000000233721948e-07,3.999999975690116e-08,-49.15999984741211,,mercaptopurine,NSC628503,antimetabolite,other,,,241279087.64641,244479563.7220333,1.0132646227521944,0.4247558933305255,4.800000000000001,0.5752441066694745,0.0365298441303955,8.8,-0.0003062201411616,0.3829168242366527,0.8262065121210993,0.0829113862571414,,0.0374062911655395,0.1282492544726926,7.437944579228038,0.1856408074199051,0.5302959193575529,5.25,0.2033398275045627,0.060731260348103,166.03773584905662,16.721889409781042,12.25332949990048,0.7327718297630416,400.0,10.372054222167009,7.419916134128496,0.7153757563541034,400.0,-0.0552291827801498,0.0005481587553505,0.0557773415355004,0.1429250366000835,1.0,"2,True,The solver successfully reached the end of the integration interval.",8.922,schedule_q2d
SR,act_hamming+zero,6,26980,747971,4.999999987376214e-07,1.9999999949504854e-06,-94.94000244140624,,mitomycin,sorafenib,alkylator,kinase_inhibitor,,,241279087.64641,220399402.8741081,0.9134625177176536,0.0038747666113102,5.0,0.9961252333886896,0.357148205062634,,0.0447259281975311,2.4226861780968196,0.2690288599474489,0.5702011287573439,,0.0250576591058201,2.8471628854671276,1.647818714366682,0.738850241245668,0.9956617792044412,5.25,0.1346655526693954,0.0,196.22641509433964,81.24243159418344,59.821677516573054,0.7363353895583794,400.0,0.8091641970959997,0.5872414828413789,0.7257383420434607,400.0,0.2524028194821229,0.0569845946114451,-0.1954182248706778,0.0550105529190446,1.0,"2,True,The solver successfully reached the end of the integration interval.",8.292,schedule_q2d
SR,hamming+zero,6,26980,747971,4.999999987376214e-07,1.9999999949504854e-06,-94.94000244140624,,mitomycin,sorafenib,alkylator,kinase_inhibitor,,,241279087.64641,220399402.8741081,0.9134625177176536,0.0038747666113102,5.0,0.9961252333886896,0.357148205062634,,0.0447259281975311,2.4226861780968196,0.2690288599474489,0.5702011287573439,,0.0250576591058201,2.8471628854671276,1.647818714366682,0.738850241245668,0.9956617792044412,5.25,0.1346655526693954,0.0,196.22641509433964,81.24243159418344,59.821677516573054,0.7363353895583794,400.0,0.8091641970959997,0.5872414828413789,0.7257383420434607,400.0,0.2524028194821229,0.0569845946114451,-0.1954182248706778,0.0550105529190446,1.0,"2,True,The solver successfully reached the end of the integration interval.",6.875,schedule_q2d
SR,linear_curve,6,9706,26980,4.999999873689376e-06,4.999999987376214e-07,-98.98999786376952,,triethylenemelamine,mitomycin,alkylator,alkylator,,,241279087.64641,14119152.477787891,0.0585179288247278,1.041995575804262e-05,4.800000000000001,0.999989580044242,0.5398148876258445,,1.23812771339508,4.99319036249243,0.0148098996063501,1.8294478854731135,,0.0007280993740853,5.765000858313668,1.5569372727543809,0.9902648401194896,0.9999877552258776,5.25,0.0,0.0,400.0,82.69535937727751,60.903035780404714,0.7364746491099868,400.0,81.24243159418344,59.832835288915454,0.7364727287803039,400.0,0.998075580385952,0.9290101933542918,-0.0690653870316601,0.0,1.0,"2,True,The solver successfully reached the end of the integration interval.",2.326,schedule_q2d
SR,ours+zero,6,26980,747971,4.999999987376214e-07,1.9999999949504854e-06,-94.94000244140624,,mitomycin,sorafenib,alkylator,kinase_inhibitor,,,241279087.64641,220399402.8741081,0.9134625177176536,0.0038747666113102,5.0,0.9961252333886896,0.357148205062634,,0.0447259281975311,2.4226861780968196,0.2690288599474489,0.5702011287573439,,0.0250576591058201,2.8471628854671276,1.647818714366682,0.738850241245668,0.9956617792044412,5.25,0.1346655526693954,0.0,196.22641509433964,81.24243159418344,59.821677516573054,0.7363353895583794,400.0,0.8091641970959997,0.5872414828413789,0.7257383420434607,400.0,0.2524028194821229,0.0569845946114451,-0.1954182248706778,0.0550105529190446,1.0,"2,True,The solver successfully reached the end of the integration interval.",6.649,schedule_q2d
SR,random,6,26980,747971,4.999999987376214e-07,1.9999999949504854e-06,-94.94000244140624,,mitomycin,sorafenib,alkylator,kinase_inhibitor,,,241279087.64641,220399402.8741081,0.9134625177176536,0.0038747666113102,5.0,0.9961252333886896,0.357148205062634,,0.0447259281975311,2.4226861780968196,0.2690288599474489,0.5702011287573439,,0.0250576591058201,2.8471628854671276,1.647818714366682,0.738850241245668,0.9956617792044412,5.25,0.1346655526693954,0.0,196.22641509433964,81.24243159418344,59.821677516573054,0.7363353895583794,400.0,0.8091641970959997,0.5872414828413789,0.7257383420434607,400.0,0.2524028194821229,0.0569845946114451,-0.1954182248706778,0.0550105529190446,1.0,"2,True,The solver successfully reached the end of the integration interval.",5.486,schedule_q2d
SR,tanimoto+zero,6,26980,747971,4.999999987376214e-07,1.9999999949504854e-06,-94.94000244140624,,mitomycin,sorafenib,alkylator,kinase_inhibitor,,,241279087.64641,220399402.8741081,0.9134625177176536,0.0038747666113102,5.0,0.9961252333886896,0.357148205062634,,0.0447259281975311,2.4226861780968196,0.2690288599474489,0.5702011287573439,,0.0250576591058201,2.8471628854671276,1.647818714366682,0.738850241245668,0.9956617792044412,5.25,0.1346655526693954,0.0,196.22641509433964,81.24243159418344,59.821677516573054,0.7363353895583794,400.0,0.8091641970959997,0.5872414828413789,0.7257383420434607,400.0,0.2524028194821229,0.0569845946114451,-0.1954182248706778,0.0550105529190446,1.0,"2,True,The solver successfully reached the end of the integration interval.",5.955,schedule_q2d
SK-MEL-5,tanimoto+zero,9,92859,119875,6.000000212225132e-06,1.9999999949504854e-06,-91.9499969482422,,dromostanolone,cisplatin,hormonal,platinum,,,241279087.64641,243043818.0476369,1.007314062807685,0.05236158946548,5.2,0.94763841053452,0.1808730667564583,14.400000000000002,0.0022517627156809,1.291786142947742,0.521152743524246,0.2830349716185406,,0.0370016821274492,1.2012886758995294,2.810477170455296,0.8964839810322901,0.9472212720015152,5.25,0.1968849621189929,0.0578624312878497,168.55345911949686,6.664330795811389,4.871254933982391,0.7309443488375507,400.0,0.3332722127747077,0.242085440409941,0.7263895132283079,400.0,-0.2108142542374884,0.0074438379774529,0.2182580922149414,0.1379461837443998,1.0,"2,True,The solver successfully reached the end of the integration interval.",39.319,schedule_q2d
U251,act_hamming+zero,9,85998,409962,9.999999747378752e-05,1.9999999949504854e-06,-40.290000915527344,,streptozocin,carmustine,alkylator,alkylator,,,241279087.64641,244322238.38328105,1.0126125756133937,0.9397571573467456,4.6000000000000005,0.0602428426532544,0.0026381481089936,3.3999999999999995,-2.6656814886069735e-05,0.0381549666286291,0.9793427925707916,0.0090652684987894,,0.0123262848683228,0.0147025700121939,6.5222276932563314,0.2130493397600271,0.0450679603812426,5.25,0.2033398275045627,0.0578624312878497,166.03773584905662,0.0518872864714473,0.0363514920885804,0.7005857226429442,400.0,0.0375687408244421,0.0263136928224845,0.7004145532970582,400.0,-0.0039789039425779,3.9050511068450255e-05,0.0040179544536463,0.1417728764501244,1.0,"2,True,The solver successfully reached the end of the integration interval.",10.878,schedule_q2d
U251,linear_curve,9,26980,754143,4.999999969612645e-09,9.99999993922529e-09,-90.36000061035156,,mitomycin,bendamustine,alkylator,alkylator,,,241279087.64641,240646749.93889344,0.997379227044976,0.0211147813363366,4.800000000000001,0.9788852186636632,0.2311867057087509,,0.0065563410719247,1.6864696492430642,0.4465157421233788,0.3501632252484479,,0.0346748152269052,2.3350530084359624,1.776480907224789,0.881209171546953,0.9737722923114543,5.25,0.190568164729299,0.0523986702186213,171.0691823899371,1.6358059002268224,1.1970104174320937,0.7317557769330181,400.0,14.502878257530874,10.662073911381924,0.7351695106345842,400.0,-0.1902907721898936,0.0122293551581968,0.2025201273480905,0.1278340275141233,1.0,"2,True,The solver successfully reached the end of the integration interval.",2.186,schedule_q2d
U251,hamming+zero,9,85998,409962,9.999999747378752e-05,1.9999999949504854e-06,-40.290000915527344,,streptozocin,carmustine,alkylator,alkylator,,,241279087.64641,244322238.38328105,1.0126125756133937,0.9397571573467456,4.6000000000000005,0.0602428426532544,0.0026381481089936,3.3999999999999995,-2.6656814886069735e-05,0.0381549666286291,0.9793427925707916,0.0090652684987894,,0.0123262848683228,0.0147025700121939,6.5222276932563314,0.2130493397600271,0.0450679603812426,5.25,0.2033398275045627,0.0578624312878497,166.03773584905662,0.0518872864714473,0.0363514920885804,0.7005857226429442,400.0,0.0375687408244421,0.0263136928224845,0.7004145532970582,400.0,-0.0039789039425779,3.9050511068450255e-05,0.0040179544536463,0.1417728764501244,1.0,"2,True,The solver successfully reached the end of the integration interval.",10.51,schedule_q2d
U251,random,9,45388,713563,4.999999873689376e-06,9.999999747378752e-05,-51.60699844360352,,dacarbazine,arsenic trioxide,alkylator,other,,,241279087.64641,244573366.51568592,1.0136533957476812,0.4589009664480682,4.6000000000000005,0.5410990335519318,0.0326883152181562,8.2,-0.0004728198429575,0.349451636363758,0.8447519346295365,0.0732708049416779,,0.036000953811066,0.1083611397223567,7.633057094551863,0.136138406914098,0.4675689399233217,5.25,0.2033398275045627,0.060731260348103,166.03773584905662,0.6906383665075749,0.4909430511914081,0.710854008406762,400.0,2.198026279826229,1.49897980832272,0.6819662813318256,400.0,-0.0426870764943012,0.0004013197667778,0.043088396261079,0.1430467352512354,1.0,"2,True,The solver successfully reached the end of the integration interval.",4.943,schedule_q2d
U251,ours+zero,9,85998,409962,9.999999747378752e-05,1.9999999949504854e-06,-40.290000915527344,,streptozocin,carmustine,alkylator,alkylator,,,241279087.64641,244322238.38328105,1.0126125756133937,0.9397571573467456,4.6000000000000005,0.0602428426532544,0.0026381481089936,3.3999999999999995,-2.6656814886069735e-05,0.0381549666286291,0.9793427925707916,0.0090652684987894,,0.0123262848683228,0.0147025700121939,6.5222276932563314,0.2130493397600271,0.0450679603812426,5.25,0.2033398275045627,0.0578624312878497,166.03773584905662,0.0518872864714473,0.0363514920885804,0.7005857226429442,400.0,0.0375687408244421,0.0263136928224845,0.7004145532970582,400.0,-0.0039789039425779,3.9050511068450255e-05,0.0040179544536463,0.1417728764501244,1.0,"2,True,The solver successfully reached the end of the integration interval.",11.087,schedule_q2d
U251,tanimoto+zero,9,85998,409962,9.999999747378752e-05,1.9999999949504854e-06,-40.290000915527344,,streptozocin,carmustine,alkylator,alkylator,,,241279087.64641,244322238.38328105,1.0126125756133937,0.9397571573467456,4.6000000000000005,0.0602428426532544,0.0026381481089936,3.3999999999999995,-2.6656814886069735e-05,0.0381549666286291,0.9793427925707916,0.0090652684987894,,0.0123262848683228,0.0147025700121939,6.5222276932563314,0.2130493397600271,0.0450679603812426,5.25,0.2033398275045627,0.0578624312878497,166.03773584905662,0.0518872864714473,0.0363514920885804,0.7005857226429442,400.0,0.0375687408244421,0.0263136928224845,0.7004145532970582,400.0,-0.0039789039425779,3.9050511068450255e-05,0.0040179544536463,0.1417728764501244,1.0,"2,True,The solver successfully reached the end of the integration interval.",9.101,schedule_q2d
